ISO-10303-21;
HEADER;
FILE_DESCRIPTION(('Open CASCADE Model'),'2;1');
FILE_NAME('Open CASCADE Shape Model','2026-06-01T00:34:58',('Author'),(
    'Open CASCADE'),'Open CASCADE STEP processor 7.8','build123d',
  'Unknown');
FILE_SCHEMA(('AUTOMOTIVE_DESIGN { 1 0 10303 214 1 1 1 1 }'));
ENDSEC;
DATA;
#1 = APPLICATION_PROTOCOL_DEFINITION('international standard',
  'automotive_design',2000,#2);
#2 = APPLICATION_CONTEXT(
  'core data for automotive mechanical design processes');
#3 = SHAPE_DEFINITION_REPRESENTATION(#4,#10);
#4 = PRODUCT_DEFINITION_SHAPE('','',#5);
#5 = PRODUCT_DEFINITION('design','',#6,#9);
#6 = PRODUCT_DEFINITION_FORMATION('','',#7);
#7 = PRODUCT('COMPOUND','COMPOUND','',(#8));
#8 = PRODUCT_CONTEXT('',#2,'mechanical');
#9 = PRODUCT_DEFINITION_CONTEXT('part definition',#2,'design');
#10 = ADVANCED_BREP_SHAPE_REPRESENTATION('',(#11,#15),#6965);
#11 = AXIS2_PLACEMENT_3D('',#12,#13,#14);
#12 = CARTESIAN_POINT('',(0.,0.,0.));
#13 = DIRECTION('',(0.,0.,1.));
#14 = DIRECTION('',(1.,0.,-0.));
#15 = MANIFOLD_SOLID_BREP('',#16);
#16 = CLOSED_SHELL('',(#17,#54,#3155,#5048,#6237,#6265,#6291,#6891,#6954
    ,#6961));
#17 = ADVANCED_FACE('',(#18),#31,.F.);
#18 = FACE_BOUND('',#19,.T.);
#19 = EDGE_LOOP('',(#20));
#20 = ORIENTED_EDGE('',*,*,#21,.F.);
#21 = EDGE_CURVE('',#22,#22,#24,.T.);
#22 = VERTEX_POINT('',#23);
#23 = CARTESIAN_POINT('',(22.5,0.,0.));
#24 = SURFACE_CURVE('',#25,(#30,#42),.PCURVE_S1.);
#25 = CIRCLE('',#26,22.5);
#26 = AXIS2_PLACEMENT_3D('',#27,#28,#29);
#27 = CARTESIAN_POINT('',(0.,0.,0.));
#28 = DIRECTION('',(0.,0.,1.));
#29 = DIRECTION('',(1.,0.,-0.));
#30 = PCURVE('',#31,#36);
#31 = PLANE('',#32);
#32 = AXIS2_PLACEMENT_3D('',#33,#34,#35);
#33 = CARTESIAN_POINT('',(0.,0.,0.));
#34 = DIRECTION('',(0.,0.,1.));
#35 = DIRECTION('',(1.,0.,-0.));
#36 = DEFINITIONAL_REPRESENTATION('',(#37),#41);
#37 = CIRCLE('',#38,22.5);
#38 = AXIS2_PLACEMENT_2D('',#39,#40);
#39 = CARTESIAN_POINT('',(0.,0.));
#40 = DIRECTION('',(1.,-0.));
#41 = ( GEOMETRIC_REPRESENTATION_CONTEXT(2) 
PARAMETRIC_REPRESENTATION_CONTEXT() REPRESENTATION_CONTEXT('2D SPACE',''
  ) );
#42 = PCURVE('',#43,#48);
#43 = CONICAL_SURFACE('',#44,22.5,9.037811769566E-02);
#44 = AXIS2_PLACEMENT_3D('',#45,#46,#47);
#45 = CARTESIAN_POINT('',(0.,0.,0.));
#46 = DIRECTION('',(-0.,-0.,-1.));
#47 = DIRECTION('',(1.,0.,-0.));
#48 = DEFINITIONAL_REPRESENTATION('',(#49),#53);
#49 = LINE('',#50,#51);
#50 = CARTESIAN_POINT('',(-0.,-0.));
#51 = VECTOR('',#52,1.);
#52 = DIRECTION('',(-1.,-0.));
#53 = ( GEOMETRIC_REPRESENTATION_CONTEXT(2) 
PARAMETRIC_REPRESENTATION_CONTEXT() REPRESENTATION_CONTEXT('2D SPACE',''
  ) );
#54 = ADVANCED_FACE('',(#55,#2443),#43,.T.);
#55 = FACE_BOUND('',#56,.T.);
#56 = EDGE_LOOP('',(#57,#80,#81,#82,#511,#1360,#1873,#1901,#2194));
#57 = ORIENTED_EDGE('',*,*,#58,.F.);
#58 = EDGE_CURVE('',#22,#59,#61,.T.);
#59 = VERTEX_POINT('',#60);
#60 = CARTESIAN_POINT('',(19.43685042409,0.,33.800271182452));
#61 = SEAM_CURVE('',#62,(#66,#73),.PCURVE_S1.);
#62 = LINE('',#63,#64);
#63 = CARTESIAN_POINT('',(22.5,0.,0.));
#64 = VECTOR('',#65,1.);
#65 = DIRECTION('',(-9.025513011633E-02,0.,0.995918677146));
#66 = PCURVE('',#43,#67);
#67 = DEFINITIONAL_REPRESENTATION('',(#68),#72);
#68 = LINE('',#69,#70);
#69 = CARTESIAN_POINT('',(-0.,-0.));
#70 = VECTOR('',#71,1.);
#71 = DIRECTION('',(-0.,-1.));
#72 = ( GEOMETRIC_REPRESENTATION_CONTEXT(2) 
PARAMETRIC_REPRESENTATION_CONTEXT() REPRESENTATION_CONTEXT('2D SPACE',''
  ) );
#73 = PCURVE('',#43,#74);
#74 = DEFINITIONAL_REPRESENTATION('',(#75),#79);
#75 = LINE('',#76,#77);
#76 = CARTESIAN_POINT('',(-6.28318530718,-0.));
#77 = VECTOR('',#78,1.);
#78 = DIRECTION('',(-0.,-1.));
#79 = ( GEOMETRIC_REPRESENTATION_CONTEXT(2) 
PARAMETRIC_REPRESENTATION_CONTEXT() REPRESENTATION_CONTEXT('2D SPACE',''
  ) );
#80 = ORIENTED_EDGE('',*,*,#21,.T.);
#81 = ORIENTED_EDGE('',*,*,#58,.T.);
#82 = ORIENTED_EDGE('',*,*,#83,.F.);
#83 = EDGE_CURVE('',#84,#59,#86,.T.);
#84 = VERTEX_POINT('',#85);
#85 = CARTESIAN_POINT('',(-18.2169363096,-7.233300228145,31.995101899628
    ));
#86 = SURFACE_CURVE('',#87,(#118,#152),.PCURVE_S1.);
#87 = B_SPLINE_CURVE_WITH_KNOTS('',8,(#88,#89,#90,#91,#92,#93,#94,#95,
    #96,#97,#98,#99,#100,#101,#102,#103,#104,#105,#106,#107,#108,#109,
    #110,#111,#112,#113,#114,#115,#116,#117),.UNSPECIFIED.,.F.,.F.,(9,7,
    7,7,9),(0.,0.238822088311,0.536829887136,0.830214581947,1.),
  .UNSPECIFIED.);
#88 = CARTESIAN_POINT('',(-18.2169363096,-7.233300228145,31.995101899628
    ));
#89 = CARTESIAN_POINT('',(-17.61823037915,-8.727826491857,
    32.049276964866));
#90 = CARTESIAN_POINT('',(-16.87903592993,-10.1666313148,32.103449460595
    ));
#91 = CARTESIAN_POINT('',(-16.00559693723,-11.53353518867,
    32.157595723517));
#92 = CARTESIAN_POINT('',(-15.00627167288,-12.81403827774,
    32.211715744569));
#93 = CARTESIAN_POINT('',(-13.89098641662,-13.99492788727,
    32.265815842261));
#94 = CARTESIAN_POINT('',(-12.67124081195,-15.06431959796,
    32.319903136904));
#95 = CARTESIAN_POINT('',(-11.36007267024,-16.01166296489,
    32.373978951302));
#96 = CARTESIAN_POINT('',(-8.241141635073,-17.84716933525,
    32.495447291083));
#97 = CARTESIAN_POINT('',(-6.388792470682,-18.66368712409,
    32.562898435455));
#98 = CARTESIAN_POINT('',(-4.445066806979,-19.2595216179,32.630288469739
    ));
#99 = CARTESIAN_POINT('',(-2.440846215472,-19.62364223442,
    32.697626995941));
#100 = CARTESIAN_POINT('',(-0.407697790208,-19.74955232872,
    32.764933999822));
#101 = CARTESIAN_POINT('',(1.62215769832,-19.63580543525,32.832228824082
    ));
#102 = CARTESIAN_POINT('',(3.615993885989,-19.28552881575,
    32.899520482966));
#103 = CARTESIAN_POINT('',(7.435224825293,-18.1418998122,33.032892089596
    ));
#104 = CARTESIAN_POINT('',(9.265601067749,-17.35465253016,
    33.099073958594));
#105 = CARTESIAN_POINT('',(10.999605577102,-16.35638561251,
    33.165196450515));
#106 = CARTESIAN_POINT('',(12.609302858397,-15.16151927483,
    33.231267504785));
#107 = CARTESIAN_POINT('',(14.069462623159,-13.78790307666,
    33.297306140826));
#108 = CARTESIAN_POINT('',(15.357911875377,-12.2571001926,
    33.363331442578));
#109 = CARTESIAN_POINT('',(16.455325255322,-10.594006087,33.429351791736
    ));
#110 = CARTESIAN_POINT('',(17.863155708782,-7.807012872089,
    33.533451626756));
#111 = CARTESIAN_POINT('',(18.310613871978,-6.75061055796,
    33.571604041076));
#112 = CARTESIAN_POINT('',(18.686638686353,-5.664934289714,
    33.609744055134));
#113 = CARTESIAN_POINT('',(18.989022548104,-4.555636590074,
    33.647871208058));
#114 = CARTESIAN_POINT('',(19.216099948876,-3.428508235449,
    33.685987144054));
#115 = CARTESIAN_POINT('',(19.36672573756,-2.289468708685,
    33.724093495187));
#116 = CARTESIAN_POINT('',(19.440301552494,-1.14456803484,33.76218976064
    ));
#117 = CARTESIAN_POINT('',(19.43685042409,-3.552713678801E-15,
    33.800271182452));
#118 = PCURVE('',#43,#119);
#119 = DEFINITIONAL_REPRESENTATION('',(#120),#151);
#120 = B_SPLINE_CURVE_WITH_KNOTS('',8,(#121,#122,#123,#124,#125,#126,
    #127,#128,#129,#130,#131,#132,#133,#134,#135,#136,#137,#138,#139,
    #140,#141,#142,#143,#144,#145,#146,#147,#148,#149,#150),
  .UNSPECIFIED.,.F.,.F.,(9,7,7,7,9),(0.,0.238822088311,0.536829887136,
    0.830214581947,1.),.UNSPECIFIED.);
#121 = CARTESIAN_POINT('',(-3.51956594061,-31.99510189962));
#122 = CARTESIAN_POINT('',(-3.601705882848,-32.04927696486));
#123 = CARTESIAN_POINT('',(-3.683895756026,-32.10344946059));
#124 = CARTESIAN_POINT('',(-3.766095468294,-32.15759572351));
#125 = CARTESIAN_POINT('',(-3.848306932947,-32.21171574456));
#126 = CARTESIAN_POINT('',(-3.930541704103,-32.26581584226));
#127 = CARTESIAN_POINT('',(-4.012811429108,-32.3199031369));
#128 = CARTESIAN_POINT('',(-4.095118438619,-32.3739789513));
#129 = CARTESIAN_POINT('',(-4.280124131095,-32.49544729108));
#130 = CARTESIAN_POINT('',(-4.382942535153,-32.56289843545));
#131 = CARTESIAN_POINT('',(-4.485753090038,-32.63028846973));
#132 = CARTESIAN_POINT('',(-4.58856924404,-32.69762699594));
#133 = CARTESIAN_POINT('',(-4.691421521089,-32.76493399982));
#134 = CARTESIAN_POINT('',(-4.794340605374,-32.83222882408));
#135 = CARTESIAN_POINT('',(-4.897341493183,-32.89952048296));
#136 = CARTESIAN_POINT('',(-5.101660969187,-33.03289208959));
#137 = CARTESIAN_POINT('',(-5.203133016756,-33.09907395859));
#138 = CARTESIAN_POINT('',(-5.304599167358,-33.16519645051));
#139 = CARTESIAN_POINT('',(-5.406071509959,-33.23126750478));
#140 = CARTESIAN_POINT('',(-5.507578924109,-33.29730614082));
#141 = CARTESIAN_POINT('',(-5.609150456838,-33.36333144257));
#142 = CARTESIAN_POINT('',(-5.710799640382,-33.42935179173));
#143 = CARTESIAN_POINT('',(-5.871213585324,-33.53345162675));
#144 = CARTESIAN_POINT('',(-5.930033728692,-33.57160404105));
#145 = CARTESIAN_POINT('',(-5.988863596625,-33.60974405515));
#146 = CARTESIAN_POINT('',(-6.047702637846,-33.64787120808));
#147 = CARTESIAN_POINT('',(-6.106553582443,-33.68598714403));
#148 = CARTESIAN_POINT('',(-6.165419163729,-33.72409349515));
#149 = CARTESIAN_POINT('',(-6.224298810146,-33.76218976068));
#150 = CARTESIAN_POINT('',(-6.28318530718,-33.80027118245));
#151 = ( GEOMETRIC_REPRESENTATION_CONTEXT(2) 
PARAMETRIC_REPRESENTATION_CONTEXT() REPRESENTATION_CONTEXT('2D SPACE',''
  ) );
#152 = PCURVE('',#153,#478);
#153 = B_SPLINE_SURFACE_WITH_KNOTS('',1,11,(
    (#154,#155,#156,#157,#158,#159,#160,#161,#162,#163,#164,#165,#166
      ,#167,#168,#169,#170,#171,#172,#173,#174,#175,#176,#177,#178,#179
      ,#180,#181,#182,#183,#184,#185,#186,#187,#188,#189,#190,#191,#192
      ,#193,#194,#195,#196,#197,#198,#199,#200,#201,#202,#203,#204,#205
      ,#206,#207,#208,#209,#210,#211,#212,#213,#214,#215,#216,#217,#218
      ,#219,#220,#221,#222,#223,#224,#225,#226,#227,#228,#229,#230,#231
      ,#232,#233,#234,#235,#236,#237,#238,#239,#240,#241,#242,#243,#244
      ,#245,#246,#247,#248,#249,#250,#251,#252,#253,#254,#255,#256,#257
      ,#258,#259,#260,#261,#262,#263,#264,#265,#266,#267,#268,#269,#270
      ,#271,#272,#273,#274,#275,#276,#277,#278,#279,#280,#281,#282,#283
      ,#284,#285,#286,#287,#288,#289,#290,#291,#292,#293,#294,#295,#296
      ,#297,#298,#299,#300,#301,#302,#303,#304,#305,#306,#307,#308,#309
      ,#310,#311,#312,#313,#314,#315)
    ,(#316,#317,#318,#319,#320,#321,#322,#323,#324,#325,#326,#327,#328
      ,#329,#330,#331,#332,#333,#334,#335,#336,#337,#338,#339,#340,#341
      ,#342,#343,#344,#345,#346,#347,#348,#349,#350,#351,#352,#353,#354
      ,#355,#356,#357,#358,#359,#360,#361,#362,#363,#364,#365,#366,#367
      ,#368,#369,#370,#371,#372,#373,#374,#375,#376,#377,#378,#379,#380
      ,#381,#382,#383,#384,#385,#386,#387,#388,#389,#390,#391,#392,#393
      ,#394,#395,#396,#397,#398,#399,#400,#401,#402,#403,#404,#405,#406
      ,#407,#408,#409,#410,#411,#412,#413,#414,#415,#416,#417,#418,#419
      ,#420,#421,#422,#423,#424,#425,#426,#427,#428,#429,#430,#431,#432
      ,#433,#434,#435,#436,#437,#438,#439,#440,#441,#442,#443,#444,#445
      ,#446,#447,#448,#449,#450,#451,#452,#453,#454,#455,#456,#457,#458
      ,#459,#460,#461,#462,#463,#464,#465,#466,#467,#468,#469,#470,#471
      ,#472,#473,#474,#475,#476,#477
    )),.UNSPECIFIED.,.F.,.F.,.F.,(2,2),(12,10,10,10,10,10,10,10,10,10,10
    ,10,10,10,10,10,12),(0.,2.186305660818),(0.,7.158659213147,
    14.317318426294,21.475977639441,28.634636852588,35.793296065735,
    42.951955278882,50.110614492029,57.269273705176,64.427932918323,
    71.58659213147,78.745251344616,85.903910557763,93.06256977091,
    100.22122898405,107.3798881972,114.53854741035),.UNSPECIFIED.);
#154 = CARTESIAN_POINT('',(19.6,-0.784648333333,2.116666666667));
#155 = CARTESIAN_POINT('',(19.980174692468,9.79377102428,2.480303030329)
  );
#156 = CARTESIAN_POINT('',(14.080826241627,20.571966103631,
    2.842976767858));
#157 = CARTESIAN_POINT('',(1.779795044535,27.40975361503,3.204687880535)
  );
#158 = CARTESIAN_POINT('',(-13.92963008975,26.077639127342,
    3.565437025354));
#159 = CARTESIAN_POINT('',(-27.06793191041,14.946023343184,
    3.925225534731));
#160 = CARTESIAN_POINT('',(-30.7129914068,-2.632497385407,4.284055373135
    ));
#161 = CARTESIAN_POINT('',(-23.16324690815,-17.97238319075,
    4.641929209048));
#162 = CARTESIAN_POINT('',(-9.47468225717,-25.40309310878,4.998850310117
    ));
#163 = CARTESIAN_POINT('',(4.306042792449,-24.12315401411,5.354822654607
    ));
#164 = CARTESIAN_POINT('',(13.864216326313,-16.810637118,5.709850826692)
  );
#165 = CARTESIAN_POINT('',(21.588077873641,2.352804158614,6.418029333968
    ));
#166 = CARTESIAN_POINT('',(19.753581357107,14.20325998034,6.771179664873
    ));
#167 = CARTESIAN_POINT('',(10.735678071462,24.563696919534,
    7.123396329113));
#168 = CARTESIAN_POINT('',(-4.123618961146,28.558894671876,
    7.474685192877));
#169 = CARTESIAN_POINT('',(-19.87862038849,22.707350712053,
    7.825052833803));
#170 = CARTESIAN_POINT('',(-29.06457072873,7.785694111216,8.174506350283
    ));
#171 = CARTESIAN_POINT('',(-27.23287071864,-8.803280142748,
    8.523053619262));
#172 = CARTESIAN_POINT('',(-17.13664603796,-20.1738393059,8.870702975935
    ));
#173 = CARTESIAN_POINT('',(-4.059409716626,-23.57879631205,
    9.217463516418));
#174 = CARTESIAN_POINT('',(7.147071480825,-20.04108489293,9.563344838377
    ));
#175 = CARTESIAN_POINT('',(20.608265689524,-5.010186579458,
    10.253369547736));
#176 = CARTESIAN_POINT('',(22.862652953565,6.482630987774,
    10.597512926196));
#177 = CARTESIAN_POINT('',(18.025078587731,18.996553354602,
    10.940797581932));
#178 = CARTESIAN_POINT('',(5.70499056855,27.608695669428,11.28323429794)
  );
#179 = CARTESIAN_POINT('',(-10.71546229459,27.475480404194,
    11.624834579016));
#180 = CARTESIAN_POINT('',(-24.12369140684,16.822985993759,
    11.96561030059));
#181 = CARTESIAN_POINT('',(-27.96437926728,0.965371404793,
    12.305574166314));
#182 = CARTESIAN_POINT('',(-22.46845497937,-12.85076863531,
    12.644739165237));
#183 = CARTESIAN_POINT('',(-11.57612600772,-20.33678666829,
    12.983119063629));
#184 = CARTESIAN_POINT('',(-8.989280646681E-02,-20.81401436818,
    13.32072800095));
#185 = CARTESIAN_POINT('',(17.299327693577,-11.46623480053,
    13.99443343878));
#186 = CARTESIAN_POINT('',(23.201891599177,-1.641458846856,
    14.330529927431));
#187 = CARTESIAN_POINT('',(22.920066261772,11.488053261624,
    14.665884927425));
#188 = CARTESIAN_POINT('',(14.450513682565,23.524321957004,
    15.000513618996));
#189 = CARTESIAN_POINT('',(-0.713474924954,28.880886001454,
    15.33443184552));
#190 = CARTESIAN_POINT('',(-16.62164682764,23.546312816479,
    15.667655705154));
#191 = CARTESIAN_POINT('',(-25.45856080676,10.214772578708,
    16.000202071641));
#192 = CARTESIAN_POINT('',(-25.00643265858,-4.359473181556,
    16.332087970478));
#193 = CARTESIAN_POINT('',(-17.46031785151,-14.90241620684,
    16.663331149155));
#194 = CARTESIAN_POINT('',(-7.021508982982,-19.17868107968,
    16.993949595517));
#195 = CARTESIAN_POINT('',(12.149763576682,-16.3568403998,
    17.653974039946));
#196 = CARTESIAN_POINT('',(20.881758624471,-9.258806500066,
    17.983380021932));
#197 = CARTESIAN_POINT('',(25.011903910043,2.959755349178,
    18.312198274134));
#198 = CARTESIAN_POINT('',(21.216396989673,16.91250034651,
    18.640447609706));
#199 = CARTESIAN_POINT('',(8.998414653675,26.941688485406,
    18.968147458747));
#200 = CARTESIAN_POINT('',(-7.498390998066,27.343918658406,
    19.295317315021));
#201 = CARTESIAN_POINT('',(-20.14607625136,17.973640687198,
    19.621977419241));
#202 = CARTESIAN_POINT('',(-24.61559679543,4.33049444681,19.948147981353
    ));
#203 = CARTESIAN_POINT('',(-21.16220847578,-7.964748269475,
    20.273849857078));
#204 = CARTESIAN_POINT('',(-12.92328515378,-15.42707149888,
    20.599104000436));
#205 = CARTESIAN_POINT('',(5.794341333402,-19.23722455755,
    21.248759540362));
#206 = CARTESIAN_POINT('',(16.272585769107,-15.58496293313,
    21.573160919914));
#207 = CARTESIAN_POINT('',(24.206892185806,-5.638322988708,
    21.897157271085));
#208 = CARTESIAN_POINT('',(25.375223772111,8.585001885609,
    22.220770124963));
#209 = CARTESIAN_POINT('',(17.407828925259,22.007403118289,
    22.544021525373));
#210 = CARTESIAN_POINT('',(2.217987592019,27.939672262106,
    22.866933414888));
#211 = CARTESIAN_POINT('',(-12.69976625947,23.490374626849,
    23.189528401865));
#212 = CARTESIAN_POINT('',(-21.45584394454,12.303419939034,
    23.511828876056));
#213 = CARTESIAN_POINT('',(-22.38394208455,-0.306140311421,
    23.833857788031));
#214 = CARTESIAN_POINT('',(-17.22373351448,-10.03212617687,
    24.155638015126));
#215 = CARTESIAN_POINT('',(-1.064077817004,-19.8860014522,24.79874742617
    ));
#216 = CARTESIAN_POINT('',(9.934972809904,-20.01365029062,25.12007659019
    ));
#217 = CARTESIAN_POINT('',(20.691080871276,-13.41553523521,
    25.441203379327));
#218 = CARTESIAN_POINT('',(26.586787035826,-0.540005978356,
    25.762150971003));
#219 = CARTESIAN_POINT('',(23.690264607084,14.684633185526,
    26.082942954751));
#220 = CARTESIAN_POINT('',(11.509502489527,25.372045470273,
    26.40360262128));
#221 = CARTESIAN_POINT('',(-3.947228726013,26.266380839506,
    26.72415384796));
#222 = CARTESIAN_POINT('',(-15.93038643689,18.764811263345,
    27.044620096162));
#223 = CARTESIAN_POINT('',(-21.07048640495,7.272466635434,
    27.365025279126));
#224 = CARTESIAN_POINT('',(-19.5293361652,-3.586919186251,
    27.685393074751));
#225 = CARTESIAN_POINT('',(-7.717152700704,-18.29370467757,
    28.326101539289));
#226 = CARTESIAN_POINT('',(2.553590909399,-22.14074395643,
    28.646442188896));
#227 = CARTESIAN_POINT('',(14.882613311023,-19.60040952973,
    28.96679307798));
#228 = CARTESIAN_POINT('',(24.789863507066,-9.518522513388,
    29.287177912516));
#229 = CARTESIAN_POINT('',(27.248272795271,5.763787958128,
    29.607620615107));
#230 = CARTESIAN_POINT('',(19.440155450215,19.957171704029,
    29.928144757552));
#231 = CARTESIAN_POINT('',(5.203670173421,26.064244671357,
    30.248774217657));
#232 = CARTESIAN_POINT('',(-8.632771044828,23.083456740595,
    30.569532450844));
#233 = CARTESIAN_POINT('',(-17.38860392838,14.00742413161,
    30.890443108252));
#234 = CARTESIAN_POINT('',(-19.63272029761,3.246577481245,
    31.211529521664));
#235 = CARTESIAN_POINT('',(-13.49731070817,-14.64341469434,
    31.854100473486));
#236 = CARTESIAN_POINT('',(-5.117934363847,-21.77212150793,
    32.175584991812));
#237 = CARTESIAN_POINT('',(7.385365439227,-23.57986716706,32.49729187175
    ));
#238 = CARTESIAN_POINT('',(20.183975764947,-17.44268098211,
    32.819244135108));
#239 = CARTESIAN_POINT('',(27.732388511569,-3.844159821707,
    33.141464956205));
#240 = CARTESIAN_POINT('',(25.208454728105,12.25053129387,
    33.463976874959));
#241 = CARTESIAN_POINT('',(13.825084369162,22.905869069444,
    33.786802769062));
#242 = CARTESIAN_POINT('',(-0.300319943306,24.819688137438,
    34.109964784367));
#243 = CARTESIAN_POINT('',(-11.70505378831,19.215210581782,
    34.433485236035));
#244 = CARTESIAN_POINT('',(-17.51523387907,9.779165616115,
    34.757385921155));
#245 = CARTESIAN_POINT('',(-17.8141273058,-9.292228074157,
    35.405991062903));
#246 = CARTESIAN_POINT('',(-12.30283163941,-18.92710962402,
    35.730695500265));
#247 = CARTESIAN_POINT('',(-1.051705043083,-24.92976000706,
    36.055823460161));
#248 = CARTESIAN_POINT('',(13.211330110762,-23.49263648265,
    36.381396180237));
#249 = CARTESIAN_POINT('',(25.057118230435,-13.16309160548,
    36.707434877389));
#250 = CARTESIAN_POINT('',(28.192875521935,3.01201522129,37.033960048717
    ));
#251 = CARTESIAN_POINT('',(21.023168265186,17.070277773729,
    37.360992337843));
#252 = CARTESIAN_POINT('',(8.228072292756,23.75124946625,37.688551575484
    ));
#253 = CARTESIAN_POINT('',(-4.567219576158,22.33227414194,
    38.016657592746));
#254 = CARTESIAN_POINT('',(-13.35057429867,15.333274071401,
    38.345329598235));
#255 = CARTESIAN_POINT('',(-20.19008498494,-2.754738582717,
    39.00384343902));
#256 = CARTESIAN_POINT('',(-18.24607120292,-13.84330927335,
    39.333685256481));
#257 = CARTESIAN_POINT('',(-9.574510192398,-23.44646673868,
    39.66413090083));
#258 = CARTESIAN_POINT('',(4.539283239128,-26.98990819848,
    39.995198773639));
#259 = CARTESIAN_POINT('',(19.418155766284,-21.20945506954,
    40.326907092779));
#260 = CARTESIAN_POINT('',(28.000598683701,-6.831303558113,
    40.659273310169));
#261 = CARTESIAN_POINT('',(25.997124506541,9.091220627795,
    40.992314797871));
#262 = CARTESIAN_POINT('',(16.059121552725,19.902041864258,
    41.326048122358));
#263 = CARTESIAN_POINT('',(3.319178406098,22.960233365376,
    41.660489630168));
#264 = CARTESIAN_POINT('',(-7.508603119091,19.287980365331,
    41.995655010024));
#265 = CARTESIAN_POINT('',(-20.30234233548,4.317684844791,
    42.667464038227));
#266 = CARTESIAN_POINT('',(-22.2679847639,-6.979993659691,
    43.004107675023));
#267 = CARTESIAN_POINT('',(-17.27382845003,-19.18175856588,
    43.341505697458));
#268 = CARTESIAN_POINT('',(-4.965621334802,-27.45978600185,
    43.679672781494));
#269 = CARTESIAN_POINT('',(11.30658533634,-27.06383423057,
    44.018623226125));
#270 = CARTESIAN_POINT('',(24.521708176194,-16.23701915921,
    44.358370597752));
#271 = CARTESIAN_POINT('',(28.111226452149,-0.254818538459,
    44.698928134716));
#272 = CARTESIAN_POINT('',(22.308296335173,13.569631967305,
    45.040308316703));
#273 = CARTESIAN_POINT('',(11.126124399453,20.917973061912,
    45.38252321272));
#274 = CARTESIAN_POINT('',(-0.551200797894,21.136079110142,
    45.725584208837));
#275 = CARTESIAN_POINT('',(-18.03031385684,11.172110831984,
    46.413420104227));
#276 = CARTESIAN_POINT('',(-23.83167298066,0.990276645791,46.75819499512
    ));
#277 = CARTESIAN_POINT('',(-23.25567170787,-12.47347525242,
    47.103837682002));
#278 = CARTESIAN_POINT('',(-14.28577833063,-24.70119291885,
    47.450358373511));
#279 = CARTESIAN_POINT('',(1.506613904709,-29.96221375856,
    47.797766775653));
#280 = CARTESIAN_POINT('',(17.980103723009,-24.12611003433,
    48.146071866401));
#281 = CARTESIAN_POINT('',(26.978617770411,-9.984983410702,
    48.495282126548));
#282 = CARTESIAN_POINT('',(26.185017225357,5.338736060645,
    48.845405319445));
#283 = CARTESIAN_POINT('',(17.963903911421,16.293004057496,
    49.196448645882));
#284 = CARTESIAN_POINT('',(6.7918749646,20.55173498729,49.548418629621)
  );
#285 = CARTESIAN_POINT('',(-13.50055526342,17.012874011905,
    50.254223721322));
#286 = CARTESIAN_POINT('',(-22.62046089084,9.215364428099,
    50.608058825375));
#287 = CARTESIAN_POINT('',(-26.73558269499,-3.956812654677,
    50.962832395164));
#288 = CARTESIAN_POINT('',(-22.33438634381,-18.85153981361,
    51.318549667284));
#289 = CARTESIAN_POINT('',(-8.94053850918,-29.40183902991,
    51.675215287027));
#290 = CARTESIAN_POINT('',(8.963224861299,-29.49344299531,52.03283317775
    ));
#291 = CARTESIAN_POINT('',(22.544412266925,-18.98406770292,
    52.391406680396));
#292 = CARTESIAN_POINT('',(27.096125095198,-3.936267536932,
    52.750938423725));
#293 = CARTESIAN_POINT('',(22.970990893639,9.476646911647,
    53.111430411513));
#294 = CARTESIAN_POINT('',(13.677680466423,17.458416905149,
    53.472883970491));
#295 = CARTESIAN_POINT('',(-7.114051173409,21.086708659877,
    54.197715575409));
#296 = CARTESIAN_POINT('',(-18.61196666325,16.733137902006,
    54.56109362054));
#297 = CARTESIAN_POINT('',(-27.14948208517,5.46127477317,54.925434580726
    ));
#298 = CARTESIAN_POINT('',(-28.07366152284,-10.42604430556,
    55.290738463185));
#299 = CARTESIAN_POINT('',(-18.82025918367,-25.2444362546,
    55.657004616674));
#300 = CARTESIAN_POINT('',(-1.590619767246,-31.54257724363,
    56.024231734561));
#301 = CARTESIAN_POINT('',(15.146613197542,-26.12088772743,
    56.392417826483));
#302 = CARTESIAN_POINT('',(24.752399289925,-13.19406224349,
    56.761560284679));
#303 = CARTESIAN_POINT('',(25.427574579467,1.164564241471,
    57.131655797129));
#304 = CARTESIAN_POINT('',(19.238919026344,12.079905907799,
    57.502700438904));
#305 = CARTESIAN_POINT('',(0.460613226051,22.787075679967,
    58.246678786061));
#306 = CARTESIAN_POINT('',(-12.12858227976,22.578639716815,
    58.619612495601));
#307 = CARTESIAN_POINT('',(-24.26241808944,14.677187606454,
    58.993486141512));
#308 = CARTESIAN_POINT('',(-30.65884332871,-0.309395991142,
    59.368294510872));
#309 = CARTESIAN_POINT('',(-26.87836409156,-17.79093363524,
    59.74403166901));
#310 = CARTESIAN_POINT('',(-12.46374432891,-29.82409008627,
    60.120691172751));
#311 = CARTESIAN_POINT('',(5.530572636971,-30.39829123075,60.498265764)
  );
#312 = CARTESIAN_POINT('',(19.254205861286,-21.27909645161,
    60.876747758092));
#313 = CARTESIAN_POINT('',(24.875778403354,-7.692175323514,
    61.256128668988));
#314 = CARTESIAN_POINT('',(22.699944849743,4.955185130975,
    61.636399524353));
#315 = CARTESIAN_POINT('',(15.52006718262,13.357927536131,
    62.017550679198));
#316 = CARTESIAN_POINT('',(19.6,-1.332055553553,-2.22044604925E-16));
#317 = CARTESIAN_POINT('',(20.318005556791,9.246363803989,0.363636363681
    ));
#318 = CARTESIAN_POINT('',(14.756477686372,20.250197205087,
    0.727252164642));
#319 = CARTESIAN_POINT('',(2.627910805634,27.539835145309,1.090847403978
    ));
#320 = CARTESIAN_POINT('',(-13.24054658837,26.747937564139,
    1.454422093517));
#321 = CARTESIAN_POINT('',(-26.90703575244,15.983225574867,
    1.817976264672));
#322 = CARTESIAN_POINT('',(-31.24837181602,-1.692679425307,
    2.181509957054));
#323 = CARTESIAN_POINT('',(-24.12545735797,-17.56167200208,
    2.545023228091));
#324 = CARTESIAN_POINT('',(-10.43355848601,-25.61387217495,
    2.908516149127));
#325 = CARTESIAN_POINT('',(3.687183906199,-24.77447635972,3.271988802869
    ));
#326 = CARTESIAN_POINT('',(13.710473318571,-17.60398892875,
    3.635441288938));
#327 = CARTESIAN_POINT('',(22.238931385358,1.799079651083,4.362306148712
    ));
#328 = CARTESIAN_POINT('',(20.743892367637,14.031188398295,
    4.725718522336));
#329 = CARTESIAN_POINT('',(11.814726772842,24.999635359995,
    5.089110952665));
#330 = CARTESIAN_POINT('',(-3.372509855556,29.639283212679,
    5.452483563402));
#331 = CARTESIAN_POINT('',(-19.87338485328,24.155989240118,
    5.815836497187));
#332 = CARTESIAN_POINT('',(-29.95233689692,9.011154655852,6.179169904199
    ));
#333 = CARTESIAN_POINT('',(-28.6401680017,-8.32485140522,6.542483952317)
  );
#334 = CARTESIAN_POINT('',(-18.49987419353,-20.54084105752,
    6.905778821703));
#335 = CARTESIAN_POINT('',(-4.939401950084,-24.54290111792,7.26905470407
    ));
#336 = CARTESIAN_POINT('',(6.917028680817,-21.20245397988,7.632311806257
    ));
#337 = CARTESIAN_POINT('',(21.518648519653,-5.854197028709,
    8.358788886692));
#338 = CARTESIAN_POINT('',(24.263482181761,6.15323910853,8.722008864723)
  );
#339 = CARTESIAN_POINT('',(19.590274296315,19.495114574539,
    9.085210500458));
#340 = CARTESIAN_POINT('',(6.886008072184,29.010347473792,9.448394022185
    ));
#341 = CARTESIAN_POINT('',(-10.4881911948,29.454086946953,9.81155967855)
  );
#342 = CARTESIAN_POINT('',(-25.10309971789,18.635239212624,
    10.174707720842));
#343 = CARTESIAN_POINT('',(-29.75186438869,1.89095457921,10.537838420869
    ));
#344 = CARTESIAN_POINT('',(-24.36317437567,-13.03519840805,
    10.900952057692));
#345 = CARTESIAN_POINT('',(-12.97164130404,-21.39924076496,
    11.26404892297));
#346 = CARTESIAN_POINT('',(-0.69073178333,-22.28164076078,
    11.627129320555));
#347 = CARTESIAN_POINT('',(18.245723064544,-12.80567108015,
    12.353257808551));
#348 = CARTESIAN_POINT('',(24.900807294891,-2.447532091245,
    12.716305898779));
#349 = CARTESIAN_POINT('',(25.034211121624,11.682424224542,
    13.079338150647));
#350 = CARTESIAN_POINT('',(16.318204073115,24.939751302063,
    13.442354887253));
#351 = CARTESIAN_POINT('',(0.133127717566,31.252613939812,13.8053564484)
  );
#352 = CARTESIAN_POINT('',(-17.279556014,26.039785019929,14.168343177467
    ));
#353 = CARTESIAN_POINT('',(-27.33255008133,11.873582314405,
    14.531315433623));
#354 = CARTESIAN_POINT('',(-27.33085975907,-3.989374314436,
    14.89427358326));
#355 = CARTESIAN_POINT('',(-19.45809526574,-15.71934933078,
    15.257218002613));
#356 = CARTESIAN_POINT('',(-8.210179083873,-20.71641736245,
    15.620149077818));
#357 = CARTESIAN_POINT('',(12.810829776886,-18.23222152312,
    16.345985329096));
#358 = CARTESIAN_POINT('',(22.583410604552,-10.75101808336,
    16.708890504783));
#359 = CARTESIAN_POINT('',(27.503799495421,2.489897294148,
    17.071783126841));
#360 = CARTESIAN_POINT('',(23.807113981022,17.913444859571,
    17.434663594931));
#361 = CARTESIAN_POINT('',(10.730632427907,29.341961765258,
    17.797532327293));
#362 = CARTESIAN_POINT('',(-7.411736828052,30.349548990869,
    18.160389737519));
#363 = CARTESIAN_POINT('',(-21.6723421266,20.440390180905,
    18.523236258886));
#364 = CARTESIAN_POINT('',(-27.05409625677,5.523341383127,
    18.886072324282));
#365 = CARTESIAN_POINT('',(-23.63173209954,-8.178602117113,
    19.248898377108));
#366 = CARTESIAN_POINT('',(-14.75054671046,-16.69473030918,
    19.611714866597));
#367 = CARTESIAN_POINT('',(5.859815048352,-21.49239410073,
    20.337329629945));
#368 = CARTESIAN_POINT('',(17.588489580309,-17.77381280756,
    20.700127903434));
#369 = CARTESIAN_POINT('',(26.709100474956,-6.992267767256,
    21.062917525815));
#370 = CARTESIAN_POINT('',(28.467250583843,8.766313735942,
    21.425698955202));
#371 = CARTESIAN_POINT('',(20.04896499895,23.95155189569,21.788472664991
    ));
#372 = CARTESIAN_POINT('',(3.329815414922,31.056516179537,
    22.151239121905));
#373 = CARTESIAN_POINT('',(-13.4442412003,26.577765433246,
    22.513998809075));
#374 = CARTESIAN_POINT('',(-23.56817144173,14.375873266129,
    22.876752206393));
#375 = CARTESIAN_POINT('',(-24.99999400611,0.328484473057,23.23949980184
    ));
#376 = CARTESIAN_POINT('',(-19.53798196157,-10.69470845844,
    23.602242085748));
#377 = CARTESIAN_POINT('',(-1.783051864154,-22.20164712545,
    24.327717018663));
#378 = CARTESIAN_POINT('',(10.509433907457,-22.68511259132,
    24.690449667185));
#379 = CARTESIAN_POINT('',(22.746410329553,-15.64092557517,
    25.053177993585));
#380 = CARTESIAN_POINT('',(29.748542578012,-1.41700502532,25.41590249067
    ));
#381 = CARTESIAN_POINT('',(26.985368142374,15.721893100642,
    25.77862366567));
#382 = CARTESIAN_POINT('',(13.672529898264,28.079072939277,
    26.141342013086));
#383 = CARTESIAN_POINT('',(-3.624057524728,29.560287836663,
    26.504058044088));
#384 = CARTESIAN_POINT('',(-17.28760857647,21.520307976752,
    26.866772260848));
#385 = CARTESIAN_POINT('',(-23.40233447774,8.794080861442,
    27.229485172172));
#386 = CARTESIAN_POINT('',(-22.00651831956,-3.427789547492,
    27.592197285448));
#387 = CARTESIAN_POINT('',(-9.212508724636,-20.2772060171,
    28.317620932251));
#388 = CARTESIAN_POINT('',(2.185373265441,-24.90434172652,
    28.680332465393));
#389 = CARTESIAN_POINT('',(16.086280092438,-22.43236645297,
    29.043044217773));
#390 = CARTESIAN_POINT('',(27.500612373859,-11.43030665365,
    29.405756694276));
#391 = CARTESIAN_POINT('',(30.719374171597,5.628499557331,
    29.768470407896));
#392 = CARTESIAN_POINT('',(22.391868196595,21.771006350123,
    30.13118586084));
#393 = CARTESIAN_POINT('',(6.624950544485,29.035777234055,
    30.493903562702));
#394 = CARTESIAN_POINT('',(-8.956836390715,26.111208504893,
    30.856624016579));
#395 = CARTESIAN_POINT('',(-19.02869309466,16.215877771593,
    31.219347725242));
#396 = CARTESIAN_POINT('',(-21.86445580328,4.245347311707,31.58207518873
    ));
#397 = CARTESIAN_POINT('',(-15.54898398802,-15.94745427704,
    32.307538619751));
#398 = CARTESIAN_POINT('',(-6.397903121761,-24.16923367108,
    32.670274586692));
#399 = CARTESIAN_POINT('',(7.517711791393,-26.56275446481,
    33.033015304513));
#400 = CARTESIAN_POINT('',(21.990087328851,-20.08797479634,
    33.39576126172));
#401 = CARTESIAN_POINT('',(30.809160455964,-5.133289502822,
    33.758512958422));
#402 = CARTESIAN_POINT('',(28.455475850101,12.879478338957,
    34.121270870797));
#403 = CARTESIAN_POINT('',(16.089188920747,25.066470090251,
    34.484035490895));
#404 = CARTESIAN_POINT('',(0.437694737686,27.605005556085,
    34.846807291144));
#405 = CARTESIAN_POINT('',(-12.39689912287,21.715080219932,
    35.209586747123));
#406 = CARTESIAN_POINT('',(-19.12852696642,11.416191271883,
    35.572374325663));
#407 = CARTESIAN_POINT('',(-20.04212250923,-9.72488337046,
    36.297966651696));
#408 = CARTESIAN_POINT('',(-14.22406781332,-20.56655428816,
    36.660771398673));
#409 = CARTESIAN_POINT('',(-1.944865678179,-27.54267357368,
    37.023585193311));
#410 = CARTESIAN_POINT('',(13.869060202356,-26.36456930498,
    37.386408486561));
#411 = CARTESIAN_POINT('',(27.243467326269,-15.28911961385,
    37.749241735762));
#412 = CARTESIAN_POINT('',(31.144704083904,2.456969035883,
    38.112085374641));
#413 = CARTESIAN_POINT('',(23.647631719962,18.121638054664,
    38.474939846468));
#414 = CARTESIAN_POINT('',(9.783676950641,25.82397931222,38.837805574881
    ));
#415 = CARTESIAN_POINT('',(-4.291700014547,24.639874541913,
    39.200682982138));
#416 = CARTESIAN_POINT('',(-14.12194024634,17.235359752774,
    39.563572479806));
#417 = CARTESIAN_POINT('',(-22.15915029586,-2.345791486376,
    40.289376463427));
#418 = CARTESIAN_POINT('',(-20.36592425657,-14.52195120657,
    40.652290948806));
#419 = CARTESIAN_POINT('',(-11.1810053334,-25.25484085887,
    41.015218333537));
#420 = CARTESIAN_POINT('',(4.098405620218,-29.51564874685,
    41.378159007196));
#421 = CARTESIAN_POINT('',(20.443085964806,-23.63569707481,
    41.741113364427));
#422 = CARTESIAN_POINT('',(30.13940806608,-8.262564381595,
    42.104081772215));
#423 = CARTESIAN_POINT('',(28.403927967038,9.022522396583,
    42.467064605478));
#424 = CARTESIAN_POINT('',(17.973902358076,20.977412471438,
    42.830062217131));
#425 = CARTESIAN_POINT('',(4.32750856144,24.642362000234,43.193074955437
    ));
#426 = CARTESIAN_POINT('',(-7.436523686635,21.012698701273,
    43.556103156683));
#427 = CARTESIAN_POINT('',(-21.6478180563,5.316283205582,44.282191135897
    ));
#428 = CARTESIAN_POINT('',(-24.09473401018,-6.750086918428,
    44.645250913594));
#429 = CARTESIAN_POINT('',(-19.09618757292,-19.96826118332,
    45.008326806156));
#430 = CARTESIAN_POINT('',(-6.165177759531,-29.16577882158,
    45.371419125334));
#431 = CARTESIAN_POINT('',(11.211692678524,-29.18270423239,
    45.734528178959));
#432 = CARTESIAN_POINT('',(25.55612280857,-18.00896600608,
    46.097654255003));
#433 = CARTESIAN_POINT('',(29.792343172228,-1.154083961041,
    46.460797636293));
#434 = CARTESIAN_POINT('',(24.036817855124,13.637387879559,
    46.823958591108));
#435 = CARTESIAN_POINT('',(12.439582900046,21.71997123366,
    47.187137375003));
#436 = CARTESIAN_POINT('',(0.136700178444,22.298876793351,47.5503342328)
  );
#437 = CARTESIAN_POINT('',(-18.56655120146,12.353388026596,
    48.276764558458));
#438 = CARTESIAN_POINT('',(-24.96646437066,1.829235688464,48.63999802609
    ));
#439 = CARTESIAN_POINT('',(-24.75098227148,-12.30707166589,
    49.003250031217));
#440 = CARTESIAN_POINT('',(-15.70534573104,-25.3534003374,49.36652078985
    ));
#441 = CARTESIAN_POINT('',(0.641616128855,-31.270008979,49.729810512259)
  );
#442 = CARTESIAN_POINT('',(17.935034339691,-25.6257392099,
    50.093119387727));
#443 = CARTESIAN_POINT('',(27.645113185831,-11.20250393207,
    50.45644759806));
#444 = CARTESIAN_POINT('',(27.251465416541,4.671901202433,
    50.819795310392));
#445 = CARTESIAN_POINT('',(19.082077841747,16.216401285919,
    51.183162676492));
#446 = CARTESIAN_POINT('',(7.700532238345,20.938898454078,
    51.546549837243));
#447 = CARTESIAN_POINT('',(-13.27816523995,17.930314544405,
    52.273363999003));
#448 = CARTESIAN_POINT('',(-22.87480629703,10.199306520447,
    52.636790999926));
#449 = CARTESIAN_POINT('',(-27.47234508733,-3.177528566392,
    53.000238047742));
#450 = CARTESIAN_POINT('',(-23.38970701377,-18.52714001441,
    53.363705252767));
#451 = CARTESIAN_POINT('',(-10.01464992897,-29.64637338089,
    53.727192716316));
#452 = CARTESIAN_POINT('',(8.177039905152,-30.20699467234,
    54.090700520726));
#453 = CARTESIAN_POINT('',(22.213158655004,-19.93042870879,
    54.45422873711));
#454 = CARTESIAN_POINT('',(27.233294830319,-4.857096855706,
    54.817777423509));
#455 = CARTESIAN_POINT('',(23.465192560182,8.781783698722,
    55.181346620409));
#456 = CARTESIAN_POINT('',(14.357449068676,17.091132974689,
    55.544936357742));
#457 = CARTESIAN_POINT('',(-6.407688317512,21.383573058753,
    56.272156940765));
#458 = CARTESIAN_POINT('',(-18.06457667819,17.366559156922,
    56.635787786197));
#459 = CARTESIAN_POINT('',(-26.93391399015,6.338538821752,56.99943920156
    ));
#460 = CARTESIAN_POINT('',(-28.30405391895,-9.493728181275,
    57.36311118294));
#461 = CARTESIAN_POINT('',(-19.49231516474,-24.50021577504,
    57.726803722958));
#462 = CARTESIAN_POINT('',(-2.562006802582,-31.20534733794,
    58.090516786502));
#463 = CARTESIAN_POINT('',(14.137452338273,-26.30015176675,
    58.454250336337));
#464 = CARTESIAN_POINT('',(23.980596673003,-13.81897119696,
    58.818004314664));
#465 = CARTESIAN_POINT('',(25.065792720238,0.296488683534,
    59.181778650503));
#466 = CARTESIAN_POINT('',(19.315935911569,11.209404921432,
    59.54557326087));
#467 = CARTESIAN_POINT('',(1.230984507684,22.30049443384,60.27320283329)
  );
#468 = CARTESIAN_POINT('',(-11.10366988666,22.478397503652,
    60.637037795279));
#469 = CARTESIAN_POINT('',(-23.19565429269,15.111490536433,
    61.000892836019));
#470 = CARTESIAN_POINT('',(-29.86136078629,0.676665019577,
    61.364767841212));
#471 = CARTESIAN_POINT('',(-26.6642538437,-16.43848303077,
    61.728662688543));
#472 = CARTESIAN_POINT('',(-13.0076909067,-28.49784851048,
    62.092577236068));
#473 = CARTESIAN_POINT('',(4.374075065884,-29.55212309729,
    62.456511330898));
#474 = CARTESIAN_POINT('',(17.875801218371,-21.14837139786,
    62.82046480952));
#475 = CARTESIAN_POINT('',(23.690270590167,-8.232692391944,
    63.184437488455));
#476 = CARTESIAN_POINT('',(21.984750623615,3.989991879641,
    63.548429178118));
#477 = CARTESIAN_POINT('',(15.357960088514,12.279479836912,
    63.91243967136));
#478 = DEFINITIONAL_REPRESENTATION('',(#479),#510);
#479 = B_SPLINE_CURVE_WITH_KNOTS('',8,(#480,#481,#482,#483,#484,#485,
    #486,#487,#488,#489,#490,#491,#492,#493,#494,#495,#496,#497,#498,
    #499,#500,#501,#502,#503,#504,#505,#506,#507,#508,#509),
  .UNSPECIFIED.,.F.,.F.,(9,7,7,7,9),(0.,0.238822088311,0.536829887136,
    0.830214581947,1.),.UNSPECIFIED.);
#480 = CARTESIAN_POINT('',(2.186305660818,57.359509307956));
#481 = CARTESIAN_POINT('',(2.181127518696,57.458481259547));
#482 = CARTESIAN_POINT('',(2.175938640054,57.557513279971));
#483 = CARTESIAN_POINT('',(2.170757028133,57.656556943707));
#484 = CARTESIAN_POINT('',(2.16557554033,57.755614209185));
#485 = CARTESIAN_POINT('',(2.160386983678,57.854699138304));
#486 = CARTESIAN_POINT('',(2.155188024064,57.95382590697));
#487 = CARTESIAN_POINT('',(2.149977904209,58.0529974421));
#488 = CARTESIAN_POINT('',(2.138248074249,58.275910136554));
#489 = CARTESIAN_POINT('',(2.131716123553,58.39979548377));
#490 = CARTESIAN_POINT('',(2.125172376271,58.523671279826));
#491 = CARTESIAN_POINT('',(2.118619370837,58.647553655637));
#492 = CARTESIAN_POINT('',(2.112055954473,58.771479078779));
#493 = CARTESIAN_POINT('',(2.105477669994,58.895484372202));
#494 = CARTESIAN_POINT('',(2.098881777498,59.019587587044));
#495 = CARTESIAN_POINT('',(2.085771028833,59.265765896882));
#496 = CARTESIAN_POINT('',(2.079246744004,59.388025908379));
#497 = CARTESIAN_POINT('',(2.072708738891,59.510278299658));
#498 = CARTESIAN_POINT('',(2.06615594507,59.63253775688));
#499 = CARTESIAN_POINT('',(2.059587684087,59.754839194639));
#500 = CARTESIAN_POINT('',(2.053003139045,59.877217602199));
#501 = CARTESIAN_POINT('',(2.04640117405,59.999689218331));
#502 = CARTESIAN_POINT('',(2.035961535026,60.192962660063));
#503 = CARTESIAN_POINT('',(2.032129151867,60.263831493823));
#504 = CARTESIAN_POINT('',(2.028291357876,60.334711884551));
#505 = CARTESIAN_POINT('',(2.0244480913,60.405603158829));
#506 = CARTESIAN_POINT('',(2.020598903794,60.476508595877));
#507 = CARTESIAN_POINT('',(2.016743088533,60.547431475915));
#508 = CARTESIAN_POINT('',(2.012880173312,60.618371102324));
#509 = CARTESIAN_POINT('',(2.009010778664,60.689318797587));
#510 = ( GEOMETRIC_REPRESENTATION_CONTEXT(2) 
PARAMETRIC_REPRESENTATION_CONTEXT() REPRESENTATION_CONTEXT('2D SPACE',''
  ) );
#511 = ORIENTED_EDGE('',*,*,#512,.F.);
#512 = EDGE_CURVE('',#513,#84,#515,.T.);
#513 = VERTEX_POINT('',#514);
#514 = CARTESIAN_POINT('',(-18.0932913644,-7.534569237569,
    32.006495557297));
#515 = SURFACE_CURVE('',#516,(#687,#861),.PCURVE_S1.);
#516 = B_SPLINE_CURVE_WITH_KNOTS('',8,(#517,#518,#519,#520,#521,#522,
    #523,#524,#525,#526,#527,#528,#529,#530,#531,#532,#533,#534,#535,
    #536,#537,#538,#539,#540,#541,#542,#543,#544,#545,#546,#547,#548,
    #549,#550,#551,#552,#553,#554,#555,#556,#557,#558,#559,#560,#561,
    #562,#563,#564,#565,#566,#567,#568,#569,#570,#571,#572,#573,#574,
    #575,#576,#577,#578,#579,#580,#581,#582,#583,#584,#585,#586,#587,
    #588,#589,#590,#591,#592,#593,#594,#595,#596,#597,#598,#599,#600,
    #601,#602,#603,#604,#605,#606,#607,#608,#609,#610,#611,#612,#613,
    #614,#615,#616,#617,#618,#619,#620,#621,#622,#623,#624,#625,#626,
    #627,#628,#629,#630,#631,#632,#633,#634,#635,#636,#637,#638,#639,
    #640,#641,#642,#643,#644,#645,#646,#647,#648,#649,#650,#651,#652,
    #653,#654,#655,#656,#657,#658,#659,#660,#661,#662,#663,#664,#665,
    #666,#667,#668,#669,#670,#671,#672,#673,#674,#675,#676,#677,#678,
    #679,#680,#681,#682,#683,#684,#685,#686),.UNSPECIFIED.,.F.,.F.,(9,7,
    7,7,7,7,7,7,7,7,7,7,7,7,7,7,7,7,7,7,7,7,7,7,9),(0.,0.214827686718,
    0.47396187376,0.691377569843,0.745802454919,0.778381189173,
    0.803184956481,0.823043843057,0.838755630709,0.852109895382,
    0.862853376859,0.872218353131,0.879861459044,0.890752511546,
    0.895776263106,0.898409876696,0.90042100057,0.900849339206,
    0.90159751366,0.904715195617,0.908115445318,0.912679205332,
    0.925809255998,0.956620738997,1.),.UNSPECIFIED.);
#517 = CARTESIAN_POINT('',(-8.628890745826,17.698800455157,
    31.004320624758));
#518 = CARTESIAN_POINT('',(-9.513163461426,17.264289871966,
    31.037958000492));
#519 = CARTESIAN_POINT('',(-10.37261204226,16.779199594163,
    31.071595351059));
#520 = CARTESIAN_POINT('',(-11.20379508728,16.245202095335,
    31.105230171554));
#521 = CARTESIAN_POINT('',(-12.00346694016,15.664231848523,
    31.138861921893));
#522 = CARTESIAN_POINT('',(-12.7685614059,15.038461845565,
    31.172491023733));
#523 = CARTESIAN_POINT('',(-13.49618729064,14.370295414021,
    31.206117849553));
#524 = CARTESIAN_POINT('',(-14.18363576475,13.662373331685,
    31.239741703884));
#525 = CARTESIAN_POINT('',(-15.60614073187,12.019214798773,
    31.313911353584));
#526 = CARTESIAN_POINT('',(-16.32189256847,11.067072451257,
    31.354460589893));
#527 = CARTESIAN_POINT('',(-16.97118492627,10.06627652836,
    31.395000779586));
#528 = CARTESIAN_POINT('',(-17.55018336207,9.022274281061,
    31.435530044688));
#529 = CARTESIAN_POINT('',(-18.05561283414,7.940808569805,
    31.476048814817));
#530 = CARTESIAN_POINT('',(-18.48473481994,6.827900914027,
    31.516557172386));
#531 = CARTESIAN_POINT('',(-18.83537783959,5.689861900473,
    31.557052083515));
#532 = CARTESIAN_POINT('',(-19.33309352677,3.562988373971,
    31.631481214403));
#533 = CARTESIAN_POINT('',(-19.5038799154,2.579507641123,31.665426305183
    ));
#534 = CARTESIAN_POINT('',(-19.61746496475,1.586773703403,
    31.699355274288));
#535 = CARTESIAN_POINT('',(-19.67328294667,0.588692257232,
    31.733265285102));
#536 = CARTESIAN_POINT('',(-19.67108405503,-0.410816000182,
    31.767153867529));
#537 = CARTESIAN_POINT('',(-19.61093550773,-1.407810590038,31.8010168408
    ));
#538 = CARTESIAN_POINT('',(-19.49322606449,-2.398335936899,
    31.834847957796));
#539 = CARTESIAN_POINT('',(-19.27504777093,-3.623726712316,
    31.877088944751));
#540 = CARTESIAN_POINT('',(-19.22780760659,-3.868407228852,
    31.885543094449));
#541 = CARTESIAN_POINT('',(-19.17702036302,-4.11237235539,
    31.893994163069));
#542 = CARTESIAN_POINT('',(-19.12269927199,-4.3555602709,31.902441914768
    ));
#543 = CARTESIAN_POINT('',(-19.06485901334,-4.597909113982,
    31.91088607627));
#544 = CARTESIAN_POINT('',(-19.00351579518,-4.839356912125,
    31.919326323138));
#545 = CARTESIAN_POINT('',(-18.93868743409,-5.079841510969,
    31.927762266038));
#546 = CARTESIAN_POINT('',(-18.82951265014,-5.462640647944,
    31.941240335655));
#547 = CARTESIAN_POINT('',(-18.78739006244,-5.605613259346,
    31.946285522942));
#548 = CARTESIAN_POINT('',(-18.74402986292,-5.748204955926,
    31.951328897182));
#549 = CARTESIAN_POINT('',(-18.69943646769,-5.890402291026,
    31.956370345534));
#550 = CARTESIAN_POINT('',(-18.65361454017,-6.032191732629,
    31.961409740527));
#551 = CARTESIAN_POINT('',(-18.60656901307,-6.173559642821,
    31.96644693659));
#552 = CARTESIAN_POINT('',(-18.55830511023,-6.314492257242,
    31.971481766572));
#553 = CARTESIAN_POINT('',(-18.47115933039,-6.561932482403,
    31.980345350287));
#554 = CARTESIAN_POINT('',(-18.43278728473,-6.668628872926,
    31.984175176929));
#555 = CARTESIAN_POINT('',(-18.39371466413,-6.775058732405,
    31.988003436498));
#556 = CARTESIAN_POINT('',(-18.3539440348,-6.881215831638,
    31.991830032591));
#557 = CARTESIAN_POINT('',(-18.31347810126,-6.987093827896,
    31.995654855282));
#558 = CARTESIAN_POINT('',(-18.27231971086,-7.092686276869,31.9994777823
    ));
#559 = CARTESIAN_POINT('',(-18.23047185837,-7.197986644627,
    32.003298680211));
#560 = CARTESIAN_POINT('',(-18.15388313738,-7.387056853476,
    32.010174829631));
#561 = CARTESIAN_POINT('',(-18.11938865407,-7.470933880734,
    32.013230859038));
#562 = CARTESIAN_POINT('',(-18.08445586004,-7.554616002428,
    32.016285417272));
#563 = CARTESIAN_POINT('',(-18.04908645896,-7.638099728479,
    32.019338419213));
#564 = CARTESIAN_POINT('',(-18.01328225396,-7.721381461501,
    32.022389768913));
#565 = CARTESIAN_POINT('',(-17.97704516273,-7.804457480674,
    32.025439357344));
#566 = CARTESIAN_POINT('',(-17.94037723266,-7.887323925608,
    32.028487060144));
#567 = CARTESIAN_POINT('',(-17.87393089695,-8.035369373867,
    32.033942387192));
#568 = CARTESIAN_POINT('',(-17.84431284096,-8.100628235458,
    32.036350768592));
#569 = CARTESIAN_POINT('',(-17.81442757337,-8.165751381786,
    32.038757808927));
#570 = CARTESIAN_POINT('',(-17.78427625071,-8.230736734231,
    32.041163429605));
#571 = CARTESIAN_POINT('',(-17.75386011468,-8.29558210283,
    32.043567542051));
#572 = CARTESIAN_POINT('',(-17.72318050609,-8.360285170351,
    32.045970045681));
#573 = CARTESIAN_POINT('',(-17.6922388788,-8.424843476373,
    32.048370825873));
#574 = CARTESIAN_POINT('',(-17.63451655736,-8.544000593138,
    32.05280872385));
#575 = CARTESIAN_POINT('',(-17.6078081782,-8.598640267947,
    32.054846354642));
#576 = CARTESIAN_POINT('',(-17.58091264351,-8.653171829613,
    32.056882563845));
#577 = CARTESIAN_POINT('',(-17.55383100784,-8.707593552477,
    32.058917261227));
#578 = CARTESIAN_POINT('',(-17.52656443234,-8.761903557926,
    32.060950344074));
#579 = CARTESIAN_POINT('',(-17.4991142041,-8.81609979094,32.062981694466
    ));
#580 = CARTESIAN_POINT('',(-17.47148175548,-8.870179996639,
    32.065011176559));
#581 = CARTESIAN_POINT('',(-17.42129311794,-8.967553785817,
    32.068669719549));
#582 = CARTESIAN_POINT('',(-17.39880067885,-9.010889119449,
    32.070299492678));
#583 = CARTESIAN_POINT('',(-17.37619219392,-9.05414641966,32.07192787147
    ));
#584 = CARTESIAN_POINT('',(-17.35346858675,-9.097324259921,
    32.073554763781));
#585 = CARTESIAN_POINT('',(-17.33063089866,-9.140421037266,
    32.075180064148));
#586 = CARTESIAN_POINT('',(-17.30768031061,-9.183434944333,
    32.076803650819));
#587 = CARTESIAN_POINT('',(-17.28461816498,-9.226363941399,
    32.078425382802));
#588 = CARTESIAN_POINT('',(-17.24124705173,-9.306550449462,
    32.081456984102));
#589 = CARTESIAN_POINT('',(-17.22096456206,-9.343828806128,
    32.082867334465));
#590 = CARTESIAN_POINT('',(-17.20059951454,-9.381039309099,
    32.084276039887));
#591 = CARTESIAN_POINT('',(-17.18015305846,-9.418180225588,
    32.085682976771));
#592 = CARTESIAN_POINT('',(-17.1596265378,-9.45524952382,32.087088000682
    ));
#593 = CARTESIAN_POINT('',(-17.13902153259,-9.49224481752,32.088490941)
  );
#594 = CARTESIAN_POINT('',(-17.11833990034,-9.529163310397,
    32.089891595586));
#595 = CARTESIAN_POINT('',(-17.08064400511,-9.596066955507,
    32.092430791269));
#596 = CARTESIAN_POINT('',(-17.06365469499,-9.626078677645,
    32.093570169403));
#597 = CARTESIAN_POINT('',(-17.04661704607,-9.656035186239,
    32.09470772987));
#598 = CARTESIAN_POINT('',(-17.02953243645,-9.685934408973,
    32.095843322141));
#599 = CARTESIAN_POINT('',(-17.01240253009,-9.715773828787,
    32.096976766992));
#600 = CARTESIAN_POINT('',(-16.99522934347,-9.745550390653,
    32.09810784838));
#601 = CARTESIAN_POINT('',(-16.97801531238,-9.775260408335,
    32.099236305317));
#602 = CARTESIAN_POINT('',(-16.9361801673,-9.847133687616,
    32.101965632499));
#603 = CARTESIAN_POINT('',(-16.91152650678,-9.889212600546,
    32.103563050701));
#604 = CARTESIAN_POINT('',(-16.88680492495,-9.931133932535,
    32.105153541771));
#605 = CARTESIAN_POINT('',(-16.8620230307,-9.972886573019,
    32.106736186226));
#606 = CARTESIAN_POINT('',(-16.83719857276,-10.01444306817,
    32.108309152128));
#607 = CARTESIAN_POINT('',(-16.81235771733,-10.05576281337,
    32.109869908839));
#608 = CARTESIAN_POINT('',(-16.78753879772,-10.09678676789,
    32.111414816227));
#609 = CARTESIAN_POINT('',(-16.75140883305,-10.15614039195,
    32.113638735739));
#610 = CARTESIAN_POINT('',(-16.74003036604,-10.17477912357,
    32.114335454662));
#611 = CARTESIAN_POINT('',(-16.72868109251,-10.19331720033,
    32.115026440801));
#612 = CARTESIAN_POINT('',(-16.71736886348,-10.21174262563,
    32.115710890492));
#613 = CARTESIAN_POINT('',(-16.70611017366,-10.23002962256,
    32.116387315759));
#614 = CARTESIAN_POINT('',(-16.69492919672,-10.24814036038,
    32.117053643344));
#615 = CARTESIAN_POINT('',(-16.68386079961,-10.26602043683,
    32.117706924821));
#616 = CARTESIAN_POINT('',(-16.66725452551,-10.29277745221,
    32.118674701115));
#617 = CARTESIAN_POINT('',(-16.6615988122,-10.30187763309,
    32.119002033494));
#618 = CARTESIAN_POINT('',(-16.65600059214,-10.31087304512,
    32.119323520688));
#619 = CARTESIAN_POINT('',(-16.65047185281,-10.31974497353,
    32.11963811221));
#620 = CARTESIAN_POINT('',(-16.64503223369,-10.32846253909,
    32.119944247775));
#621 = CARTESIAN_POINT('',(-16.63971060412,-10.33698034106,
    32.120239724164));
#622 = CARTESIAN_POINT('',(-16.6345507782,-10.3452295461,32.120521216497
    ));
#623 = CARTESIAN_POINT('',(-16.62585708767,-10.3591144411,
    32.120983708015));
#624 = CARTESIAN_POINT('',(-16.6222502307,-10.36487018474,
    32.121171499897));
#625 = CARTESIAN_POINT('',(-16.61880304788,-10.37036697958,32.1213460703
    ));
#626 = CARTESIAN_POINT('',(-16.61556473787,-10.37552726115,
    32.121503737427));
#627 = CARTESIAN_POINT('',(-16.6126215927,-10.38021471176,
    32.121638601837));
#628 = CARTESIAN_POINT('',(-16.61010297343,-10.3842252933,
    32.121742135027));
#629 = CARTESIAN_POINT('',(-16.60817445238,-10.38729804097,
    32.12180368761));
#630 = CARTESIAN_POINT('',(-16.60673707387,-10.38959354464,
    32.121816139344));
#631 = CARTESIAN_POINT('',(-16.60651890693,-10.38994228053,32.1218159981
    ));
#632 = CARTESIAN_POINT('',(-16.60633644625,-10.39023433906,
    32.121813450131));
#633 = CARTESIAN_POINT('',(-16.60619088999,-10.39046782524,
    32.121808436668));
#634 = CARTESIAN_POINT('',(-16.60608314671,-10.39064130105,
    32.121800919286));
#635 = CARTESIAN_POINT('',(-16.60601383534,-10.39075378546,
    32.121790879904));
#636 = CARTESIAN_POINT('',(-16.60598328518,-10.39080475442,
    32.121778320788));
#637 = CARTESIAN_POINT('',(-16.60600594743,-10.39077560228,
    32.12173696597));
#638 = CARTESIAN_POINT('',(-16.60613863486,-10.39056934397,
    32.121703040824));
#639 = CARTESIAN_POINT('',(-16.60638948249,-10.3901755257,32.12166163822
    ));
#640 = CARTESIAN_POINT('',(-16.60675481346,-10.38959993199,
    32.121613111255));
#641 = CARTESIAN_POINT('',(-16.60722828864,-10.38885255365,
    32.121557961436));
#642 = CARTESIAN_POINT('',(-16.60780180534,-10.3879461692,
    32.121496783117));
#643 = CARTESIAN_POINT('',(-16.60846639611,-10.38689492638,
    32.12143020793));
#644 = CARTESIAN_POINT('',(-16.61232479616,-10.38078745661,
    32.121061493724));
#645 = CARTESIAN_POINT('',(-16.61680695099,-10.37367981715,
    32.120686372382));
#646 = CARTESIAN_POINT('',(-16.62208366789,-10.36529938538,
    32.120267760157));
#647 = CARTESIAN_POINT('',(-16.62785938439,-10.3561103405,
    32.119823836484));
#648 = CARTESIAN_POINT('',(-16.63388878786,-10.34650131352,
    32.119369033174));
#649 = CARTESIAN_POINT('',(-16.64008265664,-10.33661384239,
    32.118908149416));
#650 = CARTESIAN_POINT('',(-16.64642085579,-10.3264795357,
    32.118441174159));
#651 = CARTESIAN_POINT('',(-16.66015921933,-10.30447454863,
    32.117437149252));
#652 = CARTESIAN_POINT('',(-16.66747426308,-10.29273684785,
    32.11690702293));
#653 = CARTESIAN_POINT('',(-16.67489442311,-10.28080837922,
    32.116372483609));
#654 = CARTESIAN_POINT('',(-16.68239177225,-10.26873304101,
    32.115834823315));
#655 = CARTESIAN_POINT('',(-16.689947569,-10.25654033159,32.115294903723
    ));
#656 = CARTESIAN_POINT('',(-16.69754878201,-10.24425075913,
    32.114753281742));
#657 = CARTESIAN_POINT('',(-16.70518697646,-10.23187750416,
    32.114210245591));
#658 = CARTESIAN_POINT('',(-16.72315758325,-10.20270989271,
    32.112934963514));
#659 = CARTESIAN_POINT('',(-16.73351002658,-10.18586370615,
    32.112202084611));
#660 = CARTESIAN_POINT('',(-16.7439011895,-10.1689102838,32.111467679891
    ));
#661 = CARTESIAN_POINT('',(-16.75431983415,-10.15186718914,
    32.110732156609));
#662 = CARTESIAN_POINT('',(-16.7647577478,-10.13474727181,
    32.109995808378));
#663 = CARTESIAN_POINT('',(-16.77520882177,-10.11756007925,
    32.109258836579));
#664 = CARTESIAN_POINT('',(-16.78566864921,-10.10031244865,
    32.108521358846));
#665 = CARTESIAN_POINT('',(-16.82624556227,-10.03322375457,
    32.105660292075));
#666 = CARTESIAN_POINT('',(-16.85639425956,-9.982993136322,
    32.103534156428));
#667 = CARTESIAN_POINT('',(-16.88650589402,-9.932431616699,
    32.101406595376));
#668 = CARTESIAN_POINT('',(-16.91654122857,-9.881599878598,
    32.099278647017));
#669 = CARTESIAN_POINT('',(-16.94647356844,-9.830539636164,
    32.097150971082));
#670 = CARTESIAN_POINT('',(-16.97628487611,-9.779279028558,
    32.095023857786));
#671 = CARTESIAN_POINT('',(-17.00596772184,-9.727828903217,
    32.092897200304));
#672 = CARTESIAN_POINT('',(-17.10486761202,-9.555015589574,
    32.085780126923));
#673 = CARTESIAN_POINT('',(-17.17345106907,-9.432883098891,
    32.080793003618));
#674 = CARTESIAN_POINT('',(-17.241171619,-9.3099410255,32.075809005068)
  );
#675 = CARTESIAN_POINT('',(-17.30798123605,-9.186262967046,
    32.070828508542));
#676 = CARTESIAN_POINT('',(-17.373841266,-9.061910113116,32.065851552476
    ));
#677 = CARTESIAN_POINT('',(-17.43873060041,-8.936916469438,
    32.06087799614));
#678 = CARTESIAN_POINT('',(-17.50263439525,-8.81130489613,
    32.055907343695));
#679 = CARTESIAN_POINT('',(-17.65411920691,-8.507373656177,
    32.043943529721));
#680 = CARTESIAN_POINT('',(-17.74070920477,-8.328487021201,
    32.036953712456));
#681 = CARTESIAN_POINT('',(-17.82527807617,-8.148483746215,
    32.029968608369));
#682 = CARTESIAN_POINT('',(-17.90779676933,-7.967414155137,
    32.022987829653));
#683 = CARTESIAN_POINT('',(-17.98824113772,-7.785322773557,
    32.016011069309));
#684 = CARTESIAN_POINT('',(-18.06659052775,-7.602249853677,
    32.009038030532));
#685 = CARTESIAN_POINT('',(-18.14282740184,-7.418231400654,
    32.002068419022));
#686 = CARTESIAN_POINT('',(-18.21693630961,-7.233300228116,
    31.995101899626));
#687 = PCURVE('',#43,#688);
#688 = DEFINITIONAL_REPRESENTATION('',(#689),#860);
#689 = B_SPLINE_CURVE_WITH_KNOTS('',8,(#690,#691,#692,#693,#694,#695,
    #696,#697,#698,#699,#700,#701,#702,#703,#704,#705,#706,#707,#708,
    #709,#710,#711,#712,#713,#714,#715,#716,#717,#718,#719,#720,#721,
    #722,#723,#724,#725,#726,#727,#728,#729,#730,#731,#732,#733,#734,
    #735,#736,#737,#738,#739,#740,#741,#742,#743,#744,#745,#746,#747,
    #748,#749,#750,#751,#752,#753,#754,#755,#756,#757,#758,#759,#760,
    #761,#762,#763,#764,#765,#766,#767,#768,#769,#770,#771,#772,#773,
    #774,#775,#776,#777,#778,#779,#780,#781,#782,#783,#784,#785,#786,
    #787,#788,#789,#790,#791,#792,#793,#794,#795,#796,#797,#798,#799,
    #800,#801,#802,#803,#804,#805,#806,#807,#808,#809,#810,#811,#812,
    #813,#814,#815,#816,#817,#818,#819,#820,#821,#822,#823,#824,#825,
    #826,#827,#828,#829,#830,#831,#832,#833,#834,#835,#836,#837,#838,
    #839,#840,#841,#842,#843,#844,#845,#846,#847,#848,#849,#850,#851,
    #852,#853,#854,#855,#856,#857,#858,#859),.UNSPECIFIED.,.F.,.F.,(9,7,
    7,7,7,7,7,7,7,7,7,7,7,7,7,7,7,7,7,7,7,7,7,7,9),(0.,0.214827686718,
    0.47396187376,0.691377569843,0.745802454919,0.778381189173,
    0.803184956481,0.823043843057,0.838755630709,0.852109895382,
    0.862853376859,0.872218353131,0.879861459044,0.890752511546,
    0.895776263106,0.898409876696,0.90042100057,0.900849339206,
    0.90159751366,0.904715195617,0.908115445318,0.912679205332,
    0.925809255998,0.956620738997,1.),.UNSPECIFIED.);
#690 = CARTESIAN_POINT('',(-2.024427143706,-31.00432062475));
#691 = CARTESIAN_POINT('',(-2.074464919922,-31.03795800049));
#692 = CARTESIAN_POINT('',(-2.124512873311,-31.07159535105));
#693 = CARTESIAN_POINT('',(-2.174567695441,-31.10523017155));
#694 = CARTESIAN_POINT('',(-2.224629042174,-31.13886192189));
#695 = CARTESIAN_POINT('',(-2.274698058123,-31.17249102373));
#696 = CARTESIAN_POINT('',(-2.324775891344,-31.20611784955));
#697 = CARTESIAN_POINT('',(-2.374862198266,-31.23974170388));
#698 = CARTESIAN_POINT('',(-2.48537604034,-31.31391135358));
#699 = CARTESIAN_POINT('',(-2.545814948681,-31.35446058989));
#700 = CARTESIAN_POINT('',(-2.60626176922,-31.39500077958));
#701 = CARTESIAN_POINT('',(-2.666715433801,-31.43553004468));
#702 = CARTESIAN_POINT('',(-2.727178645124,-31.47604881481));
#703 = CARTESIAN_POINT('',(-2.787654055362,-31.51655717238));
#704 = CARTESIAN_POINT('',(-2.848140379029,-31.55705208351));
#705 = CARTESIAN_POINT('',(-2.959378416642,-31.6314812144));
#706 = CARTESIAN_POINT('',(-3.010135923518,-31.66542630518));
#707 = CARTESIAN_POINT('',(-3.060896773767,-31.69935527428));
#708 = CARTESIAN_POINT('',(-3.111659977388,-31.7332652851));
#709 = CARTESIAN_POINT('',(-3.162425643584,-31.76715386753));
#710 = CARTESIAN_POINT('',(-3.213193212157,-31.8010168408));
#711 = CARTESIAN_POINT('',(-3.263960323427,-31.83484795779));
#712 = CARTESIAN_POINT('',(-3.327424654416,-31.87708894475));
#713 = CARTESIAN_POINT('',(-3.340130343779,-31.88554309444));
#714 = CARTESIAN_POINT('',(-3.352835516985,-31.89399416306));
#715 = CARTESIAN_POINT('',(-3.365540076239,-31.90244191476));
#716 = CARTESIAN_POINT('',(-3.378243905144,-31.91088607627));
#717 = CARTESIAN_POINT('',(-3.390946861925,-31.91932632313));
#718 = CARTESIAN_POINT('',(-3.403648772643,-31.92776226603));
#719 = CARTESIAN_POINT('',(-3.423952034119,-31.94124033565));
#720 = CARTESIAN_POINT('',(-3.431554190783,-31.94628552294));
#721 = CARTESIAN_POINT('',(-3.439155848763,-31.95132889718));
#722 = CARTESIAN_POINT('',(-3.446756955703,-31.95637034553));
#723 = CARTESIAN_POINT('',(-3.454357450953,-31.96140974052));
#724 = CARTESIAN_POINT('',(-3.461957263975,-31.96644693659));
#725 = CARTESIAN_POINT('',(-3.469556312752,-31.97148176657));
#726 = CARTESIAN_POINT('',(-3.482939371597,-31.98034535028));
#727 = CARTESIAN_POINT('',(-3.4887237405,-31.98417517692));
#728 = CARTESIAN_POINT('',(-3.494507568813,-31.98800343649));
#729 = CARTESIAN_POINT('',(-3.500290807911,-31.99183003259));
#730 = CARTESIAN_POINT('',(-3.506073401025,-31.99565485528));
#731 = CARTESIAN_POINT('',(-3.511855283636,-31.9994777823));
#732 = CARTESIAN_POINT('',(-3.517636383854,-32.00329868021));
#733 = CARTESIAN_POINT('',(-3.52804451295,-32.01017482963));
#734 = CARTESIAN_POINT('',(-3.532671848952,-32.01323085903));
#735 = CARTESIAN_POINT('',(-3.53729858998,-32.01628541727));
#736 = CARTESIAN_POINT('',(-3.541924689111,-32.01933841921));
#737 = CARTESIAN_POINT('',(-3.546550092227,-32.02238976891));
#738 = CARTESIAN_POINT('',(-3.551174736903,-32.02543935734));
#739 = CARTESIAN_POINT('',(-3.555798551295,-32.02848706014));
#740 = CARTESIAN_POINT('',(-3.564078961716,-32.03394238719));
#741 = CARTESIAN_POINT('',(-3.567735897187,-32.03635076859));
#742 = CARTESIAN_POINT('',(-3.571392218901,-32.03875780892));
#743 = CARTESIAN_POINT('',(-3.575047880292,-32.0411634296));
#744 = CARTESIAN_POINT('',(-3.5787028277,-32.04356754205));
#745 = CARTESIAN_POINT('',(-3.582356999303,-32.04597004568));
#746 = CARTESIAN_POINT('',(-3.586010324049,-32.04837082587));
#747 = CARTESIAN_POINT('',(-3.59276708217,-32.05280872385));
#748 = CARTESIAN_POINT('',(-3.595870770584,-32.05484635464));
#749 = CARTESIAN_POINT('',(-3.598973736504,-32.05688256384));
#750 = CARTESIAN_POINT('',(-3.602075922638,-32.05891726122));
#751 = CARTESIAN_POINT('',(-3.605177262186,-32.06095034407));
#752 = CARTESIAN_POINT('',(-3.608277677305,-32.06298169446));
#753 = CARTESIAN_POINT('',(-3.611377077564,-32.06501117655));
#754 = CARTESIAN_POINT('',(-3.616967919685,-32.06866971954));
#755 = CARTESIAN_POINT('',(-3.619459753211,-32.07029949267));
#756 = CARTESIAN_POINT('',(-3.621950805194,-32.07192787147));
#757 = CARTESIAN_POINT('',(-3.6244410128,-32.07355476378));
#758 = CARTESIAN_POINT('',(-3.626930302362,-32.07518006414));
#759 = CARTESIAN_POINT('',(-3.629418587578,-32.07680365081));
#760 = CARTESIAN_POINT('',(-3.631905767707,-32.0784253828));
#761 = CARTESIAN_POINT('',(-3.636558708449,-32.0814569841));
#762 = CARTESIAN_POINT('',(-3.638724756844,-32.08286733446));
#763 = CARTESIAN_POINT('',(-3.640889795349,-32.08427603988));
#764 = CARTESIAN_POINT('',(-3.643053733652,-32.08568297677));
#765 = CARTESIAN_POINT('',(-3.645216463217,-32.08708800068));
#766 = CARTESIAN_POINT('',(-3.647377853757,-32.088490941));
#767 = CARTESIAN_POINT('',(-3.649537749715,-32.08989159558));
#768 = CARTESIAN_POINT('',(-3.653457368024,-32.09243079126));
#769 = CARTESIAN_POINT('',(-3.655217641375,-32.0935701694));
#770 = CARTESIAN_POINT('',(-3.656976689493,-32.09470772987));
#771 = CARTESIAN_POINT('',(-3.658734393922,-32.09584332214));
#772 = CARTESIAN_POINT('',(-3.660490609202,-32.09697676699));
#773 = CARTESIAN_POINT('',(-3.662245157033,-32.09810784838));
#774 = CARTESIAN_POINT('',(-3.663997820426,-32.09923630531));
#775 = CARTESIAN_POINT('',(-3.668242739695,-32.10196563249));
#776 = CARTESIAN_POINT('',(-3.670732121025,-32.1035630507));
#777 = CARTESIAN_POINT('',(-3.673216339285,-32.10515354177));
#778 = CARTESIAN_POINT('',(-3.675694731976,-32.10673618622));
#779 = CARTESIAN_POINT('',(-3.678165654523,-32.10830915212));
#780 = CARTESIAN_POINT('',(-3.680626665269,-32.10986990883));
#781 = CARTESIAN_POINT('',(-3.683074195097,-32.11141481622));
#782 = CARTESIAN_POINT('',(-3.686621208147,-32.11363873573));
#783 = CARTESIAN_POINT('',(-3.687735941653,-32.11433545466));
#784 = CARTESIAN_POINT('',(-3.688845517588,-32.1150264408));
#785 = CARTESIAN_POINT('',(-3.689949206429,-32.11571089049));
#786 = CARTESIAN_POINT('',(-3.691045448202,-32.11638731575));
#787 = CARTESIAN_POINT('',(-3.692131953332,-32.11705364334));
#788 = CARTESIAN_POINT('',(-3.693205425461,-32.11770692482));
#789 = CARTESIAN_POINT('',(-3.694813001274,-32.11867470111));
#790 = CARTESIAN_POINT('',(-3.695359957194,-32.11900203349));
#791 = CARTESIAN_POINT('',(-3.695900822442,-32.11932352068));
#792 = CARTESIAN_POINT('',(-3.696434462773,-32.11963811221));
#793 = CARTESIAN_POINT('',(-3.696959010298,-32.11994424777));
#794 = CARTESIAN_POINT('',(-3.697471718746,-32.12023972416));
#795 = CARTESIAN_POINT('',(-3.697968423051,-32.12052121649));
#796 = CARTESIAN_POINT('',(-3.698804704677,-32.12098370801));
#797 = CARTESIAN_POINT('',(-3.699151453515,-32.12117149989));
#798 = CARTESIAN_POINT('',(-3.699482673053,-32.1213460703));
#799 = CARTESIAN_POINT('',(-3.699793674421,-32.12150373742));
#800 = CARTESIAN_POINT('',(-3.70007622171,-32.12163860183));
#801 = CARTESIAN_POINT('',(-3.70031798201,-32.12174213502));
#802 = CARTESIAN_POINT('',(-3.700503178219,-32.12180368761));
#803 = CARTESIAN_POINT('',(-3.700641439411,-32.12181613934));
#804 = CARTESIAN_POINT('',(-3.700662438776,-32.1218159981));
#805 = CARTESIAN_POINT('',(-3.700680018527,-32.12181345013));
#806 = CARTESIAN_POINT('',(-3.700694064211,-32.12180843666));
#807 = CARTESIAN_POINT('',(-3.700704488995,-32.12180091928));
#808 = CARTESIAN_POINT('',(-3.700711233665,-32.1217908799));
#809 = CARTESIAN_POINT('',(-3.700714266625,-32.12177832078));
#810 = CARTESIAN_POINT('',(-3.700712391391,-32.12173696597));
#811 = CARTESIAN_POINT('',(-3.70069987248,-32.12170304082));
#812 = CARTESIAN_POINT('',(-3.700676037219,-32.12166163822));
#813 = CARTESIAN_POINT('',(-3.700641235511,-32.12161311125));
#814 = CARTESIAN_POINT('',(-3.70059607138,-32.12155796143));
#815 = CARTESIAN_POINT('',(-3.70054131725,-32.12149678311));
#816 = CARTESIAN_POINT('',(-3.700477828209,-32.12143020793));
#817 = CARTESIAN_POINT('',(-3.700109045801,-32.12106149372));
#818 = CARTESIAN_POINT('',(-3.699680091211,-32.12068637238));
#819 = CARTESIAN_POINT('',(-3.699174542497,-32.12026776015));
#820 = CARTESIAN_POINT('',(-3.698620491215,-32.11982383648));
#821 = CARTESIAN_POINT('',(-3.698041397883,-32.11936903317));
#822 = CARTESIAN_POINT('',(-3.697445803222,-32.11890814941));
#823 = CARTESIAN_POINT('',(-3.69683562005,-32.11844117415));
#824 = CARTESIAN_POINT('',(-3.695511359342,-32.11743714925));
#825 = CARTESIAN_POINT('',(-3.694805341518,-32.11690702293));
#826 = CARTESIAN_POINT('',(-3.694088222803,-32.1163724836));
#827 = CARTESIAN_POINT('',(-3.69336265852,-32.11583482331));
#828 = CARTESIAN_POINT('',(-3.692630432054,-32.11529490372));
#829 = CARTESIAN_POINT('',(-3.691892783101,-32.11475328174));
#830 = CARTESIAN_POINT('',(-3.691150509773,-32.11421024559));
#831 = CARTESIAN_POINT('',(-3.689401682626,-32.11293496351));
#832 = CARTESIAN_POINT('',(-3.688392341592,-32.11220208461));
#833 = CARTESIAN_POINT('',(-3.687377305605,-32.11146767989));
#834 = CARTESIAN_POINT('',(-3.686357637298,-32.1107321566));
#835 = CARTESIAN_POINT('',(-3.685334113369,-32.10999580837));
#836 = CARTESIAN_POINT('',(-3.68430731063,-32.10925883657));
#837 = CARTESIAN_POINT('',(-3.683277642508,-32.10852135884));
#838 = CARTESIAN_POINT('',(-3.679275403423,-32.10566029207));
#839 = CARTESIAN_POINT('',(-3.676285011556,-32.10353415642));
#840 = CARTESIAN_POINT('',(-3.673281139136,-32.10140659537));
#841 = CARTESIAN_POINT('',(-3.670267431106,-32.09927864701));
#842 = CARTESIAN_POINT('',(-3.66724637183,-32.09715097108));
#843 = CARTESIAN_POINT('',(-3.664219623818,-32.09502385778));
#844 = CARTESIAN_POINT('',(-3.66118781373,-32.0928972003));
#845 = CARTESIAN_POINT('',(-3.651024820863,-32.08578012692));
#846 = CARTESIAN_POINT('',(-3.643875774701,-32.08079300361));
#847 = CARTESIAN_POINT('',(-3.636712376818,-32.07580900506));
#848 = CARTESIAN_POINT('',(-3.629538538671,-32.07082850854));
#849 = CARTESIAN_POINT('',(-3.622357381968,-32.06585155247));
#850 = CARTESIAN_POINT('',(-3.615170377553,-32.06087799614));
#851 = CARTESIAN_POINT('',(-3.607978342858,-32.05590734369));
#852 = CARTESIAN_POINT('',(-3.590648293107,-32.04394352972));
#853 = CARTESIAN_POINT('',(-3.580507128254,-32.03695371245));
#854 = CARTESIAN_POINT('',(-3.570359760537,-32.02996860836));
#855 = CARTESIAN_POINT('',(-3.560207552599,-32.02298782965));
#856 = CARTESIAN_POINT('',(-3.550051486366,-32.0160110693));
#857 = CARTESIAN_POINT('',(-3.539892267711,-32.00903803053));
#858 = CARTESIAN_POINT('',(-3.529730336964,-32.00206841902));
#859 = CARTESIAN_POINT('',(-3.519565940609,-31.99510189962));
#860 = ( GEOMETRIC_REPRESENTATION_CONTEXT(2) 
PARAMETRIC_REPRESENTATION_CONTEXT() REPRESENTATION_CONTEXT('2D SPACE',''
  ) );
#861 = PCURVE('',#862,#1187);
#862 = B_SPLINE_SURFACE_WITH_KNOTS('',1,11,(
    (#863,#864,#865,#866,#867,#868,#869,#870,#871,#872,#873,#874,#875
      ,#876,#877,#878,#879,#880,#881,#882,#883,#884,#885,#886,#887,#888
      ,#889,#890,#891,#892,#893,#894,#895,#896,#897,#898,#899,#900,#901
      ,#902,#903,#904,#905,#906,#907,#908,#909,#910,#911,#912,#913,#914
      ,#915,#916,#917,#918,#919,#920,#921,#922,#923,#924,#925,#926,#927
      ,#928,#929,#930,#931,#932,#933,#934,#935,#936,#937,#938,#939,#940
      ,#941,#942,#943,#944,#945,#946,#947,#948,#949,#950,#951,#952,#953
      ,#954,#955,#956,#957,#958,#959,#960,#961,#962,#963,#964,#965,#966
      ,#967,#968,#969,#970,#971,#972,#973,#974,#975,#976,#977,#978,#979
      ,#980,#981,#982,#983,#984,#985,#986,#987,#988,#989,#990,#991,#992
      ,#993,#994,#995,#996,#997,#998,#999,#1000,#1001,#1002,#1003,#1004
      ,#1005,#1006,#1007,#1008,#1009,#1010,#1011,#1012,#1013,#1014,#1015
      ,#1016,#1017,#1018,#1019,#1020,#1021,#1022,#1023,#1024)
    ,(#1025,#1026,#1027,#1028,#1029,#1030,#1031,#1032,#1033,#1034,#1035
      ,#1036,#1037,#1038,#1039,#1040,#1041,#1042,#1043,#1044,#1045,#1046
      ,#1047,#1048,#1049,#1050,#1051,#1052,#1053,#1054,#1055,#1056,#1057
      ,#1058,#1059,#1060,#1061,#1062,#1063,#1064,#1065,#1066,#1067,#1068
      ,#1069,#1070,#1071,#1072,#1073,#1074,#1075,#1076,#1077,#1078,#1079
      ,#1080,#1081,#1082,#1083,#1084,#1085,#1086,#1087,#1088,#1089,#1090
      ,#1091,#1092,#1093,#1094,#1095,#1096,#1097,#1098,#1099,#1100,#1101
      ,#1102,#1103,#1104,#1105,#1106,#1107,#1108,#1109,#1110,#1111,#1112
      ,#1113,#1114,#1115,#1116,#1117,#1118,#1119,#1120,#1121,#1122,#1123
      ,#1124,#1125,#1126,#1127,#1128,#1129,#1130,#1131,#1132,#1133,#1134
      ,#1135,#1136,#1137,#1138,#1139,#1140,#1141,#1142,#1143,#1144,#1145
      ,#1146,#1147,#1148,#1149,#1150,#1151,#1152,#1153,#1154,#1155,#1156
      ,#1157,#1158,#1159,#1160,#1161,#1162,#1163,#1164,#1165,#1166,#1167
      ,#1168,#1169,#1170,#1171,#1172,#1173,#1174,#1175,#1176,#1177,#1178
      ,#1179,#1180,#1181,#1182,#1183,#1184,#1185,#1186
  )),.UNSPECIFIED.,.F.,.F.,.F.,(2,2),(12,10,10,10,10,10,10,10,10,10,10,
    10,10,10,10,10,12),(0.,2.664111107107),(0.,7.158659213147,
    14.317318426294,21.475977639441,28.634636852588,35.793296065735,
    42.951955278882,50.110614492029,57.269273705176,64.427932918323,
    71.58659213147,78.745251344616,85.903910557763,93.06256977091,
    100.22122898405,107.3798881972,114.53854741035),.UNSPECIFIED.);
#863 = CARTESIAN_POINT('',(19.6,-1.332055553553,2.22044604925E-16));
#864 = CARTESIAN_POINT('',(20.318005556791,9.24636380399,0.363636363681)
  );
#865 = CARTESIAN_POINT('',(14.756477686372,20.250197205086,
    0.727252164642));
#866 = CARTESIAN_POINT('',(2.627910805635,27.53983514531,1.090847403977)
  );
#867 = CARTESIAN_POINT('',(-13.24054658837,26.747937564138,
    1.454422093518));
#868 = CARTESIAN_POINT('',(-26.90703575244,15.983225574867,1.81797626467
    ));
#869 = CARTESIAN_POINT('',(-31.24837181603,-1.692679425306,
    2.181509957055));
#870 = CARTESIAN_POINT('',(-24.12545735797,-17.56167200208,2.54502322809
    ));
#871 = CARTESIAN_POINT('',(-10.43355848601,-25.61387217495,
    2.908516149128));
#872 = CARTESIAN_POINT('',(3.687183906199,-24.77447635972,3.271988802869
    ));
#873 = CARTESIAN_POINT('',(13.710473318571,-17.60398892875,
    3.635441288938));
#874 = CARTESIAN_POINT('',(22.238931385358,1.799079651083,4.362306148712
    ));
#875 = CARTESIAN_POINT('',(20.743892367638,14.031188398295,
    4.725718522336));
#876 = CARTESIAN_POINT('',(11.81472677284,24.999635359996,5.089110952665
    ));
#877 = CARTESIAN_POINT('',(-3.372509855551,29.639283212677,
    5.452483563402));
#878 = CARTESIAN_POINT('',(-19.87338485328,24.15598924012,5.815836497188
    ));
#879 = CARTESIAN_POINT('',(-29.95233689691,9.011154655849,6.179169904198
    ));
#880 = CARTESIAN_POINT('',(-28.64016800171,-8.324851405217,
    6.542483952317));
#881 = CARTESIAN_POINT('',(-18.49987419353,-20.54084105752,
    6.905778821703));
#882 = CARTESIAN_POINT('',(-4.939401950085,-24.54290111792,7.26905470407
    ));
#883 = CARTESIAN_POINT('',(6.917028680817,-21.20245397988,7.632311806257
    ));
#884 = CARTESIAN_POINT('',(21.518648519653,-5.854197028709,
    8.358788886692));
#885 = CARTESIAN_POINT('',(24.263482181762,6.15323910853,8.722008864723)
  );
#886 = CARTESIAN_POINT('',(19.590274296312,19.495114574538,
    9.085210500458));
#887 = CARTESIAN_POINT('',(6.886008072189,29.010347473794,9.448394022184
    ));
#888 = CARTESIAN_POINT('',(-10.4881911948,29.454086946951,9.811559678551
    ));
#889 = CARTESIAN_POINT('',(-25.10309971788,18.635239212626,
    10.174707720841));
#890 = CARTESIAN_POINT('',(-29.75186438869,1.890954579209,10.53783842087
    ));
#891 = CARTESIAN_POINT('',(-24.36317437566,-13.03519840805,
    10.900952057691));
#892 = CARTESIAN_POINT('',(-12.97164130404,-21.39924076496,
    11.26404892297));
#893 = CARTESIAN_POINT('',(-0.69073178333,-22.28164076078,
    11.627129320555));
#894 = CARTESIAN_POINT('',(18.245723064544,-12.80567108015,
    12.353257808551));
#895 = CARTESIAN_POINT('',(24.900807294891,-2.447532091242,
    12.716305898779));
#896 = CARTESIAN_POINT('',(25.034211121624,11.682424224535,
    13.079338150646));
#897 = CARTESIAN_POINT('',(16.318204073114,24.939751302075,
    13.442354887255));
#898 = CARTESIAN_POINT('',(0.133127717568,31.252613939798,
    13.805356448398));
#899 = CARTESIAN_POINT('',(-17.279556014,26.039785019943,14.168343177469
    ));
#900 = CARTESIAN_POINT('',(-27.33255008133,11.873582314395,
    14.531315433621));
#901 = CARTESIAN_POINT('',(-27.33085975907,-3.98937431443,14.89427358326
    ));
#902 = CARTESIAN_POINT('',(-19.45809526574,-15.71934933078,
    15.257218002612));
#903 = CARTESIAN_POINT('',(-8.210179083873,-20.71641736245,
    15.620149077819));
#904 = CARTESIAN_POINT('',(12.810829776886,-18.23222152312,
    16.345985329096));
#905 = CARTESIAN_POINT('',(22.583410604552,-10.75101808336,
    16.708890504783));
#906 = CARTESIAN_POINT('',(27.503799495421,2.48989729415,17.07178312684)
  );
#907 = CARTESIAN_POINT('',(23.807113981022,17.913444859568,
    17.434663594932));
#908 = CARTESIAN_POINT('',(10.730632427908,29.341961765262,
    17.797532327292));
#909 = CARTESIAN_POINT('',(-7.411736828054,30.349548990865,
    18.160389737519));
#910 = CARTESIAN_POINT('',(-21.6723421266,20.440390180908,
    18.523236258886));
#911 = CARTESIAN_POINT('',(-27.05409625677,5.523341383125,
    18.886072324282));
#912 = CARTESIAN_POINT('',(-23.63173209954,-8.178602117112,
    19.248898377109));
#913 = CARTESIAN_POINT('',(-14.75054671046,-16.69473030918,
    19.611714866597));
#914 = CARTESIAN_POINT('',(5.859815048352,-21.49239410072,
    20.337329629945));
#915 = CARTESIAN_POINT('',(17.588489580308,-17.77381280756,
    20.700127903435));
#916 = CARTESIAN_POINT('',(26.709100474958,-6.992267767253,
    21.062917525813));
#917 = CARTESIAN_POINT('',(28.467250583841,8.766313735936,
    21.425698955205));
#918 = CARTESIAN_POINT('',(20.048964998951,23.951551895698,
    21.788472664988));
#919 = CARTESIAN_POINT('',(3.329815414922,31.056516179528,
    22.151239121907));
#920 = CARTESIAN_POINT('',(-13.44424120031,26.577765433253,
    22.513998809075));
#921 = CARTESIAN_POINT('',(-23.56817144172,14.375873266125,
    22.876752206393));
#922 = CARTESIAN_POINT('',(-24.99999400611,0.328484473058,23.23949980184
    ));
#923 = CARTESIAN_POINT('',(-19.53798196157,-10.69470845844,
    23.602242085748));
#924 = CARTESIAN_POINT('',(-1.783051864154,-22.20164712545,
    24.327717018663));
#925 = CARTESIAN_POINT('',(10.509433907456,-22.68511259132,
    24.690449667185));
#926 = CARTESIAN_POINT('',(22.746410329555,-15.64092557517,
    25.053177993586));
#927 = CARTESIAN_POINT('',(29.748542578009,-1.417005025309,
    25.415902490669));
#928 = CARTESIAN_POINT('',(26.985368142379,15.721893100626,
    25.778623665671));
#929 = CARTESIAN_POINT('',(13.672529898261,28.079072939293,
    26.141342013084));
#930 = CARTESIAN_POINT('',(-3.624057524725,29.560287836651,
    26.504058044089));
#931 = CARTESIAN_POINT('',(-17.28760857647,21.520307976759,
    26.866772260847));
#932 = CARTESIAN_POINT('',(-23.40233447774,8.794080861439,
    27.229485172172));
#933 = CARTESIAN_POINT('',(-22.00651831956,-3.427789547492,
    27.592197285448));
#934 = CARTESIAN_POINT('',(-9.212508724636,-20.2772060171,
    28.317620932251));
#935 = CARTESIAN_POINT('',(2.18537326544,-24.90434172652,28.680332465395
    ));
#936 = CARTESIAN_POINT('',(16.086280092442,-22.43236645297,
    29.043044217767));
#937 = CARTESIAN_POINT('',(27.500612373853,-11.43030665365,
    29.405756694287));
#938 = CARTESIAN_POINT('',(30.719374171606,5.628499557331,
    29.768470407881));
#939 = CARTESIAN_POINT('',(22.391868196587,21.771006350123,
    30.131185860855));
#940 = CARTESIAN_POINT('',(6.62495054449,29.035777234055,30.49390356269)
  );
#941 = CARTESIAN_POINT('',(-8.956836390718,26.111208504893,
    30.856624016586));
#942 = CARTESIAN_POINT('',(-19.02869309466,16.215877771592,
    31.219347725238));
#943 = CARTESIAN_POINT('',(-21.86445580328,4.245347311707,
    31.582075188731));
#944 = CARTESIAN_POINT('',(-15.54898398802,-15.94745427704,
    32.307538619749));
#945 = CARTESIAN_POINT('',(-6.39790312176,-24.16923367108,
    32.670274586699));
#946 = CARTESIAN_POINT('',(7.51771179139,-26.56275446481,33.033015304496
    ));
#947 = CARTESIAN_POINT('',(21.990087328856,-20.08797479633,
    33.395761261749));
#948 = CARTESIAN_POINT('',(30.809160455957,-5.13328950283,
    33.758512958385));
#949 = CARTESIAN_POINT('',(28.455475850108,12.879478338966,
    34.121270870833));
#950 = CARTESIAN_POINT('',(16.089188920742,25.066470090244,
    34.484035490868));
#951 = CARTESIAN_POINT('',(0.437694737689,27.605005556089,
    34.846807291159));
#952 = CARTESIAN_POINT('',(-12.39689912287,21.71508021993,
    35.209586747118));
#953 = CARTESIAN_POINT('',(-19.12852696642,11.416191271883,
    35.572374325664));
#954 = CARTESIAN_POINT('',(-20.04212250923,-9.72488337046,
    36.297966651697));
#955 = CARTESIAN_POINT('',(-14.22406781332,-20.56655428816,
    36.660771398668));
#956 = CARTESIAN_POINT('',(-1.944865678184,-27.54267357368,
    37.023585193324));
#957 = CARTESIAN_POINT('',(13.869060202364,-26.36456930499,
    37.386408486536));
#958 = CARTESIAN_POINT('',(27.243467326258,-15.28911961385,
    37.749241735796));
#959 = CARTESIAN_POINT('',(31.144704083915,2.456969035879,
    38.112085374607));
#960 = CARTESIAN_POINT('',(23.647631719954,18.121638054666,
    38.474939846493));
#961 = CARTESIAN_POINT('',(9.783676950645,25.823979312219,
    38.837805574868));
#962 = CARTESIAN_POINT('',(-4.291700014548,24.639874541914,
    39.200682982142));
#963 = CARTESIAN_POINT('',(-14.12194024634,17.235359752774,
    39.563572479805));
#964 = CARTESIAN_POINT('',(-22.15915029586,-2.345791486376,
    40.289376463426));
#965 = CARTESIAN_POINT('',(-20.36592425657,-14.52195120657,
    40.65229094881));
#966 = CARTESIAN_POINT('',(-11.1810053334,-25.25484085887,
    41.015218333527));
#967 = CARTESIAN_POINT('',(4.098405620217,-29.51564874685,
    41.378159007214));
#968 = CARTESIAN_POINT('',(20.443085964808,-23.63569707481,
    41.741113364404));
#969 = CARTESIAN_POINT('',(30.139408066079,-8.262564381598,
    42.104081772236));
#970 = CARTESIAN_POINT('',(28.403927967039,9.022522396585,
    42.467064605463));
#971 = CARTESIAN_POINT('',(17.973902358075,20.977412471437,
    42.830062217138));
#972 = CARTESIAN_POINT('',(4.327508561441,24.642362000235,
    43.193074955435));
#973 = CARTESIAN_POINT('',(-7.436523686635,21.012698701273,
    43.556103156683));
#974 = CARTESIAN_POINT('',(-21.6478180563,5.316283205582,44.282191135898
    ));
#975 = CARTESIAN_POINT('',(-24.09473401018,-6.750086918427,
    44.645250913588));
#976 = CARTESIAN_POINT('',(-19.09618757292,-19.96826118332,
    45.008326806174));
#977 = CARTESIAN_POINT('',(-6.165177759519,-29.16577882157,
    45.371419125302));
#978 = CARTESIAN_POINT('',(11.211692678508,-29.1827042324,
    45.734528179002));
#979 = CARTESIAN_POINT('',(25.556122808587,-18.00896600608,
    46.097654254958));
#980 = CARTESIAN_POINT('',(29.792343172215,-1.154083961042,
    46.460797636329));
#981 = CARTESIAN_POINT('',(24.036817855131,13.637387879559,
    46.823958591087));
#982 = CARTESIAN_POINT('',(12.439582900044,21.719971233659,
    47.187137375012));
#983 = CARTESIAN_POINT('',(0.136700178444,22.298876793351,
    47.550334232798));
#984 = CARTESIAN_POINT('',(-18.56655120146,12.353388026596,
    48.27676455846));
#985 = CARTESIAN_POINT('',(-24.96646437066,1.829235688464,
    48.639998026081));
#986 = CARTESIAN_POINT('',(-24.75098227148,-12.30707166589,
    49.003250031238));
#987 = CARTESIAN_POINT('',(-15.70534573104,-25.3534003374,
    49.366520789814));
#988 = CARTESIAN_POINT('',(0.641616128856,-31.270008979,49.729810512306)
  );
#989 = CARTESIAN_POINT('',(17.935034339691,-25.62573920989,
    50.093119387679));
#990 = CARTESIAN_POINT('',(27.64511318583,-11.20250393208,
    50.456447598098));
#991 = CARTESIAN_POINT('',(27.251465416543,4.671901202435,
    50.819795310369));
#992 = CARTESIAN_POINT('',(19.082077841746,16.216401285918,
    51.183162676501));
#993 = CARTESIAN_POINT('',(7.700532238346,20.938898454077,
    51.546549837241));
#994 = CARTESIAN_POINT('',(-13.27816523995,17.930314544406,
    52.273363999005));
#995 = CARTESIAN_POINT('',(-22.87480629703,10.199306520443,
    52.636790999918));
#996 = CARTESIAN_POINT('',(-27.47234508733,-3.17752856638,
    53.000238047761));
#997 = CARTESIAN_POINT('',(-23.38970701377,-18.52714001444,
    53.363705252736));
#998 = CARTESIAN_POINT('',(-10.01464992898,-29.64637338086,
    53.727192716354));
#999 = CARTESIAN_POINT('',(8.177039905157,-30.20699467237,
    54.090700520691));
#1000 = CARTESIAN_POINT('',(22.213158655001,-19.93042870877,
    54.454228737134));
#1001 = CARTESIAN_POINT('',(27.23329483032,-4.857096855721,
    54.817777423497));
#1002 = CARTESIAN_POINT('',(23.465192560181,8.781783698728,
    55.181346620413));
#1003 = CARTESIAN_POINT('',(14.357449068676,17.091132974687,
    55.544936357741));
#1004 = CARTESIAN_POINT('',(-6.407688317512,21.383573058754,
    56.272156940765));
#1005 = CARTESIAN_POINT('',(-18.06457667819,17.366559156917,
    56.635787786199));
#1006 = CARTESIAN_POINT('',(-26.93391399015,6.338538821764,
    56.999439201556));
#1007 = CARTESIAN_POINT('',(-28.30405391894,-9.493728181295,
    57.363111182947));
#1008 = CARTESIAN_POINT('',(-19.49231516475,-24.50021577501,
    57.72680372295));
#1009 = CARTESIAN_POINT('',(-2.562006802573,-31.20534733796,
    58.090516786509));
#1010 = CARTESIAN_POINT('',(14.137452338266,-26.30015176673,
    58.454250336333));
#1011 = CARTESIAN_POINT('',(23.980596673007,-13.81897119697,
    58.818004314666));
#1012 = CARTESIAN_POINT('',(25.065792720237,0.296488683538,
    59.181778650503));
#1013 = CARTESIAN_POINT('',(19.315935911569,11.209404921431,
    59.54557326087));
#1014 = CARTESIAN_POINT('',(1.230984507685,22.300494433841,
    60.27320283329));
#1015 = CARTESIAN_POINT('',(-11.10366988667,22.478397503652,
    60.637037795279));
#1016 = CARTESIAN_POINT('',(-23.19565429268,15.111490536433,
    61.00089283602));
#1017 = CARTESIAN_POINT('',(-29.86136078631,0.676665019578,
    61.36476784121));
#1018 = CARTESIAN_POINT('',(-26.66425384368,-16.43848303077,
    61.728662688548));
#1019 = CARTESIAN_POINT('',(-13.00769090671,-28.49784851047,
    62.092577236061));
#1020 = CARTESIAN_POINT('',(4.374075065897,-29.55212309729,
    62.456511330905));
#1021 = CARTESIAN_POINT('',(17.875801218364,-21.14837139786,
    62.820464809517));
#1022 = CARTESIAN_POINT('',(23.69027059017,-8.232692391944,
    63.184437488456));
#1023 = CARTESIAN_POINT('',(21.984750623614,3.989991879641,
    63.548429178118));
#1024 = CARTESIAN_POINT('',(15.357960088514,12.279479836912,
    63.91243967136));
#1025 = CARTESIAN_POINT('',(19.6,1.332055553553,4.440892098501E-16));
#1026 = CARTESIAN_POINT('',(18.881994443212,11.910474911096,
    0.363636363592));
#1027 = CARTESIAN_POINT('',(11.884490449233,22.062965128499,
    0.727293289903));
#1028 = CARTESIAN_POINT('',(-1.119450457519,27.648951325581,
    1.09097077784));
#1029 = CARTESIAN_POINT('',(-16.73980070055,24.721397657111,
    1.454668815578));
#1030 = CARTESIAN_POINT('',(-28.83301542527,12.206317942298,
    1.818387371682));
#1031 = CARTESIAN_POINT('',(-30.7508916632,-5.903042860547,
    2.182126406597));
#1032 = CARTESIAN_POINT('',(-21.54547910571,-20.67547295168,
    2.545885862803));
#1033 = CARTESIAN_POINT('',(-6.880604144788,-26.81033384799,
    2.909665669065));
#1034 = CARTESIAN_POINT('',(7.009473547626,-24.06942202268,3.27346574258
    ));
#1035 = CARTESIAN_POINT('',(15.980794533031,-15.60264350785,
    3.637285983791));
#1036 = CARTESIAN_POINT('',(21.815124523982,4.795765483768,
    4.364966578559));
#1037 = CARTESIAN_POINT('',(18.677991516969,16.726899332653,
    4.728826932217));
#1038 = CARTESIAN_POINT('',(8.337239346453,26.400518980805,
    5.092707229141));
#1039 = CARTESIAN_POINT('',(-7.357329631789,28.950683814911,
    5.456607345688));
#1040 = CARTESIAN_POINT('',(-22.98878331445,21.280100038489,
    5.820527139217));
#1041 = CARTESIAN_POINT('',(-30.94423841023,4.888873576779,
    6.184466459356));
#1042 = CARTESIAN_POINT('',(-27.29831113759,-12.13975812648,
    6.54842513868));
#1043 = CARTESIAN_POINT('',(-15.58099760497,-22.89384303463,
    6.912402996421));
#1044 = CARTESIAN_POINT('',(-1.578391004621,-25.03192379227,
    7.276399841409));
#1045 = CARTESIAN_POINT('',(9.739914191354,-20.11095883688,
    7.640415466465));
#1046 = CARTESIAN_POINT('',(22.158408011395,-2.896034808226,
    8.368483840586));
#1047 = CARTESIAN_POINT('',(23.258294334021,9.397505139052,
    8.732536589797));
#1048 = CARTESIAN_POINT('',(16.812318056902,22.013063833089,
    9.096607681429));
#1049 = CARTESIAN_POINT('',(2.90874006099,29.74317668168,9.460696886782)
  );
#1050 = CARTESIAN_POINT('',(-14.40656550036,27.833387758173,
    9.824803957972));
#1051 = CARTESIAN_POINT('',(-27.45982205706,15.110025988359,
    10.188928642649));
#1052 = CARTESIAN_POINT('',(-29.81192503591,-2.153025327984,
    10.553070670132));
#1053 = CARTESIAN_POINT('',(-22.43758454544,-16.25245375361,
    10.917229760453));
#1054 = CARTESIAN_POINT('',(-9.98666797765,-23.01990966368,
    11.281405622492));
#1055 = CARTESIAN_POINT('',(2.335475283165,-22.2329258802,
    11.645597952173));
#1056 = CARTESIAN_POINT('',(19.86804436301,-10.25061996791,
    12.374014918718));
#1057 = CARTESIAN_POINT('',(25.07804338317,0.944410412976,
    12.738239555792));
#1058 = CARTESIAN_POINT('',(23.296500279806,15.005024888413,
    13.102480031101));
#1059 = CARTESIAN_POINT('',(12.838086237153,27.000834245855,
    13.466736021943));
#1060 = CARTESIAN_POINT('',(-4.104426194122,31.0838317192,
    13.831007187877));
#1061 = CARTESIAN_POINT('',(-20.70829939573,23.543745616381,
    14.195293186188));
#1062 = CARTESIAN_POINT('',(-28.78384158418,8.098004456445,
    14.559593657324));
#1063 = CARTESIAN_POINT('',(-26.63258269999,-7.673579115291,
    14.923908234877));
#1064 = CARTESIAN_POINT('',(-17.21462073313,-18.2697193699,
    15.288236542866));
#1065 = CARTESIAN_POINT('',(-5.35257649498,-21.71356596919,
    15.652578194903));
#1066 = CARTESIAN_POINT('',(15.213953454706,-16.39238460082,
    16.381287398183));
#1067 = CARTESIAN_POINT('',(23.917938503272,-7.627486236093,
    16.745654949737));
#1068 = CARTESIAN_POINT('',(27.016158149248,6.207908359253,
    17.110035055031));
#1069 = CARTESIAN_POINT('',(21.248649838871,21.046686534908,
    17.4744273141));
#1070 = CARTESIAN_POINT('',(6.693086209628,30.641516775416,
    17.838831309086));
#1071 = CARTESIAN_POINT('',(-11.49030813709,29.184612338348,
    18.203246626171));
#1072 = CARTESIAN_POINT('',(-24.33329374597,17.393393129967,
    18.567672831937));
#1073 = CARTESIAN_POINT('',(-27.66431664369,1.823283312176,
    18.932109493965));
#1074 = CARTESIAN_POINT('',(-22.4008084792,-11.34446367022,
    19.296556168319));
#1075 = CARTESIAN_POINT('',(-12.40924273969,-18.61245963053,
    19.661012406135));
#1076 = CARTESIAN_POINT('',(8.748272441013,-20.58914109369,
    20.389943097325));
#1077 = CARTESIAN_POINT('',(19.913706815157,-15.29777855702,
    20.754417551111));
#1078 = CARTESIAN_POINT('',(27.526308733911,-3.332362623267,
    21.118900656015));
#1079 = CARTESIAN_POINT('',(27.137986917689,12.587169681852,
    21.483391953856));
#1080 = CARTESIAN_POINT('',(16.700848069683,26.556416865906,
    21.847890971431));
#1081 = CARTESIAN_POINT('',(-0.901588210996,31.359085889769,
    22.212397241659));
#1082 = CARTESIAN_POINT('',(-16.98784959002,24.625765126561,
    22.5769102819));
#1083 = CARTESIAN_POINT('',(-25.40785229874,11.107978548922,
    22.941429611746));
#1084 = CARTESIAN_POINT('',(-24.92638715113,-3.06734452983,
    23.305954743634));
#1085 = CARTESIAN_POINT('',(-17.99384068102,-13.2972508934,
    23.670485186975));
#1086 = CARTESIAN_POINT('',(1.239853873162,-22.33998239524,
    24.399555708616));
#1087 = CARTESIAN_POINT('',(13.540533692087,-21.15258748898,
    24.764095787327));
#1088 = CARTESIAN_POINT('',(24.764443541554,-12.48017627366,
    25.12864018832));
#1089 = CARTESIAN_POINT('',(29.803505906921,2.628290673376,
    25.493188418276));
#1090 = CARTESIAN_POINT('',(24.726802579915,19.313161747341,
    25.857739970856));
#1091 = CARTESIAN_POINT('',(9.797637549453,29.806632627681,
    26.222294350429));
#1092 = CARTESIAN_POINT('',(-7.620928747,28.932993618793,26.58685104688)
  );
#1093 = CARTESIAN_POINT('',(-20.13052768794,19.074774031386,
    26.951409557319));
#1094 = CARTESIAN_POINT('',(-24.48954184796,5.576481823284,
    27.315969373281));
#1095 = CARTESIAN_POINT('',(-21.44074355977,-6.400092198047,
    27.680529987283));
#1096 = CARTESIAN_POINT('',(-6.417474471677,-21.43556720284,
    28.409651795015));
#1097 = CARTESIAN_POINT('',(5.556630519446,-24.49410224963,
    28.774212989193));
#1098 = CARTESIAN_POINT('',(19.058496945654,-20.14605826769,
    29.138773963925));
#1099 = CARTESIAN_POINT('',(28.92693318971,-7.644435634292,
    29.503334215057));
#1100 = CARTESIAN_POINT('',(29.814761032597,9.773517975291,
    29.867893228111));
#1101 = CARTESIAN_POINT('',(19.333350955449,24.711353268903,
    30.232450503179));
#1102 = CARTESIAN_POINT('',(2.652416947568,29.801661052019,
    30.597005527921));
#1103 = CARTESIAN_POINT('',(-12.46031776046,24.774772991278,
    30.961557801746));
#1104 = CARTESIAN_POINT('',(-21.14191363474,13.557722025214,
    31.326106820172));
#1105 = CARTESIAN_POINT('',(-22.33924180458,1.25782833585,
    31.690652083999));
#1106 = CARTESIAN_POINT('',(-13.31185300031,-17.98341533676,
    32.419734107528));
#1107 = CARTESIAN_POINT('',(-3.087355914688,-24.9242969707,
    32.78427086779));
#1108 = CARTESIAN_POINT('',(11.087836408517,-25.4171568563,
    33.148802877502));
#1109 = CARTESIAN_POINT('',(24.61265032437,-17.007827323,33.513329647017
    ));
#1110 = CARTESIAN_POINT('',(31.359010638738,-0.926592653535,
    33.877850678357));
#1111 = CARTESIAN_POINT('',(26.570269849174,16.680139034779,
    34.242365492512));
#1112 = CARTESIAN_POINT('',(12.608921569095,27.12866518073,
    34.606873600187));
#1113 = CARTESIAN_POINT('',(-3.310756608873,27.529585403225,
    34.971374526979));
#1114 = CARTESIAN_POINT('',(-15.28251023851,19.926187619481,
    35.335867798345));
#1115 = CARTESIAN_POINT('',(-20.58278236656,8.764585112479,
    35.700352947061));
#1116 = CARTESIAN_POINT('',(-18.62258224641,-12.39507211265,
    36.429306075584));
#1117 = CARTESIAN_POINT('',(-11.36215787459,-22.3926117293,
    36.793774055818));
#1118 = CARTESIAN_POINT('',(1.801929858238,-27.66653919112,
    37.158232988674));
#1119 = CARTESIAN_POINT('',(17.375179345892,-24.34747252646,
    37.522682422212));
#1120 = CARTESIAN_POINT('',(29.176782801304,-11.51310127473,
    37.887121901022));
#1121 = CARTESIAN_POINT('',(30.647715329828,6.669945668041,
    38.251550988595));
#1122 = CARTESIAN_POINT('',(21.063558170701,21.233452978486,
    38.615969244722));
#1123 = CARTESIAN_POINT('',(6.228505826125,27.012443801767,
    38.980376243156));
#1124 = CARTESIAN_POINT('',(-7.609810727137,23.924504708069,
    39.34477156337));
#1125 = CARTESIAN_POINT('',(-16.38159081242,15.226716849976,
    39.709154792908));
#1126 = CARTESIAN_POINT('',(-21.71830787719,-5.336687845729,
    40.437896263863));
#1127 = CARTESIAN_POINT('',(-18.2831151043,-17.20180403062,
    40.802254505647));
#1128 = CARTESIAN_POINT('',(-7.693442058417,-26.62803531829,
    41.166599848509));
#1129 = CARTESIAN_POINT('',(8.077340429578,-28.79099667023,
    41.530931901561));
#1130 = CARTESIAN_POINT('',(23.529804479262,-20.72632018095,
    41.895250272227));
#1131 = CARTESIAN_POINT('',(31.082345613429,-4.126969323936,
    42.259554591313));
#1132 = CARTESIAN_POINT('',(27.011256803752,12.819432380156,
    42.623844485385));
#1133 = CARTESIAN_POINT('',(15.022210609924,23.286953939562,
    42.988119601132));
#1134 = CARTESIAN_POINT('',(0.962085420085,25.078509727635,
    43.352379589975));
#1135 = CARTESIAN_POINT('',(-10.23718671967,19.876074634328,
    43.716624116052));
#1136 = CARTESIAN_POINT('',(-22.23230776914,2.350944582809,
    44.445081591372));
#1137 = CARTESIAN_POINT('',(-23.02786481002,-9.971323617161,
    44.809294540967));
#1138 = CARTESIAN_POINT('',(-16.26858665083,-22.42761537161,
    45.173491375605));
#1139 = CARTESIAN_POINT('',(-2.173338970803,-29.81203760457,
    45.537671783901));
#1140 = CARTESIAN_POINT('',(15.092420523433,-27.47148623649,
    45.901835457158));
#1141 = CARTESIAN_POINT('',(27.825387530075,-14.42586130918,
    46.265982108925));
#1142 = CARTESIAN_POINT('',(29.746740972928,2.889350748952,
    46.630111454383));
#1143 = CARTESIAN_POINT('',(22.025209410805,16.798893905695,
    46.994223227197));
#1144 = CARTESIAN_POINT('',(9.41302020726,23.253450109437,
    47.358317170413));
#1145 = CARTESIAN_POINT('',(-2.881982792399,22.161389150364,
    47.72239303993));
#1146 = CARTESIAN_POINT('',(-20.10583974968,9.753126907652,
    48.450508168815));
#1147 = CARTESIAN_POINT('',(-25.03427449426,-1.562772126956,
    48.814547428456));
#1148 = CARTESIAN_POINT('',(-22.90484393028,-15.56764508225,
    49.178568150546));
#1149 = CARTESIAN_POINT('',(-12.15730378696,-27.29245850728,
    49.542570119468));
#1150 = CARTESIAN_POINT('',(4.870323638999,-30.94913750351,
    49.906553123613));
#1151 = CARTESIAN_POINT('',(21.267619194769,-23.00301385743,
    50.270516976581));
#1152 = CARTESIAN_POINT('',(28.948095836816,-7.374965867935,
    50.634461492252));
#1153 = CARTESIAN_POINT('',(26.406990845479,8.322238874628,
    50.998386508139));
#1154 = CARTESIAN_POINT('',(16.738718257495,18.669347332747,
    51.362291868837));
#1155 = CARTESIAN_POINT('',(4.80859257661,21.813570723506,
    51.726177435505));
#1156 = CARTESIAN_POINT('',(-15.59446381474,15.990521469554,
    52.453908728253));
#1157 = CARTESIAN_POINT('',(-24.06689783891,7.02339079101,
    52.817754454666));
#1158 = CARTESIAN_POINT('',(-26.81579733028,-6.866135984203,
    53.181580134002));
#1159 = CARTESIAN_POINT('',(-20.68861578523,-21.53550032405,
    53.54538565638));
#1160 = CARTESIAN_POINT('',(-5.92008106015,-30.74971935132,
    53.909170920066));
#1161 = CARTESIAN_POINT('',(12.19176550039,-28.84142135525,
    54.272935842806));
#1162 = CARTESIAN_POINT('',(24.714199089081,-16.7538565756,
    54.636680353943));
#1163 = CARTESIAN_POINT('',(27.65009192283,-1.133851588259,
    55.000404394557));
#1164 = CARTESIAN_POINT('',(22.070372845672,11.873897675683,
    55.364107925105));
#1165 = CARTESIAN_POINT('',(11.920727918863,18.877036823448,
    55.727790914967));
#1166 = CARTESIAN_POINT('',(-9.236792605537,20.323764917492,
    56.455115786533));
#1167 = CARTESIAN_POINT('',(-20.24415306391,14.767318844575,
    56.818757668199));
#1168 = CARTESIAN_POINT('',(-27.54027610829,2.641451037911,
    57.182378980676));
#1169 = CARTESIAN_POINT('',(-26.75600538057,-13.22858599651,
    57.545979725404));
#1170 = CARTESIAN_POINT('',(-15.99696888489,-26.90128601874,
    57.909559914325));
#1171 = CARTESIAN_POINT('',(1.678336667808,-31.25121993982,
    58.273119576336));
#1172 = CARTESIAN_POINT('',(17.551817977651,-24.13499310761,
    58.636658755067));
#1173 = CARTESIAN_POINT('',(25.610771687795,-10.4456901208,59.0001775033
    ));
#1174 = CARTESIAN_POINT('',(24.777569687909,3.676433882964,
    59.363675895016));
#1175 = CARTESIAN_POINT('',(17.610976768217,13.703542402311,
    59.727154011846));
#1176 = CARTESIAN_POINT('',(-1.789664400489,22.24094358958,
    60.454069893996));
#1177 = CARTESIAN_POINT('',(-14.02324020448,20.751028575563,
    60.817507659176));
#1178 = CARTESIAN_POINT('',(-24.99622332597,11.825854105273,
    61.180925346088));
#1179 = CARTESIAN_POINT('',(-29.64250772457,-3.360565896365,
    61.544323067285));
#1180 = CARTESIAN_POINT('',(-24.16552389861,-19.86492402234,
    61.907700948681));
#1181 = CARTESIAN_POINT('',(-9.023526238651,-29.9506684948,
    62.271059126667));
#1182 = CARTESIAN_POINT('',(8.31426870041,-28.64512446771,
    62.634397760687));
#1183 = CARTESIAN_POINT('',(20.534983342487,-18.50877466899,
    62.997717008307));
#1184 = CARTESIAN_POINT('',(24.542401201045,-4.948895591083,
    63.361017057122));
#1185 = CARTESIAN_POINT('',(21.206131854724,6.909526236232,
    63.724298094587));
#1186 = CARTESIAN_POINT('',(13.534211030886,14.213584312168,
    64.08756032864));
#1187 = DEFINITIONAL_REPRESENTATION('',(#1188),#1359);
#1188 = B_SPLINE_CURVE_WITH_KNOTS('',8,(#1189,#1190,#1191,#1192,#1193,
    #1194,#1195,#1196,#1197,#1198,#1199,#1200,#1201,#1202,#1203,#1204,
    #1205,#1206,#1207,#1208,#1209,#1210,#1211,#1212,#1213,#1214,#1215,
    #1216,#1217,#1218,#1219,#1220,#1221,#1222,#1223,#1224,#1225,#1226,
    #1227,#1228,#1229,#1230,#1231,#1232,#1233,#1234,#1235,#1236,#1237,
    #1238,#1239,#1240,#1241,#1242,#1243,#1244,#1245,#1246,#1247,#1248,
    #1249,#1250,#1251,#1252,#1253,#1254,#1255,#1256,#1257,#1258,#1259,
    #1260,#1261,#1262,#1263,#1264,#1265,#1266,#1267,#1268,#1269,#1270,
    #1271,#1272,#1273,#1274,#1275,#1276,#1277,#1278,#1279,#1280,#1281,
    #1282,#1283,#1284,#1285,#1286,#1287,#1288,#1289,#1290,#1291,#1292,
    #1293,#1294,#1295,#1296,#1297,#1298,#1299,#1300,#1301,#1302,#1303,
    #1304,#1305,#1306,#1307,#1308,#1309,#1310,#1311,#1312,#1313,#1314,
    #1315,#1316,#1317,#1318,#1319,#1320,#1321,#1322,#1323,#1324,#1325,
    #1326,#1327,#1328,#1329,#1330,#1331,#1332,#1333,#1334,#1335,#1336,
    #1337,#1338,#1339,#1340,#1341,#1342,#1343,#1344,#1345,#1346,#1347,
    #1348,#1349,#1350,#1351,#1352,#1353,#1354,#1355,#1356,#1357,#1358),
  .UNSPECIFIED.,.F.,.F.,(9,7,7,7,7,7,7,7,7,7,7,7,7,7,7,7,7,7,7,7,7,7,7,7
    ,9),(0.,0.214827686718,0.47396187376,0.691377569843,0.745802454919,
    0.778381189173,0.803184956481,0.823043843057,0.838755630709,
    0.852109895382,0.862853376859,0.872218353131,0.879861459044,
    0.890752511546,0.895776263106,0.898409876696,0.90042100057,
    0.900849339206,0.90159751366,0.904715195617,0.908115445318,
    0.912679205332,0.925809255998,0.956620738997,1.),.UNSPECIFIED.);
#1189 = CARTESIAN_POINT('',(2.664111107107,55.393257444784));
#1190 = CARTESIAN_POINT('',(2.63416746953,55.455415732911));
#1191 = CARTESIAN_POINT('',(2.60370931388,55.517618287316));
#1192 = CARTESIAN_POINT('',(2.572708381366,55.579862874253));
#1193 = CARTESIAN_POINT('',(2.541131675206,55.642151122211));
#1194 = CARTESIAN_POINT('',(2.508941285567,55.704486750461));
#1195 = CARTESIAN_POINT('',(2.476093748198,55.766873816685));
#1196 = CARTESIAN_POINT('',(2.442538936754,55.829314983678));
#1197 = CARTESIAN_POINT('',(2.366819721692,55.967193686044));
#1198 = CARTESIAN_POINT('',(2.324300419875,56.042666929888));
#1199 = CARTESIAN_POINT('',(2.280560856347,56.118225295833));
#1200 = CARTESIAN_POINT('',(2.23547108963,56.193875461539));
#1201 = CARTESIAN_POINT('',(2.188870575477,56.269630540911));
#1202 = CARTESIAN_POINT('',(2.140558997552,56.345506057175));
#1203 = CARTESIAN_POINT('',(2.090278317127,56.421516371266));
#1204 = CARTESIAN_POINT('',(1.993560693878,56.561566394576));
#1205 = CARTESIAN_POINT('',(1.947802039312,56.625571187972));
#1206 = CARTESIAN_POINT('',(1.900206796343,56.68969344643));
#1207 = CARTESIAN_POINT('',(1.850509791996,56.75394834778));
#1208 = CARTESIAN_POINT('',(1.798400014934,56.818355225678));
#1209 = CARTESIAN_POINT('',(1.74340533302,56.882942519109));
#1210 = CARTESIAN_POINT('',(1.684950010893,56.947742838735));
#1211 = CARTESIAN_POINT('',(1.606009528104,57.029111845532));
#1212 = CARTESIAN_POINT('',(1.589911578365,57.045420210888));
#1213 = CARTESIAN_POINT('',(1.573500644441,57.061747250902));
#1214 = CARTESIAN_POINT('',(1.55675507123,57.078094179653));
#1215 = CARTESIAN_POINT('',(1.539649949242,57.094462388833));
#1216 = CARTESIAN_POINT('',(1.522155899056,57.110853514368));
#1217 = CARTESIAN_POINT('',(1.50423785578,57.12726950302));
#1218 = CARTESIAN_POINT('',(1.474849190411,57.153555563553));
#1219 = CARTESIAN_POINT('',(1.463677541379,57.16340818899));
#1220 = CARTESIAN_POINT('',(1.452329728258,57.173271064726));
#1221 = CARTESIAN_POINT('',(1.440795699521,57.183144745807));
#1222 = CARTESIAN_POINT('',(1.429064209984,57.193029850694));
#1223 = CARTESIAN_POINT('',(1.417122500537,57.20292707905));
#1224 = CARTESIAN_POINT('',(1.404955977853,57.212837229527));
#1225 = CARTESIAN_POINT('',(1.383101019384,57.230316829994));
#1226 = CARTESIAN_POINT('',(1.373514001842,57.237880468004));
#1227 = CARTESIAN_POINT('',(1.363779697449,57.245452522906));
#1228 = CARTESIAN_POINT('',(1.353889806369,57.253033446037));
#1229 = CARTESIAN_POINT('',(1.34383494883,57.260623745398));
#1230 = CARTESIAN_POINT('',(1.333604740977,57.268223982307));
#1231 = CARTESIAN_POINT('',(1.323187870723,57.275834768046));
#1232 = CARTESIAN_POINT('',(1.304072822582,57.289559232059));
#1233 = CARTESIAN_POINT('',(1.295446032174,57.295668882821));
#1234 = CARTESIAN_POINT('',(1.286685370699,57.301786059211));
#1235 = CARTESIAN_POINT('',(1.277783810955,57.307911136934));
#1236 = CARTESIAN_POINT('',(1.268733529026,57.314044532025));
#1237 = CARTESIAN_POINT('',(1.259525703074,57.320186711888));
#1238 = CARTESIAN_POINT('',(1.250150312143,57.326338206323));
#1239 = CARTESIAN_POINT('',(1.233036782779,57.337374353128));
#1240 = CARTESIAN_POINT('',(1.225365599993,57.342255293045));
#1241 = CARTESIAN_POINT('',(1.217576661191,57.34714274163));
#1242 = CARTESIAN_POINT('',(1.20966372147,57.352037026881));
#1243 = CARTESIAN_POINT('',(1.201619840897,57.356938510994));
#1244 = CARTESIAN_POINT('',(1.193437208968,57.361847599873));
#1245 = CARTESIAN_POINT('',(1.185106969083,57.366764752637));
#1246 = CARTESIAN_POINT('',(1.169404713614,57.375877132205));
#1247 = CARTESIAN_POINT('',(1.162076482235,57.380069971789));
#1248 = CARTESIAN_POINT('',(1.154628072842,57.384269336462));
#1249 = CARTESIAN_POINT('',(1.147052622053,57.388475579325));
#1250 = CARTESIAN_POINT('',(1.139342452495,57.39268909208));
#1251 = CARTESIAN_POINT('',(1.131488846172,57.396910317123));
#1252 = CARTESIAN_POINT('',(1.123481817829,57.40113975962));
#1253 = CARTESIAN_POINT('',(1.108735586,57.408787655897));
#1254 = CARTESIAN_POINT('',(1.102054571236,57.41220300128));
#1255 = CARTESIAN_POINT('',(1.095260769072,57.41562434455));
#1256 = CARTESIAN_POINT('',(1.088347531078,57.419052018893));
#1257 = CARTESIAN_POINT('',(1.081307400053,57.422486394177));
#1258 = CARTESIAN_POINT('',(1.074131874725,57.425927889252));
#1259 = CARTESIAN_POINT('',(1.066811174441,57.42937698425));
#1260 = CARTESIAN_POINT('',(1.05281623539,57.435847879021));
#1261 = CARTESIAN_POINT('',(1.0461796119,57.438867711435));
#1262 = CARTESIAN_POINT('',(1.039416481182,57.441894109641));
#1263 = CARTESIAN_POINT('',(1.032518439777,57.444927481632));
#1264 = CARTESIAN_POINT('',(1.025475932655,57.447968284253));
#1265 = CARTESIAN_POINT('',(1.018277852877,57.451017043575));
#1266 = CARTESIAN_POINT('',(1.010911141255,57.454074375271));
#1267 = CARTESIAN_POINT('',(0.997197933457,57.459643795709));
#1268 = CARTESIAN_POINT('',(0.990912955911,57.462152764183));
#1269 = CARTESIAN_POINT('',(0.984496804527,57.464668325058));
#1270 = CARTESIAN_POINT('',(0.977939981228,57.467190919703));
#1271 = CARTESIAN_POINT('',(0.971231572745,57.469721043967));
#1272 = CARTESIAN_POINT('',(0.964358684655,57.47225927595));
#1273 = CARTESIAN_POINT('',(0.957305875418,57.474806303762));
#1274 = CARTESIAN_POINT('',(0.939721863546,57.481006053962));
#1275 = CARTESIAN_POINT('',(0.928989213207,57.484667702426));
#1276 = CARTESIAN_POINT('',(0.917797332676,57.488351374435));
#1277 = CARTESIAN_POINT('',(0.906082543373,57.492060187752));
#1278 = CARTESIAN_POINT('',(0.893747272337,57.495798160596));
#1279 = CARTESIAN_POINT('',(0.880672116402,57.499569692735));
#1280 = CARTESIAN_POINT('',(0.866690391822,57.503380732381));
#1281 = CARTESIAN_POINT('',(0.844414268835,57.509027617893));
#1282 = CARTESIAN_POINT('',(0.837117910558,57.510820465122));
#1283 = CARTESIAN_POINT('',(0.829518119811,57.512625756736));
#1284 = CARTESIAN_POINT('',(0.821572724476,57.514445206808));
#1285 = CARTESIAN_POINT('',(0.813222636483,57.516280568443));
#1286 = CARTESIAN_POINT('',(0.804396060882,57.518133496505));
#1287 = CARTESIAN_POINT('',(0.794994522699,57.52000607277));
#1288 = CARTESIAN_POINT('',(0.779493353496,57.522897798402));
#1289 = CARTESIAN_POINT('',(0.773957610792,57.523897763197));
#1290 = CARTESIAN_POINT('',(0.768186723557,57.524904846328));
#1291 = CARTESIAN_POINT('',(0.762141909534,57.525920065317));
#1292 = CARTESIAN_POINT('',(0.755782243289,57.526943684887));
#1293 = CARTESIAN_POINT('',(0.749059817933,57.527975339984));
#1294 = CARTESIAN_POINT('',(0.741904180817,57.529014341367));
#1295 = CARTESIAN_POINT('',(0.728309826793,57.530858792091));
#1296 = CARTESIAN_POINT('',(0.722136482948,57.53165656764));
#1297 = CARTESIAN_POINT('',(0.715589376342,57.532458605485));
#1298 = CARTESIAN_POINT('',(0.708597424846,57.533263623463));
#1299 = CARTESIAN_POINT('',(0.701112543192,57.534064648073));
#1300 = CARTESIAN_POINT('',(0.693103972566,57.534848699992));
#1301 = CARTESIAN_POINT('',(0.684567487098,57.53559701495));
#1302 = CARTESIAN_POINT('',(0.673662731588,57.536434387754));
#1303 = CARTESIAN_POINT('',(0.671731570725,57.536578477848));
#1304 = CARTESIAN_POINT('',(0.669786215328,57.536719317561));
#1305 = CARTESIAN_POINT('',(0.66782913229,57.536856617166));
#1306 = CARTESIAN_POINT('',(0.665863025649,57.536990105655));
#1307 = CARTESIAN_POINT('',(0.663890836586,57.537119530737));
#1308 = CARTESIAN_POINT('',(0.661915743424,57.537244658838));
#1309 = CARTESIAN_POINT('',(0.656492181019,57.537575954232));
#1310 = CARTESIAN_POINT('',(0.65304277649,57.537773002021));
#1311 = CARTESIAN_POINT('',(0.649612178056,57.537955247904));
#1312 = CARTESIAN_POINT('',(0.64621626803,57.538122136991));
#1313 = CARTESIAN_POINT('',(0.642867870315,57.538273608912));
#1314 = CARTESIAN_POINT('',(0.639577039688,57.538409976659));
#1315 = CARTESIAN_POINT('',(0.636351351088,57.538531805424));
#1316 = CARTESIAN_POINT('',(0.620048463533,57.53908977479));
#1317 = CARTESIAN_POINT('',(0.608356045912,57.539291636998));
#1318 = CARTESIAN_POINT('',(0.59775171519,57.53933422101));
#1319 = CARTESIAN_POINT('',(0.588137194751,57.539257444011));
#1320 = CARTESIAN_POINT('',(0.579329006868,57.53910087914));
#1321 = CARTESIAN_POINT('',(0.57119904345,57.538882703883));
#1322 = CARTESIAN_POINT('',(0.563571727806,57.538616022992));
#1323 = CARTESIAN_POINT('',(0.548292155502,57.537958915032));
#1324 = CARTESIAN_POINT('',(0.540842579953,57.537565741188));
#1325 = CARTESIAN_POINT('',(0.53380501368,57.537133841361));
#1326 = CARTESIAN_POINT('',(0.527112590033,57.536670529833));
#1327 = CARTESIAN_POINT('',(0.520719598878,57.536180768329));
#1328 = CARTESIAN_POINT('',(0.51458858732,57.535668355146));
#1329 = CARTESIAN_POINT('',(0.508685942105,57.535136319963));
#1330 = CARTESIAN_POINT('',(0.495335521708,57.53384859753));
#1331 = CARTESIAN_POINT('',(0.488054851109,57.533079271476));
#1332 = CARTESIAN_POINT('',(0.481084057901,57.532284018801));
#1333 = CARTESIAN_POINT('',(0.474381598357,57.531466675917));
#1334 = CARTESIAN_POINT('',(0.467916572854,57.530630079815));
#1335 = CARTESIAN_POINT('',(0.461663790534,57.529776475355));
#1336 = CARTESIAN_POINT('',(0.455601594811,57.528907693012));
#1337 = CARTESIAN_POINT('',(0.432769233357,57.52548584683));
#1338 = CARTESIAN_POINT('',(0.417264087675,57.522833483803));
#1339 = CARTESIAN_POINT('',(0.402780138774,57.520102050407));
#1340 = CARTESIAN_POINT('',(0.389126978256,57.517307652901));
#1341 = CARTESIAN_POINT('',(0.376168476242,57.514461659746));
#1342 = CARTESIAN_POINT('',(0.3637931954,57.511572929677));
#1343 = CARTESIAN_POINT('',(0.351930142769,57.508646584886));
#1344 = CARTESIAN_POINT('',(0.313719741326,57.498741404287));
#1345 = CARTESIAN_POINT('',(0.289399863033,57.491616301649));
#1346 = CARTESIAN_POINT('',(0.266760986036,57.484370471687));
#1347 = CARTESIAN_POINT('',(0.245501744212,57.477027168241));
#1348 = CARTESIAN_POINT('',(0.225346199803,57.46960712849));
#1349 = CARTESIAN_POINT('',(0.206143745994,57.462121390438));
#1350 = CARTESIAN_POINT('',(0.187754847707,57.454579522975));
#1351 = CARTESIAN_POINT('',(0.145193720489,57.43629887383));
#1352 = CARTESIAN_POINT('',(0.121725822934,57.42551294967));
#1353 = CARTESIAN_POINT('',(9.939438482963E-02,57.414649601376));
#1354 = CARTESIAN_POINT('',(7.802646760702E-02,57.403721111177));
#1355 = CARTESIAN_POINT('',(5.74941089943E-02,57.392736535696));
#1356 = CARTESIAN_POINT('',(3.769542622562E-02,57.381702994478));
#1357 = CARTESIAN_POINT('',(1.855268300612E-02,57.370625801586));
#1358 = CARTESIAN_POINT('',(0.,57.359509307954));
#1359 = ( GEOMETRIC_REPRESENTATION_CONTEXT(2) 
PARAMETRIC_REPRESENTATION_CONTEXT() REPRESENTATION_CONTEXT('2D SPACE',''
  ) );
#1360 = ORIENTED_EDGE('',*,*,#1361,.F.);
#1361 = EDGE_CURVE('',#1362,#513,#1364,.T.);
#1362 = VERTEX_POINT('',#1363);
#1363 = CARTESIAN_POINT('',(19.436816791947,0.,33.800642295762));
#1364 = SURFACE_CURVE('',#1365,(#1424,#1486),.PCURVE_S1.);
#1365 = B_SPLINE_CURVE_WITH_KNOTS('',8,(#1366,#1367,#1368,#1369,#1370,
    #1371,#1372,#1373,#1374,#1375,#1376,#1377,#1378,#1379,#1380,#1381,
    #1382,#1383,#1384,#1385,#1386,#1387,#1388,#1389,#1390,#1391,#1392,
    #1393,#1394,#1395,#1396,#1397,#1398,#1399,#1400,#1401,#1402,#1403,
    #1404,#1405,#1406,#1407,#1408,#1409,#1410,#1411,#1412,#1413,#1414,
    #1415,#1416,#1417,#1418,#1419,#1420,#1421,#1422,#1423),
  .UNSPECIFIED.,.F.,.F.,(9,7,7,7,7,7,7,7,9),(0.,0.140543697489,
    0.2768325422,0.4065656304,0.537600326388,0.603523910925,
    0.669693105366,0.802648060226,1.),.UNSPECIFIED.);
#1366 = CARTESIAN_POINT('',(19.436816791947,-7.105427357601E-15,
    33.800642295762));
#1367 = CARTESIAN_POINT('',(19.441229097816,-1.463451637876,
    33.751954782723));
#1368 = CARTESIAN_POINT('',(19.319714858779,-2.927621887924,
    33.703237108424));
#1369 = CARTESIAN_POINT('',(19.07217613785,-4.379369558601,
    33.654506160379));
#1370 = CARTESIAN_POINT('',(18.700258960004,-5.806047935358,
    33.605761878218));
#1371 = CARTESIAN_POINT('',(18.207032798343,-7.195450775858,
    33.556999493967));
#1372 = CARTESIAN_POINT('',(17.59688214169,-8.535791755512,33.5082141071
    ));
#1373 = CARTESIAN_POINT('',(16.875599630366,-9.815744816496,
    33.459405303182));
#1374 = CARTESIAN_POINT('',(15.25071496861,-12.19680458698,
    33.363251606955));
#1375 = CARTESIAN_POINT('',(14.352963116503,-13.3026366428,
    33.31588776329));
#1376 = CARTESIAN_POINT('',(13.364093060421,-14.33220943734,
    33.268511212358));
#1377 = CARTESIAN_POINT('',(12.291792714205,-15.27687305459,
    33.221122888422));
#1378 = CARTESIAN_POINT('',(11.144579484981,-16.12899255061,
    33.173717632231));
#1379 = CARTESIAN_POINT('',(9.931730199415,-16.88188872093,
    33.126290363508));
#1380 = CARTESIAN_POINT('',(8.663321006939,-17.52991435088,
    33.07884223529));
#1381 = CARTESIAN_POINT('',(6.10058864162,-18.58150255487,
    32.986214004403));
#1382 = CARTESIAN_POINT('',(4.810008902066,-18.99550471557,
    32.941019062562));
#1383 = CARTESIAN_POINT('',(3.488063951024,-19.30677571342,
    32.895812374934));
#1384 = CARTESIAN_POINT('',(2.14433775261,-19.51267817633,
    32.850594887782));
#1385 = CARTESIAN_POINT('',(0.788537839738,-19.61164033402,
    32.805362771804));
#1386 = CARTESIAN_POINT('',(-0.569524491819,-19.60309084224,
    32.7601121601));
#1387 = CARTESIAN_POINT('',(-1.919939309733,-19.48752217474,
    32.714843915589));
#1388 = CARTESIAN_POINT('',(-4.59880910233,-19.04362731492,
    32.623838692682));
#1389 = CARTESIAN_POINT('',(-5.92735251141,-18.71310438571,
    32.578086730567));
#1390 = CARTESIAN_POINT('',(-7.22797480287,-18.27679867889,
    32.532323317348));
#1391 = CARTESIAN_POINT('',(-8.490881920028,-17.73759195876,
    32.486549107448));
#1392 = CARTESIAN_POINT('',(-9.706753008927,-17.09937060741,
    32.440759815693));
#1393 = CARTESIAN_POINT('',(-10.86672201164,-16.36695638681,
    32.394951340811));
#1394 = CARTESIAN_POINT('',(-11.96241750963,-15.54616022615,
    32.349124830633));
#1395 = CARTESIAN_POINT('',(-13.50105599152,-14.19006141515,
    32.280233025295));
#1396 = CARTESIAN_POINT('',(-13.99786305693,-13.71551554702,
    32.257170654648));
#1397 = CARTESIAN_POINT('',(-14.47551160693,-13.22118297999,
    32.234104703222));
#1398 = CARTESIAN_POINT('',(-14.93308651912,-12.70797175959,
    32.211035267419));
#1399 = CARTESIAN_POINT('',(-15.36972795507,-12.17683642686,
    32.187962413873));
#1400 = CARTESIAN_POINT('',(-15.78463136035,-11.62877801836,
    32.164886179451));
#1401 = CARTESIAN_POINT('',(-16.17704746451,-11.06484406612,
    32.141806571248));
#1402 = CARTESIAN_POINT('',(-16.91689274689,-9.905257023031,
    32.095554562149));
#1403 = CARTESIAN_POINT('',(-17.2641569545,-9.309480585054,
    32.072382061155));
#1404 = CARTESIAN_POINT('',(-17.58737435969,-8.699906187071,
    32.049205639499));
#1405 = CARTESIAN_POINT('',(-17.8859112077,-8.077670469558,
    32.026025068825));
#1406 = CARTESIAN_POINT('',(-18.15920053331,-7.443939810153,
    32.002840316539));
#1407 = CARTESIAN_POINT('',(-18.40674216078,-6.799910323658,
    31.979651545804));
#1408 = CARTESIAN_POINT('',(-18.62810270389,-6.146807862038,
    31.956459115546));
#1409 = CARTESIAN_POINT('',(-19.21435656042,-4.157889853842,
    31.886656373758));
#1410 = CARTESIAN_POINT('',(-19.49869296599,-2.79807029759,
    31.840027455525));
#1411 = CARTESIAN_POINT('',(-19.6728177133,-1.416858306845,
    31.793388944904));
#1412 = CARTESIAN_POINT('',(-19.73500967163,-2.47071936562E-02,
    31.746741108583));
#1413 = CARTESIAN_POINT('',(-19.68471231313,1.367920661041,
    31.700078778572));
#1414 = CARTESIAN_POINT('',(-19.52245825595,2.750568263993,
    31.653397229907));
#1415 = CARTESIAN_POINT('',(-19.24993968615,4.112797640784,
    31.606697518258));
#1416 = CARTESIAN_POINT('',(-18.30659393602,7.420476183337,
    31.490662780196));
#1417 = CARTESIAN_POINT('',(-17.50616866425,9.330971070045,
    31.421245422312));
#1418 = CARTESIAN_POINT('',(-16.47851206201,11.139983150095,
    31.351828841371));
#1419 = CARTESIAN_POINT('',(-15.23959603306,12.816661566124,
    31.282402810212));
#1420 = CARTESIAN_POINT('',(-13.80918725996,14.333247426339,
    31.212946093296));
#1421 = CARTESIAN_POINT('',(-12.211230755,15.665532878311,
    31.143436798957));
#1422 = CARTESIAN_POINT('',(-10.4733302331,16.792549028585,
    31.07386469121));
#1423 = CARTESIAN_POINT('',(-8.628890745821,17.698800455159,
    31.004320624758));
#1424 = PCURVE('',#43,#1425);
#1425 = DEFINITIONAL_REPRESENTATION('',(#1426),#1485);
#1426 = B_SPLINE_CURVE_WITH_KNOTS('',8,(#1427,#1428,#1429,#1430,#1431,
    #1432,#1433,#1434,#1435,#1436,#1437,#1438,#1439,#1440,#1441,#1442,
    #1443,#1444,#1445,#1446,#1447,#1448,#1449,#1450,#1451,#1452,#1453,
    #1454,#1455,#1456,#1457,#1458,#1459,#1460,#1461,#1462,#1463,#1464,
    #1465,#1466,#1467,#1468,#1469,#1470,#1471,#1472,#1473,#1474,#1475,
    #1476,#1477,#1478,#1479,#1480,#1481,#1482,#1483,#1484),
  .UNSPECIFIED.,.F.,.F.,(9,7,7,7,7,7,7,7,9),(0.,0.140543697489,
    0.2768325422,0.4065656304,0.537600326388,0.603523910925,
    0.669693105366,0.802648060226,1.),.UNSPECIFIED.);
#1427 = CARTESIAN_POINT('',(-6.28318530718,-33.80064229576));
#1428 = CARTESIAN_POINT('',(-6.207892544299,-33.75195478272));
#1429 = CARTESIAN_POINT('',(-6.132601871151,-33.70323710842));
#1430 = CARTESIAN_POINT('',(-6.057339036237,-33.65450616037));
#1431 = CARTESIAN_POINT('',(-5.982103454051,-33.60576187821));
#1432 = CARTESIAN_POINT('',(-5.906887342099,-33.55699949396));
#1433 = CARTESIAN_POINT('',(-5.831682912884,-33.5082141071));
#1434 = CARTESIAN_POINT('',(-5.756489472478,-33.45940530318));
#1435 = CARTESIAN_POINT('',(-5.608450408608,-33.36325160695));
#1436 = CARTESIAN_POINT('',(-5.53557280772,-33.31588776329));
#1437 = CARTESIAN_POINT('',(-5.462719823428,-33.26851121235));
#1438 = CARTESIAN_POINT('',(-5.389892921639,-33.22112288842));
#1439 = CARTESIAN_POINT('',(-5.317084202935,-33.17371763223));
#1440 = CARTESIAN_POINT('',(-5.244285855617,-33.1262903635));
#1441 = CARTESIAN_POINT('',(-5.171499544221,-33.07884223529));
#1442 = CARTESIAN_POINT('',(-5.02949152153,-32.9862140044));
#1443 = CARTESIAN_POINT('',(-4.960242951597,-32.94101906256));
#1444 = CARTESIAN_POINT('',(-4.891015853892,-32.89581237493));
#1445 = CARTESIAN_POINT('',(-4.821811372123,-32.85059488778));
#1446 = CARTESIAN_POINT('',(-4.752623364003,-32.8053627718));
#1447 = CARTESIAN_POINT('',(-4.683445752653,-32.7601121601));
#1448 = CARTESIAN_POINT('',(-4.614279828954,-32.71484391558));
#1449 = CARTESIAN_POINT('',(-4.475309518194,-32.62383869268));
#1450 = CARTESIAN_POINT('',(-4.40548303763,-32.57808673056));
#1451 = CARTESIAN_POINT('',(-4.335678549072,-32.53232331734));
#1452 = CARTESIAN_POINT('',(-4.26589724117,-32.48654910744));
#1453 = CARTESIAN_POINT('',(-4.196132714848,-32.44075981569));
#1454 = CARTESIAN_POINT('',(-4.126378641132,-32.39495134081));
#1455 = CARTESIAN_POINT('',(-4.056636367268,-32.34912483063));
#1456 = CARTESIAN_POINT('',(-3.951849394564,-32.28023302529));
#1457 = CARTESIAN_POINT('',(-3.916780453407,-32.25717065464));
#1458 = CARTESIAN_POINT('',(-3.881715689282,-32.23410470322));
#1459 = CARTESIAN_POINT('',(-3.846655144365,-32.21103526741));
#1460 = CARTESIAN_POINT('',(-3.811598861388,-32.18796241387));
#1461 = CARTESIAN_POINT('',(-3.776546883639,-32.16488617945));
#1462 = CARTESIAN_POINT('',(-3.741499254958,-32.14180657124));
#1463 = CARTESIAN_POINT('',(-3.671282224794,-32.09555456214));
#1464 = CARTESIAN_POINT('',(-3.63611259647,-32.07238206115));
#1465 = CARTESIAN_POINT('',(-3.600947172222,-32.04920563949));
#1466 = CARTESIAN_POINT('',(-3.565785991847,-32.02602506882));
#1467 = CARTESIAN_POINT('',(-3.530629097489,-32.00284031653));
#1468 = CARTESIAN_POINT('',(-3.495476533643,-31.9796515458));
#1469 = CARTESIAN_POINT('',(-3.460328347147,-31.95645911554));
#1470 = CARTESIAN_POINT('',(-3.35456959697,-31.88665637375));
#1471 = CARTESIAN_POINT('',(-3.283959932876,-31.84002745552));
#1472 = CARTESIAN_POINT('',(-3.213373012725,-31.7933889449));
#1473 = CARTESIAN_POINT('',(-3.142810092355,-31.74674110858));
#1474 = CARTESIAN_POINT('',(-3.07226441088,-31.70007877857));
#1475 = CARTESIAN_POINT('',(-3.001729280393,-31.6533972299));
#1476 = CARTESIAN_POINT('',(-2.93120612011,-31.60669751825));
#1477 = CARTESIAN_POINT('',(-2.756074999568,-31.49066278019));
#1478 = CARTESIAN_POINT('',(-2.651390033053,-31.42124542231));
#1479 = CARTESIAN_POINT('',(-2.546792555919,-31.35182884137));
#1480 = CARTESIAN_POINT('',(-2.442265278243,-31.28240281021));
#1481 = CARTESIAN_POINT('',(-2.337775556732,-31.21294609329));
#1482 = CARTESIAN_POINT('',(-2.233290722473,-31.14343679895));
#1483 = CARTESIAN_POINT('',(-2.128795878696,-31.07386469121));
#1484 = CARTESIAN_POINT('',(-2.024427143706,-31.00432062475));
#1485 = ( GEOMETRIC_REPRESENTATION_CONTEXT(2) 
PARAMETRIC_REPRESENTATION_CONTEXT() REPRESENTATION_CONTEXT('2D SPACE',''
  ) );
#1486 = PCURVE('',#1487,#1812);
#1487 = B_SPLINE_SURFACE_WITH_KNOTS('',1,11,(
    (#1488,#1489,#1490,#1491,#1492,#1493,#1494,#1495,#1496,#1497,#1498
      ,#1499,#1500,#1501,#1502,#1503,#1504,#1505,#1506,#1507,#1508,#1509
      ,#1510,#1511,#1512,#1513,#1514,#1515,#1516,#1517,#1518,#1519,#1520
      ,#1521,#1522,#1523,#1524,#1525,#1526,#1527,#1528,#1529,#1530,#1531
      ,#1532,#1533,#1534,#1535,#1536,#1537,#1538,#1539,#1540,#1541,#1542
      ,#1543,#1544,#1545,#1546,#1547,#1548,#1549,#1550,#1551,#1552,#1553
      ,#1554,#1555,#1556,#1557,#1558,#1559,#1560,#1561,#1562,#1563,#1564
      ,#1565,#1566,#1567,#1568,#1569,#1570,#1571,#1572,#1573,#1574,#1575
      ,#1576,#1577,#1578,#1579,#1580,#1581,#1582,#1583,#1584,#1585,#1586
      ,#1587,#1588,#1589,#1590,#1591,#1592,#1593,#1594,#1595,#1596,#1597
      ,#1598,#1599,#1600,#1601,#1602,#1603,#1604,#1605,#1606,#1607,#1608
      ,#1609,#1610,#1611,#1612,#1613,#1614,#1615,#1616,#1617,#1618,#1619
      ,#1620,#1621,#1622,#1623,#1624,#1625,#1626,#1627,#1628,#1629,#1630
      ,#1631,#1632,#1633,#1634,#1635,#1636,#1637,#1638,#1639,#1640,#1641
      ,#1642,#1643,#1644,#1645,#1646,#1647,#1648,#1649)
    ,(#1650,#1651,#1652,#1653,#1654,#1655,#1656,#1657,#1658,#1659,#1660
      ,#1661,#1662,#1663,#1664,#1665,#1666,#1667,#1668,#1669,#1670,#1671
      ,#1672,#1673,#1674,#1675,#1676,#1677,#1678,#1679,#1680,#1681,#1682
      ,#1683,#1684,#1685,#1686,#1687,#1688,#1689,#1690,#1691,#1692,#1693
      ,#1694,#1695,#1696,#1697,#1698,#1699,#1700,#1701,#1702,#1703,#1704
      ,#1705,#1706,#1707,#1708,#1709,#1710,#1711,#1712,#1713,#1714,#1715
      ,#1716,#1717,#1718,#1719,#1720,#1721,#1722,#1723,#1724,#1725,#1726
      ,#1727,#1728,#1729,#1730,#1731,#1732,#1733,#1734,#1735,#1736,#1737
      ,#1738,#1739,#1740,#1741,#1742,#1743,#1744,#1745,#1746,#1747,#1748
      ,#1749,#1750,#1751,#1752,#1753,#1754,#1755,#1756,#1757,#1758,#1759
      ,#1760,#1761,#1762,#1763,#1764,#1765,#1766,#1767,#1768,#1769,#1770
      ,#1771,#1772,#1773,#1774,#1775,#1776,#1777,#1778,#1779,#1780,#1781
      ,#1782,#1783,#1784,#1785,#1786,#1787,#1788,#1789,#1790,#1791,#1792
      ,#1793,#1794,#1795,#1796,#1797,#1798,#1799,#1800,#1801,#1802,#1803
      ,#1804,#1805,#1806,#1807,#1808,#1809,#1810,#1811
  )),.UNSPECIFIED.,.F.,.F.,.F.,(2,2),(12,10,10,10,10,10,10,10,10,10,10,
    10,10,10,10,10,12),(0.,2.186305660818),(0.,7.158659213147,
    14.317318426294,21.475977639441,28.634636852588,35.793296065735,
    42.951955278882,50.110614492029,57.269273705176,64.427932918323,
    71.58659213147,78.745251344616,85.903910557763,93.06256977091,
    100.22122898405,107.3798881972,114.53854741035),.UNSPECIFIED.);
#1488 = CARTESIAN_POINT('',(19.6,1.332055553553,0.));
#1489 = CARTESIAN_POINT('',(18.881994443213,11.910474911097,
    0.363636363592));
#1490 = CARTESIAN_POINT('',(11.884490449231,22.062965128498,
    0.727293289903));
#1491 = CARTESIAN_POINT('',(-1.119450457514,27.648951325583,
    1.09097077784));
#1492 = CARTESIAN_POINT('',(-16.73980070055,24.721397657109,
    1.454668815577));
#1493 = CARTESIAN_POINT('',(-28.83301542526,12.2063179423,1.818387371683
    ));
#1494 = CARTESIAN_POINT('',(-30.75089166321,-5.903042860548,
    2.182126406596));
#1495 = CARTESIAN_POINT('',(-21.54547910571,-20.67547295167,
    2.545885862804));
#1496 = CARTESIAN_POINT('',(-6.880604144792,-26.81033384799,
    2.909665669064));
#1497 = CARTESIAN_POINT('',(7.009473547627,-24.06942202268,3.27346574258
    ));
#1498 = CARTESIAN_POINT('',(15.98079453303,-15.60264350785,
    3.637285983791));
#1499 = CARTESIAN_POINT('',(21.815124523982,4.795765483768,
    4.364966578559));
#1500 = CARTESIAN_POINT('',(18.677991516968,16.726899332651,
    4.728826932217));
#1501 = CARTESIAN_POINT('',(8.337239346455,26.400518980808,5.09270722914
    ));
#1502 = CARTESIAN_POINT('',(-7.357329631792,28.950683814906,
    5.456607345688));
#1503 = CARTESIAN_POINT('',(-22.98878331445,21.280100038494,
    5.820527139217));
#1504 = CARTESIAN_POINT('',(-30.94423841023,4.888873576776,
    6.184466459356));
#1505 = CARTESIAN_POINT('',(-27.29831113759,-12.13975812648,
    6.548425138679));
#1506 = CARTESIAN_POINT('',(-15.58099760497,-22.89384303463,
    6.912402996421));
#1507 = CARTESIAN_POINT('',(-1.57839100462,-25.03192379227,
    7.276399841409));
#1508 = CARTESIAN_POINT('',(9.739914191354,-20.11095883688,
    7.640415466465));
#1509 = CARTESIAN_POINT('',(22.158408011395,-2.896034808226,
    8.368483840585));
#1510 = CARTESIAN_POINT('',(23.258294334022,9.397505139054,
    8.732536589798));
#1511 = CARTESIAN_POINT('',(16.812318056901,22.013063833085,
    9.096607681427));
#1512 = CARTESIAN_POINT('',(2.908740060993,29.743176681686,
    9.460696886784));
#1513 = CARTESIAN_POINT('',(-14.40656550037,27.833387758166,
    9.824803957969));
#1514 = CARTESIAN_POINT('',(-27.45982205705,15.110025988365,
    10.188928642652));
#1515 = CARTESIAN_POINT('',(-29.81192503591,-2.153025327988,
    10.55307067013));
#1516 = CARTESIAN_POINT('',(-22.43758454544,-16.25245375361,
    10.917229760453));
#1517 = CARTESIAN_POINT('',(-9.986667977651,-23.01990966368,
    11.281405622492));
#1518 = CARTESIAN_POINT('',(2.335475283165,-22.2329258802,
    11.645597952173));
#1519 = CARTESIAN_POINT('',(19.86804436301,-10.25061996792,
    12.374014918718));
#1520 = CARTESIAN_POINT('',(25.07804338317,0.944410412978,
    12.738239555792));
#1521 = CARTESIAN_POINT('',(23.296500279807,15.005024888409,
    13.102480031103));
#1522 = CARTESIAN_POINT('',(12.838086237152,27.000834245861,
    13.46673602194));
#1523 = CARTESIAN_POINT('',(-4.10442619412,31.083831719193,
    13.831007187881));
#1524 = CARTESIAN_POINT('',(-20.70829939573,23.543745616386,
    14.195293186184));
#1525 = CARTESIAN_POINT('',(-28.78384158418,8.098004456442,
    14.559593657326));
#1526 = CARTESIAN_POINT('',(-26.6325827,-7.673579115289,14.923908234876)
  );
#1527 = CARTESIAN_POINT('',(-17.21462073313,-18.2697193699,
    15.288236542866));
#1528 = CARTESIAN_POINT('',(-5.35257649498,-21.71356596919,
    15.652578194903));
#1529 = CARTESIAN_POINT('',(15.213953454707,-16.39238460082,
    16.381287398183));
#1530 = CARTESIAN_POINT('',(23.917938503271,-7.627486236092,
    16.745654949739));
#1531 = CARTESIAN_POINT('',(27.016158149249,6.20790835925,
    17.110035055026));
#1532 = CARTESIAN_POINT('',(21.24864983887,21.046686534913,
    17.474427314109));
#1533 = CARTESIAN_POINT('',(6.693086209629,30.64151677541,
    17.838831309075));
#1534 = CARTESIAN_POINT('',(-11.49030813709,29.184612338353,
    18.203246626182));
#1535 = CARTESIAN_POINT('',(-24.33329374597,17.393393129963,
    18.567672831928));
#1536 = CARTESIAN_POINT('',(-27.66431664369,1.823283312178,
    18.93210949397));
#1537 = CARTESIAN_POINT('',(-22.4008084792,-11.34446367022,
    19.296556168317));
#1538 = CARTESIAN_POINT('',(-12.40924273969,-18.61245963053,
    19.661012406135));
#1539 = CARTESIAN_POINT('',(8.748272441013,-20.58914109369,
    20.389943097325));
#1540 = CARTESIAN_POINT('',(19.913706815157,-15.29777855702,
    20.754417551113));
#1541 = CARTESIAN_POINT('',(27.52630873391,-3.332362623272,
    21.118900656008));
#1542 = CARTESIAN_POINT('',(27.137986917688,12.587169681858,
    21.483391953868));
#1543 = CARTESIAN_POINT('',(16.700848069684,26.556416865898,
    21.847890971415));
#1544 = CARTESIAN_POINT('',(-0.901588210997,31.359085889776,
    22.212397241675));
#1545 = CARTESIAN_POINT('',(-16.98784959002,24.625765126556,
    22.576910281888));
#1546 = CARTESIAN_POINT('',(-25.40785229874,11.107978548924,
    22.941429611753));
#1547 = CARTESIAN_POINT('',(-24.92638715113,-3.067344529831,
    23.305954743631));
#1548 = CARTESIAN_POINT('',(-17.99384068102,-13.2972508934,
    23.670485186975));
#1549 = CARTESIAN_POINT('',(1.239853873163,-22.33998239524,
    24.399555708615));
#1550 = CARTESIAN_POINT('',(13.540533692085,-21.15258748898,
    24.764095787328));
#1551 = CARTESIAN_POINT('',(24.76444354156,-12.48017627366,
    25.12864018832));
#1552 = CARTESIAN_POINT('',(29.803505906912,2.628290673381,
    25.493188418275));
#1553 = CARTESIAN_POINT('',(24.726802579926,19.313161747334,
    25.857739970858));
#1554 = CARTESIAN_POINT('',(9.797637549443,29.806632627688,
    26.222294350426));
#1555 = CARTESIAN_POINT('',(-7.620928746992,28.932993618787,
    26.586851046883));
#1556 = CARTESIAN_POINT('',(-20.13052768794,19.07477403139,
    26.951409557318));
#1557 = CARTESIAN_POINT('',(-24.48954184795,5.576481823283,
    27.315969373282));
#1558 = CARTESIAN_POINT('',(-21.44074355977,-6.400092198047,
    27.680529987283));
#1559 = CARTESIAN_POINT('',(-6.417474471678,-21.43556720284,
    28.409651795015));
#1560 = CARTESIAN_POINT('',(5.556630519449,-24.49410224963,
    28.774212989195));
#1561 = CARTESIAN_POINT('',(19.058496945645,-20.14605826769,
    29.13877396392));
#1562 = CARTESIAN_POINT('',(28.926933189726,-7.644435634289,
    29.503334215067));
#1563 = CARTESIAN_POINT('',(29.814761032576,9.773517975288,
    29.867893228098));
#1564 = CARTESIAN_POINT('',(19.333350955469,24.711353268907,
    30.232450503192));
#1565 = CARTESIAN_POINT('',(2.652416947554,29.801661052017,
    30.597005527912));
#1566 = CARTESIAN_POINT('',(-12.46031776045,24.774772991279,
    30.961557801751));
#1567 = CARTESIAN_POINT('',(-21.14191363474,13.557722025213,
    31.32610682017));
#1568 = CARTESIAN_POINT('',(-22.33924180458,1.25782833585,
    31.690652083999));
#1569 = CARTESIAN_POINT('',(-13.31185300031,-17.98341533676,
    32.419734107528));
#1570 = CARTESIAN_POINT('',(-3.08735591469,-24.9242969707,
    32.784270867789));
#1571 = CARTESIAN_POINT('',(11.087836408522,-25.41715685631,
    33.148802877504));
#1572 = CARTESIAN_POINT('',(24.612650324362,-17.007827323,
    33.513329647015));
#1573 = CARTESIAN_POINT('',(31.359010638748,-0.926592653541,
    33.877850678361));
#1574 = CARTESIAN_POINT('',(26.570269849165,16.680139034785,
    34.242365492509));
#1575 = CARTESIAN_POINT('',(12.608921569102,27.128665180726,
    34.606873600189));
#1576 = CARTESIAN_POINT('',(-3.310756608877,27.529585403227,
    34.971374526978));
#1577 = CARTESIAN_POINT('',(-15.28251023851,19.926187619481,
    35.335867798345));
#1578 = CARTESIAN_POINT('',(-20.58278236656,8.76458511248,
    35.700352947061));
#1579 = CARTESIAN_POINT('',(-18.62258224641,-12.39507211265,
    36.429306075583));
#1580 = CARTESIAN_POINT('',(-11.36215787459,-22.3926117293,
    36.79377405582));
#1581 = CARTESIAN_POINT('',(1.801929858243,-27.66653919112,
    37.158232988669));
#1582 = CARTESIAN_POINT('',(17.375179345884,-24.34747252646,
    37.522682422222));
#1583 = CARTESIAN_POINT('',(29.176782801315,-11.51310127473,
    37.887121901009));
#1584 = CARTESIAN_POINT('',(30.647715329817,6.669945668043,
    38.251550988609));
#1585 = CARTESIAN_POINT('',(21.063558170708,21.233452978485,
    38.61596924471));
#1586 = CARTESIAN_POINT('',(6.22850582612,27.012443801768,
    38.980376243163));
#1587 = CARTESIAN_POINT('',(-7.609810727135,23.924504708068,
    39.344771563367));
#1588 = CARTESIAN_POINT('',(-16.38159081242,15.226716849976,
    39.709154792909));
#1589 = CARTESIAN_POINT('',(-21.71830787719,-5.33668784573,
    40.437896263863));
#1590 = CARTESIAN_POINT('',(-18.2831151043,-17.20180403062,
    40.80225450565));
#1591 = CARTESIAN_POINT('',(-7.693442058415,-26.6280353183,
    41.166599848502));
#1592 = CARTESIAN_POINT('',(8.077340429574,-28.79099667022,
    41.530931901574));
#1593 = CARTESIAN_POINT('',(23.529804479267,-20.72632018097,
    41.895250272208));
#1594 = CARTESIAN_POINT('',(31.082345613424,-4.126969323918,
    42.259554591333));
#1595 = CARTESIAN_POINT('',(27.011256803756,12.819432380143,
    42.623844485369));
#1596 = CARTESIAN_POINT('',(15.022210609922,23.286953939569,
    42.988119601141));
#1597 = CARTESIAN_POINT('',(0.962085420086,25.078509727632,
    43.352379589971));
#1598 = CARTESIAN_POINT('',(-10.23718671967,19.876074634328,
    43.716624116053));
#1599 = CARTESIAN_POINT('',(-22.23230776914,2.350944582809,
    44.445081591371));
#1600 = CARTESIAN_POINT('',(-23.02786481002,-9.97132361716,
    44.809294540967));
#1601 = CARTESIAN_POINT('',(-16.26858665083,-22.42761537162,
    45.173491375604));
#1602 = CARTESIAN_POINT('',(-2.173338970809,-29.81203760457,
    45.537671783902));
#1603 = CARTESIAN_POINT('',(15.09242052344,-27.4714862365,
    45.901835457156));
#1604 = CARTESIAN_POINT('',(27.825387530069,-14.42586130917,
    46.265982108925));
#1605 = CARTESIAN_POINT('',(29.746740972932,2.889350748944,
    46.630111454384));
#1606 = CARTESIAN_POINT('',(22.025209410803,16.7988939057,
    46.994223227195));
#1607 = CARTESIAN_POINT('',(9.41302020726,23.253450109435,
    47.358317170414));
#1608 = CARTESIAN_POINT('',(-2.881982792399,22.161389150365,
    47.72239303993));
#1609 = CARTESIAN_POINT('',(-20.10583974968,9.753126907652,
    48.450508168815));
#1610 = CARTESIAN_POINT('',(-25.03427449426,-1.562772126955,
    48.814547428459));
#1611 = CARTESIAN_POINT('',(-22.90484393028,-15.56764508225,
    49.17856815054));
#1612 = CARTESIAN_POINT('',(-12.15730378697,-27.29245850727,
    49.54257011948));
#1613 = CARTESIAN_POINT('',(4.870323639004,-30.94913750351,
    49.906553123595));
#1614 = CARTESIAN_POINT('',(21.267619194764,-23.00301385743,
    50.2705169766));
#1615 = CARTESIAN_POINT('',(28.948095836819,-7.374965867939,
    50.634461492237));
#1616 = CARTESIAN_POINT('',(26.406990845477,8.32223887463,
    50.998386508148));
#1617 = CARTESIAN_POINT('',(16.738718257496,18.669347332746,
    51.362291868833));
#1618 = CARTESIAN_POINT('',(4.80859257661,21.813570723506,
    51.726177435506));
#1619 = CARTESIAN_POINT('',(-15.59446381474,15.990521469555,
    52.453908728252));
#1620 = CARTESIAN_POINT('',(-24.06689783891,7.023390791007,
    52.817754454669));
#1621 = CARTESIAN_POINT('',(-26.81579733028,-6.866135984197,
    53.181580133995));
#1622 = CARTESIAN_POINT('',(-20.68861578523,-21.53550032406,
    53.545385656391));
#1623 = CARTESIAN_POINT('',(-5.920081060145,-30.74971935131,
    53.909170920055));
#1624 = CARTESIAN_POINT('',(12.191765500384,-28.84142135527,
    54.272935842815));
#1625 = CARTESIAN_POINT('',(24.714199089086,-16.75385657558,
    54.636680353937));
#1626 = CARTESIAN_POINT('',(27.650091922826,-1.133851588266,
    55.00040439456));
#1627 = CARTESIAN_POINT('',(22.070372845673,11.873897675686,
    55.364107925104));
#1628 = CARTESIAN_POINT('',(11.920727918863,18.877036823447,
    55.727790914967));
#1629 = CARTESIAN_POINT('',(-9.236792605537,20.323764917492,
    56.455115786532));
#1630 = CARTESIAN_POINT('',(-20.24415306391,14.767318844575,
    56.818757668201));
#1631 = CARTESIAN_POINT('',(-27.54027610829,2.641451037912,
    57.182378980672));
#1632 = CARTESIAN_POINT('',(-26.75600538057,-13.22858599651,
    57.54597972541));
#1633 = CARTESIAN_POINT('',(-15.99696888489,-26.90128601874,
    57.909559914318));
#1634 = CARTESIAN_POINT('',(1.678336667805,-31.25121993982,
    58.273119576343));
#1635 = CARTESIAN_POINT('',(17.551817977654,-24.13499310761,
    58.636658755062));
#1636 = CARTESIAN_POINT('',(25.610771687794,-10.4456901208,
    59.000177503304));
#1637 = CARTESIAN_POINT('',(24.77756968791,3.676433882965,
    59.363675895014));
#1638 = CARTESIAN_POINT('',(17.610976768217,13.70354240231,
    59.727154011846));
#1639 = CARTESIAN_POINT('',(-1.789664400489,22.24094358958,
    60.454069893996));
#1640 = CARTESIAN_POINT('',(-14.02324020448,20.751028575563,
    60.817507659177));
#1641 = CARTESIAN_POINT('',(-24.99622332597,11.825854105273,
    61.180925346086));
#1642 = CARTESIAN_POINT('',(-29.64250772458,-3.360565896363,
    61.544323067289));
#1643 = CARTESIAN_POINT('',(-24.1655238986,-19.86492402234,
    61.907700948672));
#1644 = CARTESIAN_POINT('',(-9.023526238659,-29.9506684948,
    62.271059126677));
#1645 = CARTESIAN_POINT('',(8.314268700416,-28.64512446771,
    62.634397760678));
#1646 = CARTESIAN_POINT('',(20.534983342484,-18.50877466899,
    62.997717008312));
#1647 = CARTESIAN_POINT('',(24.542401201046,-4.948895591083,
    63.361017057119));
#1648 = CARTESIAN_POINT('',(21.206131854724,6.909526236232,
    63.724298094588));
#1649 = CARTESIAN_POINT('',(13.534211030886,14.213584312168,
    64.08756032864));
#1650 = CARTESIAN_POINT('',(19.6,0.784648333333,2.116666666667));
#1651 = CARTESIAN_POINT('',(19.134291257718,11.363067690947,
    2.480303030277));
#1652 = CARTESIAN_POINT('',(12.389079983024,21.639778422744,
    2.843000992724));
#1653 = CARTESIAN_POINT('',(-0.427590947505,27.47402858371,
    3.204760554002));
#1654 = CARTESIAN_POINT('',(-15.99086837647,24.883904259278,
    3.565582357172));
#1655 = CARTESIAN_POINT('',(-28.20243169632,12.721233039841,
    3.925467697626));
#1656 = CARTESIAN_POINT('',(-30.41995034576,-5.112615157798,
    4.284418493207));
#1657 = CARTESIAN_POINT('',(-21.6435087634,-19.80656999994,
    4.642437344678));
#1658 = CARTESIAN_POINT('',(-7.381811809823,-26.10786976403,
    4.999527435708));
#1659 = CARTESIAN_POINT('',(6.263040023564,-23.70784122254,
    5.355692647063));
#1660 = CARTESIAN_POINT('',(15.201550758278,-15.63174308108,
    5.710937445593));
#1661 = CARTESIAN_POINT('',(21.33843412076,4.118004219428,6.419596462186
    ));
#1662 = CARTESIAN_POINT('',(18.536660895355,15.791170549198,
    6.773010676069));
#1663 = CARTESIAN_POINT('',(8.687261467497,25.388888478043,
    7.125514718497));
#1664 = CARTESIAN_POINT('',(-6.470880070276,28.153274674764,
    7.477114309957));
#1665 = CARTESIAN_POINT('',(-21.71374821309,21.013305998303,
    7.827815860046));
#1666 = CARTESIAN_POINT('',(-29.64885106687,5.357461317478,
    8.177626290112));
#1667 = CARTESIAN_POINT('',(-26.4424489159,-11.05045383808,
    8.526553279591));
#1668 = CARTESIAN_POINT('',(-15.41727957136,-21.55987690377,
    8.874604951073));
#1669 = CARTESIAN_POINT('',(-2.079603672023,-23.86685548899,
    9.221790175135));
#1670 = CARTESIAN_POINT('',(8.809894330161,-19.39813885175,
    9.568118305564));
#1671 = CARTESIAN_POINT('',(20.985116502983,-3.267678881607,
    10.259080367675));
#1672 = CARTESIAN_POINT('',(22.27054629006,8.393668351756,10.60371429063
    ));
#1673 = CARTESIAN_POINT('',(16.388721359604,20.479753273604,
    10.947511100021));
#1674 = CARTESIAN_POINT('',(3.362177832334,28.040369269721,
    11.290481309653));
#1675 = CARTESIAN_POINT('',(-13.02358364886,26.520806318773,
    11.632636131851));
#1676 = CARTESIAN_POINT('',(-25.51192048681,14.746456472391,
    11.973987145353));
#1677 = CARTESIAN_POINT('',(-27.99975803703,-1.416738024319,
    12.314546734291));
#1678 = CARTESIAN_POINT('',(-21.33418483055,-14.74589533484,
    12.654327558381));
#1679 = CARTESIAN_POINT('',(-9.817825207614,-21.29144291132,
    12.993343040638));
#1680 = CARTESIAN_POINT('',(1.692696759495,-20.78531883085,
    13.331606962401));
#1681 = CARTESIAN_POINT('',(18.254957283932,-9.961180006499,
    14.006660430255));
#1682 = CARTESIAN_POINT('',(23.306292651299,0.356567455874,
    14.343449964716));
#1683 = CARTESIAN_POINT('',(21.896466373453,13.445233700751,
    14.679516669647));
#1684 = CARTESIAN_POINT('',(12.400547633853,24.738404427049,
    15.014875344857));
#1685 = CARTESIAN_POINT('',(-3.209609268121,28.7814647065,
    15.349541433055));
#1686 = CARTESIAN_POINT('',(-18.64135071514,22.076018914156,
    15.683530628209));
#1687 = CARTESIAN_POINT('',(-26.3134451664,7.990765580123,
    16.016859380749));
#1688 = CARTESIAN_POINT('',(-24.59511202773,-6.529656811619,
    16.349544284469));
#1689 = CARTESIAN_POINT('',(-16.13879747784,-16.40471361121,
    16.6816026438));
#1690 = CARTESIAN_POINT('',(-5.338236012329,-19.76605222218,
    17.013051991512));
#1691 = CARTESIAN_POINT('',(13.565325400336,-15.27308306638,
    17.674768750495));
#1692 = CARTESIAN_POINT('',(21.667863294598,-7.41888769823,
    18.005036146096));
#1693 = CARTESIAN_POINT('',(24.724658405517,5.149852584812,
    18.334730601421));
#1694 = CARTESIAN_POINT('',(19.709331747777,18.758138729932,
    18.663870458622));
#1695 = CARTESIAN_POINT('',(6.620094993901,27.707192349017,
    18.992474655265));
#1696 = CARTESIAN_POINT('',(-9.900876518646,26.657711840384,
    19.320562197766));
#1697 = CARTESIAN_POINT('',(-21.71351181938,16.17880476514,
    19.64815281627));
#1698 = CARTESIAN_POINT('',(-24.97504757681,2.150972435989,
    19.975266211047));
#1699 = CARTESIAN_POINT('',(-20.43713198435,-9.829601416616,
    20.301922715107));
#1700 = CARTESIAN_POINT('',(-11.54413827542,-16.55671140899,
    20.628142753462));
#1701 = CARTESIAN_POINT('',(7.495789349598,-18.70516268922,
    21.279751543196));
#1702 = CARTESIAN_POINT('',(17.642256743484,-14.12645308136,
    21.605140278023));
#1703 = CARTESIAN_POINT('',(24.688269330077,-3.482453089944,
    21.930134176355));
#1704 = CARTESIAN_POINT('',(24.592220002161,10.835679976227,
    22.254754229545));
#1705 = CARTESIAN_POINT('',(15.435618110672,23.541800803116,
    22.57902192381));
#1706 = CARTESIAN_POINT('',(-0.274523920646,28.117901179228,
    22.902958651682));
#1707 = CARTESIAN_POINT('',(-14.78713146699,22.340547366849,
    23.226586452607));
#1708 = CARTESIAN_POINT('',(-22.53950934759,10.378464079255,
    23.549927150698));
#1709 = CARTESIAN_POINT('',(-22.34058391085,-2.306455959138,
    23.873003121858));
#1710 = CARTESIAN_POINT('',(-16.31415592293,-11.56515577055,
    24.195836665623));
#1711 = CARTESIAN_POINT('',(0.716567098504,-19.96748794771,
    24.84106406093));
#1712 = CARTESIAN_POINT('',(11.720444435194,-19.11091521764,
    25.163457893074));
#1713 = CARTESIAN_POINT('',(21.879804864189,-11.55369346374,
    25.485654442325));
#1714 = CARTESIAN_POINT('',(26.619163226383,1.842878518727,
    25.807676305233));
#1715 = CARTESIAN_POINT('',(22.359854850827,16.800072703554,
    26.129546474278));
#1716 = CARTESIAN_POINT('',(9.226994214842,26.389665813969,
    26.451287656945));
#1717 = CARTESIAN_POINT('',(-6.301588748573,25.896872705074,
    26.772923128998));
#1718 = CARTESIAN_POINT('',(-17.60501009403,17.324267639449,
    27.094475759793));
#1719 = CARTESIAN_POINT('',(-21.71090673032,5.377137483516,
    27.415968863332));
#1720 = CARTESIAN_POINT('',(-19.19606611417,-5.337756315152,
    27.73742551971));
#1721 = CARTESIAN_POINT('',(-6.070735655752,-18.9760382119,
    28.380312388746));
#1722 = CARTESIAN_POINT('',(4.539432549818,-21.89909208166,
    28.701742582587));
#1723 = CARTESIAN_POINT('',(16.633399900926,-18.2536579605,
    29.023182757505));
#1724 = CARTESIAN_POINT('',(25.630038864614,-7.288452320257,
    29.344656025074));
#1725 = CARTESIAN_POINT('',(26.715409740148,8.20541419856,
    29.666185702714));
#1726 = CARTESIAN_POINT('',(17.63853355141,21.689185284927,
    29.987794771856));
#1727 = CARTESIAN_POINT('',(2.863646247513,26.515389114748,
    30.309506508416));
#1728 = CARTESIAN_POINT('',(-10.69649940082,22.296228388476,
    30.631343776516));
#1729 = CARTESIAN_POINT('',(-18.63339808904,12.44163547469,
    30.953329634032));
#1730 = CARTESIAN_POINT('',(-19.9123933515,1.486777164394,
    31.275486824108));
#1731 = CARTESIAN_POINT('',(-12.17952700443,-15.84269909955,
    31.92018931059));
#1732 = CARTESIAN_POINT('',(-3.167854022586,-22.2168921168,
    32.242734587582));
#1733 = CARTESIAN_POINT('',(9.4883500506,-22.90505202756,32.565496629379
    ));
#1734 = CARTESIAN_POINT('',(21.728798484997,-15.62831777862,
    32.888497881551));
#1735 = CARTESIAN_POINT('',(28.05627817844,-1.366201854546,
    33.211760930596));
#1736 = CARTESIAN_POINT('',(24.097972704537,14.489313357119,
    33.535307753633));
#1737 = CARTESIAN_POINT('',(11.775030248112,24.120606650345,
    33.859160650448));
#1738 = CARTESIAN_POINT('',(-2.508348049801,24.77526183924,
    34.183341209034));
#1739 = CARTESIAN_POINT('',(-13.40482520287,18.161462039754,
    34.507871184963));
#1740 = CARTESIAN_POINT('',(-18.37186412464,8.21723499837,
    34.832771825079));
#1741 = CARTESIAN_POINT('',(-16.97794603817,-10.86510477637,
    35.48335665008));
#1742 = CARTESIAN_POINT('',(-10.61702142107,-20.00275014362,
    35.809040816256));
#1743 = CARTESIAN_POINT('',(1.155347707195,-25.00272314288,
    36.135137846056));
#1744 = CARTESIAN_POINT('',(15.27661224941,-22.30446409659,
    36.461668445324));
#1745 = CARTESIAN_POINT('',(26.195939176191,-10.93882514112,
    36.788653293208));
#1746 = CARTESIAN_POINT('',(27.900123919695,5.493672299314,
    37.116112374334));
#1747 = CARTESIAN_POINT('',(19.501017782628,18.903294712929,
    37.444065811747));
#1748 = CARTESIAN_POINT('',(6.133896047533,24.451315374509,
    37.772532935692));
#1749 = CARTESIAN_POINT('',(-6.521755206075,21.910884999164,
    38.101533080715));
#1750 = CARTESIAN_POINT('',(-14.68162317712,14.150081447236,
    38.4310849701));
#1751 = CARTESIAN_POINT('',(-19.93040642412,-4.516528349877,
    39.091329140024));
#1752 = CARTESIAN_POINT('',(-17.01919089329,-15.42187861032,
    39.422021403292));
#1753 = CARTESIAN_POINT('',(-7.520158402188,-24.25534797569,
    39.753302296946));
#1754 = CARTESIAN_POINT('',(6.883077804073,-26.56305134356,
    40.085189762854));
#1755 = CARTESIAN_POINT('',(21.23638964651,-19.4956844053,40.41770155512
    ));
#1756 = CARTESIAN_POINT('',(28.5560367606,-4.395228155195,
    40.750854692101));
#1757 = CARTESIAN_POINT('',(25.176770502342,11.327793331149,
    41.084666104934));
#1758 = CARTESIAN_POINT('',(14.320425291512,21.262479016368,
    41.419151944198));
#1759 = CARTESIAN_POINT('',(1.336773354158,23.21714651474,41.75432814587
    ));
#1760 = CARTESIAN_POINT('',(-9.158335801218,18.618451097294,
    42.090210002793));
#1761 = CARTESIAN_POINT('',(-20.64663644379,2.570949881733,
    42.763414784474));
#1762 = CARTESIAN_POINT('',(-21.639544653,-8.877465578326,
    43.100737698041));
#1763 = CARTESIAN_POINT('',(-15.60822798396,-20.63044301435,
    43.438796012286));
#1764 = CARTESIAN_POINT('',(-2.614225671035,-27.84046522774,
    43.77760403598));
#1765 = CARTESIAN_POINT('',(13.592531014423,-26.05583997323,
    44.117175705196));
#1766 = CARTESIAN_POINT('',(25.858420280196,-14.12638862199,
    44.457524247621));
#1767 = CARTESIAN_POINT('',(28.084364442082,2.126969741809,
    44.798662567618));
#1768 = CARTESIAN_POINT('',(21.123356856533,15.43191948799,
    45.140602829606));
#1769 = CARTESIAN_POINT('',(9.343325351552,21.821269955849,
    45.483356800945));
#1770 = CARTESIAN_POINT('',(-2.32935828961,21.055091909844,
    45.826935579573));
#1771 = CARTESIAN_POINT('',(-18.93703294274,9.640425049234,
    46.51576390958));
#1772 = CARTESIAN_POINT('',(-23.87161658537,-1.007788128551,
    46.861013452876));
#1773 = CARTESIAN_POINT('',(-22.16820251887,-14.39411849439,
    47.207108953038));
#1774 = CARTESIAN_POINT('',(-12.19580153456,-25.84339660335,
    47.554060364585));
#1775 = CARTESIAN_POINT('',(3.997537268337,-29.77320417276,
    47.901877144759));
#1776 = CARTESIAN_POINT('',(19.943165357523,-22.58119167779,
    48.250568050619));
#1777 = CARTESIAN_POINT('',(27.746140688457,-7.730369213282,
    48.600141345783));
#1778 = CARTESIAN_POINT('',(25.687578839276,7.488970232903,
    48.950604599853));
#1779 = CARTESIAN_POINT('',(16.583546172378,17.737913785371,
    49.301964832377));
#1780 = CARTESIAN_POINT('',(5.088375715167,21.066961350477,
    49.654228402512));
#1781 = CARTESIAN_POINT('',(-14.86497269433,15.870237431071,
    50.360573730914));
#1782 = CARTESIAN_POINT('',(-23.32266331702,7.344588860774,
    50.714655485534));
#1783 = CARTESIAN_POINT('',(-26.34884274113,-6.129589649595,
    51.069652088514));
#1784 = CARTESIAN_POINT('',(-20.74330650859,-20.62361673391,
    51.425568646709));
#1785 = CARTESIAN_POINT('',(-6.528629613883,-30.05176580999,
    51.782409685877));
#1786 = CARTESIAN_POINT('',(11.328102015775,-28.68905099795,
    52.140179032312));
#1787 = CARTESIAN_POINT('',(24.017652030061,-17.11290548047,
    52.498879943578));
#1788 = CARTESIAN_POINT('',(27.341639738414,-1.743087090434,
    52.858514979419));
#1789 = CARTESIAN_POINT('',(22.149371283728,11.298058993165,
    53.219086096555));
#1790 = CARTESIAN_POINT('',(12.24232802643,18.510404920727,
    53.580594586002));
#1791 = CARTESIAN_POINT('',(-8.780537198337,20.46242787108,
    54.305487622166));
#1792 = CARTESIAN_POINT('',(-19.89584778507,15.202053426156,
    54.668872168199));
#1793 = CARTESIAN_POINT('',(-27.50666015039,3.283502412221,
    55.033195396255));
#1794 = CARTESIAN_POINT('',(-27.1617823581,-12.62606513214,
    55.398457316717));
#1795 = CARTESIAN_POINT('',(-16.76132280854,-26.65878850133,
    55.764657289696));
#1796 = CARTESIAN_POINT('',(0.907157767574,-31.56959853454,
    56.131794046309));
#1797 = CARTESIAN_POINT('',(17.157847865036,-24.84549937837,
    56.49986564377));
#1798 = CARTESIAN_POINT('',(25.712655117832,-11.20702846911,
    56.868869539512));
#1799 = CARTESIAN_POINT('',(25.257796583842,3.155523522723,
    57.23880250686));
#1800 = CARTESIAN_POINT('',(18.234611550831,13.54907948112,
    57.609660717879));
#1801 = CARTESIAN_POINT('',(-1.31870230254,22.751997210024,
    58.353218665241));
#1802 = CARTESIAN_POINT('',(-13.8483573881,21.561131740619,
    58.725918405704));
#1803 = CARTESIAN_POINT('',(-25.32304464307,12.741780976626,59.099534428
    ));
#1804 = CARTESIAN_POINT('',(-30.52992776684,-2.687529921839,
    59.474061652882));
#1805 = CARTESIAN_POINT('',(-25.40648532371,-19.80928129808,
    59.849494291811));
#1806 = CARTESIAN_POINT('',(-10.11686911175,-30.67987479907,
    60.225826065692));
#1807 = CARTESIAN_POINT('',(7.851546683509,-29.86402300061,
    60.603049900265));
#1808 = CARTESIAN_POINT('',(20.820599106786,-19.72423999802,
    60.981158300129));
#1809 = CARTESIAN_POINT('',(25.377726585488,-5.757852329305,
    61.360142997731));
#1810 = CARTESIAN_POINT('',(22.241298873843,6.674939056325,
    61.739995242884));
#1811 = CARTESIAN_POINT('',(14.445786418076,14.497213243062,
    62.120705635086));
#1812 = DEFINITIONAL_REPRESENTATION('',(#1813),#1872);
#1813 = B_SPLINE_CURVE_WITH_KNOTS('',8,(#1814,#1815,#1816,#1817,#1818,
    #1819,#1820,#1821,#1822,#1823,#1824,#1825,#1826,#1827,#1828,#1829,
    #1830,#1831,#1832,#1833,#1834,#1835,#1836,#1837,#1838,#1839,#1840,
    #1841,#1842,#1843,#1844,#1845,#1846,#1847,#1848,#1849,#1850,#1851,
    #1852,#1853,#1854,#1855,#1856,#1857,#1858,#1859,#1860,#1861,#1862,
    #1863,#1864,#1865,#1866,#1867,#1868,#1869,#1870,#1871),
  .UNSPECIFIED.,.F.,.F.,(9,7,7,7,7,7,7,7,9),(0.,0.140543697489,
    0.2768325422,0.4065656304,0.537600326388,0.603523910925,
    0.669693105366,0.802648060226,1.),.UNSPECIFIED.);
#1814 = CARTESIAN_POINT('',(0.26739230157,60.530842941678));
#1815 = CARTESIAN_POINT('',(0.262510247978,60.440011604437));
#1816 = CARTESIAN_POINT('',(0.257637797064,60.34918285047));
#1817 = CARTESIAN_POINT('',(0.252775969354,60.258387733834));
#1818 = CARTESIAN_POINT('',(0.247923954735,60.167625549786));
#1819 = CARTESIAN_POINT('',(0.243080580153,60.076886928118));
#1820 = CARTESIAN_POINT('',(0.238244971568,59.986162500755));
#1821 = CARTESIAN_POINT('',(0.233417059131,59.89545145122));
#1822 = CARTESIAN_POINT('',(0.22392596585,59.716861935727));
#1823 = CARTESIAN_POINT('',(0.219260317464,59.628944885593));
#1824 = CARTESIAN_POINT('',(0.214603022789,59.541057657032));
#1825 = CARTESIAN_POINT('',(0.20995447269,59.453202010536));
#1826 = CARTESIAN_POINT('',(0.20531441148,59.365368389619));
#1827 = CARTESIAN_POINT('',(0.200682382334,59.277547328471));
#1828 = CARTESIAN_POINT('',(0.196058262137,59.189740790795));
#1829 = CARTESIAN_POINT('',(0.187049517875,59.018427867861));
#1830 = CARTESIAN_POINT('',(0.182662558623,58.934889083025));
#1831 = CARTESIAN_POINT('',(0.178282677801,58.851376160595));
#1832 = CARTESIAN_POINT('',(0.173909366029,58.767890469873));
#1833 = CARTESIAN_POINT('',(0.169541713878,58.684424617802));
#1834 = CARTESIAN_POINT('',(0.165179077129,58.600971318405));
#1835 = CARTESIAN_POINT('',(0.160821628153,58.517532188076));
#1836 = CARTESIAN_POINT('',(0.152076306874,58.349883938472));
#1837 = CARTESIAN_POINT('',(0.147687168127,58.265648169909));
#1838 = CARTESIAN_POINT('',(0.143304664507,58.18143908984));
#1839 = CARTESIAN_POINT('',(0.138929733407,58.097258173434));
#1840 = CARTESIAN_POINT('',(0.134562585995,58.013097688451));
#1841 = CARTESIAN_POINT('',(0.130202623453,57.928949920441));
#1842 = CARTESIAN_POINT('',(0.125848645759,57.844816376878));
#1843 = CARTESIAN_POINT('',(0.119311222823,57.718406540179));
#1844 = CARTESIAN_POINT('',(0.117124216534,57.676101077144));
#1845 = CARTESIAN_POINT('',(0.11493785154,57.633800615717));
#1846 = CARTESIAN_POINT('',(0.112751799842,57.591505198929));
#1847 = CARTESIAN_POINT('',(0.110565888024,57.54921487827));
#1848 = CARTESIAN_POINT('',(0.108380097243,57.506929713689));
#1849 = CARTESIAN_POINT('',(0.106194563237,57.464649773598));
#1850 = CARTESIAN_POINT('',(0.101816448852,57.379942994534));
#1851 = CARTESIAN_POINT('',(9.962346856062E-02,57.337515923257));
#1852 = CARTESIAN_POINT('',(9.743281920706E-02,57.295093958789));
#1853 = CARTESIAN_POINT('',(9.524574491555E-02,57.252677140313));
#1854 = CARTESIAN_POINT('',(9.306255017525E-02,57.210265508439));
#1855 = CARTESIAN_POINT('',(9.088259984E-02,57.167859105208));
#1856 = CARTESIAN_POINT('',(8.870431912839E-02,57.125457974086));
#1857 = CARTESIAN_POINT('',(8.214663747599E-02,56.997875486626));
#1858 = CARTESIAN_POINT('',(7.776839636518E-02,56.912695263011));
#1859 = CARTESIAN_POINT('',(7.338867069803E-02,56.827542646592));
#1860 = CARTESIAN_POINT('',(6.901039454339E-02,56.742419177413));
#1861 = CARTESIAN_POINT('',(6.46365911226E-02,56.657316638178));
#1862 = CARTESIAN_POINT('',(6.026828534909E-02,56.572226856841));
#1863 = CARTESIAN_POINT('',(5.590497341739E-02,56.487151451733));
#1864 = CARTESIAN_POINT('',(4.507984732159E-02,56.275882333802));
#1865 = CARTESIAN_POINT('',(3.861807791474E-02,56.149595615319));
#1866 = CARTESIAN_POINT('',(3.21691717277E-02,56.023414130816));
#1867 = CARTESIAN_POINT('',(2.572743479688E-02,55.897317093655));
#1868 = CARTESIAN_POINT('',(1.928898659551E-02,55.771265455376));
#1869 = CARTESIAN_POINT('',(1.2853551686E-02,55.645219935385));
#1870 = CARTESIAN_POINT('',(6.421033662486E-03,55.519162556147));
#1871 = CARTESIAN_POINT('',(0.,55.393257444783));
#1872 = ( GEOMETRIC_REPRESENTATION_CONTEXT(2) 
PARAMETRIC_REPRESENTATION_CONTEXT() REPRESENTATION_CONTEXT('2D SPACE',''
  ) );
#1873 = ORIENTED_EDGE('',*,*,#1874,.T.);
#1874 = EDGE_CURVE('',#1362,#1875,#1877,.T.);
#1875 = VERTEX_POINT('',#1876);
#1876 = CARTESIAN_POINT('',(19.078022894694,0.,37.759747368889));
#1877 = SURFACE_CURVE('',#1878,(#1882,#1889),.PCURVE_S1.);
#1878 = LINE('',#1879,#1880);
#1879 = CARTESIAN_POINT('',(22.5,0.,0.));
#1880 = VECTOR('',#1881,1.);
#1881 = DIRECTION('',(-9.025513011633E-02,0.,0.995918677146));
#1882 = PCURVE('',#43,#1883);
#1883 = DEFINITIONAL_REPRESENTATION('',(#1884),#1888);
#1884 = LINE('',#1885,#1886);
#1885 = CARTESIAN_POINT('',(-6.28318530718,-0.));
#1886 = VECTOR('',#1887,1.);
#1887 = DIRECTION('',(-0.,-1.));
#1888 = ( GEOMETRIC_REPRESENTATION_CONTEXT(2) 
PARAMETRIC_REPRESENTATION_CONTEXT() REPRESENTATION_CONTEXT('2D SPACE',''
  ) );
#1889 = PCURVE('',#1890,#1895);
#1890 = CONICAL_SURFACE('',#1891,22.5,9.037811769566E-02);
#1891 = AXIS2_PLACEMENT_3D('',#1892,#1893,#1894);
#1892 = CARTESIAN_POINT('',(0.,0.,0.));
#1893 = DIRECTION('',(-0.,-0.,-1.));
#1894 = DIRECTION('',(1.,0.,-0.));
#1895 = DEFINITIONAL_REPRESENTATION('',(#1896),#1900);
#1896 = LINE('',#1897,#1898);
#1897 = CARTESIAN_POINT('',(-0.,-0.));
#1898 = VECTOR('',#1899,1.);
#1899 = DIRECTION('',(-0.,-1.));
#1900 = ( GEOMETRIC_REPRESENTATION_CONTEXT(2) 
PARAMETRIC_REPRESENTATION_CONTEXT() REPRESENTATION_CONTEXT('2D SPACE',''
  ) );
#1901 = ORIENTED_EDGE('',*,*,#1902,.T.);
#1902 = EDGE_CURVE('',#1875,#1903,#1905,.T.);
#1903 = VERTEX_POINT('',#1904);
#1904 = CARTESIAN_POINT('',(-16.11404303824,-10.47981568856,
    36.169990884835));
#1905 = SURFACE_CURVE('',#1906,(#2000,#2097),.PCURVE_S1.);
#1906 = B_SPLINE_CURVE_WITH_KNOTS('',8,(#1907,#1908,#1909,#1910,#1911,
    #1912,#1913,#1914,#1915,#1916,#1917,#1918,#1919,#1920,#1921,#1922,
    #1923,#1924,#1925,#1926,#1927,#1928,#1929,#1930,#1931,#1932,#1933,
    #1934,#1935,#1936,#1937,#1938,#1939,#1940,#1941,#1942,#1943,#1944,
    #1945,#1946,#1947,#1948,#1949,#1950,#1951,#1952,#1953,#1954,#1955,
    #1956,#1957,#1958,#1959,#1960,#1961,#1962,#1963,#1964,#1965,#1966,
    #1967,#1968,#1969,#1970,#1971,#1972,#1973,#1974,#1975,#1976,#1977,
    #1978,#1979,#1980,#1981,#1982,#1983,#1984,#1985,#1986,#1987,#1988,
    #1989,#1990,#1991,#1992,#1993,#1994,#1995,#1996,#1997,#1998,#1999),
  .UNSPECIFIED.,.F.,.F.,(9,7,7,7,7,7,7,7,7,7,7,7,7,9),(0.,
    7.029665838672E-02,0.163373452037,0.259027153914,0.381055515623,
    0.443615236183,0.477648089938,0.512016114478,0.626743432889,
    0.718606918435,0.859547287267,0.92867813775,0.966246267611,1.),
  .UNSPECIFIED.);
#1907 = CARTESIAN_POINT('',(19.078022894694,-4.263256414561E-14,
    37.759747368889));
#1908 = CARTESIAN_POINT('',(19.081112329413,-1.062974062683,
    37.725657054748));
#1909 = CARTESIAN_POINT('',(19.016516641536,-2.126222536381,
    37.691547123698));
#1910 = CARTESIAN_POINT('',(18.884218868441,-3.184606650011,
    37.65742108107));
#1911 = CARTESIAN_POINT('',(18.684687552478,-4.233094811853,
    37.623279369102));
#1912 = CARTESIAN_POINT('',(18.418823449474,-5.266753843266,
    37.589120909637));
#1913 = CARTESIAN_POINT('',(18.087940465924,-6.28074776571,
    37.554944635473));
#1914 = CARTESIAN_POINT('',(17.693780824884,-7.270344141064,
    37.520751010343));
#1915 = CARTESIAN_POINT('',(16.635831975416,-9.502795852573,
    37.441250888364));
#1916 = CARTESIAN_POINT('',(15.925881852913,-10.72417355379,
    37.395920923867));
#1917 = CARTESIAN_POINT('',(15.113845685092,-11.88412659347,
    37.350567328187));
#1918 = CARTESIAN_POINT('',(14.206070840869,-12.97278981847,
    37.305191602594));
#1919 = CARTESIAN_POINT('',(13.209903353707,-13.98119506045,
    37.259789027966));
#1920 = CARTESIAN_POINT('',(12.133606127698,-14.90122130505,
    37.214354732939));
#1921 = CARTESIAN_POINT('',(10.9864124621,-15.72566736767,37.16888986771
    ));
#1922 = CARTESIAN_POINT('',(8.537581217701,-17.19123753977,
    37.076666692857));
#1923 = CARTESIAN_POINT('',(7.232001149797,-17.82698101551,
    37.029887060349));
#1924 = CARTESIAN_POINT('',(5.873174210359,-18.34890922842,
    36.98308498962));
#1925 = CARTESIAN_POINT('',(4.472765715144,-18.75200306417,
    36.936260002129));
#1926 = CARTESIAN_POINT('',(3.042790039895,-19.03268919908,
    36.889407221967));
#1927 = CARTESIAN_POINT('',(1.595573684538,-19.18873752211,
    36.842521960248));
#1928 = CARTESIAN_POINT('',(0.143768265859,-19.2193644076,
    36.795604238358));
#1929 = CARTESIAN_POINT('',(-3.140986569899,-19.00586102301,
    36.688796121181));
#1930 = CARTESIAN_POINT('',(-4.970275905251,-18.68353901791,
    36.628843029363));
#1931 = CARTESIAN_POINT('',(-6.759769041659,-18.16004161788,
    36.568867065157));
#1932 = CARTESIAN_POINT('',(-8.483886982603,-17.44174604518,
    36.508863874921));
#1933 = CARTESIAN_POINT('',(-10.11856881697,-16.53824997136,
    36.448819807937));
#1934 = CARTESIAN_POINT('',(-11.64142992507,-15.46255447634,
    36.388719783697));
#1935 = CARTESIAN_POINT('',(-13.03171341172,-14.23081356909,
    36.328558050281));
#1936 = CARTESIAN_POINT('',(-14.90666552831,-12.16305159995,
    36.237545314231));
#1937 = CARTESIAN_POINT('',(-15.50270872032,-11.42646952484,
    36.206687509411));
#1938 = CARTESIAN_POINT('',(-16.05696086558,-10.65673506794,
    36.175819431873));
#1939 = CARTESIAN_POINT('',(-16.56729340592,-9.856635432293,
    36.144941357082));
#1940 = CARTESIAN_POINT('',(-17.03181206725,-9.029097000186,
    36.11405285926));
#1941 = CARTESIAN_POINT('',(-17.44884990933,-8.177179617527,
    36.083153648682));
#1942 = CARTESIAN_POINT('',(-17.81697491066,-7.304079608178,
    36.052244297319));
#1943 = CARTESIAN_POINT('',(-18.30802617262,-5.928465988376,
    36.004507582201));
#1944 = CARTESIAN_POINT('',(-18.46622164975,-5.438498468087,
    35.987685489192));
#1945 = CARTESIAN_POINT('',(-18.60941059059,-4.943770796615,
    35.970860654578));
#1946 = CARTESIAN_POINT('',(-18.73742848145,-4.444820228381,
    35.954033093391));
#1947 = CARTESIAN_POINT('',(-18.85013422422,-3.942189433083,
    35.937202754872));
#1948 = CARTESIAN_POINT('',(-18.94741013634,-3.436426495694,
    35.920369522481));
#1949 = CARTESIAN_POINT('',(-19.02916195086,-2.928084916464,
    35.903533213885));
#1950 = CARTESIAN_POINT('',(-19.16212722432,-1.902336038667,
    35.869688103809));
#1951 = CARTESIAN_POINT('',(-19.21303250116,-1.384884773321,
    35.852678807571));
#1952 = CARTESIAN_POINT('',(-19.24796190062,-0.865945453644,
    35.835665892621));
#1953 = CARTESIAN_POINT('',(-19.26686761517,-0.346094024915,
    35.818649561058));
#1954 = CARTESIAN_POINT('',(-19.26972677597,0.174093261078,
    35.801630016716));
#1955 = CARTESIAN_POINT('',(-19.25654145293,0.694039846033,
    35.784607465163));
#1956 = CARTESIAN_POINT('',(-19.22733865468,1.213168865133,
    35.767582113701));
#1957 = CARTESIAN_POINT('',(-19.03138945003,3.45920340894,
    35.693711504722));
#1958 = CARTESIAN_POINT('',(-18.70262627879,5.172766018525,
    35.636812768764));
#1959 = CARTESIAN_POINT('',(-18.19763276615,6.848992263459,
    35.579899592641));
#1960 = CARTESIAN_POINT('',(-17.52182077185,8.466890480194,35.5229641861
    ));
#1961 = CARTESIAN_POINT('',(-16.68314233801,10.006664445163,
    35.465994634594));
#1962 = CARTESIAN_POINT('',(-15.6921642101,11.449798294566,
    35.408980567647));
#1963 = CARTESIAN_POINT('',(-14.56194510718,12.779048199826,
    35.351920092585));
#1964 = CARTESIAN_POINT('',(-12.30582164842,14.939895361197,
    35.249161213993));
#1965 = CARTESIAN_POINT('',(-11.22338607527,15.81841107602,
    35.203439428283));
#1966 = CARTESIAN_POINT('',(-10.06990717748,16.606709682091,
    35.157701625134));
#1967 = CARTESIAN_POINT('',(-8.854257431041,17.298214601338,
    35.111949082426));
#1968 = CARTESIAN_POINT('',(-7.58588057423,17.887445455564,
    35.066177293987));
#1969 = CARTESIAN_POINT('',(-6.274739642172,18.369951547285,
    35.020381603868));
#1970 = CARTESIAN_POINT('',(-4.931338798556,18.742388005479,
    34.974562938707));
#1971 = CARTESIAN_POINT('',(-1.473321994161,19.402167997982,
    34.858420624478));
#1972 = CARTESIAN_POINT('',(0.672609381678,19.538275264117,
    34.787991644303));
#1973 = CARTESIAN_POINT('',(2.828991115158,19.402208286275,
    34.717558971212));
#1974 = CARTESIAN_POINT('',(4.95580822022,18.994993505432,34.64710705585
    ));
#1975 = CARTESIAN_POINT('',(7.014413526102,18.323249019843,
    34.57661106191));
#1976 = CARTESIAN_POINT('',(8.967884861868,17.400083687413,
    34.506046380309));
#1977 = CARTESIAN_POINT('',(10.780904988645,16.244114037629,
    34.435398409177));
#1978 = CARTESIAN_POINT('',(13.225872937864,14.216041474844,
    34.330144193268));
#1979 = CARTESIAN_POINT('',(13.989388188301,13.499011907291,
    34.295494773183));
#1980 = CARTESIAN_POINT('',(14.708185764069,12.735373696478,
    34.260836283825));
#1981 = CARTESIAN_POINT('',(15.378975490939,11.928415299151,
    34.226168953177));
#1982 = CARTESIAN_POINT('',(15.998779062124,11.081667338834,
    34.191491628512));
#1983 = CARTESIAN_POINT('',(16.564919438529,10.198891254026,
    34.156803156225));
#1984 = CARTESIAN_POINT('',(17.07503333807,9.284086003371,
    34.122103764176));
#1985 = CARTESIAN_POINT('',(17.772779403547,7.829285490535,
    34.06853527235));
#1986 = CARTESIAN_POINT('',(18.001320597147,7.308838055597,
    34.049671112088));
#1987 = CARTESIAN_POINT('',(18.212410107489,6.780844088263,
    34.030803977148));
#1988 = CARTESIAN_POINT('',(18.40576059164,6.245988127382,
    34.011933880955));
#1989 = CARTESIAN_POINT('',(18.581117651096,5.704965685358,33.993060839)
  );
#1990 = CARTESIAN_POINT('',(18.73825983178,5.158483248142,
    33.974184868836));
#1991 = CARTESIAN_POINT('',(18.876998624044,4.60725827524,
    33.955305990078));
#1992 = CARTESIAN_POINT('',(19.105156105593,3.553155103013,33.9194595773
    ));
#1993 = CARTESIAN_POINT('',(19.198152546739,3.051052125194,
    33.902492740887));
#1994 = CARTESIAN_POINT('',(19.276055756199,2.546232485292,
    33.88552354394));
#1995 = CARTESIAN_POINT('',(19.338776054217,2.039223230624,
    33.86855190291));
#1996 = CARTESIAN_POINT('',(19.386246111183,1.530556236773,
    33.851577821927));
#1997 = CARTESIAN_POINT('',(19.418420947641,1.020768207591,
    33.834601392802));
#1998 = CARTESIAN_POINT('',(19.435277934281,0.510400675203,
    33.817622795024));
#1999 = CARTESIAN_POINT('',(19.436816791947,-7.105427357601E-15,
    33.800642295762));
#2000 = PCURVE('',#43,#2001);
#2001 = DEFINITIONAL_REPRESENTATION('',(#2002),#2096);
#2002 = B_SPLINE_CURVE_WITH_KNOTS('',8,(#2003,#2004,#2005,#2006,#2007,
    #2008,#2009,#2010,#2011,#2012,#2013,#2014,#2015,#2016,#2017,#2018,
    #2019,#2020,#2021,#2022,#2023,#2024,#2025,#2026,#2027,#2028,#2029,
    #2030,#2031,#2032,#2033,#2034,#2035,#2036,#2037,#2038,#2039,#2040,
    #2041,#2042,#2043,#2044,#2045,#2046,#2047,#2048,#2049,#2050,#2051,
    #2052,#2053,#2054,#2055,#2056,#2057,#2058,#2059,#2060,#2061,#2062,
    #2063,#2064,#2065,#2066,#2067,#2068,#2069,#2070,#2071,#2072,#2073,
    #2074,#2075,#2076,#2077,#2078,#2079,#2080,#2081,#2082,#2083,#2084,
    #2085,#2086,#2087,#2088,#2089,#2090,#2091,#2092,#2093,#2094,#2095),
  .UNSPECIFIED.,.F.,.F.,(9,7,7,7,7,7,7,7,7,7,7,7,7,9),(0.,
    7.029665838672E-02,0.163373452037,0.259027153914,0.381055515623,
    0.443615236183,0.477648089938,0.512016114478,0.626743432889,
    0.718606918435,0.859547287267,0.92867813775,0.966246267611,1.),
  .UNSPECIFIED.);
#2003 = CARTESIAN_POINT('',(-6.28318530718,-37.75974736888));
#2004 = CARTESIAN_POINT('',(-6.227468104797,-37.72565705474));
#2005 = CARTESIAN_POINT('',(-6.171757186932,-37.69154712369));
#2006 = CARTESIAN_POINT('',(-6.116058147374,-37.65742108107));
#2007 = CARTESIAN_POINT('',(-6.060371485942,-37.6232793691));
#2008 = CARTESIAN_POINT('',(-6.004695153475,-37.58912090963));
#2009 = CARTESIAN_POINT('',(-5.949027072148,-37.55494463547));
#2010 = CARTESIAN_POINT('',(-5.89336763109,-37.52075101034));
#2011 = CARTESIAN_POINT('',(-5.764044369528,-37.44125088836));
#2012 = CARTESIAN_POINT('',(-5.690369856565,-37.39592092386));
#2013 = CARTESIAN_POINT('',(-5.61672008139,-37.35056732818));
#2014 = CARTESIAN_POINT('',(-5.54309659059,-37.30519160259));
#2015 = CARTESIAN_POINT('',(-5.469491051889,-37.25978902796));
#2016 = CARTESIAN_POINT('',(-5.395895227327,-37.21435473293));
#2017 = CARTESIAN_POINT('',(-5.322310882122,-37.16888986771));
#2018 = CARTESIAN_POINT('',(-5.173172048821,-37.07666669285));
#2019 = CARTESIAN_POINT('',(-5.097586492102,-37.02988706034));
#2020 = CARTESIAN_POINT('',(-5.022028779112,-36.98308498962));
#2021 = CARTESIAN_POINT('',(-4.946498057222,-36.93626000212));
#2022 = CARTESIAN_POINT('',(-4.870986294678,-36.88940722196));
#2023 = CARTESIAN_POINT('',(-4.795485569569,-36.84252196024));
#2024 = CARTESIAN_POINT('',(-4.719995282654,-36.79560423835));
#2025 = CARTESIAN_POINT('',(-4.548282618564,-36.68879612118));
#2026 = CARTESIAN_POINT('',(-4.451998269861,-36.62884302936));
#2027 = CARTESIAN_POINT('',(-4.355776550098,-36.56886706515));
#2028 = CARTESIAN_POINT('',(-4.259608651379,-36.50886387492));
#2029 = CARTESIAN_POINT('',(-4.163471456389,-36.44881980793));
#2030 = CARTESIAN_POINT('',(-4.067342013308,-36.38871978369));
#2031 = CARTESIAN_POINT('',(-3.971212591834,-36.32855805028));
#2032 = CARTESIAN_POINT('',(-3.825935248341,-36.23754531423));
#2033 = CARTESIAN_POINT('',(-3.776704671508,-36.20668750941));
#2034 = CARTESIAN_POINT('',(-3.727483165389,-36.17581943187));
#2035 = CARTESIAN_POINT('',(-3.67827094579,-36.14494135708));
#2036 = CARTESIAN_POINT('',(-3.629066875896,-36.11405285926));
#2037 = CARTESIAN_POINT('',(-3.579869828183,-36.08315364868));
#2038 = CARTESIAN_POINT('',(-3.530680039864,-36.05224429731));
#2039 = CARTESIAN_POINT('',(-3.454746483886,-36.0045075822));
#2040 = CARTESIAN_POINT('',(-3.427994887411,-35.98768548919));
#2041 = CARTESIAN_POINT('',(-3.401245682927,-35.97086065457));
#2042 = CARTESIAN_POINT('',(-3.374498881234,-35.95403309339));
#2043 = CARTESIAN_POINT('',(-3.347754493436,-35.93720275487));
#2044 = CARTESIAN_POINT('',(-3.321012530942,-35.92036952248));
#2045 = CARTESIAN_POINT('',(-3.294273005465,-35.90353321388));
#2046 = CARTESIAN_POINT('',(-3.240535533882,-35.8696881038));
#2047 = CARTESIAN_POINT('',(-3.213537565384,-35.85267880757));
#2048 = CARTESIAN_POINT('',(-3.18654203523,-35.83566589262));
#2049 = CARTESIAN_POINT('',(-3.159548955161,-35.81864956105));
#2050 = CARTESIAN_POINT('',(-3.132558336964,-35.80163001671));
#2051 = CARTESIAN_POINT('',(-3.105570192468,-35.78460746516));
#2052 = CARTESIAN_POINT('',(-3.078584533546,-35.7675821137));
#2053 = CARTESIAN_POINT('',(-2.961526199198,-35.69371150472));
#2054 = CARTESIAN_POINT('',(-2.871437738884,-35.63681276876));
#2055 = CARTESIAN_POINT('',(-2.781398929595,-35.57989959264));
#2056 = CARTESIAN_POINT('',(-2.691404655458,-35.52296418609));
#2057 = CARTESIAN_POINT('',(-2.601437571515,-35.46599463459));
#2058 = CARTESIAN_POINT('',(-2.511480459372,-35.40898056764));
#2059 = CARTESIAN_POINT('',(-2.42152894335,-35.35192009258));
#2060 = CARTESIAN_POINT('',(-2.259676336663,-35.24916121399));
#2061 = CARTESIAN_POINT('',(-2.187710730195,-35.20343942828));
#2062 = CARTESIAN_POINT('',(-2.11576866447,-35.15770162513));
#2063 = CARTESIAN_POINT('',(-2.043851517778,-35.11194908242));
#2064 = CARTESIAN_POINT('',(-1.971951865496,-35.06617729398));
#2065 = CARTESIAN_POINT('',(-1.900062365537,-35.02038160386));
#2066 = CARTESIAN_POINT('',(-1.828184584729,-34.9745629387));
#2067 = CARTESIAN_POINT('',(-1.646107710554,-34.85842062447));
#2068 = CARTESIAN_POINT('',(-1.535808001609,-34.7879916443));
#2069 = CARTESIAN_POINT('',(-1.42561489969,-34.71755897121));
#2070 = CARTESIAN_POINT('',(-1.315503056668,-34.64710705585));
#2071 = CARTESIAN_POINT('',(-1.205431939232,-34.57661106191));
#2072 = CARTESIAN_POINT('',(-1.095361166297,-34.5060463803));
#2073 = CARTESIAN_POINT('',(-0.98526765228,-34.43539840917));
#2074 = CARTESIAN_POINT('',(-0.821403975686,-34.33014419326));
#2075 = CARTESIAN_POINT('',(-0.767486003571,-34.29549477318));
#2076 = CARTESIAN_POINT('',(-0.713579401656,-34.26083628382));
#2077 = CARTESIAN_POINT('',(-0.65968450575,-34.22616895317));
#2078 = CARTESIAN_POINT('',(-0.605799531251,-34.19149162851));
#2079 = CARTESIAN_POINT('',(-0.551922709882,-34.15680315622));
#2080 = CARTESIAN_POINT('',(-0.498054414432,-34.12210376417));
#2081 = CARTESIAN_POINT('',(-0.41493249711,-34.06853527235));
#2082 = CARTESIAN_POINT('',(-0.385668605247,-34.04967111208));
#2083 = CARTESIAN_POINT('',(-0.356407612088,-34.03080397714));
#2084 = CARTESIAN_POINT('',(-0.327149534318,-34.01193388095));
#2085 = CARTESIAN_POINT('',(-0.29789438912,-33.993060839));
#2086 = CARTESIAN_POINT('',(-0.268642194174,-33.97418486883));
#2087 = CARTESIAN_POINT('',(-0.23939296766,-33.95530599007));
#2088 = CARTESIAN_POINT('',(-0.183869941471,-33.9194595773));
#2089 = CARTESIAN_POINT('',(-0.157595784501,-33.90249274089));
#2090 = CARTESIAN_POINT('',(-0.131323981081,-33.88552354394));
#2091 = CARTESIAN_POINT('',(-0.105054389264,-33.86855190291));
#2092 = CARTESIAN_POINT('',(-7.878700141179E-02,-33.85157782192));
#2093 = CARTESIAN_POINT('',(-5.252194420354E-02,-33.83460139279));
#2094 = CARTESIAN_POINT('',(-2.6259478631E-02,-33.81762279501));
#2095 = CARTESIAN_POINT('',(0.,-33.80064229576));
#2096 = ( GEOMETRIC_REPRESENTATION_CONTEXT(2) 
PARAMETRIC_REPRESENTATION_CONTEXT() REPRESENTATION_CONTEXT('2D SPACE',''
  ) );
#2097 = PCURVE('',#1487,#2098);
#2098 = DEFINITIONAL_REPRESENTATION('',(#2099),#2193);
#2099 = B_SPLINE_CURVE_WITH_KNOTS('',8,(#2100,#2101,#2102,#2103,#2104,
    #2105,#2106,#2107,#2108,#2109,#2110,#2111,#2112,#2113,#2114,#2115,
    #2116,#2117,#2118,#2119,#2120,#2121,#2122,#2123,#2124,#2125,#2126,
    #2127,#2128,#2129,#2130,#2131,#2132,#2133,#2134,#2135,#2136,#2137,
    #2138,#2139,#2140,#2141,#2142,#2143,#2144,#2145,#2146,#2147,#2148,
    #2149,#2150,#2151,#2152,#2153,#2154,#2155,#2156,#2157,#2158,#2159,
    #2160,#2161,#2162,#2163,#2164,#2165,#2166,#2167,#2168,#2169,#2170,
    #2171,#2172,#2173,#2174,#2175,#2176,#2177,#2178,#2179,#2180,#2181,
    #2182,#2183,#2184,#2185,#2186,#2187,#2188,#2189,#2190,#2191,#2192),
  .UNSPECIFIED.,.F.,.F.,(9,7,7,7,7,7,7,7,7,7,7,7,7,9),(0.,
    7.029665838672E-02,0.163373452037,0.259027153914,0.381055515623,
    0.443615236183,0.477648089938,0.512016114478,0.626743432889,
    0.718606918435,0.859547287267,0.92867813775,0.966246267611,1.),
  .UNSPECIFIED.);
#2100 = CARTESIAN_POINT('',(0.71647051546,68.111172905004));
#2101 = CARTESIAN_POINT('',(0.711977172569,68.043947227136));
#2102 = CARTESIAN_POINT('',(0.707498660064,67.976729306984));
#2103 = CARTESIAN_POINT('',(0.703035363822,67.909525886733));
#2104 = CARTESIAN_POINT('',(0.698587169711,67.842337559601));
#2105 = CARTESIAN_POINT('',(0.694153670795,67.77516184331));
#2106 = CARTESIAN_POINT('',(0.689734385802,67.707996223008));
#2107 = CARTESIAN_POINT('',(0.685328988859,67.640841163672));
#2108 = CARTESIAN_POINT('',(0.675123035089,67.484808447655));
#2109 = CARTESIAN_POINT('',(0.669331314584,67.395917992569));
#2110 = CARTESIAN_POINT('',(0.663563296116,67.307057619791));
#2111 = CARTESIAN_POINT('',(0.657818274719,67.218229206774));
#2112 = CARTESIAN_POINT('',(0.652095016055,67.129422720518));
#2113 = CARTESIAN_POINT('',(0.646392645727,67.0406282429));
#2114 = CARTESIAN_POINT('',(0.640711345177,66.951847916186));
#2115 = CARTESIAN_POINT('',(0.62923770314,66.771910857808));
#2116 = CARTESIAN_POINT('',(0.623444110132,66.680716658512));
#2117 = CARTESIAN_POINT('',(0.617674172002,66.589556356188));
#2118 = CARTESIAN_POINT('',(0.611927997633,66.498428899023));
#2119 = CARTESIAN_POINT('',(0.606205005656,66.407324549806));
#2120 = CARTESIAN_POINT('',(0.600504278874,66.316233696141));
#2121 = CARTESIAN_POINT('',(0.594825077161,66.225155575822));
#2122 = CARTESIAN_POINT('',(0.581952482706,66.017986614452));
#2123 = CARTESIAN_POINT('',(0.574766999035,65.901821087175));
#2124 = CARTESIAN_POINT('',(0.567617283157,65.78573131211));
#2125 = CARTESIAN_POINT('',(0.56050108131,65.669706716998));
#2126 = CARTESIAN_POINT('',(0.553415559068,65.553719572776));
#2127 = CARTESIAN_POINT('',(0.546361389271,65.437742433773));
#2128 = CARTESIAN_POINT('',(0.53934038887,65.321765975116));
#2129 = CARTESIAN_POINT('',(0.528778383886,65.146495187306));
#2130 = CARTESIAN_POINT('',(0.52520766754,65.087100771278));
#2131 = CARTESIAN_POINT('',(0.521645920927,65.027717409077));
#2132 = CARTESIAN_POINT('',(0.518092884334,64.968345328547));
#2133 = CARTESIAN_POINT('',(0.514547833496,64.908983117829));
#2134 = CARTESIAN_POINT('',(0.511009714655,64.849629377955));
#2135 = CARTESIAN_POINT('',(0.507477558275,64.790284372864));
#2136 = CARTESIAN_POINT('',(0.50203279631,64.698674343339));
#2137 = CARTESIAN_POINT('',(0.500116145355,64.666399880318));
#2138 = CARTESIAN_POINT('',(0.498201044703,64.63412830223));
#2139 = CARTESIAN_POINT('',(0.496287485808,64.601859627434));
#2140 = CARTESIAN_POINT('',(0.4943756254,64.56959387823));
#2141 = CARTESIAN_POINT('',(0.492465785487,64.537331080849));
#2142 = CARTESIAN_POINT('',(0.490558453354,64.505071265463));
#2143 = CARTESIAN_POINT('',(0.486731356639,64.440239987486));
#2144 = CARTESIAN_POINT('',(0.484812594196,64.407668511706));
#2145 = CARTESIAN_POINT('',(0.48289750173,64.375100010725));
#2146 = CARTESIAN_POINT('',(0.480985595962,64.342534471303));
#2147 = CARTESIAN_POINT('',(0.479076402836,64.309971895074));
#2148 = CARTESIAN_POINT('',(0.477169457517,64.277412298548));
#2149 = CARTESIAN_POINT('',(0.475264304397,64.244855713109));
#2150 = CARTESIAN_POINT('',(0.467005208707,64.103632017517));
#2151 = CARTESIAN_POINT('',(0.460664828499,63.99494613111));
#2152 = CARTESIAN_POINT('',(0.454339449514,63.88632068282));
#2153 = CARTESIAN_POINT('',(0.448040182079,63.777749535475));
#2154 = CARTESIAN_POINT('',(0.441768490108,63.669211372508));
#2155 = CARTESIAN_POINT('',(0.435522070057,63.560685289216));
#2156 = CARTESIAN_POINT('',(0.429298520202,63.452165961449));
#2157 = CARTESIAN_POINT('',(0.418137375682,63.256903801278));
#2158 = CARTESIAN_POINT('',(0.413187947961,63.170083116489));
#2159 = CARTESIAN_POINT('',(0.408252381627,63.083290887803));
#2160 = CARTESIAN_POINT('',(0.403330027113,62.996528837643));
#2161 = CARTESIAN_POINT('',(0.398420083487,62.909788069555));
#2162 = CARTESIAN_POINT('',(0.393522190545,62.823059765071));
#2163 = CARTESIAN_POINT('',(0.388636784444,62.736345823766));
#2164 = CARTESIAN_POINT('',(0.376291077081,62.516687331682));
#2165 = CARTESIAN_POINT('',(0.368839879405,62.383621684063));
#2166 = CARTESIAN_POINT('',(0.36142404224,62.250685100113));
#2167 = CARTESIAN_POINT('',(0.354041566033,62.117846831946));
#2168 = CARTESIAN_POINT('',(0.346687036648,61.985057766785));
#2169 = CARTESIAN_POINT('',(0.33935471653,61.852269172197));
#2170 = CARTESIAN_POINT('',(0.332042044606,61.719453257137));
#2171 = CARTESIAN_POINT('',(0.321189009806,61.52176972989));
#2172 = CARTESIAN_POINT('',(0.317622950549,61.456723662818));
#2173 = CARTESIAN_POINT('',(0.314062671275,61.391691364711));
#2174 = CARTESIAN_POINT('',(0.310508249777,61.32667324947));
#2175 = CARTESIAN_POINT('',(0.306959671609,61.261667171078));
#2176 = CARTESIAN_POINT('',(0.303416942754,61.196670999844));
#2177 = CARTESIAN_POINT('',(0.299880194135,61.131685185275));
#2178 = CARTESIAN_POINT('',(0.294431225993,61.031408393223));
#2179 = CARTESIAN_POINT('',(0.292514478062,60.996104978424));
#2180 = CARTESIAN_POINT('',(0.29059954498,60.960805080054));
#2181 = CARTESIAN_POINT('',(0.288686431866,60.925508717463));
#2182 = CARTESIAN_POINT('',(0.286775138181,60.890215910471));
#2183 = CARTESIAN_POINT('',(0.28486565773,60.854926679363));
#2184 = CARTESIAN_POINT('',(0.282957978659,60.81964104489));
#2185 = CARTESIAN_POINT('',(0.279339699141,60.752659293635));
#2186 = CARTESIAN_POINT('',(0.277628727998,60.720962742815));
#2187 = CARTESIAN_POINT('',(0.275919189578,60.689269042066));
#2188 = CARTESIAN_POINT('',(0.27421108606,60.657578019563));
#2189 = CARTESIAN_POINT('',(0.272504402258,60.625889665403));
#2190 = CARTESIAN_POINT('',(0.270799105619,60.594204131597));
#2191 = CARTESIAN_POINT('',(0.269095146225,60.562521732078));
#2192 = CARTESIAN_POINT('',(0.267392456792,60.530842942696));
#2193 = ( GEOMETRIC_REPRESENTATION_CONTEXT(2) 
PARAMETRIC_REPRESENTATION_CONTEXT() REPRESENTATION_CONTEXT('2D SPACE',''
  ) );
#2194 = ORIENTED_EDGE('',*,*,#2195,.F.);
#2195 = EDGE_CURVE('',#59,#1903,#2196,.T.);
#2196 = SURFACE_CURVE('',#2197,(#2277,#2360),.PCURVE_S1.);
#2197 = B_SPLINE_CURVE_WITH_KNOTS('',8,(#2198,#2199,#2200,#2201,#2202,
    #2203,#2204,#2205,#2206,#2207,#2208,#2209,#2210,#2211,#2212,#2213,
    #2214,#2215,#2216,#2217,#2218,#2219,#2220,#2221,#2222,#2223,#2224,
    #2225,#2226,#2227,#2228,#2229,#2230,#2231,#2232,#2233,#2234,#2235,
    #2236,#2237,#2238,#2239,#2240,#2241,#2242,#2243,#2244,#2245,#2246,
    #2247,#2248,#2249,#2250,#2251,#2252,#2253,#2254,#2255,#2256,#2257,
    #2258,#2259,#2260,#2261,#2262,#2263,#2264,#2265,#2266,#2267,#2268,
    #2269,#2270,#2271,#2272,#2273,#2274,#2275,#2276),.UNSPECIFIED.,.F.,
  .F.,(9,7,7,7,7,7,7,7,7,7,7,9),(0.,0.116020093269,0.204473031216,
    0.331905702372,0.460905199129,0.495066164999,0.60998890143,
    0.726206296628,0.860900746032,0.926359916485,0.965249090396,1.),
  .UNSPECIFIED.);
#2198 = CARTESIAN_POINT('',(19.43685042409,-3.552713678801E-15,
    33.800271182452));
#2199 = CARTESIAN_POINT('',(19.431557221526,1.755492388921,
    33.85867893489));
#2200 = CARTESIAN_POINT('',(19.245061459872,3.511267575191,
    33.917087087985));
#2201 = CARTESIAN_POINT('',(18.877068626375,5.244232851754,
    33.975453153424));
#2202 = CARTESIAN_POINT('',(18.331160443406,6.932575489798,
    34.033779902444));
#2203 = CARTESIAN_POINT('',(17.613623695183,8.555439483867,
    34.092078670664));
#2204 = CARTESIAN_POINT('',(16.733547350655,10.09301227883,
    34.150361012318));
#2205 = CARTESIAN_POINT('',(15.702700689444,11.52652821702,
    34.208630320481));
#2206 = CARTESIAN_POINT('',(13.647651450163,13.839295395492,
    34.31122759929));
#2207 = CARTESIAN_POINT('',(12.679611903654,14.769825060041,
    34.355601060516));
#2208 = CARTESIAN_POINT('',(11.639128191413,15.622846481582,
    34.399955245574));
#2209 = CARTESIAN_POINT('',(10.533497600919,16.39182930116,
    34.444289241107));
#2210 = CARTESIAN_POINT('',(9.370601282659,17.071118936837,
    34.488606746341));
#2211 = CARTESIAN_POINT('',(8.15886118008,17.655891343401,
    34.532911426156));
#2212 = CARTESIAN_POINT('',(6.907265174775,18.142214922265,
    34.577202297274));
#2213 = CARTESIAN_POINT('',(3.778785772647,19.081889367316,
    34.685243659816));
#2214 = CARTESIAN_POINT('',(1.867704199801,19.426778375577,
    34.74902693739));
#2215 = CARTESIAN_POINT('',(-7.806210535046E-02,19.552314934979,
    34.812749904659));
#2216 = CARTESIAN_POINT('',(-2.029121818497,19.455238467691,
    34.876419068468));
#2217 = CARTESIAN_POINT('',(-3.956403942863,19.136346987556,
    34.94005153117));
#2218 = CARTESIAN_POINT('',(-5.831275861397,18.600853240299,
    35.003664938445));
#2219 = CARTESIAN_POINT('',(-7.625581811422,17.85802746226,
    35.067266183831));
#2220 = CARTESIAN_POINT('',(-11.01939714305,15.977358972881,
    35.195088817969));
#2221 = CARTESIAN_POINT('',(-12.6186737559,14.833423133108,
    35.259399745433));
#2222 = CARTESIAN_POINT('',(-14.08110488248,13.506853174705,
    35.323645508154));
#2223 = CARTESIAN_POINT('',(-15.38292885841,12.017296131836,
    35.387832294819));
#2224 = CARTESIAN_POINT('',(-16.5036860642,10.387117467515,
    35.451976659114));
#2225 = CARTESIAN_POINT('',(-17.42660725377,8.641594573435,
    35.516095712292));
#2226 = CARTESIAN_POINT('',(-18.13834014583,6.808601278801,
    35.58020411747));
#2227 = CARTESIAN_POINT('',(-18.76156772102,4.419782825915,
    35.661183983522));
#2228 = CARTESIAN_POINT('',(-18.87672132681,3.915633185602,
    35.678136147738));
#2229 = CARTESIAN_POINT('',(-18.97639783781,3.408032409265,
    35.695085730176));
#2230 = CARTESIAN_POINT('',(-19.06047601792,2.8975350007,35.71203268265)
  );
#2231 = CARTESIAN_POINT('',(-19.1288587096,2.384699258355,
    35.728976870542));
#2232 = CARTESIAN_POINT('',(-19.18147283395,1.870087275332,
    35.745918072802));
#2233 = CARTESIAN_POINT('',(-19.21826939062,1.354264939384,
    35.762855981948));
#2234 = CARTESIAN_POINT('',(-19.30971615872,-0.899658951403,
    35.836759528415));
#2235 = CARTESIAN_POINT('',(-19.20094654154,-2.645210671398,
    35.893712845209));
#2236 = CARTESIAN_POINT('',(-18.91162857773,-4.376026271731,
    35.95062609544));
#2237 = CARTESIAN_POINT('',(-18.44436515487,-6.070378970815,
    36.00749944999));
#2238 = CARTESIAN_POINT('',(-17.8044741856,-7.707369636343,
    36.064338835211));
#2239 = CARTESIAN_POINT('',(-17.00008946208,-9.267009613663,
    36.121153794698));
#2240 = CARTESIAN_POINT('',(-16.04204150167,-10.7302289653,
    36.177946561347));
#2241 = CARTESIAN_POINT('',(-13.83555615236,-13.44371243554,
    36.292046185813));
#2242 = CARTESIAN_POINT('',(-12.58290063814,-14.69270562842,
    36.34940680936));
#2243 = CARTESIAN_POINT('',(-11.2017162433,-15.8076590959,36.40671501557
    ));
#2244 = CARTESIAN_POINT('',(-9.709010175443,-16.77348715764,
    36.46397476971));
#2245 = CARTESIAN_POINT('',(-8.123337580595,-17.57764582256,
    36.521197941243));
#2246 = CARTESIAN_POINT('',(-6.464828718818,-18.21028066957,
    36.578395473696));
#2247 = CARTESIAN_POINT('',(-4.755081511142,-18.66413772045,
    36.635570081922));
#2248 = CARTESIAN_POINT('',(-1.004120476577,-19.25059714744,
    36.758865674057));
#2249 = CARTESIAN_POINT('',(1.049525914663,-19.32111307473,
    36.825060673139));
#2250 = CARTESIAN_POINT('',(3.10585015606,-19.14058902852,
    36.891168877611));
#2251 = CARTESIAN_POINT('',(5.129228062795,-18.71055341733,
    36.957200625838));
#2252 = CARTESIAN_POINT('',(7.085240854714,-18.03745051564,
    37.023177666601));
#2253 = CARTESIAN_POINT('',(8.940967344792,-17.13328675619,
    37.089122296619));
#2254 = CARTESIAN_POINT('',(10.664901664566,-16.01494615296,
    37.155045869477));
#2255 = CARTESIAN_POINT('',(12.987979822504,-14.0719328281,
    37.25283906536));
#2256 = CARTESIAN_POINT('',(13.710162797389,-13.39148593435,
    37.284810395125));
#2257 = CARTESIAN_POINT('',(14.391602193141,-12.6686721842,
    37.316767855673));
#2258 = CARTESIAN_POINT('',(15.029404940047,-11.90635066347,
    37.348711128818));
#2259 = CARTESIAN_POINT('',(15.620935726005,-11.10758929222,
    37.380640953547));
#2260 = CARTESIAN_POINT('',(16.163809551322,-10.27565664438,
    37.412558051967));
#2261 = CARTESIAN_POINT('',(16.655902283089,-9.414027913052,
    37.44446206334));
#2262 = CARTESIAN_POINT('',(17.356471650225,-7.999069878606,
    37.495295340152));
#2263 = CARTESIAN_POINT('',(17.598545411309,-7.463463978339,
    37.514202206384));
#2264 = CARTESIAN_POINT('',(17.821329035821,-6.920416766139,
    37.533070661939));
#2265 = CARTESIAN_POINT('',(18.02459780617,-6.370759970089,
    37.551900487421));
#2266 = CARTESIAN_POINT('',(18.208172211237,-5.815326922824,
    37.570691589349));
#2267 = CARTESIAN_POINT('',(18.371916413891,-5.254951883502,
    37.589443922498));
#2268 = CARTESIAN_POINT('',(18.5157367185,-4.690469359777,
    37.608157412241));
#2269 = CARTESIAN_POINT('',(18.750244976361,-3.61537339098,
    37.64351915943));
#2270 = CARTESIAN_POINT('',(18.845138848356,-3.104592082039,
    37.660202499602));
#2271 = CARTESIAN_POINT('',(18.924134996603,-2.590943247231,
    37.676881812509));
#2272 = CARTESIAN_POINT('',(18.987131850027,-2.075003975788,
    37.693557091072));
#2273 = CARTESIAN_POINT('',(19.034053054939,-1.557354677219,
    37.710228362051));
#2274 = CARTESIAN_POINT('',(19.064847605647,-1.038579056644,
    37.726895642068));
#2275 = CARTESIAN_POINT('',(19.07948997509,-0.519264090125,
    37.743558893636));
#2276 = CARTESIAN_POINT('',(19.077980245456,-2.84217094304E-14,
    37.76021798118));
#2277 = PCURVE('',#43,#2278);
#2278 = DEFINITIONAL_REPRESENTATION('',(#2279),#2359);
#2279 = B_SPLINE_CURVE_WITH_KNOTS('',8,(#2280,#2281,#2282,#2283,#2284,
    #2285,#2286,#2287,#2288,#2289,#2290,#2291,#2292,#2293,#2294,#2295,
    #2296,#2297,#2298,#2299,#2300,#2301,#2302,#2303,#2304,#2305,#2306,
    #2307,#2308,#2309,#2310,#2311,#2312,#2313,#2314,#2315,#2316,#2317,
    #2318,#2319,#2320,#2321,#2322,#2323,#2324,#2325,#2326,#2327,#2328,
    #2329,#2330,#2331,#2332,#2333,#2334,#2335,#2336,#2337,#2338,#2339,
    #2340,#2341,#2342,#2343,#2344,#2345,#2346,#2347,#2348,#2349,#2350,
    #2351,#2352,#2353,#2354,#2355,#2356,#2357,#2358),.UNSPECIFIED.,.F.,
  .F.,(9,7,7,7,7,7,7,7,7,7,7,9),(0.,0.116020093269,0.204473031216,
    0.331905702372,0.460905199129,0.495066164999,0.60998890143,
    0.726206296628,0.860900746032,0.926359916485,0.965249090396,1.),
  .UNSPECIFIED.);
#2280 = CARTESIAN_POINT('',(0.,-33.80027118245));
#2281 = CARTESIAN_POINT('',(-9.031773927451E-02,-33.85867893489));
#2282 = CARTESIAN_POINT('',(-0.180706208577,-33.91708708798));
#2283 = CARTESIAN_POINT('',(-0.271100373001,-33.97545315342));
#2284 = CARTESIAN_POINT('',(-0.361504707983,-34.03377990244));
#2285 = CARTESIAN_POINT('',(-0.451936785126,-34.09207867066));
#2286 = CARTESIAN_POINT('',(-0.542414318521,-34.15036101231));
#2287 = CARTESIAN_POINT('',(-0.632942692817,-34.20863032048));
#2288 = CARTESIAN_POINT('',(-0.792465212449,-34.31122759929));
#2289 = CARTESIAN_POINT('',(-0.861500285885,-34.35560106051));
#2290 = CARTESIAN_POINT('',(-0.930546856449,-34.39995524557));
#2291 = CARTESIAN_POINT('',(-0.999603643196,-34.4442892411));
#2292 = CARTESIAN_POINT('',(-1.068676665651,-34.48860674634));
#2293 = CARTESIAN_POINT('',(-1.137772008664,-34.53291142615));
#2294 = CARTESIAN_POINT('',(-1.206888539715,-34.57720229727));
#2295 = CARTESIAN_POINT('',(-1.375593546394,-34.68524365981));
#2296 = CARTESIAN_POINT('',(-1.475279486746,-34.74902693739));
#2297 = CARTESIAN_POINT('',(-1.574961644078,-34.81274990466));
#2298 = CARTESIAN_POINT('',(-1.67465047505,-34.87641906846));
#2299 = CARTESIAN_POINT('',(-1.774372770482,-34.94005153117));
#2300 = CARTESIAN_POINT('',(-1.874155493594,-35.00366493844));
#2301 = CARTESIAN_POINT('',(-1.974010413156,-35.06726618383));
#2302 = CARTESIAN_POINT('',(-2.174879742385,-35.19508881796));
#2303 = CARTESIAN_POINT('',(-2.276037150796,-35.25939974543));
#2304 = CARTESIAN_POINT('',(-2.377188585748,-35.32364550815));
#2305 = CARTESIAN_POINT('',(-2.478345827704,-35.38783229482));
#2306 = CARTESIAN_POINT('',(-2.579537373988,-35.45197665911));
#2307 = CARTESIAN_POINT('',(-2.680791879587,-35.51609571229));
#2308 = CARTESIAN_POINT('',(-2.78212254295,-35.58020411747));
#2309 = CARTESIAN_POINT('',(-2.910238809896,-35.66118398352));
#2310 = CARTESIAN_POINT('',(-2.937065030563,-35.67813614773));
#2311 = CARTESIAN_POINT('',(-2.963893710037,-35.69508573017));
#2312 = CARTESIAN_POINT('',(-2.990724836587,-35.71203268265));
#2313 = CARTESIAN_POINT('',(-3.017558398844,-35.72897687054));
#2314 = CARTESIAN_POINT('',(-3.044394385797,-35.7459180728));
#2315 = CARTESIAN_POINT('',(-3.071232786795,-35.76285598194));
#2316 = CARTESIAN_POINT('',(-3.188370181577,-35.83675952841));
#2317 = CARTESIAN_POINT('',(-3.27873682908,-35.8937128452));
#2318 = CARTESIAN_POINT('',(-3.369108629606,-35.95062609544));
#2319 = CARTESIAN_POINT('',(-3.459490208211,-36.00749944998));
#2320 = CARTESIAN_POINT('',(-3.549899129704,-36.06433883521));
#2321 = CARTESIAN_POINT('',(-3.640353102934,-36.12115379469));
#2322 = CARTESIAN_POINT('',(-3.730857423448,-36.17794656134));
#2323 = CARTESIAN_POINT('',(-3.912857245824,-36.29204618581));
#2324 = CARTESIAN_POINT('',(-4.004440465027,-36.34940680936));
#2325 = CARTESIAN_POINT('',(-4.09602788155,-36.40671501556));
#2326 = CARTESIAN_POINT('',(-4.187624611062,-36.46397476971));
#2327 = CARTESIAN_POINT('',(-4.279249276908,-36.52119794124));
#2328 = CARTESIAN_POINT('',(-4.370920647055,-36.57839547369));
#2329 = CARTESIAN_POINT('',(-4.462644658847,-36.63557008192));
#2330 = CARTESIAN_POINT('',(-4.660640394677,-36.75886567405));
#2331 = CARTESIAN_POINT('',(-4.767062051706,-36.82506067314));
#2332 = CARTESIAN_POINT('',(-4.873468202476,-36.8911688776));
#2333 = CARTESIAN_POINT('',(-4.979876521386,-36.95720062584));
#2334 = CARTESIAN_POINT('',(-5.086322162743,-37.02317766659));
#2335 = CARTESIAN_POINT('',(-5.192840466152,-37.08912229662));
#2336 = CARTESIAN_POINT('',(-5.299450989097,-37.15504586947));
#2337 = CARTESIAN_POINT('',(-5.457789413458,-37.25283906536));
#2338 = CARTESIAN_POINT('',(-5.509584741811,-37.28481039512));
#2339 = CARTESIAN_POINT('',(-5.561387851278,-37.31676785567));
#2340 = CARTESIAN_POINT('',(-5.613198433782,-37.34871112881));
#2341 = CARTESIAN_POINT('',(-5.66501794475,-37.38064095354));
#2342 = CARTESIAN_POINT('',(-5.716847852752,-37.41255805196));
#2343 = CARTESIAN_POINT('',(-5.768687879937,-37.44446206334));
#2344 = CARTESIAN_POINT('',(-5.851336057323,-37.49529534015));
#2345 = CARTESIAN_POINT('',(-5.88208729689,-37.51420220638));
#2346 = CARTESIAN_POINT('',(-5.912787254846,-37.53307066193));
#2347 = CARTESIAN_POINT('',(-5.943435560942,-37.55190048742));
#2348 = CARTESIAN_POINT('',(-5.974032044757,-37.57069158934));
#2349 = CARTESIAN_POINT('',(-6.004576608672,-37.58944392249));
#2350 = CARTESIAN_POINT('',(-6.03506910083,-37.60815741224));
#2351 = CARTESIAN_POINT('',(-6.092710093,-37.64351915943));
#2352 = CARTESIAN_POINT('',(-6.119913520773,-37.6602024996));
#2353 = CARTESIAN_POINT('',(-6.147119357939,-37.67688181251));
#2354 = CARTESIAN_POINT('',(-6.174327613656,-37.69355709106));
#2355 = CARTESIAN_POINT('',(-6.201538348467,-37.71022836204));
#2356 = CARTESIAN_POINT('',(-6.228751603038,-37.72689564206));
#2357 = CARTESIAN_POINT('',(-6.255967326898,-37.74355889365));
#2358 = CARTESIAN_POINT('',(-6.28318530718,-37.76021798118));
#2359 = ( GEOMETRIC_REPRESENTATION_CONTEXT(2) 
PARAMETRIC_REPRESENTATION_CONTEXT() REPRESENTATION_CONTEXT('2D SPACE',''
  ) );
#2360 = PCURVE('',#153,#2361);
#2361 = DEFINITIONAL_REPRESENTATION('',(#2362),#2442);
#2362 = B_SPLINE_CURVE_WITH_KNOTS('',8,(#2363,#2364,#2365,#2366,#2367,
    #2368,#2369,#2370,#2371,#2372,#2373,#2374,#2375,#2376,#2377,#2378,
    #2379,#2380,#2381,#2382,#2383,#2384,#2385,#2386,#2387,#2388,#2389,
    #2390,#2391,#2392,#2393,#2394,#2395,#2396,#2397,#2398,#2399,#2400,
    #2401,#2402,#2403,#2404,#2405,#2406,#2407,#2408,#2409,#2410,#2411,
    #2412,#2413,#2414,#2415,#2416,#2417,#2418,#2419,#2420,#2421,#2422,
    #2423,#2424,#2425,#2426,#2427,#2428,#2429,#2430,#2431,#2432,#2433,
    #2434,#2435,#2436,#2437,#2438,#2439,#2440,#2441),.UNSPECIFIED.,.F.,
  .F.,(9,7,7,7,7,7,7,7,7,7,7,9),(0.,0.116020093269,0.204473031216,
    0.331905702372,0.460905199129,0.495066164999,0.60998890143,
    0.726206296628,0.860900746032,0.926359916485,0.965249090396,1.),
  .UNSPECIFIED.);
#2363 = CARTESIAN_POINT('',(2.009010837128,60.689318799375));
#2364 = CARTESIAN_POINT('',(2.003076116119,60.798135518801));
#2365 = CARTESIAN_POINT('',(1.997122199921,60.907037007734));
#2366 = CARTESIAN_POINT('',(1.991152500218,61.01594491762));
#2367 = CARTESIAN_POINT('',(1.985166359986,61.12486467016));
#2368 = CARTESIAN_POINT('',(1.979162971409,61.23381747438));
#2369 = CARTESIAN_POINT('',(1.973142001327,61.342824676518));
#2370 = CARTESIAN_POINT('',(1.967103565775,61.451892731499));
#2371 = CARTESIAN_POINT('',(1.956438363334,61.644083752083));
#2372 = CARTESIAN_POINT('',(1.951814730086,61.727256211732));
#2373 = CARTESIAN_POINT('',(1.9471821877,61.810442248972));
#2374 = CARTESIAN_POINT('',(1.94254065425,61.893640296812));
#2375 = CARTESIAN_POINT('',(1.937889344719,61.976857588356));
#2376 = CARTESIAN_POINT('',(1.93322730408,62.060101446661));
#2377 = CARTESIAN_POINT('',(1.928554027782,62.143370513439));
#2378 = CARTESIAN_POINT('',(1.917122213446,62.346619399826));
#2379 = CARTESIAN_POINT('',(1.910346084955,62.466716318447));
#2380 = CARTESIAN_POINT('',(1.903547687113,62.586808110066));
#2381 = CARTESIAN_POINT('',(1.896725621652,62.706907466707));
#2382 = CARTESIAN_POINT('',(1.889878481584,62.827046780528));
#2383 = CARTESIAN_POINT('',(1.883006153129,62.947258519962));
#2384 = CARTESIAN_POINT('',(1.876107336207,63.067556680109));
#2385 = CARTESIAN_POINT('',(1.86218304066,63.309548415603));
#2386 = CARTESIAN_POINT('',(1.855147072119,63.431414247684));
#2387 = CARTESIAN_POINT('',(1.848085984076,63.553271954376));
#2388 = CARTESIAN_POINT('',(1.840995674568,63.675135585466));
#2389 = CARTESIAN_POINT('',(1.833870569979,63.797039376965));
#2390 = CARTESIAN_POINT('',(1.82670655541,63.919018385376));
#2391 = CARTESIAN_POINT('',(1.819519220026,64.041089062017));
#2392 = CARTESIAN_POINT('',(1.81040828741,64.195427288783));
#2393 = CARTESIAN_POINT('',(1.808499165825,64.227744092015));
#2394 = CARTESIAN_POINT('',(1.806588604089,64.260063828614));
#2395 = CARTESIAN_POINT('',(1.804676512686,64.292386475562));
#2396 = CARTESIAN_POINT('',(1.802762590455,64.324712005578));
#2397 = CARTESIAN_POINT('',(1.800846324585,64.357040387119));
#2398 = CARTESIAN_POINT('',(1.798926990621,64.389371584377));
#2399 = CARTESIAN_POINT('',(1.790533247451,64.530482008732));
#2400 = CARTESIAN_POINT('',(1.784010231821,64.639342139933));
#2401 = CARTESIAN_POINT('',(1.777482440683,64.748208784568));
#2402 = CARTESIAN_POINT('',(1.770944228291,64.857085384433));
#2403 = CARTESIAN_POINT('',(1.764379690479,64.965994709619));
#2404 = CARTESIAN_POINT('',(1.757785534556,65.074957117283));
#2405 = CARTESIAN_POINT('',(1.751158425653,65.183979749388));
#2406 = CARTESIAN_POINT('',(1.737774350616,65.403217907337));
#2407 = CARTESIAN_POINT('',(1.731010223924,65.513539112958));
#2408 = CARTESIAN_POINT('',(1.724216779941,65.623864911102));
#2409 = CARTESIAN_POINT('',(1.717395747036,65.734201438383));
#2410 = CARTESIAN_POINT('',(1.710546824008,65.844570947189));
#2411 = CARTESIAN_POINT('',(1.703667358659,65.954995899535));
#2412 = CARTESIAN_POINT('',(1.696755397149,66.065483379871));
#2413 = CARTESIAN_POINT('',(1.681770971166,66.303980085776));
#2414 = CARTESIAN_POINT('',(1.673676944669,66.432169609939));
#2415 = CARTESIAN_POINT('',(1.665542017681,66.560339255461));
#2416 = CARTESIAN_POINT('',(1.657363348575,66.688510418177));
#2417 = CARTESIAN_POINT('',(1.649138726516,66.816725623213));
#2418 = CARTESIAN_POINT('',(1.64086684742,66.945027478644));
#2419 = CARTESIAN_POINT('',(1.632545897144,67.073439482764));
#2420 = CARTESIAN_POINT('',(1.620124004209,67.26415606215));
#2421 = CARTESIAN_POINT('',(1.616050469438,67.326542624772));
#2422 = CARTESIAN_POINT('',(1.611966083443,67.388938310958));
#2423 = CARTESIAN_POINT('',(1.607870678195,67.451342737845));
#2424 = CARTESIAN_POINT('',(1.603763887982,67.51375764683));
#2425 = CARTESIAN_POINT('',(1.599645305002,67.576184796887));
#2426 = CARTESIAN_POINT('',(1.59551465029,67.638623846273));
#2427 = CARTESIAN_POINT('',(1.588910795192,67.738169501053));
#2428 = CARTESIAN_POINT('',(1.586449602652,67.775207749694));
#2429 = CARTESIAN_POINT('',(1.583988405777,67.812184128685));
#2430 = CARTESIAN_POINT('',(1.581527206732,67.849098192283));
#2431 = CARTESIAN_POINT('',(1.579065997557,67.885949735794));
#2432 = CARTESIAN_POINT('',(1.576604771318,67.922738642491));
#2433 = CARTESIAN_POINT('',(1.574143533253,67.959464730545));
#2434 = CARTESIAN_POINT('',(1.569482993394,68.028889109956));
#2435 = CARTESIAN_POINT('',(1.567280041559,68.061653576681));
#2436 = CARTESIAN_POINT('',(1.565073588271,68.094420867245));
#2437 = CARTESIAN_POINT('',(1.562863597548,68.127190992622));
#2438 = CARTESIAN_POINT('',(1.560649961077,68.159964023947));
#2439 = CARTESIAN_POINT('',(1.558432593731,68.192740008824));
#2440 = CARTESIAN_POINT('',(1.55621152908,68.225518887636));
#2441 = CARTESIAN_POINT('',(1.553987014907,68.258300409853));
#2442 = ( GEOMETRIC_REPRESENTATION_CONTEXT(2) 
PARAMETRIC_REPRESENTATION_CONTEXT() REPRESENTATION_CONTEXT('2D SPACE',''
  ) );
#2443 = FACE_BOUND('',#2444,.T.);
#2444 = EDGE_LOOP('',(#2445,#2969));
#2445 = ORIENTED_EDGE('',*,*,#2446,.T.);
#2446 = EDGE_CURVE('',#2447,#513,#2449,.T.);
#2447 = VERTEX_POINT('',#2448);
#2448 = CARTESIAN_POINT('',(-8.628890745825,17.698800455157,
    31.004320624758));
#2449 = SURFACE_CURVE('',#2450,(#2621,#2795),.PCURVE_S1.);
#2450 = B_SPLINE_CURVE_WITH_KNOTS('',8,(#2451,#2452,#2453,#2454,#2455,
    #2456,#2457,#2458,#2459,#2460,#2461,#2462,#2463,#2464,#2465,#2466,
    #2467,#2468,#2469,#2470,#2471,#2472,#2473,#2474,#2475,#2476,#2477,
    #2478,#2479,#2480,#2481,#2482,#2483,#2484,#2485,#2486,#2487,#2488,
    #2489,#2490,#2491,#2492,#2493,#2494,#2495,#2496,#2497,#2498,#2499,
    #2500,#2501,#2502,#2503,#2504,#2505,#2506,#2507,#2508,#2509,#2510,
    #2511,#2512,#2513,#2514,#2515,#2516,#2517,#2518,#2519,#2520,#2521,
    #2522,#2523,#2524,#2525,#2526,#2527,#2528,#2529,#2530,#2531,#2532,
    #2533,#2534,#2535,#2536,#2537,#2538,#2539,#2540,#2541,#2542,#2543,
    #2544,#2545,#2546,#2547,#2548,#2549,#2550,#2551,#2552,#2553,#2554,
    #2555,#2556,#2557,#2558,#2559,#2560,#2561,#2562,#2563,#2564,#2565,
    #2566,#2567,#2568,#2569,#2570,#2571,#2572,#2573,#2574,#2575,#2576,
    #2577,#2578,#2579,#2580,#2581,#2582,#2583,#2584,#2585,#2586,#2587,
    #2588,#2589,#2590,#2591,#2592,#2593,#2594,#2595,#2596,#2597,#2598,
    #2599,#2600,#2601,#2602,#2603,#2604,#2605,#2606,#2607,#2608,#2609,
    #2610,#2611,#2612,#2613,#2614,#2615,#2616,#2617,#2618,#2619,#2620),
  .UNSPECIFIED.,.F.,.F.,(9,7,7,7,7,7,7,7,7,7,7,7,7,7,7,7,7,7,7,7,7,7,7,7
    ,9),(0.,0.214827686718,0.47396187376,0.691377569843,0.745802454919,
    0.778381189173,0.803184956481,0.823043843057,0.838755630709,
    0.852109895382,0.862853376859,0.872218353131,0.879861459044,
    0.890752511546,0.895776263106,0.898409876696,0.90042100057,
    0.900849339206,0.90159751366,0.904715195617,0.908115445318,
    0.912679205332,0.925809255998,0.956620738997,1.),.UNSPECIFIED.);
#2451 = CARTESIAN_POINT('',(-8.628890745826,17.698800455157,
    31.004320624758));
#2452 = CARTESIAN_POINT('',(-9.513163461426,17.264289871966,
    31.037958000492));
#2453 = CARTESIAN_POINT('',(-10.37261204226,16.779199594163,
    31.071595351059));
#2454 = CARTESIAN_POINT('',(-11.20379508728,16.245202095335,
    31.105230171554));
#2455 = CARTESIAN_POINT('',(-12.00346694016,15.664231848523,
    31.138861921893));
#2456 = CARTESIAN_POINT('',(-12.7685614059,15.038461845565,
    31.172491023733));
#2457 = CARTESIAN_POINT('',(-13.49618729064,14.370295414021,
    31.206117849553));
#2458 = CARTESIAN_POINT('',(-14.18363576475,13.662373331685,
    31.239741703884));
#2459 = CARTESIAN_POINT('',(-15.60614073187,12.019214798773,
    31.313911353584));
#2460 = CARTESIAN_POINT('',(-16.32189256847,11.067072451257,
    31.354460589893));
#2461 = CARTESIAN_POINT('',(-16.97118492627,10.06627652836,
    31.395000779586));
#2462 = CARTESIAN_POINT('',(-17.55018336207,9.022274281061,
    31.435530044688));
#2463 = CARTESIAN_POINT('',(-18.05561283414,7.940808569805,
    31.476048814817));
#2464 = CARTESIAN_POINT('',(-18.48473481994,6.827900914027,
    31.516557172386));
#2465 = CARTESIAN_POINT('',(-18.83537783959,5.689861900473,
    31.557052083515));
#2466 = CARTESIAN_POINT('',(-19.33309352677,3.562988373971,
    31.631481214403));
#2467 = CARTESIAN_POINT('',(-19.5038799154,2.579507641123,
    31.665426305183));
#2468 = CARTESIAN_POINT('',(-19.61746496475,1.586773703403,
    31.699355274288));
#2469 = CARTESIAN_POINT('',(-19.67328294667,0.588692257232,
    31.733265285102));
#2470 = CARTESIAN_POINT('',(-19.67108405503,-0.410816000182,
    31.767153867529));
#2471 = CARTESIAN_POINT('',(-19.61093550773,-1.407810590038,
    31.8010168408));
#2472 = CARTESIAN_POINT('',(-19.49322606449,-2.398335936899,
    31.834847957796));
#2473 = CARTESIAN_POINT('',(-19.27504777093,-3.623726712316,
    31.877088944751));
#2474 = CARTESIAN_POINT('',(-19.22780760659,-3.868407228852,
    31.885543094449));
#2475 = CARTESIAN_POINT('',(-19.17702036302,-4.11237235539,
    31.893994163069));
#2476 = CARTESIAN_POINT('',(-19.12269927199,-4.3555602709,
    31.902441914768));
#2477 = CARTESIAN_POINT('',(-19.06485901334,-4.597909113982,
    31.91088607627));
#2478 = CARTESIAN_POINT('',(-19.00351579518,-4.839356912125,
    31.919326323138));
#2479 = CARTESIAN_POINT('',(-18.93868743409,-5.079841510969,
    31.927762266038));
#2480 = CARTESIAN_POINT('',(-18.82951265014,-5.462640647944,
    31.941240335655));
#2481 = CARTESIAN_POINT('',(-18.78739006244,-5.605613259346,
    31.946285522942));
#2482 = CARTESIAN_POINT('',(-18.74402986292,-5.748204955926,
    31.951328897182));
#2483 = CARTESIAN_POINT('',(-18.69943646769,-5.890402291026,
    31.956370345534));
#2484 = CARTESIAN_POINT('',(-18.65361454017,-6.032191732629,
    31.961409740527));
#2485 = CARTESIAN_POINT('',(-18.60656901307,-6.173559642821,
    31.96644693659));
#2486 = CARTESIAN_POINT('',(-18.55830511023,-6.314492257242,
    31.971481766572));
#2487 = CARTESIAN_POINT('',(-18.47115933039,-6.561932482403,
    31.980345350287));
#2488 = CARTESIAN_POINT('',(-18.43278728473,-6.668628872926,
    31.984175176929));
#2489 = CARTESIAN_POINT('',(-18.39371466413,-6.775058732405,
    31.988003436498));
#2490 = CARTESIAN_POINT('',(-18.3539440348,-6.881215831638,
    31.991830032591));
#2491 = CARTESIAN_POINT('',(-18.31347810126,-6.987093827896,
    31.995654855282));
#2492 = CARTESIAN_POINT('',(-18.27231971086,-7.092686276869,
    31.9994777823));
#2493 = CARTESIAN_POINT('',(-18.23047185837,-7.197986644627,
    32.003298680211));
#2494 = CARTESIAN_POINT('',(-18.15388313738,-7.387056853476,
    32.010174829631));
#2495 = CARTESIAN_POINT('',(-18.11938865407,-7.470933880734,
    32.013230859038));
#2496 = CARTESIAN_POINT('',(-18.08445586004,-7.554616002428,
    32.016285417272));
#2497 = CARTESIAN_POINT('',(-18.04908645896,-7.638099728479,
    32.019338419213));
#2498 = CARTESIAN_POINT('',(-18.01328225396,-7.721381461501,
    32.022389768913));
#2499 = CARTESIAN_POINT('',(-17.97704516273,-7.804457480674,
    32.025439357344));
#2500 = CARTESIAN_POINT('',(-17.94037723266,-7.887323925608,
    32.028487060144));
#2501 = CARTESIAN_POINT('',(-17.87393089695,-8.035369373867,
    32.033942387192));
#2502 = CARTESIAN_POINT('',(-17.84431284096,-8.100628235458,
    32.036350768592));
#2503 = CARTESIAN_POINT('',(-17.81442757337,-8.165751381786,
    32.038757808927));
#2504 = CARTESIAN_POINT('',(-17.78427625071,-8.230736734231,
    32.041163429605));
#2505 = CARTESIAN_POINT('',(-17.75386011468,-8.29558210283,
    32.043567542051));
#2506 = CARTESIAN_POINT('',(-17.72318050609,-8.360285170351,
    32.045970045681));
#2507 = CARTESIAN_POINT('',(-17.6922388788,-8.424843476373,
    32.048370825873));
#2508 = CARTESIAN_POINT('',(-17.63451655736,-8.544000593138,
    32.05280872385));
#2509 = CARTESIAN_POINT('',(-17.6078081782,-8.598640267947,
    32.054846354642));
#2510 = CARTESIAN_POINT('',(-17.58091264351,-8.653171829613,
    32.056882563845));
#2511 = CARTESIAN_POINT('',(-17.55383100784,-8.707593552477,
    32.058917261227));
#2512 = CARTESIAN_POINT('',(-17.52656443234,-8.761903557926,
    32.060950344074));
#2513 = CARTESIAN_POINT('',(-17.4991142041,-8.81609979094,
    32.062981694466));
#2514 = CARTESIAN_POINT('',(-17.47148175548,-8.870179996639,
    32.065011176559));
#2515 = CARTESIAN_POINT('',(-17.42129311794,-8.967553785817,
    32.068669719549));
#2516 = CARTESIAN_POINT('',(-17.39880067885,-9.010889119449,
    32.070299492678));
#2517 = CARTESIAN_POINT('',(-17.37619219392,-9.05414641966,
    32.07192787147));
#2518 = CARTESIAN_POINT('',(-17.35346858675,-9.097324259921,
    32.073554763781));
#2519 = CARTESIAN_POINT('',(-17.33063089866,-9.140421037266,
    32.075180064148));
#2520 = CARTESIAN_POINT('',(-17.30768031061,-9.183434944333,
    32.076803650819));
#2521 = CARTESIAN_POINT('',(-17.28461816498,-9.226363941399,
    32.078425382802));
#2522 = CARTESIAN_POINT('',(-17.24124705173,-9.306550449462,
    32.081456984102));
#2523 = CARTESIAN_POINT('',(-17.22096456206,-9.343828806128,
    32.082867334465));
#2524 = CARTESIAN_POINT('',(-17.20059951454,-9.381039309099,
    32.084276039887));
#2525 = CARTESIAN_POINT('',(-17.18015305846,-9.418180225588,
    32.085682976771));
#2526 = CARTESIAN_POINT('',(-17.1596265378,-9.45524952382,
    32.087088000682));
#2527 = CARTESIAN_POINT('',(-17.13902153259,-9.49224481752,32.088490941)
  );
#2528 = CARTESIAN_POINT('',(-17.11833990034,-9.529163310397,
    32.089891595586));
#2529 = CARTESIAN_POINT('',(-17.08064400511,-9.596066955507,
    32.092430791269));
#2530 = CARTESIAN_POINT('',(-17.06365469499,-9.626078677645,
    32.093570169403));
#2531 = CARTESIAN_POINT('',(-17.04661704607,-9.656035186239,
    32.09470772987));
#2532 = CARTESIAN_POINT('',(-17.02953243645,-9.685934408973,
    32.095843322141));
#2533 = CARTESIAN_POINT('',(-17.01240253009,-9.715773828787,
    32.096976766992));
#2534 = CARTESIAN_POINT('',(-16.99522934347,-9.745550390653,
    32.09810784838));
#2535 = CARTESIAN_POINT('',(-16.97801531238,-9.775260408335,
    32.099236305317));
#2536 = CARTESIAN_POINT('',(-16.9361801673,-9.847133687616,
    32.101965632499));
#2537 = CARTESIAN_POINT('',(-16.91152650678,-9.889212600546,
    32.103563050701));
#2538 = CARTESIAN_POINT('',(-16.88680492495,-9.931133932535,
    32.105153541771));
#2539 = CARTESIAN_POINT('',(-16.8620230307,-9.972886573019,
    32.106736186226));
#2540 = CARTESIAN_POINT('',(-16.83719857276,-10.01444306817,
    32.108309152128));
#2541 = CARTESIAN_POINT('',(-16.81235771733,-10.05576281337,
    32.109869908839));
#2542 = CARTESIAN_POINT('',(-16.78753879772,-10.09678676789,
    32.111414816227));
#2543 = CARTESIAN_POINT('',(-16.75140883305,-10.15614039195,
    32.113638735739));
#2544 = CARTESIAN_POINT('',(-16.74003036604,-10.17477912357,
    32.114335454662));
#2545 = CARTESIAN_POINT('',(-16.72868109251,-10.19331720033,
    32.115026440801));
#2546 = CARTESIAN_POINT('',(-16.71736886348,-10.21174262563,
    32.115710890492));
#2547 = CARTESIAN_POINT('',(-16.70611017366,-10.23002962256,
    32.116387315759));
#2548 = CARTESIAN_POINT('',(-16.69492919672,-10.24814036038,
    32.117053643344));
#2549 = CARTESIAN_POINT('',(-16.68386079961,-10.26602043683,
    32.117706924821));
#2550 = CARTESIAN_POINT('',(-16.66725452551,-10.29277745221,
    32.118674701115));
#2551 = CARTESIAN_POINT('',(-16.6615988122,-10.30187763309,
    32.119002033494));
#2552 = CARTESIAN_POINT('',(-16.65600059214,-10.31087304512,
    32.119323520688));
#2553 = CARTESIAN_POINT('',(-16.65047185281,-10.31974497353,
    32.11963811221));
#2554 = CARTESIAN_POINT('',(-16.64503223369,-10.32846253909,
    32.119944247775));
#2555 = CARTESIAN_POINT('',(-16.63971060412,-10.33698034106,
    32.120239724164));
#2556 = CARTESIAN_POINT('',(-16.6345507782,-10.3452295461,
    32.120521216497));
#2557 = CARTESIAN_POINT('',(-16.62585708767,-10.3591144411,
    32.120983708015));
#2558 = CARTESIAN_POINT('',(-16.6222502307,-10.36487018474,
    32.121171499897));
#2559 = CARTESIAN_POINT('',(-16.61880304788,-10.37036697958,
    32.1213460703));
#2560 = CARTESIAN_POINT('',(-16.61556473787,-10.37552726115,
    32.121503737427));
#2561 = CARTESIAN_POINT('',(-16.6126215927,-10.38021471176,
    32.121638601837));
#2562 = CARTESIAN_POINT('',(-16.61010297343,-10.3842252933,
    32.121742135027));
#2563 = CARTESIAN_POINT('',(-16.60817445238,-10.38729804097,
    32.12180368761));
#2564 = CARTESIAN_POINT('',(-16.60673707387,-10.38959354464,
    32.121816139344));
#2565 = CARTESIAN_POINT('',(-16.60651890693,-10.38994228053,
    32.1218159981));
#2566 = CARTESIAN_POINT('',(-16.60633644625,-10.39023433906,
    32.121813450131));
#2567 = CARTESIAN_POINT('',(-16.60619088999,-10.39046782524,
    32.121808436668));
#2568 = CARTESIAN_POINT('',(-16.60608314671,-10.39064130105,
    32.121800919286));
#2569 = CARTESIAN_POINT('',(-16.60601383534,-10.39075378546,
    32.121790879904));
#2570 = CARTESIAN_POINT('',(-16.60598328518,-10.39080475442,
    32.121778320788));
#2571 = CARTESIAN_POINT('',(-16.60600594743,-10.39077560228,
    32.12173696597));
#2572 = CARTESIAN_POINT('',(-16.60613863486,-10.39056934397,
    32.121703040824));
#2573 = CARTESIAN_POINT('',(-16.60638948249,-10.3901755257,
    32.12166163822));
#2574 = CARTESIAN_POINT('',(-16.60675481346,-10.38959993199,
    32.121613111255));
#2575 = CARTESIAN_POINT('',(-16.60722828864,-10.38885255365,
    32.121557961436));
#2576 = CARTESIAN_POINT('',(-16.60780180534,-10.3879461692,
    32.121496783117));
#2577 = CARTESIAN_POINT('',(-16.60846639611,-10.38689492638,
    32.12143020793));
#2578 = CARTESIAN_POINT('',(-16.61232479616,-10.38078745661,
    32.121061493724));
#2579 = CARTESIAN_POINT('',(-16.61680695099,-10.37367981715,
    32.120686372382));
#2580 = CARTESIAN_POINT('',(-16.62208366789,-10.36529938538,
    32.120267760157));
#2581 = CARTESIAN_POINT('',(-16.62785938439,-10.3561103405,
    32.119823836484));
#2582 = CARTESIAN_POINT('',(-16.63388878786,-10.34650131352,
    32.119369033174));
#2583 = CARTESIAN_POINT('',(-16.64008265664,-10.33661384239,
    32.118908149416));
#2584 = CARTESIAN_POINT('',(-16.64642085579,-10.3264795357,
    32.118441174159));
#2585 = CARTESIAN_POINT('',(-16.66015921933,-10.30447454863,
    32.117437149252));
#2586 = CARTESIAN_POINT('',(-16.66747426308,-10.29273684785,
    32.11690702293));
#2587 = CARTESIAN_POINT('',(-16.67489442311,-10.28080837922,
    32.116372483609));
#2588 = CARTESIAN_POINT('',(-16.68239177225,-10.26873304101,
    32.115834823315));
#2589 = CARTESIAN_POINT('',(-16.689947569,-10.25654033159,
    32.115294903723));
#2590 = CARTESIAN_POINT('',(-16.69754878201,-10.24425075913,
    32.114753281742));
#2591 = CARTESIAN_POINT('',(-16.70518697646,-10.23187750416,
    32.114210245591));
#2592 = CARTESIAN_POINT('',(-16.72315758325,-10.20270989271,
    32.112934963514));
#2593 = CARTESIAN_POINT('',(-16.73351002658,-10.18586370615,
    32.112202084611));
#2594 = CARTESIAN_POINT('',(-16.7439011895,-10.1689102838,
    32.111467679891));
#2595 = CARTESIAN_POINT('',(-16.75431983415,-10.15186718914,
    32.110732156609));
#2596 = CARTESIAN_POINT('',(-16.7647577478,-10.13474727181,
    32.109995808378));
#2597 = CARTESIAN_POINT('',(-16.77520882177,-10.11756007925,
    32.109258836579));
#2598 = CARTESIAN_POINT('',(-16.78566864921,-10.10031244865,
    32.108521358846));
#2599 = CARTESIAN_POINT('',(-16.82624556227,-10.03322375457,
    32.105660292075));
#2600 = CARTESIAN_POINT('',(-16.85639425956,-9.982993136322,
    32.103534156428));
#2601 = CARTESIAN_POINT('',(-16.88650589402,-9.932431616699,
    32.101406595376));
#2602 = CARTESIAN_POINT('',(-16.91654122857,-9.881599878598,
    32.099278647017));
#2603 = CARTESIAN_POINT('',(-16.94647356844,-9.830539636164,
    32.097150971082));
#2604 = CARTESIAN_POINT('',(-16.97628487611,-9.779279028558,
    32.095023857786));
#2605 = CARTESIAN_POINT('',(-17.00596772184,-9.727828903217,
    32.092897200304));
#2606 = CARTESIAN_POINT('',(-17.10486761202,-9.555015589574,
    32.085780126923));
#2607 = CARTESIAN_POINT('',(-17.17345106907,-9.432883098891,
    32.080793003618));
#2608 = CARTESIAN_POINT('',(-17.241171619,-9.3099410255,32.075809005068)
  );
#2609 = CARTESIAN_POINT('',(-17.30798123605,-9.186262967046,
    32.070828508542));
#2610 = CARTESIAN_POINT('',(-17.373841266,-9.061910113116,
    32.065851552476));
#2611 = CARTESIAN_POINT('',(-17.43873060041,-8.936916469438,
    32.06087799614));
#2612 = CARTESIAN_POINT('',(-17.50263439525,-8.81130489613,
    32.055907343695));
#2613 = CARTESIAN_POINT('',(-17.65411920691,-8.507373656177,
    32.043943529721));
#2614 = CARTESIAN_POINT('',(-17.74070920477,-8.328487021201,
    32.036953712456));
#2615 = CARTESIAN_POINT('',(-17.82527807617,-8.148483746215,
    32.029968608369));
#2616 = CARTESIAN_POINT('',(-17.90779676933,-7.967414155137,
    32.022987829653));
#2617 = CARTESIAN_POINT('',(-17.98824113772,-7.785322773557,
    32.016011069309));
#2618 = CARTESIAN_POINT('',(-18.06659052775,-7.602249853677,
    32.009038030532));
#2619 = CARTESIAN_POINT('',(-18.14282740184,-7.418231400654,
    32.002068419022));
#2620 = CARTESIAN_POINT('',(-18.21693630961,-7.233300228116,
    31.995101899626));
#2621 = PCURVE('',#43,#2622);
#2622 = DEFINITIONAL_REPRESENTATION('',(#2623),#2794);
#2623 = B_SPLINE_CURVE_WITH_KNOTS('',8,(#2624,#2625,#2626,#2627,#2628,
    #2629,#2630,#2631,#2632,#2633,#2634,#2635,#2636,#2637,#2638,#2639,
    #2640,#2641,#2642,#2643,#2644,#2645,#2646,#2647,#2648,#2649,#2650,
    #2651,#2652,#2653,#2654,#2655,#2656,#2657,#2658,#2659,#2660,#2661,
    #2662,#2663,#2664,#2665,#2666,#2667,#2668,#2669,#2670,#2671,#2672,
    #2673,#2674,#2675,#2676,#2677,#2678,#2679,#2680,#2681,#2682,#2683,
    #2684,#2685,#2686,#2687,#2688,#2689,#2690,#2691,#2692,#2693,#2694,
    #2695,#2696,#2697,#2698,#2699,#2700,#2701,#2702,#2703,#2704,#2705,
    #2706,#2707,#2708,#2709,#2710,#2711,#2712,#2713,#2714,#2715,#2716,
    #2717,#2718,#2719,#2720,#2721,#2722,#2723,#2724,#2725,#2726,#2727,
    #2728,#2729,#2730,#2731,#2732,#2733,#2734,#2735,#2736,#2737,#2738,
    #2739,#2740,#2741,#2742,#2743,#2744,#2745,#2746,#2747,#2748,#2749,
    #2750,#2751,#2752,#2753,#2754,#2755,#2756,#2757,#2758,#2759,#2760,
    #2761,#2762,#2763,#2764,#2765,#2766,#2767,#2768,#2769,#2770,#2771,
    #2772,#2773,#2774,#2775,#2776,#2777,#2778,#2779,#2780,#2781,#2782,
    #2783,#2784,#2785,#2786,#2787,#2788,#2789,#2790,#2791,#2792,#2793),
  .UNSPECIFIED.,.F.,.F.,(9,7,7,7,7,7,7,7,7,7,7,7,7,7,7,7,7,7,7,7,7,7,7,7
    ,9),(0.,0.214827686718,0.47396187376,0.691377569843,0.745802454919,
    0.778381189173,0.803184956481,0.823043843057,0.838755630709,
    0.852109895382,0.862853376859,0.872218353131,0.879861459044,
    0.890752511546,0.895776263106,0.898409876696,0.90042100057,
    0.900849339206,0.90159751366,0.904715195617,0.908115445318,
    0.912679205332,0.925809255998,0.956620738997,1.),.UNSPECIFIED.);
#2624 = CARTESIAN_POINT('',(-2.024427143706,-31.00432062475));
#2625 = CARTESIAN_POINT('',(-2.074464919922,-31.03795800049));
#2626 = CARTESIAN_POINT('',(-2.124512873311,-31.07159535105));
#2627 = CARTESIAN_POINT('',(-2.174567695441,-31.10523017155));
#2628 = CARTESIAN_POINT('',(-2.224629042174,-31.13886192189));
#2629 = CARTESIAN_POINT('',(-2.274698058123,-31.17249102373));
#2630 = CARTESIAN_POINT('',(-2.324775891344,-31.20611784955));
#2631 = CARTESIAN_POINT('',(-2.374862198266,-31.23974170388));
#2632 = CARTESIAN_POINT('',(-2.48537604034,-31.31391135358));
#2633 = CARTESIAN_POINT('',(-2.545814948681,-31.35446058989));
#2634 = CARTESIAN_POINT('',(-2.60626176922,-31.39500077958));
#2635 = CARTESIAN_POINT('',(-2.666715433801,-31.43553004468));
#2636 = CARTESIAN_POINT('',(-2.727178645124,-31.47604881481));
#2637 = CARTESIAN_POINT('',(-2.787654055362,-31.51655717238));
#2638 = CARTESIAN_POINT('',(-2.848140379029,-31.55705208351));
#2639 = CARTESIAN_POINT('',(-2.959378416642,-31.6314812144));
#2640 = CARTESIAN_POINT('',(-3.010135923518,-31.66542630518));
#2641 = CARTESIAN_POINT('',(-3.060896773767,-31.69935527428));
#2642 = CARTESIAN_POINT('',(-3.111659977388,-31.7332652851));
#2643 = CARTESIAN_POINT('',(-3.162425643584,-31.76715386753));
#2644 = CARTESIAN_POINT('',(-3.213193212157,-31.8010168408));
#2645 = CARTESIAN_POINT('',(-3.263960323427,-31.83484795779));
#2646 = CARTESIAN_POINT('',(-3.327424654416,-31.87708894475));
#2647 = CARTESIAN_POINT('',(-3.340130343779,-31.88554309444));
#2648 = CARTESIAN_POINT('',(-3.352835516985,-31.89399416306));
#2649 = CARTESIAN_POINT('',(-3.365540076239,-31.90244191476));
#2650 = CARTESIAN_POINT('',(-3.378243905144,-31.91088607627));
#2651 = CARTESIAN_POINT('',(-3.390946861925,-31.91932632313));
#2652 = CARTESIAN_POINT('',(-3.403648772643,-31.92776226603));
#2653 = CARTESIAN_POINT('',(-3.423952034119,-31.94124033565));
#2654 = CARTESIAN_POINT('',(-3.431554190783,-31.94628552294));
#2655 = CARTESIAN_POINT('',(-3.439155848763,-31.95132889718));
#2656 = CARTESIAN_POINT('',(-3.446756955703,-31.95637034553));
#2657 = CARTESIAN_POINT('',(-3.454357450953,-31.96140974052));
#2658 = CARTESIAN_POINT('',(-3.461957263975,-31.96644693659));
#2659 = CARTESIAN_POINT('',(-3.469556312752,-31.97148176657));
#2660 = CARTESIAN_POINT('',(-3.482939371597,-31.98034535028));
#2661 = CARTESIAN_POINT('',(-3.4887237405,-31.98417517692));
#2662 = CARTESIAN_POINT('',(-3.494507568813,-31.98800343649));
#2663 = CARTESIAN_POINT('',(-3.500290807911,-31.99183003259));
#2664 = CARTESIAN_POINT('',(-3.506073401025,-31.99565485528));
#2665 = CARTESIAN_POINT('',(-3.511855283636,-31.9994777823));
#2666 = CARTESIAN_POINT('',(-3.517636383854,-32.00329868021));
#2667 = CARTESIAN_POINT('',(-3.52804451295,-32.01017482963));
#2668 = CARTESIAN_POINT('',(-3.532671848952,-32.01323085903));
#2669 = CARTESIAN_POINT('',(-3.53729858998,-32.01628541727));
#2670 = CARTESIAN_POINT('',(-3.541924689111,-32.01933841921));
#2671 = CARTESIAN_POINT('',(-3.546550092227,-32.02238976891));
#2672 = CARTESIAN_POINT('',(-3.551174736903,-32.02543935734));
#2673 = CARTESIAN_POINT('',(-3.555798551295,-32.02848706014));
#2674 = CARTESIAN_POINT('',(-3.564078961716,-32.03394238719));
#2675 = CARTESIAN_POINT('',(-3.567735897187,-32.03635076859));
#2676 = CARTESIAN_POINT('',(-3.571392218901,-32.03875780892));
#2677 = CARTESIAN_POINT('',(-3.575047880292,-32.0411634296));
#2678 = CARTESIAN_POINT('',(-3.5787028277,-32.04356754205));
#2679 = CARTESIAN_POINT('',(-3.582356999303,-32.04597004568));
#2680 = CARTESIAN_POINT('',(-3.586010324049,-32.04837082587));
#2681 = CARTESIAN_POINT('',(-3.59276708217,-32.05280872385));
#2682 = CARTESIAN_POINT('',(-3.595870770584,-32.05484635464));
#2683 = CARTESIAN_POINT('',(-3.598973736504,-32.05688256384));
#2684 = CARTESIAN_POINT('',(-3.602075922638,-32.05891726122));
#2685 = CARTESIAN_POINT('',(-3.605177262186,-32.06095034407));
#2686 = CARTESIAN_POINT('',(-3.608277677305,-32.06298169446));
#2687 = CARTESIAN_POINT('',(-3.611377077564,-32.06501117655));
#2688 = CARTESIAN_POINT('',(-3.616967919685,-32.06866971954));
#2689 = CARTESIAN_POINT('',(-3.619459753211,-32.07029949267));
#2690 = CARTESIAN_POINT('',(-3.621950805194,-32.07192787147));
#2691 = CARTESIAN_POINT('',(-3.6244410128,-32.07355476378));
#2692 = CARTESIAN_POINT('',(-3.626930302362,-32.07518006414));
#2693 = CARTESIAN_POINT('',(-3.629418587578,-32.07680365081));
#2694 = CARTESIAN_POINT('',(-3.631905767707,-32.0784253828));
#2695 = CARTESIAN_POINT('',(-3.636558708449,-32.0814569841));
#2696 = CARTESIAN_POINT('',(-3.638724756844,-32.08286733446));
#2697 = CARTESIAN_POINT('',(-3.640889795349,-32.08427603988));
#2698 = CARTESIAN_POINT('',(-3.643053733652,-32.08568297677));
#2699 = CARTESIAN_POINT('',(-3.645216463217,-32.08708800068));
#2700 = CARTESIAN_POINT('',(-3.647377853757,-32.088490941));
#2701 = CARTESIAN_POINT('',(-3.649537749715,-32.08989159558));
#2702 = CARTESIAN_POINT('',(-3.653457368024,-32.09243079126));
#2703 = CARTESIAN_POINT('',(-3.655217641375,-32.0935701694));
#2704 = CARTESIAN_POINT('',(-3.656976689493,-32.09470772987));
#2705 = CARTESIAN_POINT('',(-3.658734393922,-32.09584332214));
#2706 = CARTESIAN_POINT('',(-3.660490609202,-32.09697676699));
#2707 = CARTESIAN_POINT('',(-3.662245157033,-32.09810784838));
#2708 = CARTESIAN_POINT('',(-3.663997820426,-32.09923630531));
#2709 = CARTESIAN_POINT('',(-3.668242739695,-32.10196563249));
#2710 = CARTESIAN_POINT('',(-3.670732121025,-32.1035630507));
#2711 = CARTESIAN_POINT('',(-3.673216339285,-32.10515354177));
#2712 = CARTESIAN_POINT('',(-3.675694731976,-32.10673618622));
#2713 = CARTESIAN_POINT('',(-3.678165654523,-32.10830915212));
#2714 = CARTESIAN_POINT('',(-3.680626665269,-32.10986990883));
#2715 = CARTESIAN_POINT('',(-3.683074195097,-32.11141481622));
#2716 = CARTESIAN_POINT('',(-3.686621208147,-32.11363873573));
#2717 = CARTESIAN_POINT('',(-3.687735941653,-32.11433545466));
#2718 = CARTESIAN_POINT('',(-3.688845517588,-32.1150264408));
#2719 = CARTESIAN_POINT('',(-3.689949206429,-32.11571089049));
#2720 = CARTESIAN_POINT('',(-3.691045448202,-32.11638731575));
#2721 = CARTESIAN_POINT('',(-3.692131953332,-32.11705364334));
#2722 = CARTESIAN_POINT('',(-3.693205425461,-32.11770692482));
#2723 = CARTESIAN_POINT('',(-3.694813001274,-32.11867470111));
#2724 = CARTESIAN_POINT('',(-3.695359957194,-32.11900203349));
#2725 = CARTESIAN_POINT('',(-3.695900822442,-32.11932352068));
#2726 = CARTESIAN_POINT('',(-3.696434462773,-32.11963811221));
#2727 = CARTESIAN_POINT('',(-3.696959010298,-32.11994424777));
#2728 = CARTESIAN_POINT('',(-3.697471718746,-32.12023972416));
#2729 = CARTESIAN_POINT('',(-3.697968423051,-32.12052121649));
#2730 = CARTESIAN_POINT('',(-3.698804704677,-32.12098370801));
#2731 = CARTESIAN_POINT('',(-3.699151453515,-32.12117149989));
#2732 = CARTESIAN_POINT('',(-3.699482673053,-32.1213460703));
#2733 = CARTESIAN_POINT('',(-3.699793674421,-32.12150373742));
#2734 = CARTESIAN_POINT('',(-3.70007622171,-32.12163860183));
#2735 = CARTESIAN_POINT('',(-3.70031798201,-32.12174213502));
#2736 = CARTESIAN_POINT('',(-3.700503178219,-32.12180368761));
#2737 = CARTESIAN_POINT('',(-3.700641439411,-32.12181613934));
#2738 = CARTESIAN_POINT('',(-3.700662438776,-32.1218159981));
#2739 = CARTESIAN_POINT('',(-3.700680018527,-32.12181345013));
#2740 = CARTESIAN_POINT('',(-3.700694064211,-32.12180843666));
#2741 = CARTESIAN_POINT('',(-3.700704488995,-32.12180091928));
#2742 = CARTESIAN_POINT('',(-3.700711233665,-32.1217908799));
#2743 = CARTESIAN_POINT('',(-3.700714266625,-32.12177832078));
#2744 = CARTESIAN_POINT('',(-3.700712391391,-32.12173696597));
#2745 = CARTESIAN_POINT('',(-3.70069987248,-32.12170304082));
#2746 = CARTESIAN_POINT('',(-3.700676037219,-32.12166163822));
#2747 = CARTESIAN_POINT('',(-3.700641235511,-32.12161311125));
#2748 = CARTESIAN_POINT('',(-3.70059607138,-32.12155796143));
#2749 = CARTESIAN_POINT('',(-3.70054131725,-32.12149678311));
#2750 = CARTESIAN_POINT('',(-3.700477828209,-32.12143020793));
#2751 = CARTESIAN_POINT('',(-3.700109045801,-32.12106149372));
#2752 = CARTESIAN_POINT('',(-3.699680091211,-32.12068637238));
#2753 = CARTESIAN_POINT('',(-3.699174542497,-32.12026776015));
#2754 = CARTESIAN_POINT('',(-3.698620491215,-32.11982383648));
#2755 = CARTESIAN_POINT('',(-3.698041397883,-32.11936903317));
#2756 = CARTESIAN_POINT('',(-3.697445803222,-32.11890814941));
#2757 = CARTESIAN_POINT('',(-3.69683562005,-32.11844117415));
#2758 = CARTESIAN_POINT('',(-3.695511359342,-32.11743714925));
#2759 = CARTESIAN_POINT('',(-3.694805341518,-32.11690702293));
#2760 = CARTESIAN_POINT('',(-3.694088222803,-32.1163724836));
#2761 = CARTESIAN_POINT('',(-3.69336265852,-32.11583482331));
#2762 = CARTESIAN_POINT('',(-3.692630432054,-32.11529490372));
#2763 = CARTESIAN_POINT('',(-3.691892783101,-32.11475328174));
#2764 = CARTESIAN_POINT('',(-3.691150509773,-32.11421024559));
#2765 = CARTESIAN_POINT('',(-3.689401682626,-32.11293496351));
#2766 = CARTESIAN_POINT('',(-3.688392341592,-32.11220208461));
#2767 = CARTESIAN_POINT('',(-3.687377305605,-32.11146767989));
#2768 = CARTESIAN_POINT('',(-3.686357637298,-32.1107321566));
#2769 = CARTESIAN_POINT('',(-3.685334113369,-32.10999580837));
#2770 = CARTESIAN_POINT('',(-3.68430731063,-32.10925883657));
#2771 = CARTESIAN_POINT('',(-3.683277642508,-32.10852135884));
#2772 = CARTESIAN_POINT('',(-3.679275403423,-32.10566029207));
#2773 = CARTESIAN_POINT('',(-3.676285011556,-32.10353415642));
#2774 = CARTESIAN_POINT('',(-3.673281139136,-32.10140659537));
#2775 = CARTESIAN_POINT('',(-3.670267431106,-32.09927864701));
#2776 = CARTESIAN_POINT('',(-3.66724637183,-32.09715097108));
#2777 = CARTESIAN_POINT('',(-3.664219623818,-32.09502385778));
#2778 = CARTESIAN_POINT('',(-3.66118781373,-32.0928972003));
#2779 = CARTESIAN_POINT('',(-3.651024820863,-32.08578012692));
#2780 = CARTESIAN_POINT('',(-3.643875774701,-32.08079300361));
#2781 = CARTESIAN_POINT('',(-3.636712376818,-32.07580900506));
#2782 = CARTESIAN_POINT('',(-3.629538538671,-32.07082850854));
#2783 = CARTESIAN_POINT('',(-3.622357381968,-32.06585155247));
#2784 = CARTESIAN_POINT('',(-3.615170377553,-32.06087799614));
#2785 = CARTESIAN_POINT('',(-3.607978342858,-32.05590734369));
#2786 = CARTESIAN_POINT('',(-3.590648293107,-32.04394352972));
#2787 = CARTESIAN_POINT('',(-3.580507128254,-32.03695371245));
#2788 = CARTESIAN_POINT('',(-3.570359760537,-32.02996860836));
#2789 = CARTESIAN_POINT('',(-3.560207552599,-32.02298782965));
#2790 = CARTESIAN_POINT('',(-3.550051486366,-32.0160110693));
#2791 = CARTESIAN_POINT('',(-3.539892267711,-32.00903803053));
#2792 = CARTESIAN_POINT('',(-3.529730336964,-32.00206841902));
#2793 = CARTESIAN_POINT('',(-3.519565940609,-31.99510189962));
#2794 = ( GEOMETRIC_REPRESENTATION_CONTEXT(2) 
PARAMETRIC_REPRESENTATION_CONTEXT() REPRESENTATION_CONTEXT('2D SPACE',''
  ) );
#2795 = PCURVE('',#862,#2796);
#2796 = DEFINITIONAL_REPRESENTATION('',(#2797),#2968);
#2797 = B_SPLINE_CURVE_WITH_KNOTS('',8,(#2798,#2799,#2800,#2801,#2802,
    #2803,#2804,#2805,#2806,#2807,#2808,#2809,#2810,#2811,#2812,#2813,
    #2814,#2815,#2816,#2817,#2818,#2819,#2820,#2821,#2822,#2823,#2824,
    #2825,#2826,#2827,#2828,#2829,#2830,#2831,#2832,#2833,#2834,#2835,
    #2836,#2837,#2838,#2839,#2840,#2841,#2842,#2843,#2844,#2845,#2846,
    #2847,#2848,#2849,#2850,#2851,#2852,#2853,#2854,#2855,#2856,#2857,
    #2858,#2859,#2860,#2861,#2862,#2863,#2864,#2865,#2866,#2867,#2868,
    #2869,#2870,#2871,#2872,#2873,#2874,#2875,#2876,#2877,#2878,#2879,
    #2880,#2881,#2882,#2883,#2884,#2885,#2886,#2887,#2888,#2889,#2890,
    #2891,#2892,#2893,#2894,#2895,#2896,#2897,#2898,#2899,#2900,#2901,
    #2902,#2903,#2904,#2905,#2906,#2907,#2908,#2909,#2910,#2911,#2912,
    #2913,#2914,#2915,#2916,#2917,#2918,#2919,#2920,#2921,#2922,#2923,
    #2924,#2925,#2926,#2927,#2928,#2929,#2930,#2931,#2932,#2933,#2934,
    #2935,#2936,#2937,#2938,#2939,#2940,#2941,#2942,#2943,#2944,#2945,
    #2946,#2947,#2948,#2949,#2950,#2951,#2952,#2953,#2954,#2955,#2956,
    #2957,#2958,#2959,#2960,#2961,#2962,#2963,#2964,#2965,#2966,#2967),
  .UNSPECIFIED.,.F.,.F.,(9,7,7,7,7,7,7,7,7,7,7,7,7,7,7,7,7,7,7,7,7,7,7,7
    ,9),(0.,0.214827686718,0.47396187376,0.691377569843,0.745802454919,
    0.778381189173,0.803184956481,0.823043843057,0.838755630709,
    0.852109895382,0.862853376859,0.872218353131,0.879861459044,
    0.890752511546,0.895776263106,0.898409876696,0.90042100057,
    0.900849339206,0.90159751366,0.904715195617,0.908115445318,
    0.912679205332,0.925809255998,0.956620738997,1.),.UNSPECIFIED.);
#2798 = CARTESIAN_POINT('',(2.664111107107,55.393257444784));
#2799 = CARTESIAN_POINT('',(2.63416746953,55.455415732911));
#2800 = CARTESIAN_POINT('',(2.60370931388,55.517618287316));
#2801 = CARTESIAN_POINT('',(2.572708381366,55.579862874253));
#2802 = CARTESIAN_POINT('',(2.541131675206,55.642151122211));
#2803 = CARTESIAN_POINT('',(2.508941285567,55.704486750461));
#2804 = CARTESIAN_POINT('',(2.476093748198,55.766873816685));
#2805 = CARTESIAN_POINT('',(2.442538936754,55.829314983678));
#2806 = CARTESIAN_POINT('',(2.366819721692,55.967193686044));
#2807 = CARTESIAN_POINT('',(2.324300419875,56.042666929888));
#2808 = CARTESIAN_POINT('',(2.280560856347,56.118225295833));
#2809 = CARTESIAN_POINT('',(2.23547108963,56.193875461539));
#2810 = CARTESIAN_POINT('',(2.188870575477,56.269630540911));
#2811 = CARTESIAN_POINT('',(2.140558997552,56.345506057175));
#2812 = CARTESIAN_POINT('',(2.090278317127,56.421516371266));
#2813 = CARTESIAN_POINT('',(1.993560693878,56.561566394576));
#2814 = CARTESIAN_POINT('',(1.947802039312,56.625571187972));
#2815 = CARTESIAN_POINT('',(1.900206796343,56.68969344643));
#2816 = CARTESIAN_POINT('',(1.850509791996,56.75394834778));
#2817 = CARTESIAN_POINT('',(1.798400014934,56.818355225678));
#2818 = CARTESIAN_POINT('',(1.74340533302,56.882942519109));
#2819 = CARTESIAN_POINT('',(1.684950010893,56.947742838735));
#2820 = CARTESIAN_POINT('',(1.606009528104,57.029111845532));
#2821 = CARTESIAN_POINT('',(1.589911578365,57.045420210888));
#2822 = CARTESIAN_POINT('',(1.573500644441,57.061747250902));
#2823 = CARTESIAN_POINT('',(1.55675507123,57.078094179653));
#2824 = CARTESIAN_POINT('',(1.539649949242,57.094462388833));
#2825 = CARTESIAN_POINT('',(1.522155899056,57.110853514368));
#2826 = CARTESIAN_POINT('',(1.50423785578,57.12726950302));
#2827 = CARTESIAN_POINT('',(1.474849190411,57.153555563553));
#2828 = CARTESIAN_POINT('',(1.463677541379,57.16340818899));
#2829 = CARTESIAN_POINT('',(1.452329728258,57.173271064726));
#2830 = CARTESIAN_POINT('',(1.440795699521,57.183144745807));
#2831 = CARTESIAN_POINT('',(1.429064209984,57.193029850694));
#2832 = CARTESIAN_POINT('',(1.417122500537,57.20292707905));
#2833 = CARTESIAN_POINT('',(1.404955977853,57.212837229527));
#2834 = CARTESIAN_POINT('',(1.383101019384,57.230316829994));
#2835 = CARTESIAN_POINT('',(1.373514001842,57.237880468004));
#2836 = CARTESIAN_POINT('',(1.363779697449,57.245452522906));
#2837 = CARTESIAN_POINT('',(1.353889806369,57.253033446037));
#2838 = CARTESIAN_POINT('',(1.34383494883,57.260623745398));
#2839 = CARTESIAN_POINT('',(1.333604740977,57.268223982307));
#2840 = CARTESIAN_POINT('',(1.323187870723,57.275834768046));
#2841 = CARTESIAN_POINT('',(1.304072822582,57.289559232059));
#2842 = CARTESIAN_POINT('',(1.295446032174,57.295668882821));
#2843 = CARTESIAN_POINT('',(1.286685370699,57.301786059211));
#2844 = CARTESIAN_POINT('',(1.277783810955,57.307911136934));
#2845 = CARTESIAN_POINT('',(1.268733529026,57.314044532025));
#2846 = CARTESIAN_POINT('',(1.259525703074,57.320186711888));
#2847 = CARTESIAN_POINT('',(1.250150312143,57.326338206323));
#2848 = CARTESIAN_POINT('',(1.233036782779,57.337374353128));
#2849 = CARTESIAN_POINT('',(1.225365599993,57.342255293045));
#2850 = CARTESIAN_POINT('',(1.217576661191,57.34714274163));
#2851 = CARTESIAN_POINT('',(1.20966372147,57.352037026881));
#2852 = CARTESIAN_POINT('',(1.201619840897,57.356938510994));
#2853 = CARTESIAN_POINT('',(1.193437208968,57.361847599873));
#2854 = CARTESIAN_POINT('',(1.185106969083,57.366764752637));
#2855 = CARTESIAN_POINT('',(1.169404713614,57.375877132205));
#2856 = CARTESIAN_POINT('',(1.162076482235,57.380069971789));
#2857 = CARTESIAN_POINT('',(1.154628072842,57.384269336462));
#2858 = CARTESIAN_POINT('',(1.147052622053,57.388475579325));
#2859 = CARTESIAN_POINT('',(1.139342452495,57.39268909208));
#2860 = CARTESIAN_POINT('',(1.131488846172,57.396910317123));
#2861 = CARTESIAN_POINT('',(1.123481817829,57.40113975962));
#2862 = CARTESIAN_POINT('',(1.108735586,57.408787655897));
#2863 = CARTESIAN_POINT('',(1.102054571236,57.41220300128));
#2864 = CARTESIAN_POINT('',(1.095260769072,57.41562434455));
#2865 = CARTESIAN_POINT('',(1.088347531078,57.419052018893));
#2866 = CARTESIAN_POINT('',(1.081307400053,57.422486394177));
#2867 = CARTESIAN_POINT('',(1.074131874725,57.425927889252));
#2868 = CARTESIAN_POINT('',(1.066811174441,57.42937698425));
#2869 = CARTESIAN_POINT('',(1.05281623539,57.435847879021));
#2870 = CARTESIAN_POINT('',(1.0461796119,57.438867711435));
#2871 = CARTESIAN_POINT('',(1.039416481182,57.441894109641));
#2872 = CARTESIAN_POINT('',(1.032518439777,57.444927481632));
#2873 = CARTESIAN_POINT('',(1.025475932655,57.447968284253));
#2874 = CARTESIAN_POINT('',(1.018277852877,57.451017043575));
#2875 = CARTESIAN_POINT('',(1.010911141255,57.454074375271));
#2876 = CARTESIAN_POINT('',(0.997197933457,57.459643795709));
#2877 = CARTESIAN_POINT('',(0.990912955911,57.462152764183));
#2878 = CARTESIAN_POINT('',(0.984496804527,57.464668325058));
#2879 = CARTESIAN_POINT('',(0.977939981228,57.467190919703));
#2880 = CARTESIAN_POINT('',(0.971231572745,57.469721043967));
#2881 = CARTESIAN_POINT('',(0.964358684655,57.47225927595));
#2882 = CARTESIAN_POINT('',(0.957305875418,57.474806303762));
#2883 = CARTESIAN_POINT('',(0.939721863546,57.481006053962));
#2884 = CARTESIAN_POINT('',(0.928989213207,57.484667702426));
#2885 = CARTESIAN_POINT('',(0.917797332676,57.488351374435));
#2886 = CARTESIAN_POINT('',(0.906082543373,57.492060187752));
#2887 = CARTESIAN_POINT('',(0.893747272337,57.495798160596));
#2888 = CARTESIAN_POINT('',(0.880672116402,57.499569692735));
#2889 = CARTESIAN_POINT('',(0.866690391822,57.503380732381));
#2890 = CARTESIAN_POINT('',(0.844414268835,57.509027617893));
#2891 = CARTESIAN_POINT('',(0.837117910558,57.510820465122));
#2892 = CARTESIAN_POINT('',(0.829518119811,57.512625756736));
#2893 = CARTESIAN_POINT('',(0.821572724476,57.514445206808));
#2894 = CARTESIAN_POINT('',(0.813222636483,57.516280568443));
#2895 = CARTESIAN_POINT('',(0.804396060882,57.518133496505));
#2896 = CARTESIAN_POINT('',(0.794994522699,57.52000607277));
#2897 = CARTESIAN_POINT('',(0.779493353496,57.522897798402));
#2898 = CARTESIAN_POINT('',(0.773957610792,57.523897763197));
#2899 = CARTESIAN_POINT('',(0.768186723557,57.524904846328));
#2900 = CARTESIAN_POINT('',(0.762141909534,57.525920065317));
#2901 = CARTESIAN_POINT('',(0.755782243289,57.526943684887));
#2902 = CARTESIAN_POINT('',(0.749059817933,57.527975339984));
#2903 = CARTESIAN_POINT('',(0.741904180817,57.529014341367));
#2904 = CARTESIAN_POINT('',(0.728309826793,57.530858792091));
#2905 = CARTESIAN_POINT('',(0.722136482948,57.53165656764));
#2906 = CARTESIAN_POINT('',(0.715589376342,57.532458605485));
#2907 = CARTESIAN_POINT('',(0.708597424846,57.533263623463));
#2908 = CARTESIAN_POINT('',(0.701112543192,57.534064648073));
#2909 = CARTESIAN_POINT('',(0.693103972566,57.534848699992));
#2910 = CARTESIAN_POINT('',(0.684567487098,57.53559701495));
#2911 = CARTESIAN_POINT('',(0.673662731588,57.536434387754));
#2912 = CARTESIAN_POINT('',(0.671731570725,57.536578477848));
#2913 = CARTESIAN_POINT('',(0.669786215328,57.536719317561));
#2914 = CARTESIAN_POINT('',(0.66782913229,57.536856617166));
#2915 = CARTESIAN_POINT('',(0.665863025649,57.536990105655));
#2916 = CARTESIAN_POINT('',(0.663890836586,57.537119530737));
#2917 = CARTESIAN_POINT('',(0.661915743424,57.537244658838));
#2918 = CARTESIAN_POINT('',(0.656492181019,57.537575954232));
#2919 = CARTESIAN_POINT('',(0.65304277649,57.537773002021));
#2920 = CARTESIAN_POINT('',(0.649612178056,57.537955247904));
#2921 = CARTESIAN_POINT('',(0.64621626803,57.538122136991));
#2922 = CARTESIAN_POINT('',(0.642867870315,57.538273608912));
#2923 = CARTESIAN_POINT('',(0.639577039688,57.538409976659));
#2924 = CARTESIAN_POINT('',(0.636351351088,57.538531805424));
#2925 = CARTESIAN_POINT('',(0.620048463533,57.53908977479));
#2926 = CARTESIAN_POINT('',(0.608356045912,57.539291636998));
#2927 = CARTESIAN_POINT('',(0.59775171519,57.53933422101));
#2928 = CARTESIAN_POINT('',(0.588137194751,57.539257444011));
#2929 = CARTESIAN_POINT('',(0.579329006868,57.53910087914));
#2930 = CARTESIAN_POINT('',(0.57119904345,57.538882703883));
#2931 = CARTESIAN_POINT('',(0.563571727806,57.538616022992));
#2932 = CARTESIAN_POINT('',(0.548292155502,57.537958915032));
#2933 = CARTESIAN_POINT('',(0.540842579953,57.537565741188));
#2934 = CARTESIAN_POINT('',(0.53380501368,57.537133841361));
#2935 = CARTESIAN_POINT('',(0.527112590033,57.536670529833));
#2936 = CARTESIAN_POINT('',(0.520719598878,57.536180768329));
#2937 = CARTESIAN_POINT('',(0.51458858732,57.535668355146));
#2938 = CARTESIAN_POINT('',(0.508685942105,57.535136319963));
#2939 = CARTESIAN_POINT('',(0.495335521708,57.53384859753));
#2940 = CARTESIAN_POINT('',(0.488054851109,57.533079271476));
#2941 = CARTESIAN_POINT('',(0.481084057901,57.532284018801));
#2942 = CARTESIAN_POINT('',(0.474381598357,57.531466675917));
#2943 = CARTESIAN_POINT('',(0.467916572854,57.530630079815));
#2944 = CARTESIAN_POINT('',(0.461663790534,57.529776475355));
#2945 = CARTESIAN_POINT('',(0.455601594811,57.528907693012));
#2946 = CARTESIAN_POINT('',(0.432769233357,57.52548584683));
#2947 = CARTESIAN_POINT('',(0.417264087675,57.522833483803));
#2948 = CARTESIAN_POINT('',(0.402780138774,57.520102050407));
#2949 = CARTESIAN_POINT('',(0.389126978256,57.517307652901));
#2950 = CARTESIAN_POINT('',(0.376168476242,57.514461659746));
#2951 = CARTESIAN_POINT('',(0.3637931954,57.511572929677));
#2952 = CARTESIAN_POINT('',(0.351930142769,57.508646584886));
#2953 = CARTESIAN_POINT('',(0.313719741326,57.498741404287));
#2954 = CARTESIAN_POINT('',(0.289399863033,57.491616301649));
#2955 = CARTESIAN_POINT('',(0.266760986036,57.484370471687));
#2956 = CARTESIAN_POINT('',(0.245501744212,57.477027168241));
#2957 = CARTESIAN_POINT('',(0.225346199803,57.46960712849));
#2958 = CARTESIAN_POINT('',(0.206143745994,57.462121390438));
#2959 = CARTESIAN_POINT('',(0.187754847707,57.454579522975));
#2960 = CARTESIAN_POINT('',(0.145193720489,57.43629887383));
#2961 = CARTESIAN_POINT('',(0.121725822934,57.42551294967));
#2962 = CARTESIAN_POINT('',(9.939438482963E-02,57.414649601376));
#2963 = CARTESIAN_POINT('',(7.802646760702E-02,57.403721111177));
#2964 = CARTESIAN_POINT('',(5.74941089943E-02,57.392736535696));
#2965 = CARTESIAN_POINT('',(3.769542622562E-02,57.381702994478));
#2966 = CARTESIAN_POINT('',(1.855268300612E-02,57.370625801586));
#2967 = CARTESIAN_POINT('',(0.,57.359509307954));
#2968 = ( GEOMETRIC_REPRESENTATION_CONTEXT(2) 
PARAMETRIC_REPRESENTATION_CONTEXT() REPRESENTATION_CONTEXT('2D SPACE',''
  ) );
#2969 = ORIENTED_EDGE('',*,*,#2970,.T.);
#2970 = EDGE_CURVE('',#513,#2447,#2971,.T.);
#2971 = SURFACE_CURVE('',#2972,(#3031,#3093),.PCURVE_S1.);
#2972 = B_SPLINE_CURVE_WITH_KNOTS('',8,(#2973,#2974,#2975,#2976,#2977,
    #2978,#2979,#2980,#2981,#2982,#2983,#2984,#2985,#2986,#2987,#2988,
    #2989,#2990,#2991,#2992,#2993,#2994,#2995,#2996,#2997,#2998,#2999,
    #3000,#3001,#3002,#3003,#3004,#3005,#3006,#3007,#3008,#3009,#3010,
    #3011,#3012,#3013,#3014,#3015,#3016,#3017,#3018,#3019,#3020,#3021,
    #3022,#3023,#3024,#3025,#3026,#3027,#3028,#3029,#3030),
  .UNSPECIFIED.,.F.,.F.,(9,7,7,7,7,7,7,7,9),(0.,0.140543697489,
    0.2768325422,0.4065656304,0.537600326388,0.603523910925,
    0.669693105366,0.802648060226,1.),.UNSPECIFIED.);
#2973 = CARTESIAN_POINT('',(19.436816791947,-7.105427357601E-15,
    33.800642295762));
#2974 = CARTESIAN_POINT('',(19.441229097816,-1.463451637876,
    33.751954782723));
#2975 = CARTESIAN_POINT('',(19.319714858779,-2.927621887924,
    33.703237108424));
#2976 = CARTESIAN_POINT('',(19.07217613785,-4.379369558601,
    33.654506160379));
#2977 = CARTESIAN_POINT('',(18.700258960004,-5.806047935358,
    33.605761878218));
#2978 = CARTESIAN_POINT('',(18.207032798343,-7.195450775858,
    33.556999493967));
#2979 = CARTESIAN_POINT('',(17.59688214169,-8.535791755512,33.5082141071
    ));
#2980 = CARTESIAN_POINT('',(16.875599630366,-9.815744816496,
    33.459405303182));
#2981 = CARTESIAN_POINT('',(15.25071496861,-12.19680458698,
    33.363251606955));
#2982 = CARTESIAN_POINT('',(14.352963116503,-13.3026366428,
    33.31588776329));
#2983 = CARTESIAN_POINT('',(13.364093060421,-14.33220943734,
    33.268511212358));
#2984 = CARTESIAN_POINT('',(12.291792714205,-15.27687305459,
    33.221122888422));
#2985 = CARTESIAN_POINT('',(11.144579484981,-16.12899255061,
    33.173717632231));
#2986 = CARTESIAN_POINT('',(9.931730199415,-16.88188872093,
    33.126290363508));
#2987 = CARTESIAN_POINT('',(8.663321006939,-17.52991435088,
    33.07884223529));
#2988 = CARTESIAN_POINT('',(6.10058864162,-18.58150255487,
    32.986214004403));
#2989 = CARTESIAN_POINT('',(4.810008902066,-18.99550471557,
    32.941019062562));
#2990 = CARTESIAN_POINT('',(3.488063951024,-19.30677571342,
    32.895812374934));
#2991 = CARTESIAN_POINT('',(2.14433775261,-19.51267817633,
    32.850594887782));
#2992 = CARTESIAN_POINT('',(0.788537839738,-19.61164033402,
    32.805362771804));
#2993 = CARTESIAN_POINT('',(-0.569524491819,-19.60309084224,
    32.7601121601));
#2994 = CARTESIAN_POINT('',(-1.919939309733,-19.48752217474,
    32.714843915589));
#2995 = CARTESIAN_POINT('',(-4.59880910233,-19.04362731492,
    32.623838692682));
#2996 = CARTESIAN_POINT('',(-5.92735251141,-18.71310438571,
    32.578086730567));
#2997 = CARTESIAN_POINT('',(-7.22797480287,-18.27679867889,
    32.532323317348));
#2998 = CARTESIAN_POINT('',(-8.490881920028,-17.73759195876,
    32.486549107448));
#2999 = CARTESIAN_POINT('',(-9.706753008927,-17.09937060741,
    32.440759815693));
#3000 = CARTESIAN_POINT('',(-10.86672201164,-16.36695638681,
    32.394951340811));
#3001 = CARTESIAN_POINT('',(-11.96241750963,-15.54616022615,
    32.349124830633));
#3002 = CARTESIAN_POINT('',(-13.50105599152,-14.19006141515,
    32.280233025295));
#3003 = CARTESIAN_POINT('',(-13.99786305693,-13.71551554702,
    32.257170654648));
#3004 = CARTESIAN_POINT('',(-14.47551160693,-13.22118297999,
    32.234104703222));
#3005 = CARTESIAN_POINT('',(-14.93308651912,-12.70797175959,
    32.211035267419));
#3006 = CARTESIAN_POINT('',(-15.36972795507,-12.17683642686,
    32.187962413873));
#3007 = CARTESIAN_POINT('',(-15.78463136035,-11.62877801836,
    32.164886179451));
#3008 = CARTESIAN_POINT('',(-16.17704746451,-11.06484406612,
    32.141806571248));
#3009 = CARTESIAN_POINT('',(-16.91689274689,-9.905257023031,
    32.095554562149));
#3010 = CARTESIAN_POINT('',(-17.2641569545,-9.309480585054,
    32.072382061155));
#3011 = CARTESIAN_POINT('',(-17.58737435969,-8.699906187071,
    32.049205639499));
#3012 = CARTESIAN_POINT('',(-17.8859112077,-8.077670469558,
    32.026025068825));
#3013 = CARTESIAN_POINT('',(-18.15920053331,-7.443939810153,
    32.002840316539));
#3014 = CARTESIAN_POINT('',(-18.40674216078,-6.799910323658,
    31.979651545804));
#3015 = CARTESIAN_POINT('',(-18.62810270389,-6.146807862038,
    31.956459115546));
#3016 = CARTESIAN_POINT('',(-19.21435656042,-4.157889853842,
    31.886656373758));
#3017 = CARTESIAN_POINT('',(-19.49869296599,-2.79807029759,
    31.840027455525));
#3018 = CARTESIAN_POINT('',(-19.6728177133,-1.416858306845,
    31.793388944904));
#3019 = CARTESIAN_POINT('',(-19.73500967163,-2.47071936562E-02,
    31.746741108583));
#3020 = CARTESIAN_POINT('',(-19.68471231313,1.367920661041,
    31.700078778572));
#3021 = CARTESIAN_POINT('',(-19.52245825595,2.750568263993,
    31.653397229907));
#3022 = CARTESIAN_POINT('',(-19.24993968615,4.112797640784,
    31.606697518258));
#3023 = CARTESIAN_POINT('',(-18.30659393602,7.420476183337,
    31.490662780196));
#3024 = CARTESIAN_POINT('',(-17.50616866425,9.330971070045,
    31.421245422312));
#3025 = CARTESIAN_POINT('',(-16.47851206201,11.139983150095,
    31.351828841371));
#3026 = CARTESIAN_POINT('',(-15.23959603306,12.816661566124,
    31.282402810212));
#3027 = CARTESIAN_POINT('',(-13.80918725996,14.333247426339,
    31.212946093296));
#3028 = CARTESIAN_POINT('',(-12.211230755,15.665532878311,
    31.143436798957));
#3029 = CARTESIAN_POINT('',(-10.4733302331,16.792549028585,
    31.07386469121));
#3030 = CARTESIAN_POINT('',(-8.628890745821,17.698800455159,
    31.004320624758));
#3031 = PCURVE('',#43,#3032);
#3032 = DEFINITIONAL_REPRESENTATION('',(#3033),#3092);
#3033 = B_SPLINE_CURVE_WITH_KNOTS('',8,(#3034,#3035,#3036,#3037,#3038,
    #3039,#3040,#3041,#3042,#3043,#3044,#3045,#3046,#3047,#3048,#3049,
    #3050,#3051,#3052,#3053,#3054,#3055,#3056,#3057,#3058,#3059,#3060,
    #3061,#3062,#3063,#3064,#3065,#3066,#3067,#3068,#3069,#3070,#3071,
    #3072,#3073,#3074,#3075,#3076,#3077,#3078,#3079,#3080,#3081,#3082,
    #3083,#3084,#3085,#3086,#3087,#3088,#3089,#3090,#3091),
  .UNSPECIFIED.,.F.,.F.,(9,7,7,7,7,7,7,7,9),(0.,0.140543697489,
    0.2768325422,0.4065656304,0.537600326388,0.603523910925,
    0.669693105366,0.802648060226,1.),.UNSPECIFIED.);
#3034 = CARTESIAN_POINT('',(-6.28318530718,-33.80064229576));
#3035 = CARTESIAN_POINT('',(-6.207892544299,-33.75195478272));
#3036 = CARTESIAN_POINT('',(-6.132601871151,-33.70323710842));
#3037 = CARTESIAN_POINT('',(-6.057339036237,-33.65450616037));
#3038 = CARTESIAN_POINT('',(-5.982103454051,-33.60576187821));
#3039 = CARTESIAN_POINT('',(-5.906887342099,-33.55699949396));
#3040 = CARTESIAN_POINT('',(-5.831682912884,-33.5082141071));
#3041 = CARTESIAN_POINT('',(-5.756489472478,-33.45940530318));
#3042 = CARTESIAN_POINT('',(-5.608450408608,-33.36325160695));
#3043 = CARTESIAN_POINT('',(-5.53557280772,-33.31588776329));
#3044 = CARTESIAN_POINT('',(-5.462719823428,-33.26851121235));
#3045 = CARTESIAN_POINT('',(-5.389892921639,-33.22112288842));
#3046 = CARTESIAN_POINT('',(-5.317084202935,-33.17371763223));
#3047 = CARTESIAN_POINT('',(-5.244285855617,-33.1262903635));
#3048 = CARTESIAN_POINT('',(-5.171499544221,-33.07884223529));
#3049 = CARTESIAN_POINT('',(-5.02949152153,-32.9862140044));
#3050 = CARTESIAN_POINT('',(-4.960242951597,-32.94101906256));
#3051 = CARTESIAN_POINT('',(-4.891015853892,-32.89581237493));
#3052 = CARTESIAN_POINT('',(-4.821811372123,-32.85059488778));
#3053 = CARTESIAN_POINT('',(-4.752623364003,-32.8053627718));
#3054 = CARTESIAN_POINT('',(-4.683445752653,-32.7601121601));
#3055 = CARTESIAN_POINT('',(-4.614279828954,-32.71484391558));
#3056 = CARTESIAN_POINT('',(-4.475309518194,-32.62383869268));
#3057 = CARTESIAN_POINT('',(-4.40548303763,-32.57808673056));
#3058 = CARTESIAN_POINT('',(-4.335678549072,-32.53232331734));
#3059 = CARTESIAN_POINT('',(-4.26589724117,-32.48654910744));
#3060 = CARTESIAN_POINT('',(-4.196132714848,-32.44075981569));
#3061 = CARTESIAN_POINT('',(-4.126378641132,-32.39495134081));
#3062 = CARTESIAN_POINT('',(-4.056636367268,-32.34912483063));
#3063 = CARTESIAN_POINT('',(-3.951849394564,-32.28023302529));
#3064 = CARTESIAN_POINT('',(-3.916780453407,-32.25717065464));
#3065 = CARTESIAN_POINT('',(-3.881715689282,-32.23410470322));
#3066 = CARTESIAN_POINT('',(-3.846655144365,-32.21103526741));
#3067 = CARTESIAN_POINT('',(-3.811598861388,-32.18796241387));
#3068 = CARTESIAN_POINT('',(-3.776546883639,-32.16488617945));
#3069 = CARTESIAN_POINT('',(-3.741499254958,-32.14180657124));
#3070 = CARTESIAN_POINT('',(-3.671282224794,-32.09555456214));
#3071 = CARTESIAN_POINT('',(-3.63611259647,-32.07238206115));
#3072 = CARTESIAN_POINT('',(-3.600947172222,-32.04920563949));
#3073 = CARTESIAN_POINT('',(-3.565785991847,-32.02602506882));
#3074 = CARTESIAN_POINT('',(-3.530629097489,-32.00284031653));
#3075 = CARTESIAN_POINT('',(-3.495476533643,-31.9796515458));
#3076 = CARTESIAN_POINT('',(-3.460328347147,-31.95645911554));
#3077 = CARTESIAN_POINT('',(-3.35456959697,-31.88665637375));
#3078 = CARTESIAN_POINT('',(-3.283959932876,-31.84002745552));
#3079 = CARTESIAN_POINT('',(-3.213373012725,-31.7933889449));
#3080 = CARTESIAN_POINT('',(-3.142810092355,-31.74674110858));
#3081 = CARTESIAN_POINT('',(-3.07226441088,-31.70007877857));
#3082 = CARTESIAN_POINT('',(-3.001729280393,-31.6533972299));
#3083 = CARTESIAN_POINT('',(-2.93120612011,-31.60669751825));
#3084 = CARTESIAN_POINT('',(-2.756074999568,-31.49066278019));
#3085 = CARTESIAN_POINT('',(-2.651390033053,-31.42124542231));
#3086 = CARTESIAN_POINT('',(-2.546792555919,-31.35182884137));
#3087 = CARTESIAN_POINT('',(-2.442265278243,-31.28240281021));
#3088 = CARTESIAN_POINT('',(-2.337775556732,-31.21294609329));
#3089 = CARTESIAN_POINT('',(-2.233290722473,-31.14343679895));
#3090 = CARTESIAN_POINT('',(-2.128795878696,-31.07386469121));
#3091 = CARTESIAN_POINT('',(-2.024427143706,-31.00432062475));
#3092 = ( GEOMETRIC_REPRESENTATION_CONTEXT(2) 
PARAMETRIC_REPRESENTATION_CONTEXT() REPRESENTATION_CONTEXT('2D SPACE',''
  ) );
#3093 = PCURVE('',#1487,#3094);
#3094 = DEFINITIONAL_REPRESENTATION('',(#3095),#3154);
#3095 = B_SPLINE_CURVE_WITH_KNOTS('',8,(#3096,#3097,#3098,#3099,#3100,
    #3101,#3102,#3103,#3104,#3105,#3106,#3107,#3108,#3109,#3110,#3111,
    #3112,#3113,#3114,#3115,#3116,#3117,#3118,#3119,#3120,#3121,#3122,
    #3123,#3124,#3125,#3126,#3127,#3128,#3129,#3130,#3131,#3132,#3133,
    #3134,#3135,#3136,#3137,#3138,#3139,#3140,#3141,#3142,#3143,#3144,
    #3145,#3146,#3147,#3148,#3149,#3150,#3151,#3152,#3153),
  .UNSPECIFIED.,.F.,.F.,(9,7,7,7,7,7,7,7,9),(0.,0.140543697489,
    0.2768325422,0.4065656304,0.537600326388,0.603523910925,
    0.669693105366,0.802648060226,1.),.UNSPECIFIED.);
#3096 = CARTESIAN_POINT('',(0.26739230157,60.530842941678));
#3097 = CARTESIAN_POINT('',(0.262510247978,60.440011604437));
#3098 = CARTESIAN_POINT('',(0.257637797064,60.34918285047));
#3099 = CARTESIAN_POINT('',(0.252775969354,60.258387733834));
#3100 = CARTESIAN_POINT('',(0.247923954735,60.167625549786));
#3101 = CARTESIAN_POINT('',(0.243080580153,60.076886928118));
#3102 = CARTESIAN_POINT('',(0.238244971568,59.986162500755));
#3103 = CARTESIAN_POINT('',(0.233417059131,59.89545145122));
#3104 = CARTESIAN_POINT('',(0.22392596585,59.716861935727));
#3105 = CARTESIAN_POINT('',(0.219260317464,59.628944885593));
#3106 = CARTESIAN_POINT('',(0.214603022789,59.541057657032));
#3107 = CARTESIAN_POINT('',(0.20995447269,59.453202010536));
#3108 = CARTESIAN_POINT('',(0.20531441148,59.365368389619));
#3109 = CARTESIAN_POINT('',(0.200682382334,59.277547328471));
#3110 = CARTESIAN_POINT('',(0.196058262137,59.189740790795));
#3111 = CARTESIAN_POINT('',(0.187049517875,59.018427867861));
#3112 = CARTESIAN_POINT('',(0.182662558623,58.934889083025));
#3113 = CARTESIAN_POINT('',(0.178282677801,58.851376160595));
#3114 = CARTESIAN_POINT('',(0.173909366029,58.767890469873));
#3115 = CARTESIAN_POINT('',(0.169541713878,58.684424617802));
#3116 = CARTESIAN_POINT('',(0.165179077129,58.600971318405));
#3117 = CARTESIAN_POINT('',(0.160821628153,58.517532188076));
#3118 = CARTESIAN_POINT('',(0.152076306874,58.349883938472));
#3119 = CARTESIAN_POINT('',(0.147687168127,58.265648169909));
#3120 = CARTESIAN_POINT('',(0.143304664507,58.18143908984));
#3121 = CARTESIAN_POINT('',(0.138929733407,58.097258173434));
#3122 = CARTESIAN_POINT('',(0.134562585995,58.013097688451));
#3123 = CARTESIAN_POINT('',(0.130202623453,57.928949920441));
#3124 = CARTESIAN_POINT('',(0.125848645759,57.844816376878));
#3125 = CARTESIAN_POINT('',(0.119311222823,57.718406540179));
#3126 = CARTESIAN_POINT('',(0.117124216534,57.676101077144));
#3127 = CARTESIAN_POINT('',(0.11493785154,57.633800615717));
#3128 = CARTESIAN_POINT('',(0.112751799842,57.591505198929));
#3129 = CARTESIAN_POINT('',(0.110565888024,57.54921487827));
#3130 = CARTESIAN_POINT('',(0.108380097243,57.506929713689));
#3131 = CARTESIAN_POINT('',(0.106194563237,57.464649773598));
#3132 = CARTESIAN_POINT('',(0.101816448852,57.379942994534));
#3133 = CARTESIAN_POINT('',(9.962346856062E-02,57.337515923257));
#3134 = CARTESIAN_POINT('',(9.743281920706E-02,57.295093958789));
#3135 = CARTESIAN_POINT('',(9.524574491555E-02,57.252677140313));
#3136 = CARTESIAN_POINT('',(9.306255017525E-02,57.210265508439));
#3137 = CARTESIAN_POINT('',(9.088259984E-02,57.167859105208));
#3138 = CARTESIAN_POINT('',(8.870431912839E-02,57.125457974086));
#3139 = CARTESIAN_POINT('',(8.214663747599E-02,56.997875486626));
#3140 = CARTESIAN_POINT('',(7.776839636518E-02,56.912695263011));
#3141 = CARTESIAN_POINT('',(7.338867069803E-02,56.827542646592));
#3142 = CARTESIAN_POINT('',(6.901039454339E-02,56.742419177413));
#3143 = CARTESIAN_POINT('',(6.46365911226E-02,56.657316638178));
#3144 = CARTESIAN_POINT('',(6.026828534909E-02,56.572226856841));
#3145 = CARTESIAN_POINT('',(5.590497341739E-02,56.487151451733));
#3146 = CARTESIAN_POINT('',(4.507984732159E-02,56.275882333802));
#3147 = CARTESIAN_POINT('',(3.861807791474E-02,56.149595615319));
#3148 = CARTESIAN_POINT('',(3.21691717277E-02,56.023414130816));
#3149 = CARTESIAN_POINT('',(2.572743479688E-02,55.897317093655));
#3150 = CARTESIAN_POINT('',(1.928898659551E-02,55.771265455376));
#3151 = CARTESIAN_POINT('',(1.2853551686E-02,55.645219935385));
#3152 = CARTESIAN_POINT('',(6.421033662486E-03,55.519162556147));
#3153 = CARTESIAN_POINT('',(0.,55.393257444783));
#3154 = ( GEOMETRIC_REPRESENTATION_CONTEXT(2) 
PARAMETRIC_REPRESENTATION_CONTEXT() REPRESENTATION_CONTEXT('2D SPACE',''
  ) );
#3155 = ADVANCED_FACE('',(#3156),#153,.T.);
#3156 = FACE_BOUND('',#3157,.T.);
#3157 = EDGE_LOOP('',(#3158,#3666,#3692,#3871,#3872,#3873,#4124,#4380,
    #4715));
#3158 = ORIENTED_EDGE('',*,*,#3159,.F.);
#3159 = EDGE_CURVE('',#3160,#3162,#3164,.T.);
#3160 = VERTEX_POINT('',#3161);
#3161 = CARTESIAN_POINT('',(19.6,-0.784648333333,2.116666666667));
#3162 = VERTEX_POINT('',#3163);
#3163 = CARTESIAN_POINT('',(17.342650732016,-6.340337847087,
    44.520793423228));
#3164 = SURFACE_CURVE('',#3165,(#3328,#3334),.PCURVE_S1.);
#3165 = B_SPLINE_CURVE_WITH_KNOTS('',11,(#3166,#3167,#3168,#3169,#3170,
    #3171,#3172,#3173,#3174,#3175,#3176,#3177,#3178,#3179,#3180,#3181,
    #3182,#3183,#3184,#3185,#3186,#3187,#3188,#3189,#3190,#3191,#3192,
    #3193,#3194,#3195,#3196,#3197,#3198,#3199,#3200,#3201,#3202,#3203,
    #3204,#3205,#3206,#3207,#3208,#3209,#3210,#3211,#3212,#3213,#3214,
    #3215,#3216,#3217,#3218,#3219,#3220,#3221,#3222,#3223,#3224,#3225,
    #3226,#3227,#3228,#3229,#3230,#3231,#3232,#3233,#3234,#3235,#3236,
    #3237,#3238,#3239,#3240,#3241,#3242,#3243,#3244,#3245,#3246,#3247,
    #3248,#3249,#3250,#3251,#3252,#3253,#3254,#3255,#3256,#3257,#3258,
    #3259,#3260,#3261,#3262,#3263,#3264,#3265,#3266,#3267,#3268,#3269,
    #3270,#3271,#3272,#3273,#3274,#3275,#3276,#3277,#3278,#3279,#3280,
    #3281,#3282,#3283,#3284,#3285,#3286,#3287,#3288,#3289,#3290,#3291,
    #3292,#3293,#3294,#3295,#3296,#3297,#3298,#3299,#3300,#3301,#3302,
    #3303,#3304,#3305,#3306,#3307,#3308,#3309,#3310,#3311,#3312,#3313,
    #3314,#3315,#3316,#3317,#3318,#3319,#3320,#3321,#3322,#3323,#3324,
    #3325,#3326,#3327),.UNSPECIFIED.,.F.,.F.,(12,10,10,10,10,10,10,10,10
    ,10,10,10,10,10,10,10,12),(0.,7.158659213147,14.317318426294,
    21.475977639441,28.634636852588,35.793296065735,42.951955278882,
    50.110614492029,57.269273705176,64.427932918323,71.58659213147,
    78.745251344616,85.903910557763,93.06256977091,100.22122898405,
    107.3798881972,114.53854741035),.UNSPECIFIED.);
#3166 = CARTESIAN_POINT('',(19.6,-0.784648333333,2.116666666667));
#3167 = CARTESIAN_POINT('',(19.980174692468,9.79377102428,2.480303030329
    ));
#3168 = CARTESIAN_POINT('',(14.080826241626,20.571966103631,
    2.842976767858));
#3169 = CARTESIAN_POINT('',(1.779795044537,27.409753615028,
    3.204687880534));
#3170 = CARTESIAN_POINT('',(-13.92963008975,26.077639127346,
    3.565437025354));
#3171 = CARTESIAN_POINT('',(-27.06793191041,14.946023343178,
    3.92522553473));
#3172 = CARTESIAN_POINT('',(-30.71299140681,-2.632497385401,
    4.284055373136));
#3173 = CARTESIAN_POINT('',(-23.16324690815,-17.97238319075,
    4.641929209047));
#3174 = CARTESIAN_POINT('',(-9.474682257172,-25.40309310877,
    4.998850310118));
#3175 = CARTESIAN_POINT('',(4.306042792449,-24.12315401411,
    5.354822654607));
#3176 = CARTESIAN_POINT('',(13.864216326313,-16.810637118,5.709850826692
    ));
#3177 = CARTESIAN_POINT('',(21.588077873641,2.352804158613,
    6.418029333968));
#3178 = CARTESIAN_POINT('',(19.753581357106,14.203259980342,
    6.771179664873));
#3179 = CARTESIAN_POINT('',(10.735678071464,24.563696919529,
    7.123396329112));
#3180 = CARTESIAN_POINT('',(-4.123618961149,28.558894671883,
    7.474685192878));
#3181 = CARTESIAN_POINT('',(-19.87862038849,22.707350712046,
    7.825052833801));
#3182 = CARTESIAN_POINT('',(-29.06457072873,7.785694111221,
    8.174506350285));
#3183 = CARTESIAN_POINT('',(-27.23287071864,-8.803280142751,
    8.52305361926));
#3184 = CARTESIAN_POINT('',(-17.13664603796,-20.1738393059,
    8.870702975936));
#3185 = CARTESIAN_POINT('',(-4.059409716625,-23.57879631205,
    9.217463516418));
#3186 = CARTESIAN_POINT('',(7.147071480824,-20.04108489293,
    9.563344838377));
#3187 = CARTESIAN_POINT('',(20.608265689524,-5.010186579458,
    10.253369547736));
#3188 = CARTESIAN_POINT('',(22.862652953566,6.482630987775,
    10.597512926196));
#3189 = CARTESIAN_POINT('',(18.025078587729,18.996553354599,
    10.940797581933));
#3190 = CARTESIAN_POINT('',(5.704990568554,27.608695669433,
    11.283234297938));
#3191 = CARTESIAN_POINT('',(-10.7154622946,27.475480404188,
    11.624834579019));
#3192 = CARTESIAN_POINT('',(-24.12369140684,16.822985993764,
    11.965610300586));
#3193 = CARTESIAN_POINT('',(-27.96437926728,0.965371404789,
    12.305574166317));
#3194 = CARTESIAN_POINT('',(-22.46845497937,-12.85076863531,
    12.644739165235));
#3195 = CARTESIAN_POINT('',(-11.57612600772,-20.33678666829,
    12.98311906363));
#3196 = CARTESIAN_POINT('',(-8.98928064665E-02,-20.81401436818,
    13.32072800095));
#3197 = CARTESIAN_POINT('',(17.299327693576,-11.46623480053,
    13.994433438781));
#3198 = CARTESIAN_POINT('',(23.201891599178,-1.641458846854,
    14.33052992743));
#3199 = CARTESIAN_POINT('',(22.920066261768,11.48805326162,
    14.665884927426));
#3200 = CARTESIAN_POINT('',(14.45051368257,23.524321957011,
    15.000513618993));
#3201 = CARTESIAN_POINT('',(-0.713474924961,28.880886001444,
    15.334431845524));
#3202 = CARTESIAN_POINT('',(-16.62164682763,23.546312816488,
    15.66765570515));
#3203 = CARTESIAN_POINT('',(-25.45856080677,10.214772578701,
    16.000202071645));
#3204 = CARTESIAN_POINT('',(-25.00643265858,-4.359473181553,
    16.332087970476));
#3205 = CARTESIAN_POINT('',(-17.46031785151,-14.90241620684,
    16.663331149156));
#3206 = CARTESIAN_POINT('',(-7.021508982982,-19.17868107968,
    16.993949595517));
#3207 = CARTESIAN_POINT('',(12.149763576683,-16.3568403998,
    17.653974039946));
#3208 = CARTESIAN_POINT('',(20.88175862447,-9.258806500065,
    17.983380021931));
#3209 = CARTESIAN_POINT('',(25.011903910046,2.959755349177,
    18.312198274136));
#3210 = CARTESIAN_POINT('',(21.216396989668,16.912500346511,
    18.640447609703));
#3211 = CARTESIAN_POINT('',(8.99841465368,26.941688485406,
    18.968147458751));
#3212 = CARTESIAN_POINT('',(-7.49839099807,27.343918658406,
    19.295317315016));
#3213 = CARTESIAN_POINT('',(-20.14607625135,17.973640687199,
    19.621977419245));
#3214 = CARTESIAN_POINT('',(-24.61559679543,4.330494446809,
    19.94814798135));
#3215 = CARTESIAN_POINT('',(-21.16220847578,-7.964748269474,
    20.273849857079));
#3216 = CARTESIAN_POINT('',(-12.92328515378,-15.42707149888,
    20.599104000436));
#3217 = CARTESIAN_POINT('',(5.794341333403,-19.23722455755,
    21.248759540362));
#3218 = CARTESIAN_POINT('',(16.272585769106,-15.58496293313,
    21.573160919913));
#3219 = CARTESIAN_POINT('',(24.206892185809,-5.638322988708,
    21.897157271086));
#3220 = CARTESIAN_POINT('',(25.375223772108,8.585001885609,
    22.220770124961));
#3221 = CARTESIAN_POINT('',(17.407828925262,22.007403118287,
    22.544021525375));
#3222 = CARTESIAN_POINT('',(2.217987592017,27.939672262107,
    22.866933414887));
#3223 = CARTESIAN_POINT('',(-12.69976625947,23.490374626848,
    23.189528401865));
#3224 = CARTESIAN_POINT('',(-21.45584394454,12.303419939034,
    23.511828876057));
#3225 = CARTESIAN_POINT('',(-22.38394208455,-0.306140311421,
    23.833857788031));
#3226 = CARTESIAN_POINT('',(-17.22373351448,-10.03212617687,
    24.155638015126));
#3227 = CARTESIAN_POINT('',(-1.064077817004,-19.8860014522,
    24.79874742617));
#3228 = CARTESIAN_POINT('',(9.934972809905,-20.01365029062,
    25.12007659019));
#3229 = CARTESIAN_POINT('',(20.691080871274,-13.41553523521,
    25.441203379326));
#3230 = CARTESIAN_POINT('',(26.58678703583,-0.540005978357,
    25.762150971004));
#3231 = CARTESIAN_POINT('',(23.690264607079,14.684633185527,
    26.082942954751));
#3232 = CARTESIAN_POINT('',(11.509502489532,25.372045470272,
    26.40360262128));
#3233 = CARTESIAN_POINT('',(-3.947228726016,26.266380839507,
    26.72415384796));
#3234 = CARTESIAN_POINT('',(-15.93038643689,18.764811263345,
    27.044620096162));
#3235 = CARTESIAN_POINT('',(-21.07048640495,7.272466635434,
    27.365025279126));
#3236 = CARTESIAN_POINT('',(-19.5293361652,-3.586919186251,
    27.68539307475));
#3237 = CARTESIAN_POINT('',(-7.717152700704,-18.29370467757,
    28.326101539289));
#3238 = CARTESIAN_POINT('',(2.5535909094,-22.14074395643,28.646442188896
    ));
#3239 = CARTESIAN_POINT('',(14.88261331102,-19.60040952973,
    28.96679307798));
#3240 = CARTESIAN_POINT('',(24.789863507072,-9.518522513385,
    29.287177912516));
#3241 = CARTESIAN_POINT('',(27.248272795262,5.763787958123,
    29.607620615107));
#3242 = CARTESIAN_POINT('',(19.440155450223,19.957171704036,
    29.928144757554));
#3243 = CARTESIAN_POINT('',(5.203670173415,26.064244671351,
    30.248774217656));
#3244 = CARTESIAN_POINT('',(-8.632771044825,23.083456740599,
    30.569532450845));
#3245 = CARTESIAN_POINT('',(-17.38860392838,14.007424131609,
    30.890443108252));
#3246 = CARTESIAN_POINT('',(-19.63272029761,3.246577481246,
    31.211529521664));
#3247 = CARTESIAN_POINT('',(-13.49731070817,-14.64341469434,
    31.854100473486));
#3248 = CARTESIAN_POINT('',(-5.117934363845,-21.77212150793,
    32.175584991812));
#3249 = CARTESIAN_POINT('',(7.385365439223,-23.57986716705,
    32.497291871749));
#3250 = CARTESIAN_POINT('',(20.183975764953,-17.44268098212,
    32.819244135109));
#3251 = CARTESIAN_POINT('',(27.732388511561,-3.8441598217,
    33.141464956204));
#3252 = CARTESIAN_POINT('',(25.208454728113,12.250531293863,
    33.463976874961));
#3253 = CARTESIAN_POINT('',(13.825084369156,22.90586906945,
    33.78680276906));
#3254 = CARTESIAN_POINT('',(-0.300319943303,24.819688137435,
    34.109964784369));
#3255 = CARTESIAN_POINT('',(-11.70505378831,19.215210581783,
    34.433485236035));
#3256 = CARTESIAN_POINT('',(-17.51523387907,9.779165616115,
    34.757385921155));
#3257 = CARTESIAN_POINT('',(-17.8141273058,-9.292228074156,
    35.405991062903));
#3258 = CARTESIAN_POINT('',(-12.30283163941,-18.92710962402,
    35.730695500265));
#3259 = CARTESIAN_POINT('',(-1.051705043082,-24.92976000706,
    36.05582346016));
#3260 = CARTESIAN_POINT('',(13.211330110761,-23.49263648266,
    36.38139618024));
#3261 = CARTESIAN_POINT('',(25.057118230437,-13.16309160548,
    36.707434877384));
#3262 = CARTESIAN_POINT('',(28.192875521934,3.012015221287,
    37.033960048723));
#3263 = CARTESIAN_POINT('',(21.023168265188,17.070277773732,
    37.360992337838));
#3264 = CARTESIAN_POINT('',(8.228072292755,23.751249466249,
    37.688551575488));
#3265 = CARTESIAN_POINT('',(-4.567219576157,22.332274141941,
    38.016657592744));
#3266 = CARTESIAN_POINT('',(-13.35057429867,15.333274071401,
    38.345329598236));
#3267 = CARTESIAN_POINT('',(-20.19008498494,-2.754738582717,
    39.00384343902));
#3268 = CARTESIAN_POINT('',(-18.24607120292,-13.84330927336,
    39.33368525648));
#3269 = CARTESIAN_POINT('',(-9.574510192399,-23.44646673867,
    39.664130900832));
#3270 = CARTESIAN_POINT('',(4.53928323913,-26.98990819848,
    39.995198773635));
#3271 = CARTESIAN_POINT('',(19.418155766281,-21.20945506953,
    40.326907092787));
#3272 = CARTESIAN_POINT('',(28.000598683704,-6.831303558122,
    40.65927331016));
#3273 = CARTESIAN_POINT('',(25.997124506539,9.091220627802,
    40.992314797878));
#3274 = CARTESIAN_POINT('',(16.059121552726,19.902041864254,
    41.326048122354));
#3275 = CARTESIAN_POINT('',(3.319178406098,22.960233365378,
    41.66048963017));
#3276 = CARTESIAN_POINT('',(-7.508603119091,19.287980365331,
    41.995655010024));
#3277 = CARTESIAN_POINT('',(-20.30234233548,4.317684844792,
    42.667464038228));
#3278 = CARTESIAN_POINT('',(-22.2679847639,-6.979993659692,
    43.00410767502));
#3279 = CARTESIAN_POINT('',(-17.27382845003,-19.18175856588,
    43.341505697466));
#3280 = CARTESIAN_POINT('',(-4.965621334805,-27.45978600186,
    43.679672781481));
#3281 = CARTESIAN_POINT('',(11.306585336343,-27.06383423056,
    44.01862322614));
#3282 = CARTESIAN_POINT('',(24.521708176192,-16.23701915922,
    44.358370597739));
#3283 = CARTESIAN_POINT('',(28.11122645215,-0.254818538454,
    44.698928134725));
#3284 = CARTESIAN_POINT('',(22.308296335172,13.569631967301,
    45.040308316698));
#3285 = CARTESIAN_POINT('',(11.126124399454,20.917973061914,
    45.382523212722));
#3286 = CARTESIAN_POINT('',(-0.551200797894,21.136079110141,
    45.725584208837));
#3287 = CARTESIAN_POINT('',(-18.03031385684,11.172110831985,
    46.413420104227));
#3288 = CARTESIAN_POINT('',(-23.83167298067,0.990276645789,
    46.758194995121));
#3289 = CARTESIAN_POINT('',(-23.25567170787,-12.47347525242,
    47.103837681999));
#3290 = CARTESIAN_POINT('',(-14.28577833064,-24.70119291886,
    47.450358373517));
#3291 = CARTESIAN_POINT('',(1.506613904718,-29.96221375856,
    47.797766775644));
#3292 = CARTESIAN_POINT('',(17.980103723,-24.12611003433,48.146071866409
    ));
#3293 = CARTESIAN_POINT('',(26.978617770418,-9.984983410695,
    48.495282126542));
#3294 = CARTESIAN_POINT('',(26.185017225352,5.338736060642,
    48.845405319447));
#3295 = CARTESIAN_POINT('',(17.963903911422,16.293004057497,
    49.196448645881));
#3296 = CARTESIAN_POINT('',(6.7918749646,20.55173498729,49.548418629621)
  );
#3297 = CARTESIAN_POINT('',(-13.50055526342,17.012874011905,
    50.254223721322));
#3298 = CARTESIAN_POINT('',(-22.62046089084,9.215364428102,
    50.608058825373));
#3299 = CARTESIAN_POINT('',(-26.73558269499,-3.956812654683,
    50.962832395172));
#3300 = CARTESIAN_POINT('',(-22.3343863438,-18.8515398136,51.31854966727
    ));
#3301 = CARTESIAN_POINT('',(-8.940538509187,-29.40183902992,
    51.675215287047));
#3302 = CARTESIAN_POINT('',(8.963224861306,-29.4934429953,
    52.032833177729));
#3303 = CARTESIAN_POINT('',(22.54441226692,-18.98406770293,
    52.391406680412));
#3304 = CARTESIAN_POINT('',(27.096125095201,-3.936267536926,
    52.750938423716));
#3305 = CARTESIAN_POINT('',(22.970990893638,9.476646911645,
    53.111430411517));
#3306 = CARTESIAN_POINT('',(13.677680466423,17.458416905149,
    53.47288397049));
#3307 = CARTESIAN_POINT('',(-7.114051173409,21.086708659878,
    54.19771557541));
#3308 = CARTESIAN_POINT('',(-18.61196666324,16.733137902003,
    54.561093620538));
#3309 = CARTESIAN_POINT('',(-27.14948208517,5.461274773178,
    54.92543458073));
#3310 = CARTESIAN_POINT('',(-28.07366152282,-10.42604430558,
    55.290738463179));
#3311 = CARTESIAN_POINT('',(-18.82025918369,-25.24443625458,
    55.657004616681));
#3312 = CARTESIAN_POINT('',(-1.590619767233,-31.54257724365,
    56.024231734558));
#3313 = CARTESIAN_POINT('',(15.146613197534,-26.12088772741,
    56.392417826484));
#3314 = CARTESIAN_POINT('',(24.752399289929,-13.1940622435,
    56.761560284681));
#3315 = CARTESIAN_POINT('',(25.427574579466,1.164564241472,
    57.131655797128));
#3316 = CARTESIAN_POINT('',(19.238919026345,12.079905907799,
    57.502700438904));
#3317 = CARTESIAN_POINT('',(0.460613226052,22.787075679966,
    58.24667878606));
#3318 = CARTESIAN_POINT('',(-12.12858227976,22.578639716817,
    58.619612495605));
#3319 = CARTESIAN_POINT('',(-24.26241808944,14.677187606448,
    58.993486141502));
#3320 = CARTESIAN_POINT('',(-30.65884332872,-0.309395991131,
    59.36829451089));
#3321 = CARTESIAN_POINT('',(-26.87836409155,-17.79093363525,
    59.744031668988));
#3322 = CARTESIAN_POINT('',(-12.46374432891,-29.82409008625,
    60.120691172771));
#3323 = CARTESIAN_POINT('',(5.530572636972,-30.39829123076,
    60.498265763986));
#3324 = CARTESIAN_POINT('',(19.254205861286,-21.27909645161,
    60.876747758099));
#3325 = CARTESIAN_POINT('',(24.875778403354,-7.692175323517,
    61.256128668986));
#3326 = CARTESIAN_POINT('',(22.699944849743,4.955185130976,
    61.636399524354));
#3327 = CARTESIAN_POINT('',(15.52006718262,13.357927536131,
    62.017550679198));
#3328 = PCURVE('',#153,#3329);
#3329 = DEFINITIONAL_REPRESENTATION('',(#3330),#3333);
#3330 = B_SPLINE_CURVE_WITH_KNOTS('',1,(#3331,#3332),.UNSPECIFIED.,.F.,
  .F.,(2,2),(0.,114.53854741035),.PIECEWISE_BEZIER_KNOTS.);
#3331 = CARTESIAN_POINT('',(0.,0.));
#3332 = CARTESIAN_POINT('',(0.,114.53854741035));
#3333 = ( GEOMETRIC_REPRESENTATION_CONTEXT(2) 
PARAMETRIC_REPRESENTATION_CONTEXT() REPRESENTATION_CONTEXT('2D SPACE',''
  ) );
#3334 = PCURVE('',#3335,#3660);
#3335 = B_SPLINE_SURFACE_WITH_KNOTS('',1,11,(
    (#3336,#3337,#3338,#3339,#3340,#3341,#3342,#3343,#3344,#3345,#3346
      ,#3347,#3348,#3349,#3350,#3351,#3352,#3353,#3354,#3355,#3356,#3357
      ,#3358,#3359,#3360,#3361,#3362,#3363,#3364,#3365,#3366,#3367,#3368
      ,#3369,#3370,#3371,#3372,#3373,#3374,#3375,#3376,#3377,#3378,#3379
      ,#3380,#3381,#3382,#3383,#3384,#3385,#3386,#3387,#3388,#3389,#3390
      ,#3391,#3392,#3393,#3394,#3395,#3396,#3397,#3398,#3399,#3400,#3401
      ,#3402,#3403,#3404,#3405,#3406,#3407,#3408,#3409,#3410,#3411,#3412
      ,#3413,#3414,#3415,#3416,#3417,#3418,#3419,#3420,#3421,#3422,#3423
      ,#3424,#3425,#3426,#3427,#3428,#3429,#3430,#3431,#3432,#3433,#3434
      ,#3435,#3436,#3437,#3438,#3439,#3440,#3441,#3442,#3443,#3444,#3445
      ,#3446,#3447,#3448,#3449,#3450,#3451,#3452,#3453,#3454,#3455,#3456
      ,#3457,#3458,#3459,#3460,#3461,#3462,#3463,#3464,#3465,#3466,#3467
      ,#3468,#3469,#3470,#3471,#3472,#3473,#3474,#3475,#3476,#3477,#3478
      ,#3479,#3480,#3481,#3482,#3483,#3484,#3485,#3486,#3487,#3488,#3489
      ,#3490,#3491,#3492,#3493,#3494,#3495,#3496,#3497)
    ,(#3498,#3499,#3500,#3501,#3502,#3503,#3504,#3505,#3506,#3507,#3508
      ,#3509,#3510,#3511,#3512,#3513,#3514,#3515,#3516,#3517,#3518,#3519
      ,#3520,#3521,#3522,#3523,#3524,#3525,#3526,#3527,#3528,#3529,#3530
      ,#3531,#3532,#3533,#3534,#3535,#3536,#3537,#3538,#3539,#3540,#3541
      ,#3542,#3543,#3544,#3545,#3546,#3547,#3548,#3549,#3550,#3551,#3552
      ,#3553,#3554,#3555,#3556,#3557,#3558,#3559,#3560,#3561,#3562,#3563
      ,#3564,#3565,#3566,#3567,#3568,#3569,#3570,#3571,#3572,#3573,#3574
      ,#3575,#3576,#3577,#3578,#3579,#3580,#3581,#3582,#3583,#3584,#3585
      ,#3586,#3587,#3588,#3589,#3590,#3591,#3592,#3593,#3594,#3595,#3596
      ,#3597,#3598,#3599,#3600,#3601,#3602,#3603,#3604,#3605,#3606,#3607
      ,#3608,#3609,#3610,#3611,#3612,#3613,#3614,#3615,#3616,#3617,#3618
      ,#3619,#3620,#3621,#3622,#3623,#3624,#3625,#3626,#3627,#3628,#3629
      ,#3630,#3631,#3632,#3633,#3634,#3635,#3636,#3637,#3638,#3639,#3640
      ,#3641,#3642,#3643,#3644,#3645,#3646,#3647,#3648,#3649,#3650,#3651
      ,#3652,#3653,#3654,#3655,#3656,#3657,#3658,#3659
  )),.UNSPECIFIED.,.F.,.F.,.F.,(2,2),(12,10,10,10,10,10,10,10,10,10,10,
    10,10,10,10,10,12),(0.,1.569296666667),(0.,7.158659213147,
    14.317318426294,21.475977639441,28.634636852588,35.793296065735,
    42.951955278882,50.110614492029,57.269273705176,64.427932918323,
    71.58659213147,78.745251344616,85.903910557763,93.06256977091,
    100.22122898405,107.3798881972,114.53854741035),.UNSPECIFIED.);
#3336 = CARTESIAN_POINT('',(19.6,0.784648333333,2.116666666667));
#3337 = CARTESIAN_POINT('',(19.134291257718,11.363067690947,
    2.480303030277));
#3338 = CARTESIAN_POINT('',(12.389079983022,21.639778422744,
    2.843000992724));
#3339 = CARTESIAN_POINT('',(-0.4275909475,27.47402858371,3.204760554001)
  );
#3340 = CARTESIAN_POINT('',(-15.99086837648,24.883904259278,
    3.565582357172));
#3341 = CARTESIAN_POINT('',(-28.2024316963,12.721233039841,
    3.925467697626));
#3342 = CARTESIAN_POINT('',(-30.41995034577,-5.112615157797,
    4.284418493207));
#3343 = CARTESIAN_POINT('',(-21.64350876338,-19.80656999994,
    4.642437344677));
#3344 = CARTESIAN_POINT('',(-7.381811809831,-26.10786976403,
    4.999527435708));
#3345 = CARTESIAN_POINT('',(6.263040023568,-23.70784122254,
    5.355692647062));
#3346 = CARTESIAN_POINT('',(15.201550758277,-15.63174308108,
    5.710937445593));
#3347 = CARTESIAN_POINT('',(21.338434120761,4.118004219428,
    6.419596462186));
#3348 = CARTESIAN_POINT('',(18.536660895354,15.791170549197,
    6.773010676069));
#3349 = CARTESIAN_POINT('',(8.687261467501,25.388888478045,
    7.125514718496));
#3350 = CARTESIAN_POINT('',(-6.470880070283,28.15327467476,
    7.477114309958));
#3351 = CARTESIAN_POINT('',(-21.71374821308,21.013305998309,
    7.827815860046));
#3352 = CARTESIAN_POINT('',(-29.64885106688,5.357461317472,
    8.177626290113));
#3353 = CARTESIAN_POINT('',(-26.44244891589,-11.05045383807,
    8.526553279591));
#3354 = CARTESIAN_POINT('',(-15.41727957137,-21.55987690377,
    8.874604951073));
#3355 = CARTESIAN_POINT('',(-2.079603672021,-23.86685548899,
    9.221790175135));
#3356 = CARTESIAN_POINT('',(8.809894330161,-19.39813885175,
    9.568118305564));
#3357 = CARTESIAN_POINT('',(20.985116502983,-3.267678881607,
    10.259080367675));
#3358 = CARTESIAN_POINT('',(22.270546290061,8.393668351756,
    10.603714290629));
#3359 = CARTESIAN_POINT('',(16.388721359601,20.479753273605,
    10.947511100022));
#3360 = CARTESIAN_POINT('',(3.362177832341,28.040369269719,
    11.29048130965));
#3361 = CARTESIAN_POINT('',(-13.02358364887,26.520806318776,
    11.632636131854));
#3362 = CARTESIAN_POINT('',(-25.5119204868,14.746456472388,
    11.97398714535));
#3363 = CARTESIAN_POINT('',(-27.99975803704,-1.416738024317,
    12.314546734292));
#3364 = CARTESIAN_POINT('',(-21.33418483055,-14.74589533484,
    12.65432755838));
#3365 = CARTESIAN_POINT('',(-9.817825207616,-21.29144291132,
    12.993343040638));
#3366 = CARTESIAN_POINT('',(1.692696759496,-20.78531883085,
    13.331606962401));
#3367 = CARTESIAN_POINT('',(18.254957283932,-9.961180006499,
    14.006660430255));
#3368 = CARTESIAN_POINT('',(23.306292651299,0.356567455875,
    14.343449964716));
#3369 = CARTESIAN_POINT('',(21.896466373452,13.44523370075,
    14.679516669647));
#3370 = CARTESIAN_POINT('',(12.400547633853,24.738404427051,
    15.014875344857));
#3371 = CARTESIAN_POINT('',(-3.20960926812,28.781464706499,
    15.349541433056));
#3372 = CARTESIAN_POINT('',(-18.64135071514,22.076018914157,
    15.683530628208));
#3373 = CARTESIAN_POINT('',(-26.3134451664,7.990765580123,16.01685938075
    ));
#3374 = CARTESIAN_POINT('',(-24.59511202773,-6.529656811619,
    16.349544284469));
#3375 = CARTESIAN_POINT('',(-16.13879747784,-16.4047136112,16.6816026438
    ));
#3376 = CARTESIAN_POINT('',(-5.338236012329,-19.76605222218,
    17.013051991512));
#3377 = CARTESIAN_POINT('',(13.565325400336,-15.27308306638,
    17.674768750495));
#3378 = CARTESIAN_POINT('',(21.667863294598,-7.418887698232,
    18.005036146097));
#3379 = CARTESIAN_POINT('',(24.724658405518,5.149852584817,
    18.334730601418));
#3380 = CARTESIAN_POINT('',(19.709331747776,18.758138729923,
    18.663870458629));
#3381 = CARTESIAN_POINT('',(6.620094993901,27.70719234903,
    18.992474655257));
#3382 = CARTESIAN_POINT('',(-9.900876518646,26.657711840371,
    19.320562197775));
#3383 = CARTESIAN_POINT('',(-21.71351181938,16.178804765149,
    19.648152816264));
#3384 = CARTESIAN_POINT('',(-24.97504757681,2.150972435983,
    19.97526621105));
#3385 = CARTESIAN_POINT('',(-20.43713198435,-9.829601416614,
    20.301922715106));
#3386 = CARTESIAN_POINT('',(-11.54413827542,-16.55671140899,
    20.628142753462));
#3387 = CARTESIAN_POINT('',(7.495789349598,-18.70516268922,
    21.279751543196));
#3388 = CARTESIAN_POINT('',(17.642256743484,-14.12645308136,
    21.605140278022));
#3389 = CARTESIAN_POINT('',(24.688269330077,-3.482453089942,
    21.930134176356));
#3390 = CARTESIAN_POINT('',(24.59222000216,10.835679976223,
    22.254754229543));
#3391 = CARTESIAN_POINT('',(15.435618110674,23.54180080312,
    22.579021923813));
#3392 = CARTESIAN_POINT('',(-0.274523920648,28.117901179224,
    22.902958651678));
#3393 = CARTESIAN_POINT('',(-14.78713146699,22.340547366852,
    23.22658645261));
#3394 = CARTESIAN_POINT('',(-22.53950934759,10.378464079253,
    23.549927150697));
#3395 = CARTESIAN_POINT('',(-22.34058391084,-2.306455959137,
    23.873003121858));
#3396 = CARTESIAN_POINT('',(-16.31415592293,-11.56515577055,
    24.195836665623));
#3397 = CARTESIAN_POINT('',(0.716567098504,-19.96748794771,
    24.84106406093));
#3398 = CARTESIAN_POINT('',(11.720444435194,-19.11091521764,
    25.163457893074));
#3399 = CARTESIAN_POINT('',(21.87980486419,-11.55369346374,
    25.485654442325));
#3400 = CARTESIAN_POINT('',(26.619163226382,1.842878518729,
    25.807676305232));
#3401 = CARTESIAN_POINT('',(22.359854850828,16.80007270355,
    26.12954647428));
#3402 = CARTESIAN_POINT('',(9.226994214842,26.389665813973,
    26.451287656942));
#3403 = CARTESIAN_POINT('',(-6.301588748574,25.896872705071,
    26.772923129001));
#3404 = CARTESIAN_POINT('',(-17.60501009403,17.324267639451,
    27.094475759791));
#3405 = CARTESIAN_POINT('',(-21.71090673032,5.377137483515,
    27.415968863333));
#3406 = CARTESIAN_POINT('',(-19.19606611417,-5.337756315152,
    27.73742551971));
#3407 = CARTESIAN_POINT('',(-6.070735655752,-18.9760382119,
    28.380312388746));
#3408 = CARTESIAN_POINT('',(4.539432549818,-21.89909208166,
    28.701742582589));
#3409 = CARTESIAN_POINT('',(16.633399900927,-18.2536579605,
    29.023182757502));
#3410 = CARTESIAN_POINT('',(25.630038864612,-7.288452320256,
    29.344656025081));
#3411 = CARTESIAN_POINT('',(26.71540974015,8.205414198559,
    29.666185702705));
#3412 = CARTESIAN_POINT('',(17.638533551408,21.689185284928,
    29.987794771865));
#3413 = CARTESIAN_POINT('',(2.863646247515,26.515389114747,
    30.309506508408));
#3414 = CARTESIAN_POINT('',(-10.69649940082,22.296228388477,
    30.63134377652));
#3415 = CARTESIAN_POINT('',(-18.63339808904,12.44163547469,
    30.95332963403));
#3416 = CARTESIAN_POINT('',(-19.9123933515,1.486777164394,
    31.275486824108));
#3417 = CARTESIAN_POINT('',(-12.17952700443,-15.84269909955,
    31.92018931059));
#3418 = CARTESIAN_POINT('',(-3.167854022585,-22.2168921168,
    32.242734587584));
#3419 = CARTESIAN_POINT('',(9.488350050599,-22.90505202756,
    32.565496629374));
#3420 = CARTESIAN_POINT('',(21.728798485,-15.62831777862,32.888497881562
    ));
#3421 = CARTESIAN_POINT('',(28.056278178436,-1.366201854542,
    33.211760930581));
#3422 = CARTESIAN_POINT('',(24.097972704541,14.489313357114,
    33.535307753648));
#3423 = CARTESIAN_POINT('',(11.775030248109,24.120606650349,
    33.859160650436));
#3424 = CARTESIAN_POINT('',(-2.508348049799,24.775261839237,
    34.183341209041));
#3425 = CARTESIAN_POINT('',(-13.40482520287,18.161462039755,
    34.50787118496));
#3426 = CARTESIAN_POINT('',(-18.37186412464,8.21723499837,
    34.832771825079));
#3427 = CARTESIAN_POINT('',(-16.97794603817,-10.86510477637,
    35.48335665008));
#3428 = CARTESIAN_POINT('',(-10.61702142106,-20.00275014362,
    35.809040816257));
#3429 = CARTESIAN_POINT('',(1.155347707192,-25.00272314288,
    36.135137846056));
#3430 = CARTESIAN_POINT('',(15.276612249416,-22.30446409658,
    36.461668445325));
#3431 = CARTESIAN_POINT('',(26.195939176184,-10.93882514113,
    36.788653293206));
#3432 = CARTESIAN_POINT('',(27.900123919702,5.493672299317,
    37.116112374338));
#3433 = CARTESIAN_POINT('',(19.501017782624,18.903294712926,
    37.444065811743));
#3434 = CARTESIAN_POINT('',(6.133896047535,24.451315374511,
    37.772532935694));
#3435 = CARTESIAN_POINT('',(-6.521755206075,21.910884999163,
    38.101533080715));
#3436 = CARTESIAN_POINT('',(-14.68162317712,14.150081447236,
    38.4310849701));
#3437 = CARTESIAN_POINT('',(-19.93040642412,-4.516528349877,
    39.091329140025));
#3438 = CARTESIAN_POINT('',(-17.01919089329,-15.42187861032,
    39.422021403287));
#3439 = CARTESIAN_POINT('',(-7.520158402189,-24.25534797569,
    39.753302296959));
#3440 = CARTESIAN_POINT('',(6.883077804074,-26.56305134356,
    40.08518976283));
#3441 = CARTESIAN_POINT('',(21.236389646509,-19.4956844053,
    40.417701555152));
#3442 = CARTESIAN_POINT('',(28.556036760601,-4.395228155196,
    40.750854692069));
#3443 = CARTESIAN_POINT('',(25.176770502342,11.32779333115,
    41.084666104958));
#3444 = CARTESIAN_POINT('',(14.320425291513,21.262479016367,
    41.419151944184));
#3445 = CARTESIAN_POINT('',(1.336773354158,23.217146514741,
    41.754328145875));
#3446 = CARTESIAN_POINT('',(-9.158335801218,18.618451097294,
    42.090210002792));
#3447 = CARTESIAN_POINT('',(-20.64663644379,2.570949881733,
    42.763414784475));
#3448 = CARTESIAN_POINT('',(-21.639544653,-8.877465578326,
    43.100737698037));
#3449 = CARTESIAN_POINT('',(-15.60822798396,-20.63044301435,
    43.438796012296));
#3450 = CARTESIAN_POINT('',(-2.614225671037,-27.84046522774,
    43.777604035962));
#3451 = CARTESIAN_POINT('',(13.592531014426,-26.05583997323,
    44.117175705218));
#3452 = CARTESIAN_POINT('',(25.858420280193,-14.126388622,44.4575242476)
  );
#3453 = CARTESIAN_POINT('',(28.084364442084,2.126969741812,
    44.798662567634));
#3454 = CARTESIAN_POINT('',(21.123356856531,15.431919487988,
    45.140602829597));
#3455 = CARTESIAN_POINT('',(9.343325351553,21.82126995585,
    45.483356800948));
#3456 = CARTESIAN_POINT('',(-2.32935828961,21.055091909844,
    45.826935579572));
#3457 = CARTESIAN_POINT('',(-18.93703294273,9.640425049234,
    46.515763909581));
#3458 = CARTESIAN_POINT('',(-23.87161658537,-1.007788128553,
    46.861013452875));
#3459 = CARTESIAN_POINT('',(-22.16820251887,-14.39411849439,
    47.20710895304));
#3460 = CARTESIAN_POINT('',(-12.19580153456,-25.84339660335,
    47.554060364582));
#3461 = CARTESIAN_POINT('',(3.997537268339,-29.77320417275,
    47.901877144763));
#3462 = CARTESIAN_POINT('',(19.94316535752,-22.5811916778,
    48.250568050616));
#3463 = CARTESIAN_POINT('',(27.746140688459,-7.730369213276,
    48.600141345785));
#3464 = CARTESIAN_POINT('',(25.687578839275,7.4889702329,48.950604599852
    ));
#3465 = CARTESIAN_POINT('',(16.583546172378,17.737913785372,
    49.301964832377));
#3466 = CARTESIAN_POINT('',(5.088375715167,21.066961350477,
    49.654228402513));
#3467 = CARTESIAN_POINT('',(-14.86497269433,15.87023743107,
    50.360573730912));
#3468 = CARTESIAN_POINT('',(-23.32266331702,7.344588860776,
    50.714655485541));
#3469 = CARTESIAN_POINT('',(-26.34884274112,-6.1295896496,
    51.069652088495));
#3470 = CARTESIAN_POINT('',(-20.74330650859,-20.6236167339,
    51.425568646741));
#3471 = CARTESIAN_POINT('',(-6.528629613877,-30.05176581,51.782409685835
    ));
#3472 = CARTESIAN_POINT('',(11.328102015767,-28.68905099794,
    52.140179032354));
#3473 = CARTESIAN_POINT('',(24.017652030068,-17.11290548048,
    52.498879943547));
#3474 = CARTESIAN_POINT('',(27.34163973841,-1.74308709043,
    52.858514979437));
#3475 = CARTESIAN_POINT('',(22.14937128373,11.298058993164,
    53.219086096549));
#3476 = CARTESIAN_POINT('',(12.242328026429,18.510404920727,
    53.580594586003));
#3477 = CARTESIAN_POINT('',(-8.780537198337,20.462427871081,
    54.305487622167));
#3478 = CARTESIAN_POINT('',(-19.89584778507,15.202053426154,
    54.668872168194));
#3479 = CARTESIAN_POINT('',(-27.5066601504,3.283502412225,
    55.033195396269));
#3480 = CARTESIAN_POINT('',(-27.1617823581,-12.62606513214,
    55.398457316691));
#3481 = CARTESIAN_POINT('',(-16.76132280854,-26.65878850132,
    55.76465728973));
#3482 = CARTESIAN_POINT('',(0.907157767579,-31.56959853454,
    56.131794046274));
#3483 = CARTESIAN_POINT('',(17.157847865032,-24.84549937837,
    56.499865643797));
#3484 = CARTESIAN_POINT('',(25.712655117834,-11.20702846911,
    56.868869539496));
#3485 = CARTESIAN_POINT('',(25.257796583841,3.155523522725,
    57.238802506866));
#3486 = CARTESIAN_POINT('',(18.234611550831,13.54907948112,
    57.609660717878));
#3487 = CARTESIAN_POINT('',(-1.31870230254,22.751997210024,
    58.353218665242));
#3488 = CARTESIAN_POINT('',(-13.8483573881,21.561131740619,
    58.725918405699));
#3489 = CARTESIAN_POINT('',(-25.32304464307,12.741780976623,
    59.099534428012));
#3490 = CARTESIAN_POINT('',(-30.52992776685,-2.687529921835,
    59.474061652861));
#3491 = CARTESIAN_POINT('',(-25.40648532371,-19.80928129809,
    59.849494291839));
#3492 = CARTESIAN_POINT('',(-10.11686911175,-30.67987479906,
    60.225826065663));
#3493 = CARTESIAN_POINT('',(7.85154668351,-29.86402300062,
    60.603049900288));
#3494 = CARTESIAN_POINT('',(20.820599106785,-19.72423999802,
    60.981158300115));
#3495 = CARTESIAN_POINT('',(25.377726585489,-5.757852329306,
    61.360142997736));
#3496 = CARTESIAN_POINT('',(22.241298873843,6.674939056326,
    61.739995242883));
#3497 = CARTESIAN_POINT('',(14.445786418076,14.497213243062,
    62.120705635086));
#3498 = CARTESIAN_POINT('',(19.6,-0.784648333333,2.116666666667));
#3499 = CARTESIAN_POINT('',(19.980174692468,9.79377102428,2.480303030329
    ));
#3500 = CARTESIAN_POINT('',(14.080826241626,20.571966103631,
    2.842976767858));
#3501 = CARTESIAN_POINT('',(1.779795044537,27.409753615028,
    3.204687880534));
#3502 = CARTESIAN_POINT('',(-13.92963008975,26.077639127346,
    3.565437025354));
#3503 = CARTESIAN_POINT('',(-27.06793191041,14.946023343178,
    3.92522553473));
#3504 = CARTESIAN_POINT('',(-30.71299140681,-2.632497385401,
    4.284055373136));
#3505 = CARTESIAN_POINT('',(-23.16324690815,-17.97238319075,
    4.641929209047));
#3506 = CARTESIAN_POINT('',(-9.474682257172,-25.40309310877,
    4.998850310118));
#3507 = CARTESIAN_POINT('',(4.306042792449,-24.12315401411,
    5.354822654607));
#3508 = CARTESIAN_POINT('',(13.864216326313,-16.810637118,5.709850826692
    ));
#3509 = CARTESIAN_POINT('',(21.588077873641,2.352804158613,
    6.418029333968));
#3510 = CARTESIAN_POINT('',(19.753581357106,14.203259980342,
    6.771179664873));
#3511 = CARTESIAN_POINT('',(10.735678071464,24.563696919529,
    7.123396329112));
#3512 = CARTESIAN_POINT('',(-4.123618961149,28.558894671883,
    7.474685192878));
#3513 = CARTESIAN_POINT('',(-19.87862038849,22.707350712046,
    7.825052833801));
#3514 = CARTESIAN_POINT('',(-29.06457072873,7.785694111221,
    8.174506350285));
#3515 = CARTESIAN_POINT('',(-27.23287071864,-8.803280142751,
    8.52305361926));
#3516 = CARTESIAN_POINT('',(-17.13664603796,-20.1738393059,
    8.870702975936));
#3517 = CARTESIAN_POINT('',(-4.059409716625,-23.57879631205,
    9.217463516418));
#3518 = CARTESIAN_POINT('',(7.147071480824,-20.04108489293,
    9.563344838377));
#3519 = CARTESIAN_POINT('',(20.608265689524,-5.010186579458,
    10.253369547736));
#3520 = CARTESIAN_POINT('',(22.862652953566,6.482630987775,
    10.597512926196));
#3521 = CARTESIAN_POINT('',(18.025078587729,18.996553354599,
    10.940797581933));
#3522 = CARTESIAN_POINT('',(5.704990568554,27.608695669433,
    11.283234297938));
#3523 = CARTESIAN_POINT('',(-10.7154622946,27.475480404188,
    11.624834579019));
#3524 = CARTESIAN_POINT('',(-24.12369140684,16.822985993764,
    11.965610300586));
#3525 = CARTESIAN_POINT('',(-27.96437926728,0.965371404789,
    12.305574166317));
#3526 = CARTESIAN_POINT('',(-22.46845497937,-12.85076863531,
    12.644739165235));
#3527 = CARTESIAN_POINT('',(-11.57612600772,-20.33678666829,
    12.98311906363));
#3528 = CARTESIAN_POINT('',(-8.98928064665E-02,-20.81401436818,
    13.32072800095));
#3529 = CARTESIAN_POINT('',(17.299327693576,-11.46623480053,
    13.994433438781));
#3530 = CARTESIAN_POINT('',(23.201891599178,-1.641458846854,
    14.33052992743));
#3531 = CARTESIAN_POINT('',(22.920066261768,11.48805326162,
    14.665884927426));
#3532 = CARTESIAN_POINT('',(14.45051368257,23.524321957011,
    15.000513618993));
#3533 = CARTESIAN_POINT('',(-0.713474924961,28.880886001444,
    15.334431845524));
#3534 = CARTESIAN_POINT('',(-16.62164682763,23.546312816488,
    15.66765570515));
#3535 = CARTESIAN_POINT('',(-25.45856080677,10.214772578701,
    16.000202071645));
#3536 = CARTESIAN_POINT('',(-25.00643265858,-4.359473181553,
    16.332087970476));
#3537 = CARTESIAN_POINT('',(-17.46031785151,-14.90241620684,
    16.663331149156));
#3538 = CARTESIAN_POINT('',(-7.021508982982,-19.17868107968,
    16.993949595517));
#3539 = CARTESIAN_POINT('',(12.149763576683,-16.3568403998,
    17.653974039946));
#3540 = CARTESIAN_POINT('',(20.88175862447,-9.258806500065,
    17.983380021931));
#3541 = CARTESIAN_POINT('',(25.011903910046,2.959755349177,
    18.312198274136));
#3542 = CARTESIAN_POINT('',(21.216396989668,16.912500346511,
    18.640447609703));
#3543 = CARTESIAN_POINT('',(8.99841465368,26.941688485406,
    18.968147458751));
#3544 = CARTESIAN_POINT('',(-7.49839099807,27.343918658406,
    19.295317315016));
#3545 = CARTESIAN_POINT('',(-20.14607625135,17.973640687199,
    19.621977419245));
#3546 = CARTESIAN_POINT('',(-24.61559679543,4.330494446809,
    19.94814798135));
#3547 = CARTESIAN_POINT('',(-21.16220847578,-7.964748269474,
    20.273849857079));
#3548 = CARTESIAN_POINT('',(-12.92328515378,-15.42707149888,
    20.599104000436));
#3549 = CARTESIAN_POINT('',(5.794341333403,-19.23722455755,
    21.248759540362));
#3550 = CARTESIAN_POINT('',(16.272585769106,-15.58496293313,
    21.573160919913));
#3551 = CARTESIAN_POINT('',(24.206892185809,-5.638322988708,
    21.897157271086));
#3552 = CARTESIAN_POINT('',(25.375223772108,8.585001885609,
    22.220770124961));
#3553 = CARTESIAN_POINT('',(17.407828925262,22.007403118287,
    22.544021525375));
#3554 = CARTESIAN_POINT('',(2.217987592017,27.939672262107,
    22.866933414887));
#3555 = CARTESIAN_POINT('',(-12.69976625947,23.490374626848,
    23.189528401865));
#3556 = CARTESIAN_POINT('',(-21.45584394454,12.303419939034,
    23.511828876057));
#3557 = CARTESIAN_POINT('',(-22.38394208455,-0.306140311421,
    23.833857788031));
#3558 = CARTESIAN_POINT('',(-17.22373351448,-10.03212617687,
    24.155638015126));
#3559 = CARTESIAN_POINT('',(-1.064077817004,-19.8860014522,
    24.79874742617));
#3560 = CARTESIAN_POINT('',(9.934972809905,-20.01365029062,
    25.12007659019));
#3561 = CARTESIAN_POINT('',(20.691080871274,-13.41553523521,
    25.441203379326));
#3562 = CARTESIAN_POINT('',(26.58678703583,-0.540005978357,
    25.762150971004));
#3563 = CARTESIAN_POINT('',(23.690264607079,14.684633185527,
    26.082942954751));
#3564 = CARTESIAN_POINT('',(11.509502489532,25.372045470272,
    26.40360262128));
#3565 = CARTESIAN_POINT('',(-3.947228726016,26.266380839507,
    26.72415384796));
#3566 = CARTESIAN_POINT('',(-15.93038643689,18.764811263345,
    27.044620096162));
#3567 = CARTESIAN_POINT('',(-21.07048640495,7.272466635434,
    27.365025279126));
#3568 = CARTESIAN_POINT('',(-19.5293361652,-3.586919186251,
    27.68539307475));
#3569 = CARTESIAN_POINT('',(-7.717152700704,-18.29370467757,
    28.326101539289));
#3570 = CARTESIAN_POINT('',(2.5535909094,-22.14074395643,28.646442188896
    ));
#3571 = CARTESIAN_POINT('',(14.88261331102,-19.60040952973,
    28.96679307798));
#3572 = CARTESIAN_POINT('',(24.789863507072,-9.518522513385,
    29.287177912516));
#3573 = CARTESIAN_POINT('',(27.248272795262,5.763787958123,
    29.607620615107));
#3574 = CARTESIAN_POINT('',(19.440155450223,19.957171704036,
    29.928144757554));
#3575 = CARTESIAN_POINT('',(5.203670173415,26.064244671351,
    30.248774217656));
#3576 = CARTESIAN_POINT('',(-8.632771044825,23.083456740599,
    30.569532450845));
#3577 = CARTESIAN_POINT('',(-17.38860392838,14.007424131609,
    30.890443108252));
#3578 = CARTESIAN_POINT('',(-19.63272029761,3.246577481246,
    31.211529521664));
#3579 = CARTESIAN_POINT('',(-13.49731070817,-14.64341469434,
    31.854100473486));
#3580 = CARTESIAN_POINT('',(-5.117934363845,-21.77212150793,
    32.175584991812));
#3581 = CARTESIAN_POINT('',(7.385365439223,-23.57986716705,
    32.497291871749));
#3582 = CARTESIAN_POINT('',(20.183975764953,-17.44268098212,
    32.819244135109));
#3583 = CARTESIAN_POINT('',(27.732388511561,-3.8441598217,
    33.141464956204));
#3584 = CARTESIAN_POINT('',(25.208454728113,12.250531293863,
    33.463976874961));
#3585 = CARTESIAN_POINT('',(13.825084369156,22.90586906945,
    33.78680276906));
#3586 = CARTESIAN_POINT('',(-0.300319943303,24.819688137435,
    34.109964784369));
#3587 = CARTESIAN_POINT('',(-11.70505378831,19.215210581783,
    34.433485236035));
#3588 = CARTESIAN_POINT('',(-17.51523387907,9.779165616115,
    34.757385921155));
#3589 = CARTESIAN_POINT('',(-17.8141273058,-9.292228074156,
    35.405991062903));
#3590 = CARTESIAN_POINT('',(-12.30283163941,-18.92710962402,
    35.730695500265));
#3591 = CARTESIAN_POINT('',(-1.051705043082,-24.92976000706,
    36.05582346016));
#3592 = CARTESIAN_POINT('',(13.211330110761,-23.49263648266,
    36.38139618024));
#3593 = CARTESIAN_POINT('',(25.057118230437,-13.16309160548,
    36.707434877384));
#3594 = CARTESIAN_POINT('',(28.192875521934,3.012015221287,
    37.033960048723));
#3595 = CARTESIAN_POINT('',(21.023168265188,17.070277773732,
    37.360992337838));
#3596 = CARTESIAN_POINT('',(8.228072292755,23.751249466249,
    37.688551575488));
#3597 = CARTESIAN_POINT('',(-4.567219576157,22.332274141941,
    38.016657592744));
#3598 = CARTESIAN_POINT('',(-13.35057429867,15.333274071401,
    38.345329598236));
#3599 = CARTESIAN_POINT('',(-20.19008498494,-2.754738582717,
    39.00384343902));
#3600 = CARTESIAN_POINT('',(-18.24607120292,-13.84330927336,
    39.33368525648));
#3601 = CARTESIAN_POINT('',(-9.574510192399,-23.44646673867,
    39.664130900832));
#3602 = CARTESIAN_POINT('',(4.53928323913,-26.98990819848,
    39.995198773635));
#3603 = CARTESIAN_POINT('',(19.418155766281,-21.20945506953,
    40.326907092787));
#3604 = CARTESIAN_POINT('',(28.000598683704,-6.831303558122,
    40.65927331016));
#3605 = CARTESIAN_POINT('',(25.997124506539,9.091220627802,
    40.992314797878));
#3606 = CARTESIAN_POINT('',(16.059121552726,19.902041864254,
    41.326048122354));
#3607 = CARTESIAN_POINT('',(3.319178406098,22.960233365378,
    41.66048963017));
#3608 = CARTESIAN_POINT('',(-7.508603119091,19.287980365331,
    41.995655010024));
#3609 = CARTESIAN_POINT('',(-20.30234233548,4.317684844792,
    42.667464038228));
#3610 = CARTESIAN_POINT('',(-22.2679847639,-6.979993659692,
    43.00410767502));
#3611 = CARTESIAN_POINT('',(-17.27382845003,-19.18175856588,
    43.341505697466));
#3612 = CARTESIAN_POINT('',(-4.965621334805,-27.45978600186,
    43.679672781481));
#3613 = CARTESIAN_POINT('',(11.306585336343,-27.06383423056,
    44.01862322614));
#3614 = CARTESIAN_POINT('',(24.521708176192,-16.23701915922,
    44.358370597739));
#3615 = CARTESIAN_POINT('',(28.11122645215,-0.254818538454,
    44.698928134725));
#3616 = CARTESIAN_POINT('',(22.308296335172,13.569631967301,
    45.040308316698));
#3617 = CARTESIAN_POINT('',(11.126124399454,20.917973061914,
    45.382523212722));
#3618 = CARTESIAN_POINT('',(-0.551200797894,21.136079110141,
    45.725584208837));
#3619 = CARTESIAN_POINT('',(-18.03031385684,11.172110831985,
    46.413420104227));
#3620 = CARTESIAN_POINT('',(-23.83167298067,0.990276645789,
    46.758194995121));
#3621 = CARTESIAN_POINT('',(-23.25567170787,-12.47347525242,
    47.103837681999));
#3622 = CARTESIAN_POINT('',(-14.28577833064,-24.70119291886,
    47.450358373517));
#3623 = CARTESIAN_POINT('',(1.506613904718,-29.96221375856,
    47.797766775644));
#3624 = CARTESIAN_POINT('',(17.980103723,-24.12611003433,48.146071866409
    ));
#3625 = CARTESIAN_POINT('',(26.978617770418,-9.984983410695,
    48.495282126542));
#3626 = CARTESIAN_POINT('',(26.185017225352,5.338736060642,
    48.845405319447));
#3627 = CARTESIAN_POINT('',(17.963903911422,16.293004057497,
    49.196448645881));
#3628 = CARTESIAN_POINT('',(6.7918749646,20.55173498729,49.548418629621)
  );
#3629 = CARTESIAN_POINT('',(-13.50055526342,17.012874011905,
    50.254223721322));
#3630 = CARTESIAN_POINT('',(-22.62046089084,9.215364428102,
    50.608058825373));
#3631 = CARTESIAN_POINT('',(-26.73558269499,-3.956812654683,
    50.962832395172));
#3632 = CARTESIAN_POINT('',(-22.3343863438,-18.8515398136,51.31854966727
    ));
#3633 = CARTESIAN_POINT('',(-8.940538509187,-29.40183902992,
    51.675215287047));
#3634 = CARTESIAN_POINT('',(8.963224861306,-29.4934429953,
    52.032833177729));
#3635 = CARTESIAN_POINT('',(22.54441226692,-18.98406770293,
    52.391406680412));
#3636 = CARTESIAN_POINT('',(27.096125095201,-3.936267536926,
    52.750938423716));
#3637 = CARTESIAN_POINT('',(22.970990893638,9.476646911645,
    53.111430411517));
#3638 = CARTESIAN_POINT('',(13.677680466423,17.458416905149,
    53.47288397049));
#3639 = CARTESIAN_POINT('',(-7.114051173409,21.086708659878,
    54.19771557541));
#3640 = CARTESIAN_POINT('',(-18.61196666324,16.733137902003,
    54.561093620538));
#3641 = CARTESIAN_POINT('',(-27.14948208517,5.461274773178,
    54.92543458073));
#3642 = CARTESIAN_POINT('',(-28.07366152282,-10.42604430558,
    55.290738463179));
#3643 = CARTESIAN_POINT('',(-18.82025918369,-25.24443625458,
    55.657004616681));
#3644 = CARTESIAN_POINT('',(-1.590619767233,-31.54257724365,
    56.024231734558));
#3645 = CARTESIAN_POINT('',(15.146613197534,-26.12088772741,
    56.392417826484));
#3646 = CARTESIAN_POINT('',(24.752399289929,-13.1940622435,
    56.761560284681));
#3647 = CARTESIAN_POINT('',(25.427574579466,1.164564241472,
    57.131655797128));
#3648 = CARTESIAN_POINT('',(19.238919026345,12.079905907799,
    57.502700438904));
#3649 = CARTESIAN_POINT('',(0.460613226052,22.787075679966,
    58.24667878606));
#3650 = CARTESIAN_POINT('',(-12.12858227976,22.578639716817,
    58.619612495605));
#3651 = CARTESIAN_POINT('',(-24.26241808944,14.677187606448,
    58.993486141502));
#3652 = CARTESIAN_POINT('',(-30.65884332872,-0.309395991131,
    59.36829451089));
#3653 = CARTESIAN_POINT('',(-26.87836409155,-17.79093363525,
    59.744031668988));
#3654 = CARTESIAN_POINT('',(-12.46374432891,-29.82409008625,
    60.120691172771));
#3655 = CARTESIAN_POINT('',(5.530572636972,-30.39829123076,
    60.498265763986));
#3656 = CARTESIAN_POINT('',(19.254205861286,-21.27909645161,
    60.876747758099));
#3657 = CARTESIAN_POINT('',(24.875778403354,-7.692175323517,
    61.256128668986));
#3658 = CARTESIAN_POINT('',(22.699944849743,4.955185130976,
    61.636399524354));
#3659 = CARTESIAN_POINT('',(15.52006718262,13.357927536131,
    62.017550679198));
#3660 = DEFINITIONAL_REPRESENTATION('',(#3661),#3665);
#3661 = LINE('',#3662,#3663);
#3662 = CARTESIAN_POINT('',(1.569296666667,0.));
#3663 = VECTOR('',#3664,1.);
#3664 = DIRECTION('',(0.,1.));
#3665 = ( GEOMETRIC_REPRESENTATION_CONTEXT(2) 
PARAMETRIC_REPRESENTATION_CONTEXT() REPRESENTATION_CONTEXT('2D SPACE',''
  ) );
#3666 = ORIENTED_EDGE('',*,*,#3667,.T.);
#3667 = EDGE_CURVE('',#3160,#3668,#3670,.T.);
#3668 = VERTEX_POINT('',#3669);
#3669 = CARTESIAN_POINT('',(19.6,-1.332055553553,2.22044604925E-16));
#3670 = SURFACE_CURVE('',#3671,(#3674,#3681),.PCURVE_S1.);
#3671 = B_SPLINE_CURVE_WITH_KNOTS('',1,(#3672,#3673),.UNSPECIFIED.,.F.,
  .F.,(2,2),(0.,2.186305660818),.PIECEWISE_BEZIER_KNOTS.);
#3672 = CARTESIAN_POINT('',(19.6,-0.784648333333,2.116666666667));
#3673 = CARTESIAN_POINT('',(19.6,-1.332055553553,-2.22044604925E-16));
#3674 = PCURVE('',#153,#3675);
#3675 = DEFINITIONAL_REPRESENTATION('',(#3676),#3680);
#3676 = LINE('',#3677,#3678);
#3677 = CARTESIAN_POINT('',(0.,0.));
#3678 = VECTOR('',#3679,1.);
#3679 = DIRECTION('',(1.,0.));
#3680 = ( GEOMETRIC_REPRESENTATION_CONTEXT(2) 
PARAMETRIC_REPRESENTATION_CONTEXT() REPRESENTATION_CONTEXT('2D SPACE',''
  ) );
#3681 = PCURVE('',#3682,#3687);
#3682 = PLANE('',#3683);
#3683 = AXIS2_PLACEMENT_3D('',#3684,#3685,#3686);
#3684 = CARTESIAN_POINT('',(19.6,-3.250936340064E-15,0.923697492617));
#3685 = DIRECTION('',(1.,6.66205043708E-16,-4.546792217423E-15));
#3686 = DIRECTION('',(4.546792217423E-15,0.,1.));
#3687 = DEFINITIONAL_REPRESENTATION('',(#3688),#3691);
#3688 = B_SPLINE_CURVE_WITH_KNOTS('',1,(#3689,#3690),.UNSPECIFIED.,.F.,
  .F.,(2,2),(0.,2.186305660818),.PIECEWISE_BEZIER_KNOTS.);
#3689 = CARTESIAN_POINT('',(1.19296917405,0.784648333333));
#3690 = CARTESIAN_POINT('',(-0.923697492617,1.332055553553));
#3691 = ( GEOMETRIC_REPRESENTATION_CONTEXT(2) 
PARAMETRIC_REPRESENTATION_CONTEXT() REPRESENTATION_CONTEXT('2D SPACE',''
  ) );
#3692 = ORIENTED_EDGE('',*,*,#3693,.T.);
#3693 = EDGE_CURVE('',#3668,#84,#3694,.T.);
#3694 = SURFACE_CURVE('',#3695,(#3858,#3865),.PCURVE_S1.);
#3695 = B_SPLINE_CURVE_WITH_KNOTS('',11,(#3696,#3697,#3698,#3699,#3700,
    #3701,#3702,#3703,#3704,#3705,#3706,#3707,#3708,#3709,#3710,#3711,
    #3712,#3713,#3714,#3715,#3716,#3717,#3718,#3719,#3720,#3721,#3722,
    #3723,#3724,#3725,#3726,#3727,#3728,#3729,#3730,#3731,#3732,#3733,
    #3734,#3735,#3736,#3737,#3738,#3739,#3740,#3741,#3742,#3743,#3744,
    #3745,#3746,#3747,#3748,#3749,#3750,#3751,#3752,#3753,#3754,#3755,
    #3756,#3757,#3758,#3759,#3760,#3761,#3762,#3763,#3764,#3765,#3766,
    #3767,#3768,#3769,#3770,#3771,#3772,#3773,#3774,#3775,#3776,#3777,
    #3778,#3779,#3780,#3781,#3782,#3783,#3784,#3785,#3786,#3787,#3788,
    #3789,#3790,#3791,#3792,#3793,#3794,#3795,#3796,#3797,#3798,#3799,
    #3800,#3801,#3802,#3803,#3804,#3805,#3806,#3807,#3808,#3809,#3810,
    #3811,#3812,#3813,#3814,#3815,#3816,#3817,#3818,#3819,#3820,#3821,
    #3822,#3823,#3824,#3825,#3826,#3827,#3828,#3829,#3830,#3831,#3832,
    #3833,#3834,#3835,#3836,#3837,#3838,#3839,#3840,#3841,#3842,#3843,
    #3844,#3845,#3846,#3847,#3848,#3849,#3850,#3851,#3852,#3853,#3854,
    #3855,#3856,#3857),.UNSPECIFIED.,.F.,.F.,(12,10,10,10,10,10,10,10,10
    ,10,10,10,10,10,10,10,12),(0.,7.158659213147,14.317318426294,
    21.475977639441,28.634636852588,35.793296065735,42.951955278882,
    50.110614492029,57.269273705176,64.427932918323,71.58659213147,
    78.745251344616,85.903910557763,93.06256977091,100.22122898405,
    107.3798881972,114.53854741035),.UNSPECIFIED.);
#3696 = CARTESIAN_POINT('',(19.6,-1.332055553553,-2.22044604925E-16));
#3697 = CARTESIAN_POINT('',(20.318005556791,9.246363803989,
    0.363636363681));
#3698 = CARTESIAN_POINT('',(14.756477686372,20.250197205087,
    0.727252164642));
#3699 = CARTESIAN_POINT('',(2.627910805634,27.539835145309,
    1.090847403978));
#3700 = CARTESIAN_POINT('',(-13.24054658837,26.747937564139,
    1.454422093517));
#3701 = CARTESIAN_POINT('',(-26.90703575244,15.983225574867,
    1.817976264672));
#3702 = CARTESIAN_POINT('',(-31.24837181602,-1.692679425307,
    2.181509957054));
#3703 = CARTESIAN_POINT('',(-24.12545735797,-17.56167200208,
    2.545023228091));
#3704 = CARTESIAN_POINT('',(-10.43355848601,-25.61387217495,
    2.908516149127));
#3705 = CARTESIAN_POINT('',(3.687183906199,-24.77447635972,
    3.271988802869));
#3706 = CARTESIAN_POINT('',(13.710473318571,-17.60398892875,
    3.635441288938));
#3707 = CARTESIAN_POINT('',(22.238931385358,1.799079651083,
    4.362306148712));
#3708 = CARTESIAN_POINT('',(20.743892367637,14.031188398295,
    4.725718522336));
#3709 = CARTESIAN_POINT('',(11.814726772842,24.999635359995,
    5.089110952665));
#3710 = CARTESIAN_POINT('',(-3.372509855556,29.639283212679,
    5.452483563402));
#3711 = CARTESIAN_POINT('',(-19.87338485328,24.155989240118,
    5.815836497187));
#3712 = CARTESIAN_POINT('',(-29.95233689692,9.011154655852,
    6.179169904199));
#3713 = CARTESIAN_POINT('',(-28.6401680017,-8.32485140522,6.542483952317
    ));
#3714 = CARTESIAN_POINT('',(-18.49987419353,-20.54084105752,
    6.905778821703));
#3715 = CARTESIAN_POINT('',(-4.939401950084,-24.54290111792,
    7.26905470407));
#3716 = CARTESIAN_POINT('',(6.917028680817,-21.20245397988,
    7.632311806257));
#3717 = CARTESIAN_POINT('',(21.518648519653,-5.854197028709,
    8.358788886692));
#3718 = CARTESIAN_POINT('',(24.263482181761,6.15323910853,8.722008864723
    ));
#3719 = CARTESIAN_POINT('',(19.590274296315,19.495114574539,
    9.085210500458));
#3720 = CARTESIAN_POINT('',(6.886008072184,29.010347473792,
    9.448394022185));
#3721 = CARTESIAN_POINT('',(-10.4881911948,29.454086946953,9.81155967855
    ));
#3722 = CARTESIAN_POINT('',(-25.10309971789,18.635239212624,
    10.174707720842));
#3723 = CARTESIAN_POINT('',(-29.75186438869,1.89095457921,
    10.537838420869));
#3724 = CARTESIAN_POINT('',(-24.36317437567,-13.03519840805,
    10.900952057692));
#3725 = CARTESIAN_POINT('',(-12.97164130404,-21.39924076496,
    11.26404892297));
#3726 = CARTESIAN_POINT('',(-0.69073178333,-22.28164076078,
    11.627129320555));
#3727 = CARTESIAN_POINT('',(18.245723064544,-12.80567108015,
    12.353257808551));
#3728 = CARTESIAN_POINT('',(24.900807294891,-2.447532091245,
    12.716305898779));
#3729 = CARTESIAN_POINT('',(25.034211121624,11.682424224542,
    13.079338150647));
#3730 = CARTESIAN_POINT('',(16.318204073115,24.939751302063,
    13.442354887253));
#3731 = CARTESIAN_POINT('',(0.133127717566,31.252613939812,13.8053564484
    ));
#3732 = CARTESIAN_POINT('',(-17.279556014,26.039785019929,
    14.168343177467));
#3733 = CARTESIAN_POINT('',(-27.33255008133,11.873582314405,
    14.531315433623));
#3734 = CARTESIAN_POINT('',(-27.33085975907,-3.989374314436,
    14.89427358326));
#3735 = CARTESIAN_POINT('',(-19.45809526574,-15.71934933078,
    15.257218002613));
#3736 = CARTESIAN_POINT('',(-8.210179083873,-20.71641736245,
    15.620149077818));
#3737 = CARTESIAN_POINT('',(12.810829776886,-18.23222152312,
    16.345985329096));
#3738 = CARTESIAN_POINT('',(22.583410604552,-10.75101808336,
    16.708890504783));
#3739 = CARTESIAN_POINT('',(27.503799495421,2.489897294148,
    17.071783126841));
#3740 = CARTESIAN_POINT('',(23.807113981022,17.913444859571,
    17.434663594931));
#3741 = CARTESIAN_POINT('',(10.730632427907,29.341961765258,
    17.797532327293));
#3742 = CARTESIAN_POINT('',(-7.411736828052,30.349548990869,
    18.160389737519));
#3743 = CARTESIAN_POINT('',(-21.6723421266,20.440390180905,
    18.523236258886));
#3744 = CARTESIAN_POINT('',(-27.05409625677,5.523341383127,
    18.886072324282));
#3745 = CARTESIAN_POINT('',(-23.63173209954,-8.178602117113,
    19.248898377108));
#3746 = CARTESIAN_POINT('',(-14.75054671046,-16.69473030918,
    19.611714866597));
#3747 = CARTESIAN_POINT('',(5.859815048352,-21.49239410073,
    20.337329629945));
#3748 = CARTESIAN_POINT('',(17.588489580309,-17.77381280756,
    20.700127903434));
#3749 = CARTESIAN_POINT('',(26.709100474956,-6.992267767256,
    21.062917525815));
#3750 = CARTESIAN_POINT('',(28.467250583843,8.766313735942,
    21.425698955202));
#3751 = CARTESIAN_POINT('',(20.04896499895,23.95155189569,
    21.788472664991));
#3752 = CARTESIAN_POINT('',(3.329815414922,31.056516179537,
    22.151239121905));
#3753 = CARTESIAN_POINT('',(-13.4442412003,26.577765433246,
    22.513998809075));
#3754 = CARTESIAN_POINT('',(-23.56817144173,14.375873266129,
    22.876752206393));
#3755 = CARTESIAN_POINT('',(-24.99999400611,0.328484473057,
    23.23949980184));
#3756 = CARTESIAN_POINT('',(-19.53798196157,-10.69470845844,
    23.602242085748));
#3757 = CARTESIAN_POINT('',(-1.783051864154,-22.20164712545,
    24.327717018663));
#3758 = CARTESIAN_POINT('',(10.509433907457,-22.68511259132,
    24.690449667185));
#3759 = CARTESIAN_POINT('',(22.746410329553,-15.64092557517,
    25.053177993585));
#3760 = CARTESIAN_POINT('',(29.748542578012,-1.41700502532,
    25.41590249067));
#3761 = CARTESIAN_POINT('',(26.985368142374,15.721893100642,
    25.77862366567));
#3762 = CARTESIAN_POINT('',(13.672529898264,28.079072939277,
    26.141342013086));
#3763 = CARTESIAN_POINT('',(-3.624057524728,29.560287836663,
    26.504058044088));
#3764 = CARTESIAN_POINT('',(-17.28760857647,21.520307976752,
    26.866772260848));
#3765 = CARTESIAN_POINT('',(-23.40233447774,8.794080861442,
    27.229485172172));
#3766 = CARTESIAN_POINT('',(-22.00651831956,-3.427789547492,
    27.592197285448));
#3767 = CARTESIAN_POINT('',(-9.212508724636,-20.2772060171,
    28.317620932251));
#3768 = CARTESIAN_POINT('',(2.185373265441,-24.90434172652,
    28.680332465393));
#3769 = CARTESIAN_POINT('',(16.086280092438,-22.43236645297,
    29.043044217773));
#3770 = CARTESIAN_POINT('',(27.500612373859,-11.43030665365,
    29.405756694276));
#3771 = CARTESIAN_POINT('',(30.719374171597,5.628499557331,
    29.768470407896));
#3772 = CARTESIAN_POINT('',(22.391868196595,21.771006350123,
    30.13118586084));
#3773 = CARTESIAN_POINT('',(6.624950544485,29.035777234055,
    30.493903562702));
#3774 = CARTESIAN_POINT('',(-8.956836390715,26.111208504893,
    30.856624016579));
#3775 = CARTESIAN_POINT('',(-19.02869309466,16.215877771593,
    31.219347725242));
#3776 = CARTESIAN_POINT('',(-21.86445580328,4.245347311707,
    31.58207518873));
#3777 = CARTESIAN_POINT('',(-15.54898398802,-15.94745427704,
    32.307538619751));
#3778 = CARTESIAN_POINT('',(-6.397903121761,-24.16923367108,
    32.670274586692));
#3779 = CARTESIAN_POINT('',(7.517711791393,-26.56275446481,
    33.033015304513));
#3780 = CARTESIAN_POINT('',(21.990087328851,-20.08797479634,
    33.39576126172));
#3781 = CARTESIAN_POINT('',(30.809160455964,-5.133289502822,
    33.758512958422));
#3782 = CARTESIAN_POINT('',(28.455475850101,12.879478338957,
    34.121270870797));
#3783 = CARTESIAN_POINT('',(16.089188920747,25.066470090251,
    34.484035490895));
#3784 = CARTESIAN_POINT('',(0.437694737686,27.605005556085,
    34.846807291144));
#3785 = CARTESIAN_POINT('',(-12.39689912287,21.715080219932,
    35.209586747123));
#3786 = CARTESIAN_POINT('',(-19.12852696642,11.416191271883,
    35.572374325663));
#3787 = CARTESIAN_POINT('',(-20.04212250923,-9.72488337046,
    36.297966651696));
#3788 = CARTESIAN_POINT('',(-14.22406781332,-20.56655428816,
    36.660771398673));
#3789 = CARTESIAN_POINT('',(-1.944865678179,-27.54267357368,
    37.023585193311));
#3790 = CARTESIAN_POINT('',(13.869060202356,-26.36456930498,
    37.386408486561));
#3791 = CARTESIAN_POINT('',(27.243467326269,-15.28911961385,
    37.749241735762));
#3792 = CARTESIAN_POINT('',(31.144704083904,2.456969035883,
    38.112085374641));
#3793 = CARTESIAN_POINT('',(23.647631719962,18.121638054664,
    38.474939846468));
#3794 = CARTESIAN_POINT('',(9.783676950641,25.82397931222,
    38.837805574881));
#3795 = CARTESIAN_POINT('',(-4.291700014547,24.639874541913,
    39.200682982138));
#3796 = CARTESIAN_POINT('',(-14.12194024634,17.235359752774,
    39.563572479806));
#3797 = CARTESIAN_POINT('',(-22.15915029586,-2.345791486376,
    40.289376463427));
#3798 = CARTESIAN_POINT('',(-20.36592425657,-14.52195120657,
    40.652290948806));
#3799 = CARTESIAN_POINT('',(-11.1810053334,-25.25484085887,
    41.015218333537));
#3800 = CARTESIAN_POINT('',(4.098405620218,-29.51564874685,
    41.378159007196));
#3801 = CARTESIAN_POINT('',(20.443085964806,-23.63569707481,
    41.741113364427));
#3802 = CARTESIAN_POINT('',(30.13940806608,-8.262564381595,
    42.104081772215));
#3803 = CARTESIAN_POINT('',(28.403927967038,9.022522396583,
    42.467064605478));
#3804 = CARTESIAN_POINT('',(17.973902358076,20.977412471438,
    42.830062217131));
#3805 = CARTESIAN_POINT('',(4.32750856144,24.642362000234,
    43.193074955437));
#3806 = CARTESIAN_POINT('',(-7.436523686635,21.012698701273,
    43.556103156683));
#3807 = CARTESIAN_POINT('',(-21.6478180563,5.316283205582,
    44.282191135897));
#3808 = CARTESIAN_POINT('',(-24.09473401018,-6.750086918428,
    44.645250913594));
#3809 = CARTESIAN_POINT('',(-19.09618757292,-19.96826118332,
    45.008326806156));
#3810 = CARTESIAN_POINT('',(-6.165177759531,-29.16577882158,
    45.371419125334));
#3811 = CARTESIAN_POINT('',(11.211692678524,-29.18270423239,
    45.734528178959));
#3812 = CARTESIAN_POINT('',(25.55612280857,-18.00896600608,
    46.097654255003));
#3813 = CARTESIAN_POINT('',(29.792343172228,-1.154083961041,
    46.460797636293));
#3814 = CARTESIAN_POINT('',(24.036817855124,13.637387879559,
    46.823958591108));
#3815 = CARTESIAN_POINT('',(12.439582900046,21.71997123366,
    47.187137375003));
#3816 = CARTESIAN_POINT('',(0.136700178444,22.298876793351,47.5503342328
    ));
#3817 = CARTESIAN_POINT('',(-18.56655120146,12.353388026596,
    48.276764558458));
#3818 = CARTESIAN_POINT('',(-24.96646437066,1.829235688464,
    48.63999802609));
#3819 = CARTESIAN_POINT('',(-24.75098227148,-12.30707166589,
    49.003250031217));
#3820 = CARTESIAN_POINT('',(-15.70534573104,-25.3534003374,
    49.36652078985));
#3821 = CARTESIAN_POINT('',(0.641616128855,-31.270008979,49.729810512259
    ));
#3822 = CARTESIAN_POINT('',(17.935034339691,-25.6257392099,
    50.093119387727));
#3823 = CARTESIAN_POINT('',(27.645113185831,-11.20250393207,
    50.45644759806));
#3824 = CARTESIAN_POINT('',(27.251465416541,4.671901202433,
    50.819795310392));
#3825 = CARTESIAN_POINT('',(19.082077841747,16.216401285919,
    51.183162676492));
#3826 = CARTESIAN_POINT('',(7.700532238345,20.938898454078,
    51.546549837243));
#3827 = CARTESIAN_POINT('',(-13.27816523995,17.930314544405,
    52.273363999003));
#3828 = CARTESIAN_POINT('',(-22.87480629703,10.199306520447,
    52.636790999926));
#3829 = CARTESIAN_POINT('',(-27.47234508733,-3.177528566392,
    53.000238047742));
#3830 = CARTESIAN_POINT('',(-23.38970701377,-18.52714001441,
    53.363705252767));
#3831 = CARTESIAN_POINT('',(-10.01464992897,-29.64637338089,
    53.727192716316));
#3832 = CARTESIAN_POINT('',(8.177039905152,-30.20699467234,
    54.090700520726));
#3833 = CARTESIAN_POINT('',(22.213158655004,-19.93042870879,
    54.45422873711));
#3834 = CARTESIAN_POINT('',(27.233294830319,-4.857096855706,
    54.817777423509));
#3835 = CARTESIAN_POINT('',(23.465192560182,8.781783698722,
    55.181346620409));
#3836 = CARTESIAN_POINT('',(14.357449068676,17.091132974689,
    55.544936357742));
#3837 = CARTESIAN_POINT('',(-6.407688317512,21.383573058753,
    56.272156940765));
#3838 = CARTESIAN_POINT('',(-18.06457667819,17.366559156922,
    56.635787786197));
#3839 = CARTESIAN_POINT('',(-26.93391399015,6.338538821752,
    56.99943920156));
#3840 = CARTESIAN_POINT('',(-28.30405391895,-9.493728181275,
    57.36311118294));
#3841 = CARTESIAN_POINT('',(-19.49231516474,-24.50021577504,
    57.726803722958));
#3842 = CARTESIAN_POINT('',(-2.562006802582,-31.20534733794,
    58.090516786502));
#3843 = CARTESIAN_POINT('',(14.137452338273,-26.30015176675,
    58.454250336337));
#3844 = CARTESIAN_POINT('',(23.980596673003,-13.81897119696,
    58.818004314664));
#3845 = CARTESIAN_POINT('',(25.065792720238,0.296488683534,
    59.181778650503));
#3846 = CARTESIAN_POINT('',(19.315935911569,11.209404921432,
    59.54557326087));
#3847 = CARTESIAN_POINT('',(1.230984507684,22.30049443384,60.27320283329
    ));
#3848 = CARTESIAN_POINT('',(-11.10366988666,22.478397503652,
    60.637037795279));
#3849 = CARTESIAN_POINT('',(-23.19565429269,15.111490536433,
    61.000892836019));
#3850 = CARTESIAN_POINT('',(-29.86136078629,0.676665019577,
    61.364767841212));
#3851 = CARTESIAN_POINT('',(-26.6642538437,-16.43848303077,
    61.728662688543));
#3852 = CARTESIAN_POINT('',(-13.0076909067,-28.49784851048,
    62.092577236068));
#3853 = CARTESIAN_POINT('',(4.374075065884,-29.55212309729,
    62.456511330898));
#3854 = CARTESIAN_POINT('',(17.875801218371,-21.14837139786,
    62.82046480952));
#3855 = CARTESIAN_POINT('',(23.690270590167,-8.232692391944,
    63.184437488455));
#3856 = CARTESIAN_POINT('',(21.984750623615,3.989991879641,
    63.548429178118));
#3857 = CARTESIAN_POINT('',(15.357960088514,12.279479836912,
    63.91243967136));
#3858 = PCURVE('',#153,#3859);
#3859 = DEFINITIONAL_REPRESENTATION('',(#3860),#3864);
#3860 = LINE('',#3861,#3862);
#3861 = CARTESIAN_POINT('',(2.186305660818,0.));
#3862 = VECTOR('',#3863,1.);
#3863 = DIRECTION('',(0.,1.));
#3864 = ( GEOMETRIC_REPRESENTATION_CONTEXT(2) 
PARAMETRIC_REPRESENTATION_CONTEXT() REPRESENTATION_CONTEXT('2D SPACE',''
  ) );
#3865 = PCURVE('',#862,#3866);
#3866 = DEFINITIONAL_REPRESENTATION('',(#3867),#3870);
#3867 = B_SPLINE_CURVE_WITH_KNOTS('',1,(#3868,#3869),.UNSPECIFIED.,.F.,
  .F.,(2,2),(0.,114.53854741035),.PIECEWISE_BEZIER_KNOTS.);
#3868 = CARTESIAN_POINT('',(0.,0.));
#3869 = CARTESIAN_POINT('',(0.,114.53854741035));
#3870 = ( GEOMETRIC_REPRESENTATION_CONTEXT(2) 
PARAMETRIC_REPRESENTATION_CONTEXT() REPRESENTATION_CONTEXT('2D SPACE',''
  ) );
#3871 = ORIENTED_EDGE('',*,*,#83,.T.);
#3872 = ORIENTED_EDGE('',*,*,#2195,.T.);
#3873 = ORIENTED_EDGE('',*,*,#3874,.T.);
#3874 = EDGE_CURVE('',#1903,#3875,#3877,.T.);
#3875 = VERTEX_POINT('',#3876);
#3876 = CARTESIAN_POINT('',(19.077980245456,0.,37.76021798118));
#3877 = SURFACE_CURVE('',#3878,(#3958,#4041),.PCURVE_S1.);
#3878 = B_SPLINE_CURVE_WITH_KNOTS('',8,(#3879,#3880,#3881,#3882,#3883,
    #3884,#3885,#3886,#3887,#3888,#3889,#3890,#3891,#3892,#3893,#3894,
    #3895,#3896,#3897,#3898,#3899,#3900,#3901,#3902,#3903,#3904,#3905,
    #3906,#3907,#3908,#3909,#3910,#3911,#3912,#3913,#3914,#3915,#3916,
    #3917,#3918,#3919,#3920,#3921,#3922,#3923,#3924,#3925,#3926,#3927,
    #3928,#3929,#3930,#3931,#3932,#3933,#3934,#3935,#3936,#3937,#3938,
    #3939,#3940,#3941,#3942,#3943,#3944,#3945,#3946,#3947,#3948,#3949,
    #3950,#3951,#3952,#3953,#3954,#3955,#3956,#3957),.UNSPECIFIED.,.F.,
  .F.,(9,7,7,7,7,7,7,7,7,7,7,9),(0.,0.116020093269,0.204473031216,
    0.331905702372,0.460905199129,0.495066164999,0.60998890143,
    0.726206296628,0.860900746032,0.926359916485,0.965249090396,1.),
  .UNSPECIFIED.);
#3879 = CARTESIAN_POINT('',(19.43685042409,-3.552713678801E-15,
    33.800271182452));
#3880 = CARTESIAN_POINT('',(19.431557221526,1.755492388921,
    33.85867893489));
#3881 = CARTESIAN_POINT('',(19.245061459872,3.511267575191,
    33.917087087985));
#3882 = CARTESIAN_POINT('',(18.877068626375,5.244232851754,
    33.975453153424));
#3883 = CARTESIAN_POINT('',(18.331160443406,6.932575489798,
    34.033779902444));
#3884 = CARTESIAN_POINT('',(17.613623695183,8.555439483867,
    34.092078670664));
#3885 = CARTESIAN_POINT('',(16.733547350655,10.09301227883,
    34.150361012318));
#3886 = CARTESIAN_POINT('',(15.702700689444,11.52652821702,
    34.208630320481));
#3887 = CARTESIAN_POINT('',(13.647651450163,13.839295395492,
    34.31122759929));
#3888 = CARTESIAN_POINT('',(12.679611903654,14.769825060041,
    34.355601060516));
#3889 = CARTESIAN_POINT('',(11.639128191413,15.622846481582,
    34.399955245574));
#3890 = CARTESIAN_POINT('',(10.533497600919,16.39182930116,
    34.444289241107));
#3891 = CARTESIAN_POINT('',(9.370601282659,17.071118936837,
    34.488606746341));
#3892 = CARTESIAN_POINT('',(8.15886118008,17.655891343401,
    34.532911426156));
#3893 = CARTESIAN_POINT('',(6.907265174775,18.142214922265,
    34.577202297274));
#3894 = CARTESIAN_POINT('',(3.778785772647,19.081889367316,
    34.685243659816));
#3895 = CARTESIAN_POINT('',(1.867704199801,19.426778375577,
    34.74902693739));
#3896 = CARTESIAN_POINT('',(-7.806210535046E-02,19.552314934979,
    34.812749904659));
#3897 = CARTESIAN_POINT('',(-2.029121818497,19.455238467691,
    34.876419068468));
#3898 = CARTESIAN_POINT('',(-3.956403942863,19.136346987556,
    34.94005153117));
#3899 = CARTESIAN_POINT('',(-5.831275861397,18.600853240299,
    35.003664938445));
#3900 = CARTESIAN_POINT('',(-7.625581811422,17.85802746226,
    35.067266183831));
#3901 = CARTESIAN_POINT('',(-11.01939714305,15.977358972881,
    35.195088817969));
#3902 = CARTESIAN_POINT('',(-12.6186737559,14.833423133108,
    35.259399745433));
#3903 = CARTESIAN_POINT('',(-14.08110488248,13.506853174705,
    35.323645508154));
#3904 = CARTESIAN_POINT('',(-15.38292885841,12.017296131836,
    35.387832294819));
#3905 = CARTESIAN_POINT('',(-16.5036860642,10.387117467515,
    35.451976659114));
#3906 = CARTESIAN_POINT('',(-17.42660725377,8.641594573435,
    35.516095712292));
#3907 = CARTESIAN_POINT('',(-18.13834014583,6.808601278801,
    35.58020411747));
#3908 = CARTESIAN_POINT('',(-18.76156772102,4.419782825915,
    35.661183983522));
#3909 = CARTESIAN_POINT('',(-18.87672132681,3.915633185602,
    35.678136147738));
#3910 = CARTESIAN_POINT('',(-18.97639783781,3.408032409265,
    35.695085730176));
#3911 = CARTESIAN_POINT('',(-19.06047601792,2.8975350007,35.71203268265)
  );
#3912 = CARTESIAN_POINT('',(-19.1288587096,2.384699258355,
    35.728976870542));
#3913 = CARTESIAN_POINT('',(-19.18147283395,1.870087275332,
    35.745918072802));
#3914 = CARTESIAN_POINT('',(-19.21826939062,1.354264939384,
    35.762855981948));
#3915 = CARTESIAN_POINT('',(-19.30971615872,-0.899658951403,
    35.836759528415));
#3916 = CARTESIAN_POINT('',(-19.20094654154,-2.645210671398,
    35.893712845209));
#3917 = CARTESIAN_POINT('',(-18.91162857773,-4.376026271731,
    35.95062609544));
#3918 = CARTESIAN_POINT('',(-18.44436515487,-6.070378970815,
    36.00749944999));
#3919 = CARTESIAN_POINT('',(-17.8044741856,-7.707369636343,
    36.064338835211));
#3920 = CARTESIAN_POINT('',(-17.00008946208,-9.267009613663,
    36.121153794698));
#3921 = CARTESIAN_POINT('',(-16.04204150167,-10.7302289653,
    36.177946561347));
#3922 = CARTESIAN_POINT('',(-13.83555615236,-13.44371243554,
    36.292046185813));
#3923 = CARTESIAN_POINT('',(-12.58290063814,-14.69270562842,
    36.34940680936));
#3924 = CARTESIAN_POINT('',(-11.2017162433,-15.8076590959,36.40671501557
    ));
#3925 = CARTESIAN_POINT('',(-9.709010175443,-16.77348715764,
    36.46397476971));
#3926 = CARTESIAN_POINT('',(-8.123337580595,-17.57764582256,
    36.521197941243));
#3927 = CARTESIAN_POINT('',(-6.464828718818,-18.21028066957,
    36.578395473696));
#3928 = CARTESIAN_POINT('',(-4.755081511142,-18.66413772045,
    36.635570081922));
#3929 = CARTESIAN_POINT('',(-1.004120476577,-19.25059714744,
    36.758865674057));
#3930 = CARTESIAN_POINT('',(1.049525914663,-19.32111307473,
    36.825060673139));
#3931 = CARTESIAN_POINT('',(3.10585015606,-19.14058902852,
    36.891168877611));
#3932 = CARTESIAN_POINT('',(5.129228062795,-18.71055341733,
    36.957200625838));
#3933 = CARTESIAN_POINT('',(7.085240854714,-18.03745051564,
    37.023177666601));
#3934 = CARTESIAN_POINT('',(8.940967344792,-17.13328675619,
    37.089122296619));
#3935 = CARTESIAN_POINT('',(10.664901664566,-16.01494615296,
    37.155045869477));
#3936 = CARTESIAN_POINT('',(12.987979822504,-14.0719328281,
    37.25283906536));
#3937 = CARTESIAN_POINT('',(13.710162797389,-13.39148593435,
    37.284810395125));
#3938 = CARTESIAN_POINT('',(14.391602193141,-12.6686721842,
    37.316767855673));
#3939 = CARTESIAN_POINT('',(15.029404940047,-11.90635066347,
    37.348711128818));
#3940 = CARTESIAN_POINT('',(15.620935726005,-11.10758929222,
    37.380640953547));
#3941 = CARTESIAN_POINT('',(16.163809551322,-10.27565664438,
    37.412558051967));
#3942 = CARTESIAN_POINT('',(16.655902283089,-9.414027913052,
    37.44446206334));
#3943 = CARTESIAN_POINT('',(17.356471650225,-7.999069878606,
    37.495295340152));
#3944 = CARTESIAN_POINT('',(17.598545411309,-7.463463978339,
    37.514202206384));
#3945 = CARTESIAN_POINT('',(17.821329035821,-6.920416766139,
    37.533070661939));
#3946 = CARTESIAN_POINT('',(18.02459780617,-6.370759970089,
    37.551900487421));
#3947 = CARTESIAN_POINT('',(18.208172211237,-5.815326922824,
    37.570691589349));
#3948 = CARTESIAN_POINT('',(18.371916413891,-5.254951883502,
    37.589443922498));
#3949 = CARTESIAN_POINT('',(18.5157367185,-4.690469359777,
    37.608157412241));
#3950 = CARTESIAN_POINT('',(18.750244976361,-3.61537339098,
    37.64351915943));
#3951 = CARTESIAN_POINT('',(18.845138848356,-3.104592082039,
    37.660202499602));
#3952 = CARTESIAN_POINT('',(18.924134996603,-2.590943247231,
    37.676881812509));
#3953 = CARTESIAN_POINT('',(18.987131850027,-2.075003975788,
    37.693557091072));
#3954 = CARTESIAN_POINT('',(19.034053054939,-1.557354677219,
    37.710228362051));
#3955 = CARTESIAN_POINT('',(19.064847605647,-1.038579056644,
    37.726895642068));
#3956 = CARTESIAN_POINT('',(19.07948997509,-0.519264090125,
    37.743558893636));
#3957 = CARTESIAN_POINT('',(19.077980245456,-2.84217094304E-14,
    37.76021798118));
#3958 = PCURVE('',#153,#3959);
#3959 = DEFINITIONAL_REPRESENTATION('',(#3960),#4040);
#3960 = B_SPLINE_CURVE_WITH_KNOTS('',8,(#3961,#3962,#3963,#3964,#3965,
    #3966,#3967,#3968,#3969,#3970,#3971,#3972,#3973,#3974,#3975,#3976,
    #3977,#3978,#3979,#3980,#3981,#3982,#3983,#3984,#3985,#3986,#3987,
    #3988,#3989,#3990,#3991,#3992,#3993,#3994,#3995,#3996,#3997,#3998,
    #3999,#4000,#4001,#4002,#4003,#4004,#4005,#4006,#4007,#4008,#4009,
    #4010,#4011,#4012,#4013,#4014,#4015,#4016,#4017,#4018,#4019,#4020,
    #4021,#4022,#4023,#4024,#4025,#4026,#4027,#4028,#4029,#4030,#4031,
    #4032,#4033,#4034,#4035,#4036,#4037,#4038,#4039),.UNSPECIFIED.,.F.,
  .F.,(9,7,7,7,7,7,7,7,7,7,7,9),(0.,0.116020093269,0.204473031216,
    0.331905702372,0.460905199129,0.495066164999,0.60998890143,
    0.726206296628,0.860900746032,0.926359916485,0.965249090396,1.),
  .UNSPECIFIED.);
#3961 = CARTESIAN_POINT('',(2.009010837128,60.689318799375));
#3962 = CARTESIAN_POINT('',(2.003076116119,60.798135518801));
#3963 = CARTESIAN_POINT('',(1.997122199921,60.907037007734));
#3964 = CARTESIAN_POINT('',(1.991152500218,61.01594491762));
#3965 = CARTESIAN_POINT('',(1.985166359986,61.12486467016));
#3966 = CARTESIAN_POINT('',(1.979162971409,61.23381747438));
#3967 = CARTESIAN_POINT('',(1.973142001327,61.342824676518));
#3968 = CARTESIAN_POINT('',(1.967103565775,61.451892731499));
#3969 = CARTESIAN_POINT('',(1.956438363334,61.644083752083));
#3970 = CARTESIAN_POINT('',(1.951814730086,61.727256211732));
#3971 = CARTESIAN_POINT('',(1.9471821877,61.810442248972));
#3972 = CARTESIAN_POINT('',(1.94254065425,61.893640296812));
#3973 = CARTESIAN_POINT('',(1.937889344719,61.976857588356));
#3974 = CARTESIAN_POINT('',(1.93322730408,62.060101446661));
#3975 = CARTESIAN_POINT('',(1.928554027782,62.143370513439));
#3976 = CARTESIAN_POINT('',(1.917122213446,62.346619399826));
#3977 = CARTESIAN_POINT('',(1.910346084955,62.466716318447));
#3978 = CARTESIAN_POINT('',(1.903547687113,62.586808110066));
#3979 = CARTESIAN_POINT('',(1.896725621652,62.706907466707));
#3980 = CARTESIAN_POINT('',(1.889878481584,62.827046780528));
#3981 = CARTESIAN_POINT('',(1.883006153129,62.947258519962));
#3982 = CARTESIAN_POINT('',(1.876107336207,63.067556680109));
#3983 = CARTESIAN_POINT('',(1.86218304066,63.309548415603));
#3984 = CARTESIAN_POINT('',(1.855147072119,63.431414247684));
#3985 = CARTESIAN_POINT('',(1.848085984076,63.553271954376));
#3986 = CARTESIAN_POINT('',(1.840995674568,63.675135585466));
#3987 = CARTESIAN_POINT('',(1.833870569979,63.797039376965));
#3988 = CARTESIAN_POINT('',(1.82670655541,63.919018385376));
#3989 = CARTESIAN_POINT('',(1.819519220026,64.041089062017));
#3990 = CARTESIAN_POINT('',(1.81040828741,64.195427288783));
#3991 = CARTESIAN_POINT('',(1.808499165825,64.227744092015));
#3992 = CARTESIAN_POINT('',(1.806588604089,64.260063828614));
#3993 = CARTESIAN_POINT('',(1.804676512686,64.292386475562));
#3994 = CARTESIAN_POINT('',(1.802762590455,64.324712005578));
#3995 = CARTESIAN_POINT('',(1.800846324585,64.357040387119));
#3996 = CARTESIAN_POINT('',(1.798926990621,64.389371584377));
#3997 = CARTESIAN_POINT('',(1.790533247451,64.530482008732));
#3998 = CARTESIAN_POINT('',(1.784010231821,64.639342139933));
#3999 = CARTESIAN_POINT('',(1.777482440683,64.748208784568));
#4000 = CARTESIAN_POINT('',(1.770944228291,64.857085384433));
#4001 = CARTESIAN_POINT('',(1.764379690479,64.965994709619));
#4002 = CARTESIAN_POINT('',(1.757785534556,65.074957117283));
#4003 = CARTESIAN_POINT('',(1.751158425653,65.183979749388));
#4004 = CARTESIAN_POINT('',(1.737774350616,65.403217907337));
#4005 = CARTESIAN_POINT('',(1.731010223924,65.513539112958));
#4006 = CARTESIAN_POINT('',(1.724216779941,65.623864911102));
#4007 = CARTESIAN_POINT('',(1.717395747036,65.734201438383));
#4008 = CARTESIAN_POINT('',(1.710546824008,65.844570947189));
#4009 = CARTESIAN_POINT('',(1.703667358659,65.954995899535));
#4010 = CARTESIAN_POINT('',(1.696755397149,66.065483379871));
#4011 = CARTESIAN_POINT('',(1.681770971166,66.303980085776));
#4012 = CARTESIAN_POINT('',(1.673676944669,66.432169609939));
#4013 = CARTESIAN_POINT('',(1.665542017681,66.560339255461));
#4014 = CARTESIAN_POINT('',(1.657363348575,66.688510418177));
#4015 = CARTESIAN_POINT('',(1.649138726516,66.816725623213));
#4016 = CARTESIAN_POINT('',(1.64086684742,66.945027478644));
#4017 = CARTESIAN_POINT('',(1.632545897144,67.073439482764));
#4018 = CARTESIAN_POINT('',(1.620124004209,67.26415606215));
#4019 = CARTESIAN_POINT('',(1.616050469438,67.326542624772));
#4020 = CARTESIAN_POINT('',(1.611966083443,67.388938310958));
#4021 = CARTESIAN_POINT('',(1.607870678195,67.451342737845));
#4022 = CARTESIAN_POINT('',(1.603763887982,67.51375764683));
#4023 = CARTESIAN_POINT('',(1.599645305002,67.576184796887));
#4024 = CARTESIAN_POINT('',(1.59551465029,67.638623846273));
#4025 = CARTESIAN_POINT('',(1.588910795192,67.738169501053));
#4026 = CARTESIAN_POINT('',(1.586449602652,67.775207749694));
#4027 = CARTESIAN_POINT('',(1.583988405777,67.812184128685));
#4028 = CARTESIAN_POINT('',(1.581527206732,67.849098192283));
#4029 = CARTESIAN_POINT('',(1.579065997557,67.885949735794));
#4030 = CARTESIAN_POINT('',(1.576604771318,67.922738642491));
#4031 = CARTESIAN_POINT('',(1.574143533253,67.959464730545));
#4032 = CARTESIAN_POINT('',(1.569482993394,68.028889109956));
#4033 = CARTESIAN_POINT('',(1.567280041559,68.061653576681));
#4034 = CARTESIAN_POINT('',(1.565073588271,68.094420867245));
#4035 = CARTESIAN_POINT('',(1.562863597548,68.127190992622));
#4036 = CARTESIAN_POINT('',(1.560649961077,68.159964023947));
#4037 = CARTESIAN_POINT('',(1.558432593731,68.192740008824));
#4038 = CARTESIAN_POINT('',(1.55621152908,68.225518887636));
#4039 = CARTESIAN_POINT('',(1.553987014907,68.258300409853));
#4040 = ( GEOMETRIC_REPRESENTATION_CONTEXT(2) 
PARAMETRIC_REPRESENTATION_CONTEXT() REPRESENTATION_CONTEXT('2D SPACE',''
  ) );
#4041 = PCURVE('',#1890,#4042);
#4042 = DEFINITIONAL_REPRESENTATION('',(#4043),#4123);
#4043 = B_SPLINE_CURVE_WITH_KNOTS('',8,(#4044,#4045,#4046,#4047,#4048,
    #4049,#4050,#4051,#4052,#4053,#4054,#4055,#4056,#4057,#4058,#4059,
    #4060,#4061,#4062,#4063,#4064,#4065,#4066,#4067,#4068,#4069,#4070,
    #4071,#4072,#4073,#4074,#4075,#4076,#4077,#4078,#4079,#4080,#4081,
    #4082,#4083,#4084,#4085,#4086,#4087,#4088,#4089,#4090,#4091,#4092,
    #4093,#4094,#4095,#4096,#4097,#4098,#4099,#4100,#4101,#4102,#4103,
    #4104,#4105,#4106,#4107,#4108,#4109,#4110,#4111,#4112,#4113,#4114,
    #4115,#4116,#4117,#4118,#4119,#4120,#4121,#4122),.UNSPECIFIED.,.F.,
  .F.,(9,7,7,7,7,7,7,7,7,7,7,9),(0.,0.116020093269,0.204473031216,
    0.331905702372,0.460905199129,0.495066164999,0.60998890143,
    0.726206296628,0.860900746032,0.926359916485,0.965249090396,1.),
  .UNSPECIFIED.);
#4044 = CARTESIAN_POINT('',(0.,-33.80027118245));
#4045 = CARTESIAN_POINT('',(-9.031773927451E-02,-33.85867893489));
#4046 = CARTESIAN_POINT('',(-0.180706208577,-33.91708708798));
#4047 = CARTESIAN_POINT('',(-0.271100373001,-33.97545315342));
#4048 = CARTESIAN_POINT('',(-0.361504707983,-34.03377990244));
#4049 = CARTESIAN_POINT('',(-0.451936785126,-34.09207867066));
#4050 = CARTESIAN_POINT('',(-0.542414318521,-34.15036101231));
#4051 = CARTESIAN_POINT('',(-0.632942692817,-34.20863032048));
#4052 = CARTESIAN_POINT('',(-0.792465212449,-34.31122759929));
#4053 = CARTESIAN_POINT('',(-0.861500285885,-34.35560106051));
#4054 = CARTESIAN_POINT('',(-0.930546856449,-34.39995524557));
#4055 = CARTESIAN_POINT('',(-0.999603643196,-34.4442892411));
#4056 = CARTESIAN_POINT('',(-1.068676665651,-34.48860674634));
#4057 = CARTESIAN_POINT('',(-1.137772008664,-34.53291142615));
#4058 = CARTESIAN_POINT('',(-1.206888539715,-34.57720229727));
#4059 = CARTESIAN_POINT('',(-1.375593546394,-34.68524365981));
#4060 = CARTESIAN_POINT('',(-1.475279486746,-34.74902693739));
#4061 = CARTESIAN_POINT('',(-1.574961644078,-34.81274990466));
#4062 = CARTESIAN_POINT('',(-1.67465047505,-34.87641906846));
#4063 = CARTESIAN_POINT('',(-1.774372770482,-34.94005153117));
#4064 = CARTESIAN_POINT('',(-1.874155493594,-35.00366493844));
#4065 = CARTESIAN_POINT('',(-1.974010413156,-35.06726618383));
#4066 = CARTESIAN_POINT('',(-2.174879742385,-35.19508881796));
#4067 = CARTESIAN_POINT('',(-2.276037150796,-35.25939974543));
#4068 = CARTESIAN_POINT('',(-2.377188585748,-35.32364550815));
#4069 = CARTESIAN_POINT('',(-2.478345827704,-35.38783229482));
#4070 = CARTESIAN_POINT('',(-2.579537373988,-35.45197665911));
#4071 = CARTESIAN_POINT('',(-2.680791879587,-35.51609571229));
#4072 = CARTESIAN_POINT('',(-2.78212254295,-35.58020411747));
#4073 = CARTESIAN_POINT('',(-2.910238809896,-35.66118398352));
#4074 = CARTESIAN_POINT('',(-2.937065030563,-35.67813614773));
#4075 = CARTESIAN_POINT('',(-2.963893710037,-35.69508573017));
#4076 = CARTESIAN_POINT('',(-2.990724836587,-35.71203268265));
#4077 = CARTESIAN_POINT('',(-3.017558398844,-35.72897687054));
#4078 = CARTESIAN_POINT('',(-3.044394385797,-35.7459180728));
#4079 = CARTESIAN_POINT('',(-3.071232786795,-35.76285598194));
#4080 = CARTESIAN_POINT('',(-3.188370181577,-35.83675952841));
#4081 = CARTESIAN_POINT('',(-3.27873682908,-35.8937128452));
#4082 = CARTESIAN_POINT('',(-3.369108629606,-35.95062609544));
#4083 = CARTESIAN_POINT('',(-3.459490208211,-36.00749944998));
#4084 = CARTESIAN_POINT('',(-3.549899129704,-36.06433883521));
#4085 = CARTESIAN_POINT('',(-3.640353102934,-36.12115379469));
#4086 = CARTESIAN_POINT('',(-3.730857423448,-36.17794656134));
#4087 = CARTESIAN_POINT('',(-3.912857245824,-36.29204618581));
#4088 = CARTESIAN_POINT('',(-4.004440465027,-36.34940680936));
#4089 = CARTESIAN_POINT('',(-4.09602788155,-36.40671501556));
#4090 = CARTESIAN_POINT('',(-4.187624611062,-36.46397476971));
#4091 = CARTESIAN_POINT('',(-4.279249276908,-36.52119794124));
#4092 = CARTESIAN_POINT('',(-4.370920647055,-36.57839547369));
#4093 = CARTESIAN_POINT('',(-4.462644658847,-36.63557008192));
#4094 = CARTESIAN_POINT('',(-4.660640394677,-36.75886567405));
#4095 = CARTESIAN_POINT('',(-4.767062051706,-36.82506067314));
#4096 = CARTESIAN_POINT('',(-4.873468202476,-36.8911688776));
#4097 = CARTESIAN_POINT('',(-4.979876521386,-36.95720062584));
#4098 = CARTESIAN_POINT('',(-5.086322162743,-37.02317766659));
#4099 = CARTESIAN_POINT('',(-5.192840466152,-37.08912229662));
#4100 = CARTESIAN_POINT('',(-5.299450989097,-37.15504586947));
#4101 = CARTESIAN_POINT('',(-5.457789413458,-37.25283906536));
#4102 = CARTESIAN_POINT('',(-5.509584741811,-37.28481039512));
#4103 = CARTESIAN_POINT('',(-5.561387851278,-37.31676785567));
#4104 = CARTESIAN_POINT('',(-5.613198433782,-37.34871112881));
#4105 = CARTESIAN_POINT('',(-5.66501794475,-37.38064095354));
#4106 = CARTESIAN_POINT('',(-5.716847852752,-37.41255805196));
#4107 = CARTESIAN_POINT('',(-5.768687879937,-37.44446206334));
#4108 = CARTESIAN_POINT('',(-5.851336057323,-37.49529534015));
#4109 = CARTESIAN_POINT('',(-5.88208729689,-37.51420220638));
#4110 = CARTESIAN_POINT('',(-5.912787254846,-37.53307066193));
#4111 = CARTESIAN_POINT('',(-5.943435560942,-37.55190048742));
#4112 = CARTESIAN_POINT('',(-5.974032044757,-37.57069158934));
#4113 = CARTESIAN_POINT('',(-6.004576608672,-37.58944392249));
#4114 = CARTESIAN_POINT('',(-6.03506910083,-37.60815741224));
#4115 = CARTESIAN_POINT('',(-6.092710093,-37.64351915943));
#4116 = CARTESIAN_POINT('',(-6.119913520773,-37.6602024996));
#4117 = CARTESIAN_POINT('',(-6.147119357939,-37.67688181251));
#4118 = CARTESIAN_POINT('',(-6.174327613656,-37.69355709106));
#4119 = CARTESIAN_POINT('',(-6.201538348467,-37.71022836204));
#4120 = CARTESIAN_POINT('',(-6.228751603038,-37.72689564206));
#4121 = CARTESIAN_POINT('',(-6.255967326898,-37.74355889365));
#4122 = CARTESIAN_POINT('',(-6.28318530718,-37.76021798118));
#4123 = ( GEOMETRIC_REPRESENTATION_CONTEXT(2) 
PARAMETRIC_REPRESENTATION_CONTEXT() REPRESENTATION_CONTEXT('2D SPACE',''
  ) );
#4124 = ORIENTED_EDGE('',*,*,#4125,.T.);
#4125 = EDGE_CURVE('',#3875,#4126,#4128,.T.);
#4126 = VERTEX_POINT('',#4127);
#4127 = CARTESIAN_POINT('',(18.743153955788,0.,41.454852901649));
#4128 = SURFACE_CURVE('',#4129,(#4209,#4292),.PCURVE_S1.);
#4129 = B_SPLINE_CURVE_WITH_KNOTS('',8,(#4130,#4131,#4132,#4133,#4134,
    #4135,#4136,#4137,#4138,#4139,#4140,#4141,#4142,#4143,#4144,#4145,
    #4146,#4147,#4148,#4149,#4150,#4151,#4152,#4153,#4154,#4155,#4156,
    #4157,#4158,#4159,#4160,#4161,#4162,#4163,#4164,#4165,#4166,#4167,
    #4168,#4169,#4170,#4171,#4172,#4173,#4174,#4175,#4176,#4177,#4178,
    #4179,#4180,#4181,#4182,#4183,#4184,#4185,#4186,#4187,#4188,#4189,
    #4190,#4191,#4192,#4193,#4194,#4195,#4196,#4197,#4198,#4199,#4200,
    #4201,#4202,#4203,#4204,#4205,#4206,#4207,#4208),.UNSPECIFIED.,.F.,
  .F.,(9,7,7,7,7,7,7,7,7,7,7,9),(0.,0.121870218394,0.211430287853,
    0.344422615576,0.40850968946,0.438174502935,0.471086324551,
    0.605479681329,0.732609228251,0.865181317649,0.931491528335,1.),
  .UNSPECIFIED.);
#4130 = CARTESIAN_POINT('',(19.077980245456,-2.84217094304E-14,
    37.76021798118));
#4131 = CARTESIAN_POINT('',(19.072719449914,1.809424555034,
    37.81826813888));
#4132 = CARTESIAN_POINT('',(18.8713314809,3.619316559177,37.876302517611
    ));
#4133 = CARTESIAN_POINT('',(18.473429240468,5.403272860579,
    37.934269734824));
#4134 = CARTESIAN_POINT('',(17.883343544852,7.136522093179,
    37.992174183403));
#4135 = CARTESIAN_POINT('',(17.108560783378,8.795468608797,
    38.05002910274));
#4136 = CARTESIAN_POINT('',(16.159897843251,10.357827232292,
    38.107847199322));
#4137 = CARTESIAN_POINT('',(15.051292865535,11.802603071313,
    38.165632036851));
#4138 = CARTESIAN_POINT('',(12.882657105967,14.072267216229,
    38.265735300556));
#4139 = CARTESIAN_POINT('',(11.887136044379,14.96050735016,
    38.308117066617));
#4140 = CARTESIAN_POINT('',(10.821709475421,15.768123964089,
    38.350467061975));
#4141 = CARTESIAN_POINT('',(9.694053563434,16.488754344193,
    38.392783983163));
#4142 = CARTESIAN_POINT('',(8.512409676809,17.116960955163,
    38.435071290049));
#4143 = CARTESIAN_POINT('',(7.285540740048,17.648181845888,
    38.47733258614));
#4144 = CARTESIAN_POINT('',(6.022754984306,18.078796818421,
    38.519566959089));
#4145 = CARTESIAN_POINT('',(2.820254594629,18.892649484285,
    38.624425243489));
#4146 = CARTESIAN_POINT('',(0.847190499187,19.152162693317,
    38.687071290956));
#4147 = CARTESIAN_POINT('',(-1.151440698566,19.175482112636,
    38.749621758347));
#4148 = CARTESIAN_POINT('',(-3.142701123956,18.960732871921,
    38.812085480043));
#4149 = CARTESIAN_POINT('',(-5.094291333433,18.51063378763,
    38.874481259002));
#4150 = CARTESIAN_POINT('',(-6.974737718914,17.833027914933,
    38.936824600836));
#4151 = CARTESIAN_POINT('',(-8.753393999085,16.940337166001,
    38.999121387918));
#4152 = CARTESIAN_POINT('',(-11.19531252091,15.328133958026,
    39.091252652133));
#4153 = CARTESIAN_POINT('',(-11.9593533114,14.758304613485,
    39.121196143429));
#4154 = CARTESIAN_POINT('',(-12.69025096697,14.14494003033,
    39.151121550396));
#4155 = CARTESIAN_POINT('',(-13.38511535766,13.490300462949,
    39.181028797828));
#4156 = CARTESIAN_POINT('',(-14.04125861572,12.796854338546,
    39.21091897791));
#4157 = CARTESIAN_POINT('',(-14.65618984635,12.067270870119,
    39.240793390466));
#4158 = CARTESIAN_POINT('',(-15.22762317877,11.304425993074,
    39.270652340775));
#4159 = CARTESIAN_POINT('',(-15.99691817888,10.144353428681,
    39.314306748835));
#4160 = CARTESIAN_POINT('',(-16.23058162875,9.770814791759,
    39.328116303596));
#4161 = CARTESIAN_POINT('',(-16.45428730764,9.391108825754,
    39.341922375165));
#4162 = CARTESIAN_POINT('',(-16.66784488979,9.005545134983,
    39.355724905431));
#4163 = CARTESIAN_POINT('',(-16.87107592299,8.61443981705,
    39.369523762223));
#4164 = CARTESIAN_POINT('',(-17.0638138286,8.218115462845,
    39.383318739319));
#4165 = CARTESIAN_POINT('',(-17.24590390156,7.816901156543,
    39.397109556439));
#4166 = CARTESIAN_POINT('',(-17.60725256149,6.960949754723,
    39.426191163209));
#4167 = CARTESIAN_POINT('',(-17.78402072794,6.505158573202,
    39.441480628033));
#4168 = CARTESIAN_POINT('',(-17.9473127181,6.044217650235,
    39.456764308925));
#4169 = CARTESIAN_POINT('',(-18.09695296143,5.578591900315,
    39.47204255558));
#4170 = CARTESIAN_POINT('',(-18.23278544572,5.108752414181,
    39.487315832183));
#4171 = CARTESIAN_POINT('',(-18.35467375427,4.635176439774,
    39.502584537401));
#4172 = CARTESIAN_POINT('',(-18.46250110311,4.158347363187,
    39.517848824381));
#4173 = CARTESIAN_POINT('',(-18.93866298106,1.720368124511,
    39.59542002421));
#4174 = CARTESIAN_POINT('',(-19.08541790618,-0.285840160683,
    39.657710243163));
#4175 = CARTESIAN_POINT('',(-18.98861365255,-2.304140368441,
    39.719896395539));
#4176 = CARTESIAN_POINT('',(-18.64835990389,-4.300159627191,
    39.781972718571));
#4177 = CARTESIAN_POINT('',(-18.06953110567,-6.240490992931,
    39.843958158701));
#4178 = CARTESIAN_POINT('',(-17.26236998883,-8.092940764269,
    39.905873791146));
#4179 = CARTESIAN_POINT('',(-16.24185682126,-9.826483104945,
    39.9677304113));
#4180 = CARTESIAN_POINT('',(-13.88511131949,-12.91246670336,
    40.087823332652));
#4181 = CARTESIAN_POINT('',(-12.56718843735,-14.28271538987,
    40.146162944952));
#4182 = CARTESIAN_POINT('',(-11.0952231091,-15.4981888163,
    40.204398885495));
#4183 = CARTESIAN_POINT('',(-9.490857925025,-16.53928170775,
    40.262536351892));
#4184 = CARTESIAN_POINT('',(-7.777826837595,-17.38983310905,
    40.320588188408));
#4185 = CARTESIAN_POINT('',(-5.982071526453,-18.03748947235,
    40.378568175235));
#4186 = CARTESIAN_POINT('',(-4.13149724503,-18.47343060279,
    40.436481671388));
#4187 = CARTESIAN_POINT('',(-0.302039627908,-18.92496782343,
    40.554523308474));
#4188 = CARTESIAN_POINT('',(1.682004595741,-18.92213017296,
    40.614734287174));
#4189 = CARTESIAN_POINT('',(3.660195605486,-18.68103598668,
    40.674818170694));
#4190 = CARTESIAN_POINT('',(5.599334041833,-18.20422406779,40.7347837945
    ));
#4191 = CARTESIAN_POINT('',(7.467482904731,-17.498753686,40.794649175167
    ));
#4192 = CARTESIAN_POINT('',(9.234234385337,-16.57673238674,
    40.854430803491));
#4193 = CARTESIAN_POINT('',(10.870631939506,-15.45474671923,
    40.914134797704));
#4194 = CARTESIAN_POINT('',(13.090518808405,-13.50735507053,
    41.003465513863));
#4195 = CARTESIAN_POINT('',(13.79181410266,-12.81370274047,
    41.033224114055));
#4196 = CARTESIAN_POINT('',(14.45109144924,-12.0784387694,
    41.062954491673));
#4197 = CARTESIAN_POINT('',(15.065478306646,-11.30454644279,
    41.092656095982));
#4198 = CARTESIAN_POINT('',(15.632373242071,-10.49521707029,
    41.122329464469));
#4199 = CARTESIAN_POINT('',(16.149437819258,-9.653841533683,
    41.151975179344));
#4200 = CARTESIAN_POINT('',(16.614607852202,-8.784016255047,
    41.181592822634));
#4201 = CARTESIAN_POINT('',(17.451282439223,-6.965458763848,
    41.241747884332));
#4202 = CARTESIAN_POINT('',(17.819220105443,-6.01495913278,
    41.272286761789));
#4203 = CARTESIAN_POINT('',(18.127971852877,-5.042275105079,
    41.302793659474));
#4204 = CARTESIAN_POINT('',(18.375994385405,-4.05171731586,
    41.333268208583));
#4205 = CARTESIAN_POINT('',(18.562124407264,-3.047685144182,
    41.363711295484));
#4206 = CARTESIAN_POINT('',(18.685565565239,-2.034661440546,
    41.394123792998));
#4207 = CARTESIAN_POINT('',(18.745904207028,-1.017213459876,
    41.424505301755));
#4208 = CARTESIAN_POINT('',(18.743153955788,0.,41.454852901649));
#4209 = PCURVE('',#153,#4210);
#4210 = DEFINITIONAL_REPRESENTATION('',(#4211),#4291);
#4211 = B_SPLINE_CURVE_WITH_KNOTS('',8,(#4212,#4213,#4214,#4215,#4216,
    #4217,#4218,#4219,#4220,#4221,#4222,#4223,#4224,#4225,#4226,#4227,
    #4228,#4229,#4230,#4231,#4232,#4233,#4234,#4235,#4236,#4237,#4238,
    #4239,#4240,#4241,#4242,#4243,#4244,#4245,#4246,#4247,#4248,#4249,
    #4250,#4251,#4252,#4253,#4254,#4255,#4256,#4257,#4258,#4259,#4260,
    #4261,#4262,#4263,#4264,#4265,#4266,#4267,#4268,#4269,#4270,#4271,
    #4272,#4273,#4274,#4275,#4276,#4277,#4278,#4279,#4280,#4281,#4282,
    #4283,#4284,#4285,#4286,#4287,#4288,#4289,#4290),.UNSPECIFIED.,.F.,
  .F.,(9,7,7,7,7,7,7,7,7,7,7,9),(0.,0.121870218394,0.211430287853,
    0.344422615576,0.40850968946,0.438174502935,0.471086324551,
    0.605479681329,0.732609228251,0.865181317649,0.931491528335,1.),
  .UNSPECIFIED.);
#4212 = CARTESIAN_POINT('',(1.553987130985,68.258300412503));
#4213 = CARTESIAN_POINT('',(1.546235603081,68.372530708967));
#4214 = CARTESIAN_POINT('',(1.538435774673,68.486861495834));
#4215 = CARTESIAN_POINT('',(1.530594480918,68.601192357371));
#4216 = CARTESIAN_POINT('',(1.522711782643,68.71553158601));
#4217 = CARTESIAN_POINT('',(1.514786371906,68.829905300098));
#4218 = CARTESIAN_POINT('',(1.506815739594,68.94433976709));
#4219 = CARTESIAN_POINT('',(1.498797510402,69.058844555908));
#4220 = CARTESIAN_POINT('',(1.484813613274,69.257445942481));
#4221 = CARTESIAN_POINT('',(1.478863933745,69.341604590407));
#4222 = CARTESIAN_POINT('',(1.472888779451,69.425775838666));
#4223 = CARTESIAN_POINT('',(1.466887525991,69.509958046658));
#4224 = CARTESIAN_POINT('',(1.460859027749,69.594158926667));
#4225 = CARTESIAN_POINT('',(1.45480237529,69.678386283785));
#4226 = CARTESIAN_POINT('',(1.448717561945,69.762638693757));
#4227 = CARTESIAN_POINT('',(1.433530777178,69.972014278492));
#4228 = CARTESIAN_POINT('',(1.424386953583,70.097276868003));
#4229 = CARTESIAN_POINT('',(1.415186072127,70.222524025701));
#4230 = CARTESIAN_POINT('',(1.405927109939,70.347773410561));
#4231 = CARTESIAN_POINT('',(1.396607307248,70.473063313198));
#4232 = CARTESIAN_POINT('',(1.387217856123,70.598432065087));
#4233 = CARTESIAN_POINT('',(1.377751600672,70.723899356395));
#4234 = CARTESIAN_POINT('',(1.363628284339,70.909738894523));
#4235 = CARTESIAN_POINT('',(1.359018659511,70.970183163369));
#4236 = CARTESIAN_POINT('',(1.354392439067,71.030635740812));
#4237 = CARTESIAN_POINT('',(1.349749855893,71.091096342743));
#4238 = CARTESIAN_POINT('',(1.345091464457,71.151566510779));
#4239 = CARTESIAN_POINT('',(1.340418168576,71.212047795072));
#4240 = CARTESIAN_POINT('',(1.335730835987,71.272539920583));
#4241 = CARTESIAN_POINT('',(1.328853331288,71.36104289957));
#4242 = CARTESIAN_POINT('',(1.326674075745,71.389048936371));
#4243 = CARTESIAN_POINT('',(1.324491774581,71.417057036485));
#4244 = CARTESIAN_POINT('',(1.322306343687,71.445067186579));
#4245 = CARTESIAN_POINT('',(1.320117573316,71.473079370701));
#4246 = CARTESIAN_POINT('',(1.317925128084,71.501093570279));
#4247 = CARTESIAN_POINT('',(1.315728546966,71.529109764124));
#4248 = CARTESIAN_POINT('',(1.311084992532,71.58821286433));
#4249 = CARTESIAN_POINT('',(1.308636338155,71.619300329453));
#4250 = CARTESIAN_POINT('',(1.30618146063,71.650390260972));
#4251 = CARTESIAN_POINT('',(1.303720977357,71.681482670319));
#4252 = CARTESIAN_POINT('',(1.301255670995,71.712577599987));
#4253 = CARTESIAN_POINT('',(1.298786217781,71.743675080329));
#4254 = CARTESIAN_POINT('',(1.296312915853,71.774775086364));
#4255 = CARTESIAN_POINT('',(1.283718688559,71.932882225354));
#4256 = CARTESIAN_POINT('',(1.273525785459,72.060039546708));
#4257 = CARTESIAN_POINT('',(1.263275307022,72.187176315196));
#4258 = CARTESIAN_POINT('',(1.252938816395,72.31431243077));
#4259 = CARTESIAN_POINT('',(1.242512171166,72.441489567209));
#4260 = CARTESIAN_POINT('',(1.231994371009,72.568748919777));
#4261 = CARTESIAN_POINT('',(1.221385100661,72.69611256414));
#4262 = CARTESIAN_POINT('',(1.20059015678,72.943825370848));
#4263 = CARTESIAN_POINT('',(1.19039728804,73.064363803109));
#4264 = CARTESIAN_POINT('',(1.18013098205,73.18489262686));
#4265 = CARTESIAN_POINT('',(1.169788823539,73.305424654746));
#4266 = CARTESIAN_POINT('',(1.159363890751,73.42599257767));
#4267 = CARTESIAN_POINT('',(1.148850624463,73.546629474067));
#4268 = CARTESIAN_POINT('',(1.138246116646,73.667350022671));
#4269 = CARTESIAN_POINT('',(1.116419257166,73.913863866866));
#4270 = CARTESIAN_POINT('',(1.105172478907,74.039849736048));
#4271 = CARTESIAN_POINT('',(1.093834588559,74.165816528123));
#4272 = CARTESIAN_POINT('',(1.082404230159,74.291782883311));
#4273 = CARTESIAN_POINT('',(1.07087747622,74.417788174854));
#4274 = CARTESIAN_POINT('',(1.059247868297,74.543871928065));
#4275 = CARTESIAN_POINT('',(1.047509208962,74.670054638765));
#4276 = CARTESIAN_POINT('',(1.029753441428,74.859254848478));
#4277 = CARTESIAN_POINT('',(1.023806374583,74.922350076166));
#4278 = CARTESIAN_POINT('',(1.017832264364,74.985453581148));
#4279 = CARTESIAN_POINT('',(1.011830703101,75.048564957234));
#4280 = CARTESIAN_POINT('',(1.005801115424,75.111686054323));
#4281 = CARTESIAN_POINT('',(0.999742989374,75.174818741697));
#4282 = CARTESIAN_POINT('',(0.993656102658,75.237962659797));
#4283 = CARTESIAN_POINT('',(0.981222654193,75.366356767445));
#4284 = CARTESIAN_POINT('',(0.974873447082,75.431614893463));
#4285 = CARTESIAN_POINT('',(0.968493459719,75.496881634101));
#4286 = CARTESIAN_POINT('',(0.962082614878,75.562156543854));
#4287 = CARTESIAN_POINT('',(0.955640617855,75.627441809918));
#4288 = CARTESIAN_POINT('',(0.94916716913,75.692739609226));
#4289 = CARTESIAN_POINT('',(0.94266219297,75.758049448735));
#4290 = CARTESIAN_POINT('',(0.936126081965,75.823365488972));
#4291 = ( GEOMETRIC_REPRESENTATION_CONTEXT(2) 
PARAMETRIC_REPRESENTATION_CONTEXT() REPRESENTATION_CONTEXT('2D SPACE',''
  ) );
#4292 = PCURVE('',#4293,#4298);
#4293 = CONICAL_SURFACE('',#4294,22.5,9.037811769566E-02);
#4294 = AXIS2_PLACEMENT_3D('',#4295,#4296,#4297);
#4295 = CARTESIAN_POINT('',(0.,0.,0.));
#4296 = DIRECTION('',(-0.,-0.,-1.));
#4297 = DIRECTION('',(1.,0.,-0.));
#4298 = DEFINITIONAL_REPRESENTATION('',(#4299),#4379);
#4299 = B_SPLINE_CURVE_WITH_KNOTS('',8,(#4300,#4301,#4302,#4303,#4304,
    #4305,#4306,#4307,#4308,#4309,#4310,#4311,#4312,#4313,#4314,#4315,
    #4316,#4317,#4318,#4319,#4320,#4321,#4322,#4323,#4324,#4325,#4326,
    #4327,#4328,#4329,#4330,#4331,#4332,#4333,#4334,#4335,#4336,#4337,
    #4338,#4339,#4340,#4341,#4342,#4343,#4344,#4345,#4346,#4347,#4348,
    #4349,#4350,#4351,#4352,#4353,#4354,#4355,#4356,#4357,#4358,#4359,
    #4360,#4361,#4362,#4363,#4364,#4365,#4366,#4367,#4368,#4369,#4370,
    #4371,#4372,#4373,#4374,#4375,#4376,#4377,#4378),.UNSPECIFIED.,.F.,
  .F.,(9,7,7,7,7,7,7,7,7,7,7,9),(0.,0.121870218394,0.211430287853,
    0.344422615576,0.40850968946,0.438174502935,0.471086324551,
    0.605479681329,0.732609228251,0.865181317649,0.931491528335,1.),
  .UNSPECIFIED.);
#4300 = CARTESIAN_POINT('',(0.,-37.76021798118));
#4301 = CARTESIAN_POINT('',(-9.484361194185E-02,-37.81826813888));
#4302 = CARTESIAN_POINT('',(-0.189771444878,-37.87630251761));
#4303 = CARTESIAN_POINT('',(-0.28470011784,-37.93426973482));
#4304 = CARTESIAN_POINT('',(-0.379636520318,-37.9921741834));
#4305 = CARTESIAN_POINT('',(-0.474602381654,-38.05002910274));
#4306 = CARTESIAN_POINT('',(-0.569619587162,-38.10784719932));
#4307 = CARTESIAN_POINT('',(-0.664696130985,-38.16563203685));
#4308 = CARTESIAN_POINT('',(-0.829602102775,-38.26573530055));
#4309 = CARTESIAN_POINT('',(-0.899482612971,-38.30811706661));
#4310 = CARTESIAN_POINT('',(-0.969374107638,-38.35046706197));
#4311 = CARTESIAN_POINT('',(-1.039275217273,-38.39278398316));
#4312 = CARTESIAN_POINT('',(-1.109192327045,-38.43507129004));
#4313 = CARTESIAN_POINT('',(-1.179131893213,-38.47733258614));
#4314 = CARTESIAN_POINT('',(-1.249092712123,-38.51956695908));
#4315 = CARTESIAN_POINT('',(-1.422953386776,-38.62442524348));
#4316 = CARTESIAN_POINT('',(-1.526969546909,-38.68707129095));
#4317 = CARTESIAN_POINT('',(-1.630973866391,-38.74962175834));
#4318 = CARTESIAN_POINT('',(-1.734981070828,-38.81208548004));
#4319 = CARTESIAN_POINT('',(-1.839023144264,-38.874481259));
#4320 = CARTESIAN_POINT('',(-1.943132264212,-38.93682460083));
#4321 = CARTESIAN_POINT('',(-2.047324803349,-38.99912138791));
#4322 = CARTESIAN_POINT('',(-2.201654709133,-39.09125265213));
#4323 = CARTESIAN_POINT('',(-2.251850804147,-39.12119614342));
#4324 = CARTESIAN_POINT('',(-2.302054107135,-39.15112155039));
#4325 = CARTESIAN_POINT('',(-2.352264351723,-39.18102879782));
#4326 = CARTESIAN_POINT('',(-2.402482780956,-39.21091897791));
#4327 = CARTESIAN_POINT('',(-2.452710649165,-39.24079339046));
#4328 = CARTESIAN_POINT('',(-2.502947716349,-39.27065234077));
#4329 = CARTESIAN_POINT('',(-2.576447371526,-39.31430674883));
#4330 = CARTESIAN_POINT('',(-2.59970577962,-39.32811630359));
#4331 = CARTESIAN_POINT('',(-2.622965953256,-39.34192237516));
#4332 = CARTESIAN_POINT('',(-2.646227886612,-39.35572490543));
#4333 = CARTESIAN_POINT('',(-2.669491574144,-39.36952376222));
#4334 = CARTESIAN_POINT('',(-2.692757010588,-39.38331873931));
#4335 = CARTESIAN_POINT('',(-2.716024190953,-39.39710955643));
#4336 = CARTESIAN_POINT('',(-2.765108965768,-39.4261911632));
#4337 = CARTESIAN_POINT('',(-2.790927065434,-39.44148062803));
#4338 = CARTESIAN_POINT('',(-2.816747288834,-39.45676430892));
#4339 = CARTESIAN_POINT('',(-2.842569625213,-39.47204255558));
#4340 = CARTESIAN_POINT('',(-2.868394118993,-39.48731583218));
#4341 = CARTESIAN_POINT('',(-2.894220815011,-39.5025845374));
#4342 = CARTESIAN_POINT('',(-2.920049703755,-39.51784882438));
#4343 = CARTESIAN_POINT('',(-3.051359781298,-39.59542002421));
#4344 = CARTESIAN_POINT('',(-3.156967066118,-39.65771024316));
#4345 = CARTESIAN_POINT('',(-3.262559022268,-39.71989639553));
#4346 = CARTESIAN_POINT('',(-3.368152330541,-39.78197271857));
#4347 = CARTESIAN_POINT('',(-3.47378097372,-39.8439581587));
#4348 = CARTESIAN_POINT('',(-3.5794791834,-39.90587379114));
#4349 = CARTESIAN_POINT('',(-3.685265357896,-39.9677304113));
#4350 = CARTESIAN_POINT('',(-3.891014503269,-40.08782333265));
#4351 = CARTESIAN_POINT('',(-3.991134522301,-40.14616294495));
#4352 = CARTESIAN_POINT('',(-4.091248027787,-40.20439888549));
#4353 = CARTESIAN_POINT('',(-4.191365829619,-40.26253635189));
#4354 = CARTESIAN_POINT('',(-4.2915151781,-40.3205881884));
#4355 = CARTESIAN_POINT('',(-4.391723497976,-40.37856817523));
#4356 = CARTESIAN_POINT('',(-4.492002923117,-40.43648167138));
#4357 = CARTESIAN_POINT('',(-4.696778769406,-40.55452330847));
#4358 = CARTESIAN_POINT('',(-4.801435295883,-40.61473428717));
#4359 = CARTESIAN_POINT('',(-4.906077630991,-40.67481817069));
#4360 = CARTESIAN_POINT('',(-5.010721222348,-40.7347837945));
#4361 = CARTESIAN_POINT('',(-5.115398847018,-40.79464917516));
#4362 = CARTESIAN_POINT('',(-5.220143476167,-40.85443080349));
#4363 = CARTESIAN_POINT('',(-5.324972247452,-40.9141347977));
#4364 = CARTESIAN_POINT('',(-5.482157029084,-41.00346551386));
#4365 = CARTESIAN_POINT('',(-5.534576123871,-41.03322411405));
#4366 = CARTESIAN_POINT('',(-5.587002601102,-41.06295449167));
#4367 = CARTESIAN_POINT('',(-5.639436128697,-41.09265609598));
#4368 = CARTESIAN_POINT('',(-5.691878246264,-41.12232946446));
#4369 = CARTESIAN_POINT('',(-5.744330507428,-41.15197517934));
#4370 = CARTESIAN_POINT('',(-5.796792612974,-41.18159282263));
#4371 = CARTESIAN_POINT('',(-5.903467829526,-41.24174788433));
#4372 = CARTESIAN_POINT('',(-5.957687569051,-41.27228676178));
#4373 = CARTESIAN_POINT('',(-6.01191501399,-41.30279365947));
#4374 = CARTESIAN_POINT('',(-6.066149794271,-41.33326820858));
#4375 = CARTESIAN_POINT('',(-6.120393729479,-41.36371129548));
#4376 = CARTESIAN_POINT('',(-6.174648634011,-41.39412379299));
#4377 = CARTESIAN_POINT('',(-6.228914107024,-41.42450530175));
#4378 = CARTESIAN_POINT('',(-6.28318530718,-41.45485290164));
#4379 = ( GEOMETRIC_REPRESENTATION_CONTEXT(2) 
PARAMETRIC_REPRESENTATION_CONTEXT() REPRESENTATION_CONTEXT('2D SPACE',''
  ) );
#4380 = ORIENTED_EDGE('',*,*,#4381,.T.);
#4381 = EDGE_CURVE('',#4126,#4382,#4384,.T.);
#4382 = VERTEX_POINT('',#4383);
#4383 = CARTESIAN_POINT('',(15.191630167858,-10.51562765543,
    44.402317822111));
#4384 = SURFACE_CURVE('',#4385,(#4493,#4604),.PCURVE_S1.);
#4385 = B_SPLINE_CURVE_WITH_KNOTS('',8,(#4386,#4387,#4388,#4389,#4390,
    #4391,#4392,#4393,#4394,#4395,#4396,#4397,#4398,#4399,#4400,#4401,
    #4402,#4403,#4404,#4405,#4406,#4407,#4408,#4409,#4410,#4411,#4412,
    #4413,#4414,#4415,#4416,#4417,#4418,#4419,#4420,#4421,#4422,#4423,
    #4424,#4425,#4426,#4427,#4428,#4429,#4430,#4431,#4432,#4433,#4434,
    #4435,#4436,#4437,#4438,#4439,#4440,#4441,#4442,#4443,#4444,#4445,
    #4446,#4447,#4448,#4449,#4450,#4451,#4452,#4453,#4454,#4455,#4456,
    #4457,#4458,#4459,#4460,#4461,#4462,#4463,#4464,#4465,#4466,#4467,
    #4468,#4469,#4470,#4471,#4472,#4473,#4474,#4475,#4476,#4477,#4478,
    #4479,#4480,#4481,#4482,#4483,#4484,#4485,#4486,#4487,#4488,#4489,
    #4490,#4491,#4492),.UNSPECIFIED.,.F.,.F.,(9,7,7,7,7,7,7,7,7,7,7,7,7,
    7,7,9),(0.,0.106837102513,0.167546514255,0.229243292105,
    0.29174962872,0.35225185419,0.415933339478,0.477444910342,
    0.539300638917,0.603525771612,0.667607054843,0.731400641546,
    0.796802650443,0.863488714045,0.931092667409,1.),.UNSPECIFIED.);
#4386 = CARTESIAN_POINT('',(18.743153955788,0.,41.454852901649));
#4387 = CARTESIAN_POINT('',(18.739169927467,1.47354073441,
    41.498814593466));
#4388 = CARTESIAN_POINT('',(18.602795263853,2.947127220652,
    41.542721126989));
#4389 = CARTESIAN_POINT('',(18.3339050099,4.406275642257,41.586553717482
    ));
#4390 = CARTESIAN_POINT('',(17.934421313328,5.837097363916,
    41.630312225028));
#4391 = CARTESIAN_POINT('',(17.407837079977,7.226185482684,
    41.674000697727));
#4392 = CARTESIAN_POINT('',(16.759219146122,8.560637244613,
    41.717622877419));
#4393 = CARTESIAN_POINT('',(15.995196714263,9.828071813004,
    41.761178015525));
#4394 = CARTESIAN_POINT('',(14.629607580831,11.692324582249,
    41.829348371008));
#4395 = CARTESIAN_POINT('',(14.100235224489,12.342539706613,
    41.854026166868));
#4396 = CARTESIAN_POINT('',(13.537824790693,12.965373581537,
    41.878679398956));
#4397 = CARTESIAN_POINT('',(12.944034543631,13.558869668273,
    41.903307764737));
#4398 = CARTESIAN_POINT('',(12.320649205419,14.121201558156,
    41.927911459696));
#4399 = CARTESIAN_POINT('',(11.669576381711,14.650670206115,
    41.952490708168));
#4400 = CARTESIAN_POINT('',(10.992849460507,15.145707991785,
    41.977045290179));
#4401 = CARTESIAN_POINT('',(9.581036387755,16.071539265466,
    42.026501769626));
#4402 = CARTESIAN_POINT('',(8.845137428661,16.501184934475,
    42.051404304152));
#4403 = CARTESIAN_POINT('',(8.087212596476,16.892322156448,
    42.076280416221));
#4404 = CARTESIAN_POINT('',(7.309618377263,17.243638307678,
    42.101129885826));
#4405 = CARTESIAN_POINT('',(6.514788599064,17.553998744807,
    42.125952981976));
#4406 = CARTESIAN_POINT('',(5.705231805927,17.822442542661,
    42.150749932437));
#4407 = CARTESIAN_POINT('',(4.883532660453,18.048187824664,
    42.175520405838));
#4408 = CARTESIAN_POINT('',(3.210275762228,18.415499694203,
    42.225330268303));
#4409 = CARTESIAN_POINT('',(2.358414072382,18.555934629747,
    42.250370504706));
#4410 = CARTESIAN_POINT('',(1.499544219827,18.651330174554,
    42.275382218376));
#4411 = CARTESIAN_POINT('',(0.636448300941,18.701286459599,
    42.30036493395));
#4412 = CARTESIAN_POINT('',(-0.228082758048,18.705608419014,
    42.32531865326));
#4413 = CARTESIAN_POINT('',(-1.091250205724,18.664300435589,
    42.350243345666));
#4414 = CARTESIAN_POINT('',(-1.95024812277,18.577572277473,
    42.375138473156));
#4415 = CARTESIAN_POINT('',(-3.626961567015,18.318363521047,
    42.424069422096));
#4416 = CARTESIAN_POINT('',(-4.44516722899,18.148713863234,
    42.448108634399));
#4417 = CARTESIAN_POINT('',(-5.254330529594,17.937290524724,
    42.472118899445));
#4418 = CARTESIAN_POINT('',(-6.051962095436,17.68466126963,
    42.496099907017));
#4419 = CARTESIAN_POINT('',(-6.835629497394,17.391565188315,
    42.520051983656));
#4420 = CARTESIAN_POINT('',(-7.602956444147,17.058908273633,
    42.543975663653));
#4421 = CARTESIAN_POINT('',(-8.351625039819,16.687767839183,
    42.567871171722));
#4422 = CARTESIAN_POINT('',(-9.84537916355,15.849585185573,
    42.616858603122));
#4423 = CARTESIAN_POINT('',(-10.58825927412,15.378500218007,
    42.641949419977));
#4424 = CARTESIAN_POINT('',(-11.3053836665,14.867615430116,
    42.667006620877));
#4425 = CARTESIAN_POINT('',(-11.99426589637,14.31858235957,
    42.692039145249));
#4426 = CARTESIAN_POINT('',(-12.65256297598,13.733223403491,
    42.717029727142));
#4427 = CARTESIAN_POINT('',(-13.27806618682,13.113527837684,
    42.742001369918));
#4428 = CARTESIAN_POINT('',(-13.86871403077,12.461655423039,
    42.766928127108));
#4429 = CARTESIAN_POINT('',(-14.9576084529,11.121475162232,
    42.815855845642));
#4430 = CARTESIAN_POINT('',(-15.45835255533,10.435122841683,
    42.839861193955));
#4431 = CARTESIAN_POINT('',(-15.92310433257,9.72299897122,
    42.863834723625));
#4432 = CARTESIAN_POINT('',(-16.35032049778,8.987311602834,
    42.887777497605));
#4433 = CARTESIAN_POINT('',(-16.73862704599,8.230363752241,
    42.911689687477));
#4434 = CARTESIAN_POINT('',(-17.08681516083,7.454550326856,
    42.935570917547));
#4435 = CARTESIAN_POINT('',(-17.39384633232,6.662360061628,
    42.959420236008));
#4436 = CARTESIAN_POINT('',(-17.92536982985,5.045895413056,
    43.007184438127));
#4437 = CARTESIAN_POINT('',(-18.14940746712,4.221415445909,
    43.031100441069));
#4438 = CARTESIAN_POINT('',(-18.330101967,3.385573550797,43.054981735981
    ));
#4439 = CARTESIAN_POINT('',(-18.46678818467,2.541032492483,
    43.078827435872));
#4440 = CARTESIAN_POINT('',(-18.55899772971,1.690483892092,
    43.102637343081));
#4441 = CARTESIAN_POINT('',(-18.60645396147,0.836646746012,
    43.126411470407));
#4442 = CARTESIAN_POINT('',(-18.60907771121,-1.773261737147E-02,
    43.150149493081));
#4443 = CARTESIAN_POINT('',(-18.52331809276,-1.75466742309,
    43.198458630861));
#4444 = CARTESIAN_POINT('',(-18.43144176485,-2.63711030007,
    43.22302853411));
#4445 = CARTESIAN_POINT('',(-18.29151433024,-3.514096843838,
    43.247558306079));
#4446 = CARTESIAN_POINT('',(-18.10392075934,-4.382572339405,
    43.272047702472));
#4447 = CARTESIAN_POINT('',(-17.86927166247,-5.239534500977,
    43.296497060537));
#4448 = CARTESIAN_POINT('',(-17.58839673794,-6.082032924371,
    43.320906639176));
#4449 = CARTESIAN_POINT('',(-17.26235141566,-6.907171777866,
    43.345276008582));
#4450 = CARTESIAN_POINT('',(-16.52335050034,-8.515256796603,
    43.39387648228));
#4451 = CARTESIAN_POINT('',(-16.11056406274,-9.298352390269,
    43.418109542955));
#4452 = CARTESIAN_POINT('',(-15.65535887863,-10.05858086405,
    43.442300986344));
#4453 = CARTESIAN_POINT('',(-15.15922200558,-10.79326318241,
    43.466450235209));
#4454 = CARTESIAN_POINT('',(-14.62382927703,-11.49985214053,
    43.490557244233));
#4455 = CARTESIAN_POINT('',(-14.05103946805,-12.17592943358,
    43.514621937456));
#4456 = CARTESIAN_POINT('',(-13.44289941337,-12.81921057732,
    43.53864365909));
#4457 = CARTESIAN_POINT('',(-12.16329962185,-14.03317357428,
    43.586489970304));
#4458 = CARTESIAN_POINT('',(-11.49208997906,-14.60421246507,
    43.610316681977));
#4459 = CARTESIAN_POINT('',(-10.79024389552,-15.13855648463,
    43.634099007399));
#4460 = CARTESIAN_POINT('',(-10.06010989185,-15.63429325811,
    43.657836366845));
#4461 = CARTESIAN_POINT('',(-9.30416093265,-16.08970001645,
    43.681528793049));
#4462 = CARTESIAN_POINT('',(-8.52499019311,-16.50323881709,
    43.705176357614));
#4463 = CARTESIAN_POINT('',(-7.725313922407,-16.87356287236,
    43.728778596945));
#4464 = CARTESIAN_POINT('',(-6.070041551196,-17.53372378043,
    43.776483177279));
#4465 = CARTESIAN_POINT('',(-5.213479151383,-17.82132172564,
    43.800584973549));
#4466 = CARTESIAN_POINT('',(-4.341362587916,-18.06108791386,
    43.824637535929));
#4467 = CARTESIAN_POINT('',(-3.456814571019,-18.25205086897,
    43.848640382772));
#4468 = CARTESIAN_POINT('',(-2.56300682652,-18.39348543111,
    43.872593647476));
#4469 = CARTESIAN_POINT('',(-1.663157594048,-18.48490573507,
    43.896497410607));
#4470 = CARTESIAN_POINT('',(-0.760531934592,-18.52607328231,
    43.920351058054));
#4471 = CARTESIAN_POINT('',(1.061353150872,-18.50778918749,
    43.968421575541));
#4472 = CARTESIAN_POINT('',(1.980668893642,-18.44634541476,
    43.992638412559));
#4473 = CARTESIAN_POINT('',(2.895985171145,-18.3327078111,
    44.016801048902));
#4474 = CARTESIAN_POINT('',(3.803842060195,-18.16718761463,
    44.040908701757));
#4475 = CARTESIAN_POINT('',(4.700832900605,-17.95036292789,
    44.064961215047));
#4476 = CARTESIAN_POINT('',(5.583603873133,-17.68307030206,
    44.088958371948));
#4477 = CARTESIAN_POINT('',(6.448857178903,-17.36641325653,
    44.112899237736));
#4478 = CARTESIAN_POINT('',(8.149482457052,-16.63214338038,
    44.160992552268));
#4479 = CARTESIAN_POINT('',(8.984356461738,-16.21316759732,
    44.185145541017));
#4480 = CARTESIAN_POINT('',(9.794600621389,-15.74630066001,
    44.209238044085));
#4481 = CARTESIAN_POINT('',(10.577012613645,-15.23324483558,
    44.233269105365));
#4482 = CARTESIAN_POINT('',(11.328552201539,-14.67594063837,
    44.257238533597));
#4483 = CARTESIAN_POINT('',(12.046337237855,-14.07655854884,
    44.281146177659));
#4484 = CARTESIAN_POINT('',(12.727650479075,-13.43750619565,
    44.30499121132));
#4485 = CARTESIAN_POINT('',(14.024647375008,-12.07236171233,
    44.353010117364));
#4486 = CARTESIAN_POINT('',(14.638875836134,-11.34476232911,
    44.37718378956));
#4487 = CARTESIAN_POINT('',(15.209942864642,-10.58146734389,
    44.401290001695));
#4488 = CARTESIAN_POINT('',(15.735437684842,-9.785476448601,
    44.425327986543));
#4489 = CARTESIAN_POINT('',(16.21321261961,-8.959956605265,
    44.449297790343));
#4490 = CARTESIAN_POINT('',(16.641375302528,-8.10823527038,
    44.473199437504));
#4491 = CARTESIAN_POINT('',(17.018298955521,-7.233804773078,
    44.497032121683));
#4492 = CARTESIAN_POINT('',(17.342650732016,-6.340337847085,
    44.520793423228));
#4493 = PCURVE('',#153,#4494);
#4494 = DEFINITIONAL_REPRESENTATION('',(#4495),#4603);
#4495 = B_SPLINE_CURVE_WITH_KNOTS('',8,(#4496,#4497,#4498,#4499,#4500,
    #4501,#4502,#4503,#4504,#4505,#4506,#4507,#4508,#4509,#4510,#4511,
    #4512,#4513,#4514,#4515,#4516,#4517,#4518,#4519,#4520,#4521,#4522,
    #4523,#4524,#4525,#4526,#4527,#4528,#4529,#4530,#4531,#4532,#4533,
    #4534,#4535,#4536,#4537,#4538,#4539,#4540,#4541,#4542,#4543,#4544,
    #4545,#4546,#4547,#4548,#4549,#4550,#4551,#4552,#4553,#4554,#4555,
    #4556,#4557,#4558,#4559,#4560,#4561,#4562,#4563,#4564,#4565,#4566,
    #4567,#4568,#4569,#4570,#4571,#4572,#4573,#4574,#4575,#4576,#4577,
    #4578,#4579,#4580,#4581,#4582,#4583,#4584,#4585,#4586,#4587,#4588,
    #4589,#4590,#4591,#4592,#4593,#4594,#4595,#4596,#4597,#4598,#4599,
    #4600,#4601,#4602),.UNSPECIFIED.,.F.,.F.,(9,7,7,7,7,7,7,7,7,7,7,7,7,
    7,7,9),(0.,0.106837102513,0.167546514255,0.229243292105,
    0.29174962872,0.35225185419,0.415933339478,0.477444910342,
    0.539300638917,0.603525771612,0.667607054843,0.731400641546,
    0.796802650443,0.863488714045,0.931092667409,1.),.UNSPECIFIED.);
#4496 = CARTESIAN_POINT('',(0.936126081965,75.823365488972));
#4497 = CARTESIAN_POINT('',(0.926657837403,75.917982646232));
#4498 = CARTESIAN_POINT('',(0.917120814026,76.012647244979));
#4499 = CARTESIAN_POINT('',(0.90751824789,76.107320406463));
#4500 = CARTESIAN_POINT('',(0.897849180381,76.202003459191));
#4501 = CARTESIAN_POINT('',(0.888111067243,76.296707706956));
#4502 = CARTESIAN_POINT('',(0.878300864739,76.391444587215));
#4503 = CARTESIAN_POINT('',(0.868416492683,76.486215963266));
#4504 = CARTESIAN_POINT('',(0.85280313376,76.634834417705));
#4505 = CARTESIAN_POINT('',(0.847121602641,76.688693778616));
#4506 = CARTESIAN_POINT('',(0.841415895917,76.742559322122));
#4507 = CARTESIAN_POINT('',(0.835685786068,76.796430867393));
#4508 = CARTESIAN_POINT('',(0.829930978244,76.850309262746));
#4509 = CARTESIAN_POINT('',(0.824151218251,76.904195362714));
#4510 = CARTESIAN_POINT('',(0.818346393927,76.958089000624));
#4511 = CARTESIAN_POINT('',(0.806592051713,77.06676351493));
#4512 = CARTESIAN_POINT('',(0.800641364188,77.121547824286));
#4513 = CARTESIAN_POINT('',(0.794664700882,77.176338454946));
#4514 = CARTESIAN_POINT('',(0.788661978745,77.231135200987));
#4515 = CARTESIAN_POINT('',(0.782632969337,77.285938971415));
#4516 = CARTESIAN_POINT('',(0.776577386305,77.340750677718));
#4517 = CARTESIAN_POINT('',(0.770494989098,77.395570117923));
#4518 = CARTESIAN_POINT('',(0.758196253336,77.505938983203));
#4519 = CARTESIAN_POINT('',(0.751978813933,77.561492056549));
#4520 = CARTESIAN_POINT('',(0.745733315593,77.617051453569));
#4521 = CARTESIAN_POINT('',(0.739459342376,77.672616935637));
#4522 = CARTESIAN_POINT('',(0.733156257732,77.728189465732));
#4523 = CARTESIAN_POINT('',(0.726823377225,77.783770019734));
#4524 = CARTESIAN_POINT('',(0.720460187804,77.839358392408));
#4525 = CARTESIAN_POINT('',(0.707878033549,77.948763132232));
#4526 = CARTESIAN_POINT('',(0.70166061224,78.002582377793));
#4527 = CARTESIAN_POINT('',(0.695414276451,78.056407511762));
#4528 = CARTESIAN_POINT('',(0.689138803892,78.110238359209));
#4529 = CARTESIAN_POINT('',(0.682834098486,78.164075780553));
#4530 = CARTESIAN_POINT('',(0.676500344893,78.217920649928));
#4531 = CARTESIAN_POINT('',(0.670138042284,78.271772824618));
#4532 = CARTESIAN_POINT('',(0.657022005322,78.382317469026));
#4533 = CARTESIAN_POINT('',(0.65026532245,78.439014207718));
#4534 = CARTESIAN_POINT('',(0.643475187479,78.495717242637));
#4535 = CARTESIAN_POINT('',(0.636663713395,78.552426929476));
#4536 = CARTESIAN_POINT('',(0.629807239167,78.609143251973));
#4537 = CARTESIAN_POINT('',(0.622935698523,78.66586863137));
#4538 = CARTESIAN_POINT('',(0.616014782971,78.722601278561));
#4539 = CARTESIAN_POINT('',(0.602331072149,78.834143867304));
#4540 = CARTESIAN_POINT('',(0.595570872988,78.888956898405));
#4541 = CARTESIAN_POINT('',(0.588779293817,78.943775896914));
#4542 = CARTESIAN_POINT('',(0.581958034936,78.998600625077));
#4543 = CARTESIAN_POINT('',(0.575106755816,79.05343196191));
#4544 = CARTESIAN_POINT('',(0.568224365239,79.108270807498));
#4545 = CARTESIAN_POINT('',(0.561309792168,79.16311696491));
#4546 = CARTESIAN_POINT('',(0.547375810957,79.273125926548));
#4547 = CARTESIAN_POINT('',(0.540355608766,79.328292220371));
#4548 = CARTESIAN_POINT('',(0.533300825155,79.383464358939));
#4549 = CARTESIAN_POINT('',(0.5262104911,79.438642139798));
#4550 = CARTESIAN_POINT('',(0.519083747356,79.493826524889));
#4551 = CARTESIAN_POINT('',(0.511920021638,79.549018482246));
#4552 = CARTESIAN_POINT('',(0.504719109835,79.604217824828));
#4553 = CARTESIAN_POINT('',(0.489965960632,79.716740884101));
#4554 = CARTESIAN_POINT('',(0.482410315979,79.774068949657));
#4555 = CARTESIAN_POINT('',(0.474814436063,79.831403190937));
#4556 = CARTESIAN_POINT('',(0.467178284443,79.888743343266));
#4557 = CARTESIAN_POINT('',(0.459501617471,79.946090539987));
#4558 = CARTESIAN_POINT('',(0.451784086821,80.003445918287));
#4559 = CARTESIAN_POINT('',(0.444025406524,80.060809220364));
#4560 = CARTESIAN_POINT('',(0.428443232298,80.175417068118));
#4561 = CARTESIAN_POINT('',(0.42061935434,80.232665764756));
#4562 = CARTESIAN_POINT('',(0.412753954363,80.28992042399));
#4563 = CARTESIAN_POINT('',(0.404846560842,80.347180768333));
#4564 = CARTESIAN_POINT('',(0.396896435377,80.4044479199));
#4565 = CARTESIAN_POINT('',(0.388902796556,80.461723014792));
#4566 = CARTESIAN_POINT('',(0.380865059289,80.519005810654));
#4567 = CARTESIAN_POINT('',(0.364737404431,80.63332356884));
#4568 = CARTESIAN_POINT('',(0.356647302391,80.690362602518));
#4569 = CARTESIAN_POINT('',(0.348512637101,80.747407402356));
#4570 = CARTESIAN_POINT('',(0.340332929292,80.804457714975));
#4571 = CARTESIAN_POINT('',(0.33210755936,80.861514660816));
#4572 = CARTESIAN_POINT('',(0.323835957151,80.91857936993));
#4573 = CARTESIAN_POINT('',(0.315517789035,80.975651612416));
#4574 = CARTESIAN_POINT('',(0.298577598332,81.09124430738));
#4575 = CARTESIAN_POINT('',(0.289952546539,81.149769474316));
#4576 = CARTESIAN_POINT('',(0.281278096244,81.208300533375));
#4577 = CARTESIAN_POINT('',(0.272553936024,81.266837192833));
#4578 = CARTESIAN_POINT('',(0.263779494823,81.325380716405));
#4579 = CARTESIAN_POINT('',(0.254954133993,81.383932374185));
#4580 = CARTESIAN_POINT('',(0.246077370199,81.442491888316));
#4581 = CARTESIAN_POINT('',(0.228045597718,81.560769660492));
#4582 = CARTESIAN_POINT('',(0.218887786366,81.620493091503));
#4583 = CARTESIAN_POINT('',(0.209675631357,81.680222397965));
#4584 = CARTESIAN_POINT('',(0.200408478196,81.739957240522));
#4585 = CARTESIAN_POINT('',(0.191085320945,81.799699003869));
#4586 = CARTESIAN_POINT('',(0.181705076692,81.859449084765));
#4587 = CARTESIAN_POINT('',(0.172266895223,81.919207173134));
#4588 = CARTESIAN_POINT('',(0.153143400977,82.03955446883));
#4589 = CARTESIAN_POINT('',(0.143455613848,82.100149209055));
#4590 = CARTESIAN_POINT('',(0.133706862926,82.160749696873));
#4591 = CARTESIAN_POINT('',(0.123896309541,82.221355573517));
#4592 = CARTESIAN_POINT('',(0.114022856436,82.281968336856));
#4593 = CARTESIAN_POINT('',(0.104085456561,82.34258949917));
#4594 = CARTESIAN_POINT('',(9.408343014833E-02,82.403218737356));
#4595 = CARTESIAN_POINT('',(7.375606887518E-02,82.525654321335));
#4596 = CARTESIAN_POINT('',(6.342723592356E-02,82.587466747478));
#4597 = CARTESIAN_POINT('',(5.303031241292E-02,82.649284859918));
#4598 = CARTESIAN_POINT('',(4.256473876735E-02,82.711108271843));
#4599 = CARTESIAN_POINT('',(3.20296380147E-02,82.772938637052));
#4600 = CARTESIAN_POINT('',(2.142410868849E-02,82.83477761538));
#4601 = CARTESIAN_POINT('',(1.074754724562E-02,82.896624830196));
#4602 = CARTESIAN_POINT('',(0.,82.958475817978));
#4603 = ( GEOMETRIC_REPRESENTATION_CONTEXT(2) 
PARAMETRIC_REPRESENTATION_CONTEXT() REPRESENTATION_CONTEXT('2D SPACE',''
  ) );
#4604 = PCURVE('',#4293,#4605);
#4605 = DEFINITIONAL_REPRESENTATION('',(#4606),#4714);
#4606 = B_SPLINE_CURVE_WITH_KNOTS('',8,(#4607,#4608,#4609,#4610,#4611,
    #4612,#4613,#4614,#4615,#4616,#4617,#4618,#4619,#4620,#4621,#4622,
    #4623,#4624,#4625,#4626,#4627,#4628,#4629,#4630,#4631,#4632,#4633,
    #4634,#4635,#4636,#4637,#4638,#4639,#4640,#4641,#4642,#4643,#4644,
    #4645,#4646,#4647,#4648,#4649,#4650,#4651,#4652,#4653,#4654,#4655,
    #4656,#4657,#4658,#4659,#4660,#4661,#4662,#4663,#4664,#4665,#4666,
    #4667,#4668,#4669,#4670,#4671,#4672,#4673,#4674,#4675,#4676,#4677,
    #4678,#4679,#4680,#4681,#4682,#4683,#4684,#4685,#4686,#4687,#4688,
    #4689,#4690,#4691,#4692,#4693,#4694,#4695,#4696,#4697,#4698,#4699,
    #4700,#4701,#4702,#4703,#4704,#4705,#4706,#4707,#4708,#4709,#4710,
    #4711,#4712,#4713),.UNSPECIFIED.,.F.,.F.,(9,7,7,7,7,7,7,7,7,7,7,7,7,
    7,7,9),(0.,0.106837102513,0.167546514255,0.229243292105,
    0.29174962872,0.35225185419,0.415933339478,0.477444910342,
    0.539300638917,0.603525771612,0.667607054843,0.731400641546,
    0.796802650443,0.863488714045,0.931092667409,1.),.UNSPECIFIED.);
#4607 = CARTESIAN_POINT('',(0.,-41.45485290164));
#4608 = CARTESIAN_POINT('',(-7.861754419162E-02,-41.49881459346));
#4609 = CARTESIAN_POINT('',(-0.157275714062,-41.54272112698));
#4610 = CARTESIAN_POINT('',(-0.235942239155,-41.58655371748));
#4611 = CARTESIAN_POINT('',(-0.314618263331,-41.63031222502));
#4612 = CARTESIAN_POINT('',(-0.393313223435,-41.67400069772));
#4613 = CARTESIAN_POINT('',(-0.47203665269,-41.71762287741));
#4614 = CARTESIAN_POINT('',(-0.550790106417,-41.76117801552));
#4615 = CARTESIAN_POINT('',(-0.674291712998,-41.829348371));
#4616 = CARTESIAN_POINT('',(-0.719049158543,-41.85402616686));
#4617 = CARTESIAN_POINT('',(-0.76381217643,-41.87867939895));
#4618 = CARTESIAN_POINT('',(-0.808580613544,-41.90330776473));
#4619 = CARTESIAN_POINT('',(-0.85335517141,-41.92791145969));
#4620 = CARTESIAN_POINT('',(-0.898136557178,-41.95249070816));
#4621 = CARTESIAN_POINT('',(-0.942924630899,-41.97704529017));
#4622 = CARTESIAN_POINT('',(-1.03323897068,-42.02650176962));
#4623 = CARTESIAN_POINT('',(-1.078768103618,-42.05140430415));
#4624 = CARTESIAN_POINT('',(-1.124302930079,-42.07628041622));
#4625 = CARTESIAN_POINT('',(-1.169843282933,-42.10112988582));
#4626 = CARTESIAN_POINT('',(-1.215389925665,-42.12595298197));
#4627 = CARTESIAN_POINT('',(-1.260943628148,-42.15074993243));
#4628 = CARTESIAN_POINT('',(-1.306504238288,-42.17552040583));
#4629 = CARTESIAN_POINT('',(-1.398233151965,-42.2253302683));
#4630 = CARTESIAN_POINT('',(-1.444404500797,-42.2503705047));
#4631 = CARTESIAN_POINT('',(-1.490581633132,-42.27538221837));
#4632 = CARTESIAN_POINT('',(-1.536764370203,-42.30036493395));
#4633 = CARTESIAN_POINT('',(-1.582953530739,-42.32531865326));
#4634 = CARTESIAN_POINT('',(-1.629149940063,-42.35024334566));
#4635 = CARTESIAN_POINT('',(-1.675353434919,-42.37513847315));
#4636 = CARTESIAN_POINT('',(-1.766288734128,-42.42406942209));
#4637 = CARTESIAN_POINT('',(-1.811022894159,-42.44810863439));
#4638 = CARTESIAN_POINT('',(-1.855762494726,-42.47211889944));
#4639 = CARTESIAN_POINT('',(-1.900507381601,-42.49609990701));
#4640 = CARTESIAN_POINT('',(-1.945258252524,-42.52005198365));
#4641 = CARTESIAN_POINT('',(-1.990015810517,-42.54397566365));
#4642 = CARTESIAN_POINT('',(-2.034779913761,-42.56787117172));
#4643 = CARTESIAN_POINT('',(-2.126670033366,-42.61685860312));
#4644 = CARTESIAN_POINT('',(-2.173799631457,-42.64194941997));
#4645 = CARTESIAN_POINT('',(-2.220935064801,-42.66700662087));
#4646 = CARTESIAN_POINT('',(-2.268076207629,-42.69203914524));
#4647 = CARTESIAN_POINT('',(-2.315223967454,-42.71702972714));
#4648 = CARTESIAN_POINT('',(-2.362379128939,-42.74200136991));
#4649 = CARTESIAN_POINT('',(-2.409541697371,-42.7669281271));
#4650 = CARTESIAN_POINT('',(-2.50226946744,-42.81585584564));
#4651 = CARTESIAN_POINT('',(-2.547837292601,-42.83986119395));
#4652 = CARTESIAN_POINT('',(-2.59341062071,-42.86383472362));
#4653 = CARTESIAN_POINT('',(-2.638989281277,-42.8877774976));
#4654 = CARTESIAN_POINT('',(-2.684574042199,-42.91168968747));
#4655 = CARTESIAN_POINT('',(-2.730165676608,-42.93557091754));
#4656 = CARTESIAN_POINT('',(-2.77576402905,-42.959420236));
#4657 = CARTESIAN_POINT('',(-2.867225282368,-43.00718443812));
#4658 = CARTESIAN_POINT('',(-2.913091091133,-43.03110044106));
#4659 = CARTESIAN_POINT('',(-2.958962414103,-43.05498173598));
#4660 = CARTESIAN_POINT('',(-3.004839076682,-43.07882743587));
#4661 = CARTESIAN_POINT('',(-3.050721868556,-43.10263734308));
#4662 = CARTESIAN_POINT('',(-3.096611585378,-43.1264114704));
#4663 = CARTESIAN_POINT('',(-3.14250806645,-43.15014949308));
#4664 = CARTESIAN_POINT('',(-3.2360686495,-43.19845863086));
#4665 = CARTESIAN_POINT('',(-3.28373641618,-43.22302853411));
#4666 = CARTESIAN_POINT('',(-3.33140999068,-43.24755830607));
#4667 = CARTESIAN_POINT('',(-3.379089159479,-43.27204770247));
#4668 = CARTESIAN_POINT('',(-3.426774877898,-43.29649706053));
#4669 = CARTESIAN_POINT('',(-3.47446810954,-43.32090663917));
#4670 = CARTESIAN_POINT('',(-3.522168660551,-43.34527600858));
#4671 = CARTESIAN_POINT('',(-3.617472507928,-43.39387648228));
#4672 = CARTESIAN_POINT('',(-3.665079252787,-43.41810954295));
#4673 = CARTESIAN_POINT('',(-3.712691721675,-43.44230098634));
#4674 = CARTESIAN_POINT('',(-3.760309702826,-43.4664502352));
#4675 = CARTESIAN_POINT('',(-3.807934145638,-43.49055724423));
#4676 = CARTESIAN_POINT('',(-3.855566007212,-43.51462193745));
#4677 = CARTESIAN_POINT('',(-3.903205094145,-43.53864365909));
#4678 = CARTESIAN_POINT('',(-3.998278805399,-43.5864899703));
#4679 = CARTESIAN_POINT('',(-4.045716808288,-43.61031668197));
#4680 = CARTESIAN_POINT('',(-4.093160429794,-43.63409900739));
#4681 = CARTESIAN_POINT('',(-4.140609460549,-43.65783636684));
#4682 = CARTESIAN_POINT('',(-4.188064831859,-43.68152879304));
#4683 = CARTESIAN_POINT('',(-4.2355274826,-43.70517635761));
#4684 = CARTESIAN_POINT('',(-4.282997221392,-43.72877859694));
#4685 = CARTESIAN_POINT('',(-4.379142913707,-43.77648317727));
#4686 = CARTESIAN_POINT('',(-4.427822830588,-43.80058497354));
#4687 = CARTESIAN_POINT('',(-4.476508516225,-43.82463753592));
#4688 = CARTESIAN_POINT('',(-4.525199731873,-43.84864038277));
#4689 = CARTESIAN_POINT('',(-4.573897535846,-43.87259364747));
#4690 = CARTESIAN_POINT('',(-4.622602995408,-43.8964974106));
#4691 = CARTESIAN_POINT('',(-4.67131589321,-43.92035105805));
#4692 = CARTESIAN_POINT('',(-4.769707447405,-43.96842157554));
#4693 = CARTESIAN_POINT('',(-4.819390443446,-43.99263841255));
#4694 = CARTESIAN_POINT('',(-4.869079297901,-44.0168010489));
#4695 = CARTESIAN_POINT('',(-4.918773746677,-44.04090870175));
#4696 = CARTESIAN_POINT('',(-4.968474960674,-44.06496121504));
#4697 = CARTESIAN_POINT('',(-5.018184120519,-44.08895837194));
#4698 = CARTESIAN_POINT('',(-5.067900985448,-44.11289923773));
#4699 = CARTESIAN_POINT('',(-5.168028310511,-44.16099255226));
#4700 = CARTESIAN_POINT('',(-5.218443403261,-44.18514554101));
#4701 = CARTESIAN_POINT('',(-5.268864380807,-44.20923804408));
#4702 = CARTESIAN_POINT('',(-5.319290957904,-44.23326910536));
#4703 = CARTESIAN_POINT('',(-5.369724391892,-44.25723853359));
#4704 = CARTESIAN_POINT('',(-5.420165950515,-44.28114617765));
#4705 = CARTESIAN_POINT('',(-5.470615373489,-44.30499121132));
#4706 = CARTESIAN_POINT('',(-5.572496015717,-44.35301011736));
#4707 = CARTESIAN_POINT('',(-5.623932339384,-44.37718378956));
#4708 = CARTESIAN_POINT('',(-5.675374602072,-44.40129000169));
#4709 = CARTESIAN_POINT('',(-5.726822491148,-44.42532798654));
#4710 = CARTESIAN_POINT('',(-5.778277393958,-44.44929779034));
#4711 = CARTESIAN_POINT('',(-5.829740705858,-44.4731994375));
#4712 = CARTESIAN_POINT('',(-5.881212130383,-44.49703212168));
#4713 = CARTESIAN_POINT('',(-5.932687971574,-44.52079342322));
#4714 = ( GEOMETRIC_REPRESENTATION_CONTEXT(2) 
PARAMETRIC_REPRESENTATION_CONTEXT() REPRESENTATION_CONTEXT('2D SPACE',''
  ) );
#4715 = ORIENTED_EDGE('',*,*,#4716,.T.);
#4716 = EDGE_CURVE('',#4382,#3162,#4717,.T.);
#4717 = SURFACE_CURVE('',#4718,(#4826,#4937),.PCURVE_S1.);
#4718 = B_SPLINE_CURVE_WITH_KNOTS('',8,(#4719,#4720,#4721,#4722,#4723,
    #4724,#4725,#4726,#4727,#4728,#4729,#4730,#4731,#4732,#4733,#4734,
    #4735,#4736,#4737,#4738,#4739,#4740,#4741,#4742,#4743,#4744,#4745,
    #4746,#4747,#4748,#4749,#4750,#4751,#4752,#4753,#4754,#4755,#4756,
    #4757,#4758,#4759,#4760,#4761,#4762,#4763,#4764,#4765,#4766,#4767,
    #4768,#4769,#4770,#4771,#4772,#4773,#4774,#4775,#4776,#4777,#4778,
    #4779,#4780,#4781,#4782,#4783,#4784,#4785,#4786,#4787,#4788,#4789,
    #4790,#4791,#4792,#4793,#4794,#4795,#4796,#4797,#4798,#4799,#4800,
    #4801,#4802,#4803,#4804,#4805,#4806,#4807,#4808,#4809,#4810,#4811,
    #4812,#4813,#4814,#4815,#4816,#4817,#4818,#4819,#4820,#4821,#4822,
    #4823,#4824,#4825),.UNSPECIFIED.,.F.,.F.,(9,7,7,7,7,7,7,7,7,7,7,7,7,
    7,7,9),(0.,0.106837102513,0.167546514255,0.229243292105,
    0.29174962872,0.35225185419,0.415933339478,0.477444910342,
    0.539300638917,0.603525771612,0.667607054843,0.731400641546,
    0.796802650443,0.863488714045,0.931092667409,1.),.UNSPECIFIED.);
#4719 = CARTESIAN_POINT('',(18.743153955788,0.,41.454852901649));
#4720 = CARTESIAN_POINT('',(18.739169927467,1.47354073441,
    41.498814593466));
#4721 = CARTESIAN_POINT('',(18.602795263853,2.947127220652,
    41.542721126989));
#4722 = CARTESIAN_POINT('',(18.3339050099,4.406275642257,41.586553717482
    ));
#4723 = CARTESIAN_POINT('',(17.934421313328,5.837097363916,
    41.630312225028));
#4724 = CARTESIAN_POINT('',(17.407837079977,7.226185482684,
    41.674000697727));
#4725 = CARTESIAN_POINT('',(16.759219146122,8.560637244613,
    41.717622877419));
#4726 = CARTESIAN_POINT('',(15.995196714263,9.828071813004,
    41.761178015525));
#4727 = CARTESIAN_POINT('',(14.629607580831,11.692324582249,
    41.829348371008));
#4728 = CARTESIAN_POINT('',(14.100235224489,12.342539706613,
    41.854026166868));
#4729 = CARTESIAN_POINT('',(13.537824790693,12.965373581537,
    41.878679398956));
#4730 = CARTESIAN_POINT('',(12.944034543631,13.558869668273,
    41.903307764737));
#4731 = CARTESIAN_POINT('',(12.320649205419,14.121201558156,
    41.927911459696));
#4732 = CARTESIAN_POINT('',(11.669576381711,14.650670206115,
    41.952490708168));
#4733 = CARTESIAN_POINT('',(10.992849460507,15.145707991785,
    41.977045290179));
#4734 = CARTESIAN_POINT('',(9.581036387755,16.071539265466,
    42.026501769626));
#4735 = CARTESIAN_POINT('',(8.845137428661,16.501184934475,
    42.051404304152));
#4736 = CARTESIAN_POINT('',(8.087212596476,16.892322156448,
    42.076280416221));
#4737 = CARTESIAN_POINT('',(7.309618377263,17.243638307678,
    42.101129885826));
#4738 = CARTESIAN_POINT('',(6.514788599064,17.553998744807,
    42.125952981976));
#4739 = CARTESIAN_POINT('',(5.705231805927,17.822442542661,
    42.150749932437));
#4740 = CARTESIAN_POINT('',(4.883532660453,18.048187824664,
    42.175520405838));
#4741 = CARTESIAN_POINT('',(3.210275762228,18.415499694203,
    42.225330268303));
#4742 = CARTESIAN_POINT('',(2.358414072382,18.555934629747,
    42.250370504706));
#4743 = CARTESIAN_POINT('',(1.499544219827,18.651330174554,
    42.275382218376));
#4744 = CARTESIAN_POINT('',(0.636448300941,18.701286459599,
    42.30036493395));
#4745 = CARTESIAN_POINT('',(-0.228082758048,18.705608419014,
    42.32531865326));
#4746 = CARTESIAN_POINT('',(-1.091250205724,18.664300435589,
    42.350243345666));
#4747 = CARTESIAN_POINT('',(-1.95024812277,18.577572277473,
    42.375138473156));
#4748 = CARTESIAN_POINT('',(-3.626961567015,18.318363521047,
    42.424069422096));
#4749 = CARTESIAN_POINT('',(-4.44516722899,18.148713863234,
    42.448108634399));
#4750 = CARTESIAN_POINT('',(-5.254330529594,17.937290524724,
    42.472118899445));
#4751 = CARTESIAN_POINT('',(-6.051962095436,17.68466126963,
    42.496099907017));
#4752 = CARTESIAN_POINT('',(-6.835629497394,17.391565188315,
    42.520051983656));
#4753 = CARTESIAN_POINT('',(-7.602956444147,17.058908273633,
    42.543975663653));
#4754 = CARTESIAN_POINT('',(-8.351625039819,16.687767839183,
    42.567871171722));
#4755 = CARTESIAN_POINT('',(-9.84537916355,15.849585185573,
    42.616858603122));
#4756 = CARTESIAN_POINT('',(-10.58825927412,15.378500218007,
    42.641949419977));
#4757 = CARTESIAN_POINT('',(-11.3053836665,14.867615430116,
    42.667006620877));
#4758 = CARTESIAN_POINT('',(-11.99426589637,14.31858235957,
    42.692039145249));
#4759 = CARTESIAN_POINT('',(-12.65256297598,13.733223403491,
    42.717029727142));
#4760 = CARTESIAN_POINT('',(-13.27806618682,13.113527837684,
    42.742001369918));
#4761 = CARTESIAN_POINT('',(-13.86871403077,12.461655423039,
    42.766928127108));
#4762 = CARTESIAN_POINT('',(-14.9576084529,11.121475162232,
    42.815855845642));
#4763 = CARTESIAN_POINT('',(-15.45835255533,10.435122841683,
    42.839861193955));
#4764 = CARTESIAN_POINT('',(-15.92310433257,9.72299897122,
    42.863834723625));
#4765 = CARTESIAN_POINT('',(-16.35032049778,8.987311602834,
    42.887777497605));
#4766 = CARTESIAN_POINT('',(-16.73862704599,8.230363752241,
    42.911689687477));
#4767 = CARTESIAN_POINT('',(-17.08681516083,7.454550326856,
    42.935570917547));
#4768 = CARTESIAN_POINT('',(-17.39384633232,6.662360061628,
    42.959420236008));
#4769 = CARTESIAN_POINT('',(-17.92536982985,5.045895413056,
    43.007184438127));
#4770 = CARTESIAN_POINT('',(-18.14940746712,4.221415445909,
    43.031100441069));
#4771 = CARTESIAN_POINT('',(-18.330101967,3.385573550797,43.054981735981
    ));
#4772 = CARTESIAN_POINT('',(-18.46678818467,2.541032492483,
    43.078827435872));
#4773 = CARTESIAN_POINT('',(-18.55899772971,1.690483892092,
    43.102637343081));
#4774 = CARTESIAN_POINT('',(-18.60645396147,0.836646746012,
    43.126411470407));
#4775 = CARTESIAN_POINT('',(-18.60907771121,-1.773261737147E-02,
    43.150149493081));
#4776 = CARTESIAN_POINT('',(-18.52331809276,-1.75466742309,
    43.198458630861));
#4777 = CARTESIAN_POINT('',(-18.43144176485,-2.63711030007,
    43.22302853411));
#4778 = CARTESIAN_POINT('',(-18.29151433024,-3.514096843838,
    43.247558306079));
#4779 = CARTESIAN_POINT('',(-18.10392075934,-4.382572339405,
    43.272047702472));
#4780 = CARTESIAN_POINT('',(-17.86927166247,-5.239534500977,
    43.296497060537));
#4781 = CARTESIAN_POINT('',(-17.58839673794,-6.082032924371,
    43.320906639176));
#4782 = CARTESIAN_POINT('',(-17.26235141566,-6.907171777866,
    43.345276008582));
#4783 = CARTESIAN_POINT('',(-16.52335050034,-8.515256796603,
    43.39387648228));
#4784 = CARTESIAN_POINT('',(-16.11056406274,-9.298352390269,
    43.418109542955));
#4785 = CARTESIAN_POINT('',(-15.65535887863,-10.05858086405,
    43.442300986344));
#4786 = CARTESIAN_POINT('',(-15.15922200558,-10.79326318241,
    43.466450235209));
#4787 = CARTESIAN_POINT('',(-14.62382927703,-11.49985214053,
    43.490557244233));
#4788 = CARTESIAN_POINT('',(-14.05103946805,-12.17592943358,
    43.514621937456));
#4789 = CARTESIAN_POINT('',(-13.44289941337,-12.81921057732,
    43.53864365909));
#4790 = CARTESIAN_POINT('',(-12.16329962185,-14.03317357428,
    43.586489970304));
#4791 = CARTESIAN_POINT('',(-11.49208997906,-14.60421246507,
    43.610316681977));
#4792 = CARTESIAN_POINT('',(-10.79024389552,-15.13855648463,
    43.634099007399));
#4793 = CARTESIAN_POINT('',(-10.06010989185,-15.63429325811,
    43.657836366845));
#4794 = CARTESIAN_POINT('',(-9.30416093265,-16.08970001645,
    43.681528793049));
#4795 = CARTESIAN_POINT('',(-8.52499019311,-16.50323881709,
    43.705176357614));
#4796 = CARTESIAN_POINT('',(-7.725313922407,-16.87356287236,
    43.728778596945));
#4797 = CARTESIAN_POINT('',(-6.070041551196,-17.53372378043,
    43.776483177279));
#4798 = CARTESIAN_POINT('',(-5.213479151383,-17.82132172564,
    43.800584973549));
#4799 = CARTESIAN_POINT('',(-4.341362587916,-18.06108791386,
    43.824637535929));
#4800 = CARTESIAN_POINT('',(-3.456814571019,-18.25205086897,
    43.848640382772));
#4801 = CARTESIAN_POINT('',(-2.56300682652,-18.39348543111,
    43.872593647476));
#4802 = CARTESIAN_POINT('',(-1.663157594048,-18.48490573507,
    43.896497410607));
#4803 = CARTESIAN_POINT('',(-0.760531934592,-18.52607328231,
    43.920351058054));
#4804 = CARTESIAN_POINT('',(1.061353150872,-18.50778918749,
    43.968421575541));
#4805 = CARTESIAN_POINT('',(1.980668893642,-18.44634541476,
    43.992638412559));
#4806 = CARTESIAN_POINT('',(2.895985171145,-18.3327078111,
    44.016801048902));
#4807 = CARTESIAN_POINT('',(3.803842060195,-18.16718761463,
    44.040908701757));
#4808 = CARTESIAN_POINT('',(4.700832900605,-17.95036292789,
    44.064961215047));
#4809 = CARTESIAN_POINT('',(5.583603873133,-17.68307030206,
    44.088958371948));
#4810 = CARTESIAN_POINT('',(6.448857178903,-17.36641325653,
    44.112899237736));
#4811 = CARTESIAN_POINT('',(8.149482457052,-16.63214338038,
    44.160992552268));
#4812 = CARTESIAN_POINT('',(8.984356461738,-16.21316759732,
    44.185145541017));
#4813 = CARTESIAN_POINT('',(9.794600621389,-15.74630066001,
    44.209238044085));
#4814 = CARTESIAN_POINT('',(10.577012613645,-15.23324483558,
    44.233269105365));
#4815 = CARTESIAN_POINT('',(11.328552201539,-14.67594063837,
    44.257238533597));
#4816 = CARTESIAN_POINT('',(12.046337237855,-14.07655854884,
    44.281146177659));
#4817 = CARTESIAN_POINT('',(12.727650479075,-13.43750619565,
    44.30499121132));
#4818 = CARTESIAN_POINT('',(14.024647375008,-12.07236171233,
    44.353010117364));
#4819 = CARTESIAN_POINT('',(14.638875836134,-11.34476232911,
    44.37718378956));
#4820 = CARTESIAN_POINT('',(15.209942864642,-10.58146734389,
    44.401290001695));
#4821 = CARTESIAN_POINT('',(15.735437684842,-9.785476448601,
    44.425327986543));
#4822 = CARTESIAN_POINT('',(16.21321261961,-8.959956605265,
    44.449297790343));
#4823 = CARTESIAN_POINT('',(16.641375302528,-8.10823527038,
    44.473199437504));
#4824 = CARTESIAN_POINT('',(17.018298955521,-7.233804773078,
    44.497032121683));
#4825 = CARTESIAN_POINT('',(17.342650732016,-6.340337847085,
    44.520793423228));
#4826 = PCURVE('',#153,#4827);
#4827 = DEFINITIONAL_REPRESENTATION('',(#4828),#4936);
#4828 = B_SPLINE_CURVE_WITH_KNOTS('',8,(#4829,#4830,#4831,#4832,#4833,
    #4834,#4835,#4836,#4837,#4838,#4839,#4840,#4841,#4842,#4843,#4844,
    #4845,#4846,#4847,#4848,#4849,#4850,#4851,#4852,#4853,#4854,#4855,
    #4856,#4857,#4858,#4859,#4860,#4861,#4862,#4863,#4864,#4865,#4866,
    #4867,#4868,#4869,#4870,#4871,#4872,#4873,#4874,#4875,#4876,#4877,
    #4878,#4879,#4880,#4881,#4882,#4883,#4884,#4885,#4886,#4887,#4888,
    #4889,#4890,#4891,#4892,#4893,#4894,#4895,#4896,#4897,#4898,#4899,
    #4900,#4901,#4902,#4903,#4904,#4905,#4906,#4907,#4908,#4909,#4910,
    #4911,#4912,#4913,#4914,#4915,#4916,#4917,#4918,#4919,#4920,#4921,
    #4922,#4923,#4924,#4925,#4926,#4927,#4928,#4929,#4930,#4931,#4932,
    #4933,#4934,#4935),.UNSPECIFIED.,.F.,.F.,(9,7,7,7,7,7,7,7,7,7,7,7,7,
    7,7,9),(0.,0.106837102513,0.167546514255,0.229243292105,
    0.29174962872,0.35225185419,0.415933339478,0.477444910342,
    0.539300638917,0.603525771612,0.667607054843,0.731400641546,
    0.796802650443,0.863488714045,0.931092667409,1.),.UNSPECIFIED.);
#4829 = CARTESIAN_POINT('',(0.936126081965,75.823365488972));
#4830 = CARTESIAN_POINT('',(0.926657837403,75.917982646232));
#4831 = CARTESIAN_POINT('',(0.917120814026,76.012647244979));
#4832 = CARTESIAN_POINT('',(0.90751824789,76.107320406463));
#4833 = CARTESIAN_POINT('',(0.897849180381,76.202003459191));
#4834 = CARTESIAN_POINT('',(0.888111067243,76.296707706956));
#4835 = CARTESIAN_POINT('',(0.878300864739,76.391444587215));
#4836 = CARTESIAN_POINT('',(0.868416492683,76.486215963266));
#4837 = CARTESIAN_POINT('',(0.85280313376,76.634834417705));
#4838 = CARTESIAN_POINT('',(0.847121602641,76.688693778616));
#4839 = CARTESIAN_POINT('',(0.841415895917,76.742559322122));
#4840 = CARTESIAN_POINT('',(0.835685786068,76.796430867393));
#4841 = CARTESIAN_POINT('',(0.829930978244,76.850309262746));
#4842 = CARTESIAN_POINT('',(0.824151218251,76.904195362714));
#4843 = CARTESIAN_POINT('',(0.818346393927,76.958089000624));
#4844 = CARTESIAN_POINT('',(0.806592051713,77.06676351493));
#4845 = CARTESIAN_POINT('',(0.800641364188,77.121547824286));
#4846 = CARTESIAN_POINT('',(0.794664700882,77.176338454946));
#4847 = CARTESIAN_POINT('',(0.788661978745,77.231135200987));
#4848 = CARTESIAN_POINT('',(0.782632969337,77.285938971415));
#4849 = CARTESIAN_POINT('',(0.776577386305,77.340750677718));
#4850 = CARTESIAN_POINT('',(0.770494989098,77.395570117923));
#4851 = CARTESIAN_POINT('',(0.758196253336,77.505938983203));
#4852 = CARTESIAN_POINT('',(0.751978813933,77.561492056549));
#4853 = CARTESIAN_POINT('',(0.745733315593,77.617051453569));
#4854 = CARTESIAN_POINT('',(0.739459342376,77.672616935637));
#4855 = CARTESIAN_POINT('',(0.733156257732,77.728189465732));
#4856 = CARTESIAN_POINT('',(0.726823377225,77.783770019734));
#4857 = CARTESIAN_POINT('',(0.720460187804,77.839358392408));
#4858 = CARTESIAN_POINT('',(0.707878033549,77.948763132232));
#4859 = CARTESIAN_POINT('',(0.70166061224,78.002582377793));
#4860 = CARTESIAN_POINT('',(0.695414276451,78.056407511762));
#4861 = CARTESIAN_POINT('',(0.689138803892,78.110238359209));
#4862 = CARTESIAN_POINT('',(0.682834098486,78.164075780553));
#4863 = CARTESIAN_POINT('',(0.676500344893,78.217920649928));
#4864 = CARTESIAN_POINT('',(0.670138042284,78.271772824618));
#4865 = CARTESIAN_POINT('',(0.657022005322,78.382317469026));
#4866 = CARTESIAN_POINT('',(0.65026532245,78.439014207718));
#4867 = CARTESIAN_POINT('',(0.643475187479,78.495717242637));
#4868 = CARTESIAN_POINT('',(0.636663713395,78.552426929476));
#4869 = CARTESIAN_POINT('',(0.629807239167,78.609143251973));
#4870 = CARTESIAN_POINT('',(0.622935698523,78.66586863137));
#4871 = CARTESIAN_POINT('',(0.616014782971,78.722601278561));
#4872 = CARTESIAN_POINT('',(0.602331072149,78.834143867304));
#4873 = CARTESIAN_POINT('',(0.595570872988,78.888956898405));
#4874 = CARTESIAN_POINT('',(0.588779293817,78.943775896914));
#4875 = CARTESIAN_POINT('',(0.581958034936,78.998600625077));
#4876 = CARTESIAN_POINT('',(0.575106755816,79.05343196191));
#4877 = CARTESIAN_POINT('',(0.568224365239,79.108270807498));
#4878 = CARTESIAN_POINT('',(0.561309792168,79.16311696491));
#4879 = CARTESIAN_POINT('',(0.547375810957,79.273125926548));
#4880 = CARTESIAN_POINT('',(0.540355608766,79.328292220371));
#4881 = CARTESIAN_POINT('',(0.533300825155,79.383464358939));
#4882 = CARTESIAN_POINT('',(0.5262104911,79.438642139798));
#4883 = CARTESIAN_POINT('',(0.519083747356,79.493826524889));
#4884 = CARTESIAN_POINT('',(0.511920021638,79.549018482246));
#4885 = CARTESIAN_POINT('',(0.504719109835,79.604217824828));
#4886 = CARTESIAN_POINT('',(0.489965960632,79.716740884101));
#4887 = CARTESIAN_POINT('',(0.482410315979,79.774068949657));
#4888 = CARTESIAN_POINT('',(0.474814436063,79.831403190937));
#4889 = CARTESIAN_POINT('',(0.467178284443,79.888743343266));
#4890 = CARTESIAN_POINT('',(0.459501617471,79.946090539987));
#4891 = CARTESIAN_POINT('',(0.451784086821,80.003445918287));
#4892 = CARTESIAN_POINT('',(0.444025406524,80.060809220364));
#4893 = CARTESIAN_POINT('',(0.428443232298,80.175417068118));
#4894 = CARTESIAN_POINT('',(0.42061935434,80.232665764756));
#4895 = CARTESIAN_POINT('',(0.412753954363,80.28992042399));
#4896 = CARTESIAN_POINT('',(0.404846560842,80.347180768333));
#4897 = CARTESIAN_POINT('',(0.396896435377,80.4044479199));
#4898 = CARTESIAN_POINT('',(0.388902796556,80.461723014792));
#4899 = CARTESIAN_POINT('',(0.380865059289,80.519005810654));
#4900 = CARTESIAN_POINT('',(0.364737404431,80.63332356884));
#4901 = CARTESIAN_POINT('',(0.356647302391,80.690362602518));
#4902 = CARTESIAN_POINT('',(0.348512637101,80.747407402356));
#4903 = CARTESIAN_POINT('',(0.340332929292,80.804457714975));
#4904 = CARTESIAN_POINT('',(0.33210755936,80.861514660816));
#4905 = CARTESIAN_POINT('',(0.323835957151,80.91857936993));
#4906 = CARTESIAN_POINT('',(0.315517789035,80.975651612416));
#4907 = CARTESIAN_POINT('',(0.298577598332,81.09124430738));
#4908 = CARTESIAN_POINT('',(0.289952546539,81.149769474316));
#4909 = CARTESIAN_POINT('',(0.281278096244,81.208300533375));
#4910 = CARTESIAN_POINT('',(0.272553936024,81.266837192833));
#4911 = CARTESIAN_POINT('',(0.263779494823,81.325380716405));
#4912 = CARTESIAN_POINT('',(0.254954133993,81.383932374185));
#4913 = CARTESIAN_POINT('',(0.246077370199,81.442491888316));
#4914 = CARTESIAN_POINT('',(0.228045597718,81.560769660492));
#4915 = CARTESIAN_POINT('',(0.218887786366,81.620493091503));
#4916 = CARTESIAN_POINT('',(0.209675631357,81.680222397965));
#4917 = CARTESIAN_POINT('',(0.200408478196,81.739957240522));
#4918 = CARTESIAN_POINT('',(0.191085320945,81.799699003869));
#4919 = CARTESIAN_POINT('',(0.181705076692,81.859449084765));
#4920 = CARTESIAN_POINT('',(0.172266895223,81.919207173134));
#4921 = CARTESIAN_POINT('',(0.153143400977,82.03955446883));
#4922 = CARTESIAN_POINT('',(0.143455613848,82.100149209055));
#4923 = CARTESIAN_POINT('',(0.133706862926,82.160749696873));
#4924 = CARTESIAN_POINT('',(0.123896309541,82.221355573517));
#4925 = CARTESIAN_POINT('',(0.114022856436,82.281968336856));
#4926 = CARTESIAN_POINT('',(0.104085456561,82.34258949917));
#4927 = CARTESIAN_POINT('',(9.408343014833E-02,82.403218737356));
#4928 = CARTESIAN_POINT('',(7.375606887518E-02,82.525654321335));
#4929 = CARTESIAN_POINT('',(6.342723592356E-02,82.587466747478));
#4930 = CARTESIAN_POINT('',(5.303031241292E-02,82.649284859918));
#4931 = CARTESIAN_POINT('',(4.256473876735E-02,82.711108271843));
#4932 = CARTESIAN_POINT('',(3.20296380147E-02,82.772938637052));
#4933 = CARTESIAN_POINT('',(2.142410868849E-02,82.83477761538));
#4934 = CARTESIAN_POINT('',(1.074754724562E-02,82.896624830196));
#4935 = CARTESIAN_POINT('',(0.,82.958475817978));
#4936 = ( GEOMETRIC_REPRESENTATION_CONTEXT(2) 
PARAMETRIC_REPRESENTATION_CONTEXT() REPRESENTATION_CONTEXT('2D SPACE',''
  ) );
#4937 = PCURVE('',#4293,#4938);
#4938 = DEFINITIONAL_REPRESENTATION('',(#4939),#5047);
#4939 = B_SPLINE_CURVE_WITH_KNOTS('',8,(#4940,#4941,#4942,#4943,#4944,
    #4945,#4946,#4947,#4948,#4949,#4950,#4951,#4952,#4953,#4954,#4955,
    #4956,#4957,#4958,#4959,#4960,#4961,#4962,#4963,#4964,#4965,#4966,
    #4967,#4968,#4969,#4970,#4971,#4972,#4973,#4974,#4975,#4976,#4977,
    #4978,#4979,#4980,#4981,#4982,#4983,#4984,#4985,#4986,#4987,#4988,
    #4989,#4990,#4991,#4992,#4993,#4994,#4995,#4996,#4997,#4998,#4999,
    #5000,#5001,#5002,#5003,#5004,#5005,#5006,#5007,#5008,#5009,#5010,
    #5011,#5012,#5013,#5014,#5015,#5016,#5017,#5018,#5019,#5020,#5021,
    #5022,#5023,#5024,#5025,#5026,#5027,#5028,#5029,#5030,#5031,#5032,
    #5033,#5034,#5035,#5036,#5037,#5038,#5039,#5040,#5041,#5042,#5043,
    #5044,#5045,#5046),.UNSPECIFIED.,.F.,.F.,(9,7,7,7,7,7,7,7,7,7,7,7,7,
    7,7,9),(0.,0.106837102513,0.167546514255,0.229243292105,
    0.29174962872,0.35225185419,0.415933339478,0.477444910342,
    0.539300638917,0.603525771612,0.667607054843,0.731400641546,
    0.796802650443,0.863488714045,0.931092667409,1.),.UNSPECIFIED.);
#4940 = CARTESIAN_POINT('',(0.,-41.45485290164));
#4941 = CARTESIAN_POINT('',(-7.861754419162E-02,-41.49881459346));
#4942 = CARTESIAN_POINT('',(-0.157275714062,-41.54272112698));
#4943 = CARTESIAN_POINT('',(-0.235942239155,-41.58655371748));
#4944 = CARTESIAN_POINT('',(-0.314618263331,-41.63031222502));
#4945 = CARTESIAN_POINT('',(-0.393313223435,-41.67400069772));
#4946 = CARTESIAN_POINT('',(-0.47203665269,-41.71762287741));
#4947 = CARTESIAN_POINT('',(-0.550790106417,-41.76117801552));
#4948 = CARTESIAN_POINT('',(-0.674291712998,-41.829348371));
#4949 = CARTESIAN_POINT('',(-0.719049158543,-41.85402616686));
#4950 = CARTESIAN_POINT('',(-0.76381217643,-41.87867939895));
#4951 = CARTESIAN_POINT('',(-0.808580613544,-41.90330776473));
#4952 = CARTESIAN_POINT('',(-0.85335517141,-41.92791145969));
#4953 = CARTESIAN_POINT('',(-0.898136557178,-41.95249070816));
#4954 = CARTESIAN_POINT('',(-0.942924630899,-41.97704529017));
#4955 = CARTESIAN_POINT('',(-1.03323897068,-42.02650176962));
#4956 = CARTESIAN_POINT('',(-1.078768103618,-42.05140430415));
#4957 = CARTESIAN_POINT('',(-1.124302930079,-42.07628041622));
#4958 = CARTESIAN_POINT('',(-1.169843282933,-42.10112988582));
#4959 = CARTESIAN_POINT('',(-1.215389925665,-42.12595298197));
#4960 = CARTESIAN_POINT('',(-1.260943628148,-42.15074993243));
#4961 = CARTESIAN_POINT('',(-1.306504238288,-42.17552040583));
#4962 = CARTESIAN_POINT('',(-1.398233151965,-42.2253302683));
#4963 = CARTESIAN_POINT('',(-1.444404500797,-42.2503705047));
#4964 = CARTESIAN_POINT('',(-1.490581633132,-42.27538221837));
#4965 = CARTESIAN_POINT('',(-1.536764370203,-42.30036493395));
#4966 = CARTESIAN_POINT('',(-1.582953530739,-42.32531865326));
#4967 = CARTESIAN_POINT('',(-1.629149940063,-42.35024334566));
#4968 = CARTESIAN_POINT('',(-1.675353434919,-42.37513847315));
#4969 = CARTESIAN_POINT('',(-1.766288734128,-42.42406942209));
#4970 = CARTESIAN_POINT('',(-1.811022894159,-42.44810863439));
#4971 = CARTESIAN_POINT('',(-1.855762494726,-42.47211889944));
#4972 = CARTESIAN_POINT('',(-1.900507381601,-42.49609990701));
#4973 = CARTESIAN_POINT('',(-1.945258252524,-42.52005198365));
#4974 = CARTESIAN_POINT('',(-1.990015810517,-42.54397566365));
#4975 = CARTESIAN_POINT('',(-2.034779913761,-42.56787117172));
#4976 = CARTESIAN_POINT('',(-2.126670033366,-42.61685860312));
#4977 = CARTESIAN_POINT('',(-2.173799631457,-42.64194941997));
#4978 = CARTESIAN_POINT('',(-2.220935064801,-42.66700662087));
#4979 = CARTESIAN_POINT('',(-2.268076207629,-42.69203914524));
#4980 = CARTESIAN_POINT('',(-2.315223967454,-42.71702972714));
#4981 = CARTESIAN_POINT('',(-2.362379128939,-42.74200136991));
#4982 = CARTESIAN_POINT('',(-2.409541697371,-42.7669281271));
#4983 = CARTESIAN_POINT('',(-2.50226946744,-42.81585584564));
#4984 = CARTESIAN_POINT('',(-2.547837292601,-42.83986119395));
#4985 = CARTESIAN_POINT('',(-2.59341062071,-42.86383472362));
#4986 = CARTESIAN_POINT('',(-2.638989281277,-42.8877774976));
#4987 = CARTESIAN_POINT('',(-2.684574042199,-42.91168968747));
#4988 = CARTESIAN_POINT('',(-2.730165676608,-42.93557091754));
#4989 = CARTESIAN_POINT('',(-2.77576402905,-42.959420236));
#4990 = CARTESIAN_POINT('',(-2.867225282368,-43.00718443812));
#4991 = CARTESIAN_POINT('',(-2.913091091133,-43.03110044106));
#4992 = CARTESIAN_POINT('',(-2.958962414103,-43.05498173598));
#4993 = CARTESIAN_POINT('',(-3.004839076682,-43.07882743587));
#4994 = CARTESIAN_POINT('',(-3.050721868556,-43.10263734308));
#4995 = CARTESIAN_POINT('',(-3.096611585378,-43.1264114704));
#4996 = CARTESIAN_POINT('',(-3.14250806645,-43.15014949308));
#4997 = CARTESIAN_POINT('',(-3.2360686495,-43.19845863086));
#4998 = CARTESIAN_POINT('',(-3.28373641618,-43.22302853411));
#4999 = CARTESIAN_POINT('',(-3.33140999068,-43.24755830607));
#5000 = CARTESIAN_POINT('',(-3.379089159479,-43.27204770247));
#5001 = CARTESIAN_POINT('',(-3.426774877898,-43.29649706053));
#5002 = CARTESIAN_POINT('',(-3.47446810954,-43.32090663917));
#5003 = CARTESIAN_POINT('',(-3.522168660551,-43.34527600858));
#5004 = CARTESIAN_POINT('',(-3.617472507928,-43.39387648228));
#5005 = CARTESIAN_POINT('',(-3.665079252787,-43.41810954295));
#5006 = CARTESIAN_POINT('',(-3.712691721675,-43.44230098634));
#5007 = CARTESIAN_POINT('',(-3.760309702826,-43.4664502352));
#5008 = CARTESIAN_POINT('',(-3.807934145638,-43.49055724423));
#5009 = CARTESIAN_POINT('',(-3.855566007212,-43.51462193745));
#5010 = CARTESIAN_POINT('',(-3.903205094145,-43.53864365909));
#5011 = CARTESIAN_POINT('',(-3.998278805399,-43.5864899703));
#5012 = CARTESIAN_POINT('',(-4.045716808288,-43.61031668197));
#5013 = CARTESIAN_POINT('',(-4.093160429794,-43.63409900739));
#5014 = CARTESIAN_POINT('',(-4.140609460549,-43.65783636684));
#5015 = CARTESIAN_POINT('',(-4.188064831859,-43.68152879304));
#5016 = CARTESIAN_POINT('',(-4.2355274826,-43.70517635761));
#5017 = CARTESIAN_POINT('',(-4.282997221392,-43.72877859694));
#5018 = CARTESIAN_POINT('',(-4.379142913707,-43.77648317727));
#5019 = CARTESIAN_POINT('',(-4.427822830588,-43.80058497354));
#5020 = CARTESIAN_POINT('',(-4.476508516225,-43.82463753592));
#5021 = CARTESIAN_POINT('',(-4.525199731873,-43.84864038277));
#5022 = CARTESIAN_POINT('',(-4.573897535846,-43.87259364747));
#5023 = CARTESIAN_POINT('',(-4.622602995408,-43.8964974106));
#5024 = CARTESIAN_POINT('',(-4.67131589321,-43.92035105805));
#5025 = CARTESIAN_POINT('',(-4.769707447405,-43.96842157554));
#5026 = CARTESIAN_POINT('',(-4.819390443446,-43.99263841255));
#5027 = CARTESIAN_POINT('',(-4.869079297901,-44.0168010489));
#5028 = CARTESIAN_POINT('',(-4.918773746677,-44.04090870175));
#5029 = CARTESIAN_POINT('',(-4.968474960674,-44.06496121504));
#5030 = CARTESIAN_POINT('',(-5.018184120519,-44.08895837194));
#5031 = CARTESIAN_POINT('',(-5.067900985448,-44.11289923773));
#5032 = CARTESIAN_POINT('',(-5.168028310511,-44.16099255226));
#5033 = CARTESIAN_POINT('',(-5.218443403261,-44.18514554101));
#5034 = CARTESIAN_POINT('',(-5.268864380807,-44.20923804408));
#5035 = CARTESIAN_POINT('',(-5.319290957904,-44.23326910536));
#5036 = CARTESIAN_POINT('',(-5.369724391892,-44.25723853359));
#5037 = CARTESIAN_POINT('',(-5.420165950515,-44.28114617765));
#5038 = CARTESIAN_POINT('',(-5.470615373489,-44.30499121132));
#5039 = CARTESIAN_POINT('',(-5.572496015717,-44.35301011736));
#5040 = CARTESIAN_POINT('',(-5.623932339384,-44.37718378956));
#5041 = CARTESIAN_POINT('',(-5.675374602072,-44.40129000169));
#5042 = CARTESIAN_POINT('',(-5.726822491148,-44.42532798654));
#5043 = CARTESIAN_POINT('',(-5.778277393958,-44.44929779034));
#5044 = CARTESIAN_POINT('',(-5.829740705858,-44.4731994375));
#5045 = CARTESIAN_POINT('',(-5.881212130383,-44.49703212168));
#5046 = CARTESIAN_POINT('',(-5.932687971574,-44.52079342322));
#5047 = ( GEOMETRIC_REPRESENTATION_CONTEXT(2) 
PARAMETRIC_REPRESENTATION_CONTEXT() REPRESENTATION_CONTEXT('2D SPACE',''
  ) );
#5048 = ADVANCED_FACE('',(#5049),#1487,.F.);
#5049 = FACE_BOUND('',#5050,.F.);
#5050 = EDGE_LOOP('',(#5051,#5232,#5253,#5434,#5694,#5943,#5944,#6235,
    #6236));
#5051 = ORIENTED_EDGE('',*,*,#5052,.F.);
#5052 = EDGE_CURVE('',#5053,#2447,#5055,.T.);
#5053 = VERTEX_POINT('',#5054);
#5054 = CARTESIAN_POINT('',(19.6,1.332055553553,4.440892098501E-16));
#5055 = SURFACE_CURVE('',#5056,(#5219,#5226),.PCURVE_S1.);
#5056 = B_SPLINE_CURVE_WITH_KNOTS('',11,(#5057,#5058,#5059,#5060,#5061,
    #5062,#5063,#5064,#5065,#5066,#5067,#5068,#5069,#5070,#5071,#5072,
    #5073,#5074,#5075,#5076,#5077,#5078,#5079,#5080,#5081,#5082,#5083,
    #5084,#5085,#5086,#5087,#5088,#5089,#5090,#5091,#5092,#5093,#5094,
    #5095,#5096,#5097,#5098,#5099,#5100,#5101,#5102,#5103,#5104,#5105,
    #5106,#5107,#5108,#5109,#5110,#5111,#5112,#5113,#5114,#5115,#5116,
    #5117,#5118,#5119,#5120,#5121,#5122,#5123,#5124,#5125,#5126,#5127,
    #5128,#5129,#5130,#5131,#5132,#5133,#5134,#5135,#5136,#5137,#5138,
    #5139,#5140,#5141,#5142,#5143,#5144,#5145,#5146,#5147,#5148,#5149,
    #5150,#5151,#5152,#5153,#5154,#5155,#5156,#5157,#5158,#5159,#5160,
    #5161,#5162,#5163,#5164,#5165,#5166,#5167,#5168,#5169,#5170,#5171,
    #5172,#5173,#5174,#5175,#5176,#5177,#5178,#5179,#5180,#5181,#5182,
    #5183,#5184,#5185,#5186,#5187,#5188,#5189,#5190,#5191,#5192,#5193,
    #5194,#5195,#5196,#5197,#5198,#5199,#5200,#5201,#5202,#5203,#5204,
    #5205,#5206,#5207,#5208,#5209,#5210,#5211,#5212,#5213,#5214,#5215,
    #5216,#5217,#5218),.UNSPECIFIED.,.F.,.F.,(12,10,10,10,10,10,10,10,10
    ,10,10,10,10,10,10,10,12),(0.,7.158659213147,14.317318426294,
    21.475977639441,28.634636852588,35.793296065735,42.951955278882,
    50.110614492029,57.269273705176,64.427932918323,71.58659213147,
    78.745251344616,85.903910557763,93.06256977091,100.22122898405,
    107.3798881972,114.53854741035),.UNSPECIFIED.);
#5057 = CARTESIAN_POINT('',(19.6,1.332055553553,0.));
#5058 = CARTESIAN_POINT('',(18.881994443213,11.910474911097,
    0.363636363592));
#5059 = CARTESIAN_POINT('',(11.884490449231,22.062965128498,
    0.727293289903));
#5060 = CARTESIAN_POINT('',(-1.119450457514,27.648951325583,
    1.09097077784));
#5061 = CARTESIAN_POINT('',(-16.73980070055,24.721397657109,
    1.454668815577));
#5062 = CARTESIAN_POINT('',(-28.83301542526,12.2063179423,1.818387371683
    ));
#5063 = CARTESIAN_POINT('',(-30.75089166321,-5.903042860548,
    2.182126406596));
#5064 = CARTESIAN_POINT('',(-21.54547910571,-20.67547295167,
    2.545885862804));
#5065 = CARTESIAN_POINT('',(-6.880604144792,-26.81033384799,
    2.909665669064));
#5066 = CARTESIAN_POINT('',(7.009473547627,-24.06942202268,3.27346574258
    ));
#5067 = CARTESIAN_POINT('',(15.98079453303,-15.60264350785,
    3.637285983791));
#5068 = CARTESIAN_POINT('',(21.815124523982,4.795765483768,
    4.364966578559));
#5069 = CARTESIAN_POINT('',(18.677991516968,16.726899332651,
    4.728826932217));
#5070 = CARTESIAN_POINT('',(8.337239346455,26.400518980808,5.09270722914
    ));
#5071 = CARTESIAN_POINT('',(-7.357329631792,28.950683814906,
    5.456607345688));
#5072 = CARTESIAN_POINT('',(-22.98878331445,21.280100038494,
    5.820527139217));
#5073 = CARTESIAN_POINT('',(-30.94423841023,4.888873576776,
    6.184466459356));
#5074 = CARTESIAN_POINT('',(-27.29831113759,-12.13975812648,
    6.548425138679));
#5075 = CARTESIAN_POINT('',(-15.58099760497,-22.89384303463,
    6.912402996421));
#5076 = CARTESIAN_POINT('',(-1.57839100462,-25.03192379227,
    7.276399841409));
#5077 = CARTESIAN_POINT('',(9.739914191354,-20.11095883688,
    7.640415466465));
#5078 = CARTESIAN_POINT('',(22.158408011395,-2.896034808226,
    8.368483840585));
#5079 = CARTESIAN_POINT('',(23.258294334022,9.397505139054,
    8.732536589798));
#5080 = CARTESIAN_POINT('',(16.812318056901,22.013063833085,
    9.096607681427));
#5081 = CARTESIAN_POINT('',(2.908740060993,29.743176681686,
    9.460696886784));
#5082 = CARTESIAN_POINT('',(-14.40656550037,27.833387758166,
    9.824803957969));
#5083 = CARTESIAN_POINT('',(-27.45982205705,15.110025988365,
    10.188928642652));
#5084 = CARTESIAN_POINT('',(-29.81192503591,-2.153025327988,
    10.55307067013));
#5085 = CARTESIAN_POINT('',(-22.43758454544,-16.25245375361,
    10.917229760453));
#5086 = CARTESIAN_POINT('',(-9.986667977651,-23.01990966368,
    11.281405622492));
#5087 = CARTESIAN_POINT('',(2.335475283165,-22.2329258802,
    11.645597952173));
#5088 = CARTESIAN_POINT('',(19.86804436301,-10.25061996792,
    12.374014918718));
#5089 = CARTESIAN_POINT('',(25.07804338317,0.944410412978,
    12.738239555792));
#5090 = CARTESIAN_POINT('',(23.296500279807,15.005024888409,
    13.102480031103));
#5091 = CARTESIAN_POINT('',(12.838086237152,27.000834245861,
    13.46673602194));
#5092 = CARTESIAN_POINT('',(-4.10442619412,31.083831719193,
    13.831007187881));
#5093 = CARTESIAN_POINT('',(-20.70829939573,23.543745616386,
    14.195293186184));
#5094 = CARTESIAN_POINT('',(-28.78384158418,8.098004456442,
    14.559593657326));
#5095 = CARTESIAN_POINT('',(-26.6325827,-7.673579115289,14.923908234876)
  );
#5096 = CARTESIAN_POINT('',(-17.21462073313,-18.2697193699,
    15.288236542866));
#5097 = CARTESIAN_POINT('',(-5.35257649498,-21.71356596919,
    15.652578194903));
#5098 = CARTESIAN_POINT('',(15.213953454707,-16.39238460082,
    16.381287398183));
#5099 = CARTESIAN_POINT('',(23.917938503271,-7.627486236092,
    16.745654949739));
#5100 = CARTESIAN_POINT('',(27.016158149249,6.20790835925,
    17.110035055026));
#5101 = CARTESIAN_POINT('',(21.24864983887,21.046686534913,
    17.474427314109));
#5102 = CARTESIAN_POINT('',(6.693086209629,30.64151677541,
    17.838831309075));
#5103 = CARTESIAN_POINT('',(-11.49030813709,29.184612338353,
    18.203246626182));
#5104 = CARTESIAN_POINT('',(-24.33329374597,17.393393129963,
    18.567672831928));
#5105 = CARTESIAN_POINT('',(-27.66431664369,1.823283312178,
    18.93210949397));
#5106 = CARTESIAN_POINT('',(-22.4008084792,-11.34446367022,
    19.296556168317));
#5107 = CARTESIAN_POINT('',(-12.40924273969,-18.61245963053,
    19.661012406135));
#5108 = CARTESIAN_POINT('',(8.748272441013,-20.58914109369,
    20.389943097325));
#5109 = CARTESIAN_POINT('',(19.913706815157,-15.29777855702,
    20.754417551113));
#5110 = CARTESIAN_POINT('',(27.52630873391,-3.332362623272,
    21.118900656008));
#5111 = CARTESIAN_POINT('',(27.137986917688,12.587169681858,
    21.483391953868));
#5112 = CARTESIAN_POINT('',(16.700848069684,26.556416865898,
    21.847890971415));
#5113 = CARTESIAN_POINT('',(-0.901588210997,31.359085889776,
    22.212397241675));
#5114 = CARTESIAN_POINT('',(-16.98784959002,24.625765126556,
    22.576910281888));
#5115 = CARTESIAN_POINT('',(-25.40785229874,11.107978548924,
    22.941429611753));
#5116 = CARTESIAN_POINT('',(-24.92638715113,-3.067344529831,
    23.305954743631));
#5117 = CARTESIAN_POINT('',(-17.99384068102,-13.2972508934,
    23.670485186975));
#5118 = CARTESIAN_POINT('',(1.239853873163,-22.33998239524,
    24.399555708615));
#5119 = CARTESIAN_POINT('',(13.540533692085,-21.15258748898,
    24.764095787328));
#5120 = CARTESIAN_POINT('',(24.76444354156,-12.48017627366,
    25.12864018832));
#5121 = CARTESIAN_POINT('',(29.803505906912,2.628290673381,
    25.493188418275));
#5122 = CARTESIAN_POINT('',(24.726802579926,19.313161747334,
    25.857739970858));
#5123 = CARTESIAN_POINT('',(9.797637549443,29.806632627688,
    26.222294350426));
#5124 = CARTESIAN_POINT('',(-7.620928746992,28.932993618787,
    26.586851046883));
#5125 = CARTESIAN_POINT('',(-20.13052768794,19.07477403139,
    26.951409557318));
#5126 = CARTESIAN_POINT('',(-24.48954184795,5.576481823283,
    27.315969373282));
#5127 = CARTESIAN_POINT('',(-21.44074355977,-6.400092198047,
    27.680529987283));
#5128 = CARTESIAN_POINT('',(-6.417474471678,-21.43556720284,
    28.409651795015));
#5129 = CARTESIAN_POINT('',(5.556630519449,-24.49410224963,
    28.774212989195));
#5130 = CARTESIAN_POINT('',(19.058496945645,-20.14605826769,
    29.13877396392));
#5131 = CARTESIAN_POINT('',(28.926933189726,-7.644435634289,
    29.503334215067));
#5132 = CARTESIAN_POINT('',(29.814761032576,9.773517975288,
    29.867893228098));
#5133 = CARTESIAN_POINT('',(19.333350955469,24.711353268907,
    30.232450503192));
#5134 = CARTESIAN_POINT('',(2.652416947554,29.801661052017,
    30.597005527912));
#5135 = CARTESIAN_POINT('',(-12.46031776045,24.774772991279,
    30.961557801751));
#5136 = CARTESIAN_POINT('',(-21.14191363474,13.557722025213,
    31.32610682017));
#5137 = CARTESIAN_POINT('',(-22.33924180458,1.25782833585,
    31.690652083999));
#5138 = CARTESIAN_POINT('',(-13.31185300031,-17.98341533676,
    32.419734107528));
#5139 = CARTESIAN_POINT('',(-3.08735591469,-24.9242969707,
    32.784270867789));
#5140 = CARTESIAN_POINT('',(11.087836408522,-25.41715685631,
    33.148802877504));
#5141 = CARTESIAN_POINT('',(24.612650324362,-17.007827323,
    33.513329647015));
#5142 = CARTESIAN_POINT('',(31.359010638748,-0.926592653541,
    33.877850678361));
#5143 = CARTESIAN_POINT('',(26.570269849165,16.680139034785,
    34.242365492509));
#5144 = CARTESIAN_POINT('',(12.608921569102,27.128665180726,
    34.606873600189));
#5145 = CARTESIAN_POINT('',(-3.310756608877,27.529585403227,
    34.971374526978));
#5146 = CARTESIAN_POINT('',(-15.28251023851,19.926187619481,
    35.335867798345));
#5147 = CARTESIAN_POINT('',(-20.58278236656,8.76458511248,
    35.700352947061));
#5148 = CARTESIAN_POINT('',(-18.62258224641,-12.39507211265,
    36.429306075583));
#5149 = CARTESIAN_POINT('',(-11.36215787459,-22.3926117293,
    36.79377405582));
#5150 = CARTESIAN_POINT('',(1.801929858243,-27.66653919112,
    37.158232988669));
#5151 = CARTESIAN_POINT('',(17.375179345884,-24.34747252646,
    37.522682422222));
#5152 = CARTESIAN_POINT('',(29.176782801315,-11.51310127473,
    37.887121901009));
#5153 = CARTESIAN_POINT('',(30.647715329817,6.669945668043,
    38.251550988609));
#5154 = CARTESIAN_POINT('',(21.063558170708,21.233452978485,
    38.61596924471));
#5155 = CARTESIAN_POINT('',(6.22850582612,27.012443801768,
    38.980376243163));
#5156 = CARTESIAN_POINT('',(-7.609810727135,23.924504708068,
    39.344771563367));
#5157 = CARTESIAN_POINT('',(-16.38159081242,15.226716849976,
    39.709154792909));
#5158 = CARTESIAN_POINT('',(-21.71830787719,-5.33668784573,
    40.437896263863));
#5159 = CARTESIAN_POINT('',(-18.2831151043,-17.20180403062,
    40.80225450565));
#5160 = CARTESIAN_POINT('',(-7.693442058415,-26.6280353183,
    41.166599848502));
#5161 = CARTESIAN_POINT('',(8.077340429574,-28.79099667022,
    41.530931901574));
#5162 = CARTESIAN_POINT('',(23.529804479267,-20.72632018097,
    41.895250272208));
#5163 = CARTESIAN_POINT('',(31.082345613424,-4.126969323918,
    42.259554591333));
#5164 = CARTESIAN_POINT('',(27.011256803756,12.819432380143,
    42.623844485369));
#5165 = CARTESIAN_POINT('',(15.022210609922,23.286953939569,
    42.988119601141));
#5166 = CARTESIAN_POINT('',(0.962085420086,25.078509727632,
    43.352379589971));
#5167 = CARTESIAN_POINT('',(-10.23718671967,19.876074634328,
    43.716624116053));
#5168 = CARTESIAN_POINT('',(-22.23230776914,2.350944582809,
    44.445081591371));
#5169 = CARTESIAN_POINT('',(-23.02786481002,-9.97132361716,
    44.809294540967));
#5170 = CARTESIAN_POINT('',(-16.26858665083,-22.42761537162,
    45.173491375604));
#5171 = CARTESIAN_POINT('',(-2.173338970809,-29.81203760457,
    45.537671783902));
#5172 = CARTESIAN_POINT('',(15.09242052344,-27.4714862365,
    45.901835457156));
#5173 = CARTESIAN_POINT('',(27.825387530069,-14.42586130917,
    46.265982108925));
#5174 = CARTESIAN_POINT('',(29.746740972932,2.889350748944,
    46.630111454384));
#5175 = CARTESIAN_POINT('',(22.025209410803,16.7988939057,
    46.994223227195));
#5176 = CARTESIAN_POINT('',(9.41302020726,23.253450109435,
    47.358317170414));
#5177 = CARTESIAN_POINT('',(-2.881982792399,22.161389150365,
    47.72239303993));
#5178 = CARTESIAN_POINT('',(-20.10583974968,9.753126907652,
    48.450508168815));
#5179 = CARTESIAN_POINT('',(-25.03427449426,-1.562772126955,
    48.814547428459));
#5180 = CARTESIAN_POINT('',(-22.90484393028,-15.56764508225,
    49.17856815054));
#5181 = CARTESIAN_POINT('',(-12.15730378697,-27.29245850727,
    49.54257011948));
#5182 = CARTESIAN_POINT('',(4.870323639004,-30.94913750351,
    49.906553123595));
#5183 = CARTESIAN_POINT('',(21.267619194764,-23.00301385743,
    50.2705169766));
#5184 = CARTESIAN_POINT('',(28.948095836819,-7.374965867939,
    50.634461492237));
#5185 = CARTESIAN_POINT('',(26.406990845477,8.32223887463,
    50.998386508148));
#5186 = CARTESIAN_POINT('',(16.738718257496,18.669347332746,
    51.362291868833));
#5187 = CARTESIAN_POINT('',(4.80859257661,21.813570723506,
    51.726177435506));
#5188 = CARTESIAN_POINT('',(-15.59446381474,15.990521469555,
    52.453908728252));
#5189 = CARTESIAN_POINT('',(-24.06689783891,7.023390791007,
    52.817754454669));
#5190 = CARTESIAN_POINT('',(-26.81579733028,-6.866135984197,
    53.181580133995));
#5191 = CARTESIAN_POINT('',(-20.68861578523,-21.53550032406,
    53.545385656391));
#5192 = CARTESIAN_POINT('',(-5.920081060145,-30.74971935131,
    53.909170920055));
#5193 = CARTESIAN_POINT('',(12.191765500384,-28.84142135527,
    54.272935842815));
#5194 = CARTESIAN_POINT('',(24.714199089086,-16.75385657558,
    54.636680353937));
#5195 = CARTESIAN_POINT('',(27.650091922826,-1.133851588266,
    55.00040439456));
#5196 = CARTESIAN_POINT('',(22.070372845673,11.873897675686,
    55.364107925104));
#5197 = CARTESIAN_POINT('',(11.920727918863,18.877036823447,
    55.727790914967));
#5198 = CARTESIAN_POINT('',(-9.236792605537,20.323764917492,
    56.455115786532));
#5199 = CARTESIAN_POINT('',(-20.24415306391,14.767318844575,
    56.818757668201));
#5200 = CARTESIAN_POINT('',(-27.54027610829,2.641451037912,
    57.182378980672));
#5201 = CARTESIAN_POINT('',(-26.75600538057,-13.22858599651,
    57.54597972541));
#5202 = CARTESIAN_POINT('',(-15.99696888489,-26.90128601874,
    57.909559914318));
#5203 = CARTESIAN_POINT('',(1.678336667805,-31.25121993982,
    58.273119576343));
#5204 = CARTESIAN_POINT('',(17.551817977654,-24.13499310761,
    58.636658755062));
#5205 = CARTESIAN_POINT('',(25.610771687794,-10.4456901208,
    59.000177503304));
#5206 = CARTESIAN_POINT('',(24.77756968791,3.676433882965,
    59.363675895014));
#5207 = CARTESIAN_POINT('',(17.610976768217,13.70354240231,
    59.727154011846));
#5208 = CARTESIAN_POINT('',(-1.789664400489,22.24094358958,
    60.454069893996));
#5209 = CARTESIAN_POINT('',(-14.02324020448,20.751028575563,
    60.817507659177));
#5210 = CARTESIAN_POINT('',(-24.99622332597,11.825854105273,
    61.180925346086));
#5211 = CARTESIAN_POINT('',(-29.64250772458,-3.360565896363,
    61.544323067289));
#5212 = CARTESIAN_POINT('',(-24.1655238986,-19.86492402234,
    61.907700948672));
#5213 = CARTESIAN_POINT('',(-9.023526238659,-29.9506684948,
    62.271059126677));
#5214 = CARTESIAN_POINT('',(8.314268700416,-28.64512446771,
    62.634397760678));
#5215 = CARTESIAN_POINT('',(20.534983342484,-18.50877466899,
    62.997717008312));
#5216 = CARTESIAN_POINT('',(24.542401201046,-4.948895591083,
    63.361017057119));
#5217 = CARTESIAN_POINT('',(21.206131854724,6.909526236232,
    63.724298094588));
#5218 = CARTESIAN_POINT('',(13.534211030886,14.213584312168,
    64.08756032864));
#5219 = PCURVE('',#1487,#5220);
#5220 = DEFINITIONAL_REPRESENTATION('',(#5221),#5225);
#5221 = LINE('',#5222,#5223);
#5222 = CARTESIAN_POINT('',(0.,0.));
#5223 = VECTOR('',#5224,1.);
#5224 = DIRECTION('',(0.,1.));
#5225 = ( GEOMETRIC_REPRESENTATION_CONTEXT(2) 
PARAMETRIC_REPRESENTATION_CONTEXT() REPRESENTATION_CONTEXT('2D SPACE',''
  ) );
#5226 = PCURVE('',#862,#5227);
#5227 = DEFINITIONAL_REPRESENTATION('',(#5228),#5231);
#5228 = B_SPLINE_CURVE_WITH_KNOTS('',1,(#5229,#5230),.UNSPECIFIED.,.F.,
  .F.,(2,2),(0.,114.53854741035),.PIECEWISE_BEZIER_KNOTS.);
#5229 = CARTESIAN_POINT('',(2.664111107107,0.));
#5230 = CARTESIAN_POINT('',(2.664111107107,114.53854741035));
#5231 = ( GEOMETRIC_REPRESENTATION_CONTEXT(2) 
PARAMETRIC_REPRESENTATION_CONTEXT() REPRESENTATION_CONTEXT('2D SPACE',''
  ) );
#5232 = ORIENTED_EDGE('',*,*,#5233,.T.);
#5233 = EDGE_CURVE('',#5053,#5234,#5236,.T.);
#5234 = VERTEX_POINT('',#5235);
#5235 = CARTESIAN_POINT('',(19.6,0.784648333333,2.116666666667));
#5236 = SURFACE_CURVE('',#5237,(#5240,#5247),.PCURVE_S1.);
#5237 = B_SPLINE_CURVE_WITH_KNOTS('',1,(#5238,#5239),.UNSPECIFIED.,.F.,
  .F.,(2,2),(0.,2.186305660818),.PIECEWISE_BEZIER_KNOTS.);
#5238 = CARTESIAN_POINT('',(19.6,1.332055553553,0.));
#5239 = CARTESIAN_POINT('',(19.6,0.784648333333,2.116666666667));
#5240 = PCURVE('',#1487,#5241);
#5241 = DEFINITIONAL_REPRESENTATION('',(#5242),#5246);
#5242 = LINE('',#5243,#5244);
#5243 = CARTESIAN_POINT('',(0.,0.));
#5244 = VECTOR('',#5245,1.);
#5245 = DIRECTION('',(1.,0.));
#5246 = ( GEOMETRIC_REPRESENTATION_CONTEXT(2) 
PARAMETRIC_REPRESENTATION_CONTEXT() REPRESENTATION_CONTEXT('2D SPACE',''
  ) );
#5247 = PCURVE('',#3682,#5248);
#5248 = DEFINITIONAL_REPRESENTATION('',(#5249),#5252);
#5249 = B_SPLINE_CURVE_WITH_KNOTS('',1,(#5250,#5251),.UNSPECIFIED.,.F.,
  .F.,(2,2),(0.,2.186305660818),.PIECEWISE_BEZIER_KNOTS.);
#5250 = CARTESIAN_POINT('',(-0.923697492617,-1.332055553553));
#5251 = CARTESIAN_POINT('',(1.19296917405,-0.784648333333));
#5252 = ( GEOMETRIC_REPRESENTATION_CONTEXT(2) 
PARAMETRIC_REPRESENTATION_CONTEXT() REPRESENTATION_CONTEXT('2D SPACE',''
  ) );
#5253 = ORIENTED_EDGE('',*,*,#5254,.T.);
#5254 = EDGE_CURVE('',#5234,#5255,#5257,.T.);
#5255 = VERTEX_POINT('',#5256);
#5256 = CARTESIAN_POINT('',(14.535872237516,-11.41000278635,
    44.367772920717));
#5257 = SURFACE_CURVE('',#5258,(#5421,#5428),.PCURVE_S1.);
#5258 = B_SPLINE_CURVE_WITH_KNOTS('',11,(#5259,#5260,#5261,#5262,#5263,
    #5264,#5265,#5266,#5267,#5268,#5269,#5270,#5271,#5272,#5273,#5274,
    #5275,#5276,#5277,#5278,#5279,#5280,#5281,#5282,#5283,#5284,#5285,
    #5286,#5287,#5288,#5289,#5290,#5291,#5292,#5293,#5294,#5295,#5296,
    #5297,#5298,#5299,#5300,#5301,#5302,#5303,#5304,#5305,#5306,#5307,
    #5308,#5309,#5310,#5311,#5312,#5313,#5314,#5315,#5316,#5317,#5318,
    #5319,#5320,#5321,#5322,#5323,#5324,#5325,#5326,#5327,#5328,#5329,
    #5330,#5331,#5332,#5333,#5334,#5335,#5336,#5337,#5338,#5339,#5340,
    #5341,#5342,#5343,#5344,#5345,#5346,#5347,#5348,#5349,#5350,#5351,
    #5352,#5353,#5354,#5355,#5356,#5357,#5358,#5359,#5360,#5361,#5362,
    #5363,#5364,#5365,#5366,#5367,#5368,#5369,#5370,#5371,#5372,#5373,
    #5374,#5375,#5376,#5377,#5378,#5379,#5380,#5381,#5382,#5383,#5384,
    #5385,#5386,#5387,#5388,#5389,#5390,#5391,#5392,#5393,#5394,#5395,
    #5396,#5397,#5398,#5399,#5400,#5401,#5402,#5403,#5404,#5405,#5406,
    #5407,#5408,#5409,#5410,#5411,#5412,#5413,#5414,#5415,#5416,#5417,
    #5418,#5419,#5420),.UNSPECIFIED.,.F.,.F.,(12,10,10,10,10,10,10,10,10
    ,10,10,10,10,10,10,10,12),(0.,7.158659213147,14.317318426294,
    21.475977639441,28.634636852588,35.793296065735,42.951955278882,
    50.110614492029,57.269273705176,64.427932918323,71.58659213147,
    78.745251344616,85.903910557763,93.06256977091,100.22122898405,
    107.3798881972,114.53854741035),.UNSPECIFIED.);
#5259 = CARTESIAN_POINT('',(19.6,0.784648333333,2.116666666667));
#5260 = CARTESIAN_POINT('',(19.134291257718,11.363067690947,
    2.480303030277));
#5261 = CARTESIAN_POINT('',(12.389079983024,21.639778422744,
    2.843000992724));
#5262 = CARTESIAN_POINT('',(-0.427590947505,27.47402858371,
    3.204760554002));
#5263 = CARTESIAN_POINT('',(-15.99086837647,24.883904259278,
    3.565582357172));
#5264 = CARTESIAN_POINT('',(-28.20243169632,12.721233039841,
    3.925467697626));
#5265 = CARTESIAN_POINT('',(-30.41995034576,-5.112615157798,
    4.284418493207));
#5266 = CARTESIAN_POINT('',(-21.6435087634,-19.80656999994,
    4.642437344678));
#5267 = CARTESIAN_POINT('',(-7.381811809823,-26.10786976403,
    4.999527435708));
#5268 = CARTESIAN_POINT('',(6.263040023564,-23.70784122254,
    5.355692647063));
#5269 = CARTESIAN_POINT('',(15.201550758278,-15.63174308108,
    5.710937445593));
#5270 = CARTESIAN_POINT('',(21.33843412076,4.118004219428,6.419596462186
    ));
#5271 = CARTESIAN_POINT('',(18.536660895355,15.791170549198,
    6.773010676069));
#5272 = CARTESIAN_POINT('',(8.687261467497,25.388888478043,
    7.125514718497));
#5273 = CARTESIAN_POINT('',(-6.470880070276,28.153274674764,
    7.477114309957));
#5274 = CARTESIAN_POINT('',(-21.71374821309,21.013305998303,
    7.827815860046));
#5275 = CARTESIAN_POINT('',(-29.64885106687,5.357461317478,
    8.177626290112));
#5276 = CARTESIAN_POINT('',(-26.4424489159,-11.05045383808,
    8.526553279591));
#5277 = CARTESIAN_POINT('',(-15.41727957136,-21.55987690377,
    8.874604951073));
#5278 = CARTESIAN_POINT('',(-2.079603672023,-23.86685548899,
    9.221790175135));
#5279 = CARTESIAN_POINT('',(8.809894330161,-19.39813885175,
    9.568118305564));
#5280 = CARTESIAN_POINT('',(20.985116502983,-3.267678881607,
    10.259080367675));
#5281 = CARTESIAN_POINT('',(22.27054629006,8.393668351756,10.60371429063
    ));
#5282 = CARTESIAN_POINT('',(16.388721359604,20.479753273604,
    10.947511100021));
#5283 = CARTESIAN_POINT('',(3.362177832334,28.040369269721,
    11.290481309653));
#5284 = CARTESIAN_POINT('',(-13.02358364886,26.520806318773,
    11.632636131851));
#5285 = CARTESIAN_POINT('',(-25.51192048681,14.746456472391,
    11.973987145353));
#5286 = CARTESIAN_POINT('',(-27.99975803703,-1.416738024319,
    12.314546734291));
#5287 = CARTESIAN_POINT('',(-21.33418483055,-14.74589533484,
    12.654327558381));
#5288 = CARTESIAN_POINT('',(-9.817825207614,-21.29144291132,
    12.993343040638));
#5289 = CARTESIAN_POINT('',(1.692696759495,-20.78531883085,
    13.331606962401));
#5290 = CARTESIAN_POINT('',(18.254957283932,-9.961180006499,
    14.006660430255));
#5291 = CARTESIAN_POINT('',(23.306292651299,0.356567455874,
    14.343449964716));
#5292 = CARTESIAN_POINT('',(21.896466373453,13.445233700751,
    14.679516669647));
#5293 = CARTESIAN_POINT('',(12.400547633853,24.738404427049,
    15.014875344857));
#5294 = CARTESIAN_POINT('',(-3.209609268121,28.7814647065,
    15.349541433055));
#5295 = CARTESIAN_POINT('',(-18.64135071514,22.076018914156,
    15.683530628209));
#5296 = CARTESIAN_POINT('',(-26.3134451664,7.990765580123,
    16.016859380749));
#5297 = CARTESIAN_POINT('',(-24.59511202773,-6.529656811619,
    16.349544284469));
#5298 = CARTESIAN_POINT('',(-16.13879747784,-16.40471361121,
    16.6816026438));
#5299 = CARTESIAN_POINT('',(-5.338236012329,-19.76605222218,
    17.013051991512));
#5300 = CARTESIAN_POINT('',(13.565325400336,-15.27308306638,
    17.674768750495));
#5301 = CARTESIAN_POINT('',(21.667863294598,-7.41888769823,
    18.005036146096));
#5302 = CARTESIAN_POINT('',(24.724658405517,5.149852584812,
    18.334730601421));
#5303 = CARTESIAN_POINT('',(19.709331747777,18.758138729932,
    18.663870458622));
#5304 = CARTESIAN_POINT('',(6.620094993901,27.707192349017,
    18.992474655265));
#5305 = CARTESIAN_POINT('',(-9.900876518646,26.657711840384,
    19.320562197766));
#5306 = CARTESIAN_POINT('',(-21.71351181938,16.17880476514,
    19.64815281627));
#5307 = CARTESIAN_POINT('',(-24.97504757681,2.150972435989,
    19.975266211047));
#5308 = CARTESIAN_POINT('',(-20.43713198435,-9.829601416616,
    20.301922715107));
#5309 = CARTESIAN_POINT('',(-11.54413827542,-16.55671140899,
    20.628142753462));
#5310 = CARTESIAN_POINT('',(7.495789349598,-18.70516268922,
    21.279751543196));
#5311 = CARTESIAN_POINT('',(17.642256743484,-14.12645308136,
    21.605140278023));
#5312 = CARTESIAN_POINT('',(24.688269330077,-3.482453089944,
    21.930134176355));
#5313 = CARTESIAN_POINT('',(24.592220002161,10.835679976227,
    22.254754229545));
#5314 = CARTESIAN_POINT('',(15.435618110672,23.541800803116,
    22.57902192381));
#5315 = CARTESIAN_POINT('',(-0.274523920646,28.117901179228,
    22.902958651682));
#5316 = CARTESIAN_POINT('',(-14.78713146699,22.340547366849,
    23.226586452607));
#5317 = CARTESIAN_POINT('',(-22.53950934759,10.378464079255,
    23.549927150698));
#5318 = CARTESIAN_POINT('',(-22.34058391085,-2.306455959138,
    23.873003121858));
#5319 = CARTESIAN_POINT('',(-16.31415592293,-11.56515577055,
    24.195836665623));
#5320 = CARTESIAN_POINT('',(0.716567098504,-19.96748794771,
    24.84106406093));
#5321 = CARTESIAN_POINT('',(11.720444435194,-19.11091521764,
    25.163457893074));
#5322 = CARTESIAN_POINT('',(21.879804864189,-11.55369346374,
    25.485654442325));
#5323 = CARTESIAN_POINT('',(26.619163226383,1.842878518727,
    25.807676305233));
#5324 = CARTESIAN_POINT('',(22.359854850827,16.800072703554,
    26.129546474278));
#5325 = CARTESIAN_POINT('',(9.226994214842,26.389665813969,
    26.451287656945));
#5326 = CARTESIAN_POINT('',(-6.301588748573,25.896872705074,
    26.772923128998));
#5327 = CARTESIAN_POINT('',(-17.60501009403,17.324267639449,
    27.094475759793));
#5328 = CARTESIAN_POINT('',(-21.71090673032,5.377137483516,
    27.415968863332));
#5329 = CARTESIAN_POINT('',(-19.19606611417,-5.337756315152,
    27.73742551971));
#5330 = CARTESIAN_POINT('',(-6.070735655752,-18.9760382119,
    28.380312388746));
#5331 = CARTESIAN_POINT('',(4.539432549818,-21.89909208166,
    28.701742582587));
#5332 = CARTESIAN_POINT('',(16.633399900926,-18.2536579605,
    29.023182757505));
#5333 = CARTESIAN_POINT('',(25.630038864614,-7.288452320257,
    29.344656025074));
#5334 = CARTESIAN_POINT('',(26.715409740148,8.20541419856,
    29.666185702714));
#5335 = CARTESIAN_POINT('',(17.63853355141,21.689185284927,
    29.987794771856));
#5336 = CARTESIAN_POINT('',(2.863646247513,26.515389114748,
    30.309506508416));
#5337 = CARTESIAN_POINT('',(-10.69649940082,22.296228388476,
    30.631343776516));
#5338 = CARTESIAN_POINT('',(-18.63339808904,12.44163547469,
    30.953329634032));
#5339 = CARTESIAN_POINT('',(-19.9123933515,1.486777164394,
    31.275486824108));
#5340 = CARTESIAN_POINT('',(-12.17952700443,-15.84269909955,
    31.92018931059));
#5341 = CARTESIAN_POINT('',(-3.167854022586,-22.2168921168,
    32.242734587582));
#5342 = CARTESIAN_POINT('',(9.4883500506,-22.90505202756,32.565496629379
    ));
#5343 = CARTESIAN_POINT('',(21.728798484997,-15.62831777862,
    32.888497881551));
#5344 = CARTESIAN_POINT('',(28.05627817844,-1.366201854546,
    33.211760930596));
#5345 = CARTESIAN_POINT('',(24.097972704537,14.489313357119,
    33.535307753633));
#5346 = CARTESIAN_POINT('',(11.775030248112,24.120606650345,
    33.859160650448));
#5347 = CARTESIAN_POINT('',(-2.508348049801,24.77526183924,
    34.183341209034));
#5348 = CARTESIAN_POINT('',(-13.40482520287,18.161462039754,
    34.507871184963));
#5349 = CARTESIAN_POINT('',(-18.37186412464,8.21723499837,
    34.832771825079));
#5350 = CARTESIAN_POINT('',(-16.97794603817,-10.86510477637,
    35.48335665008));
#5351 = CARTESIAN_POINT('',(-10.61702142107,-20.00275014362,
    35.809040816256));
#5352 = CARTESIAN_POINT('',(1.155347707195,-25.00272314288,
    36.135137846056));
#5353 = CARTESIAN_POINT('',(15.27661224941,-22.30446409659,
    36.461668445324));
#5354 = CARTESIAN_POINT('',(26.195939176191,-10.93882514112,
    36.788653293208));
#5355 = CARTESIAN_POINT('',(27.900123919695,5.493672299314,
    37.116112374334));
#5356 = CARTESIAN_POINT('',(19.501017782628,18.903294712929,
    37.444065811747));
#5357 = CARTESIAN_POINT('',(6.133896047533,24.451315374509,
    37.772532935692));
#5358 = CARTESIAN_POINT('',(-6.521755206075,21.910884999164,
    38.101533080715));
#5359 = CARTESIAN_POINT('',(-14.68162317712,14.150081447236,
    38.4310849701));
#5360 = CARTESIAN_POINT('',(-19.93040642412,-4.516528349877,
    39.091329140024));
#5361 = CARTESIAN_POINT('',(-17.01919089329,-15.42187861032,
    39.422021403292));
#5362 = CARTESIAN_POINT('',(-7.520158402188,-24.25534797569,
    39.753302296946));
#5363 = CARTESIAN_POINT('',(6.883077804073,-26.56305134356,
    40.085189762854));
#5364 = CARTESIAN_POINT('',(21.23638964651,-19.4956844053,40.41770155512
    ));
#5365 = CARTESIAN_POINT('',(28.5560367606,-4.395228155195,
    40.750854692101));
#5366 = CARTESIAN_POINT('',(25.176770502342,11.327793331149,
    41.084666104934));
#5367 = CARTESIAN_POINT('',(14.320425291512,21.262479016368,
    41.419151944198));
#5368 = CARTESIAN_POINT('',(1.336773354158,23.21714651474,41.75432814587
    ));
#5369 = CARTESIAN_POINT('',(-9.158335801218,18.618451097294,
    42.090210002793));
#5370 = CARTESIAN_POINT('',(-20.64663644379,2.570949881733,
    42.763414784474));
#5371 = CARTESIAN_POINT('',(-21.639544653,-8.877465578326,
    43.100737698041));
#5372 = CARTESIAN_POINT('',(-15.60822798396,-20.63044301435,
    43.438796012286));
#5373 = CARTESIAN_POINT('',(-2.614225671035,-27.84046522774,
    43.77760403598));
#5374 = CARTESIAN_POINT('',(13.592531014423,-26.05583997323,
    44.117175705196));
#5375 = CARTESIAN_POINT('',(25.858420280196,-14.12638862199,
    44.457524247621));
#5376 = CARTESIAN_POINT('',(28.084364442082,2.126969741809,
    44.798662567618));
#5377 = CARTESIAN_POINT('',(21.123356856533,15.43191948799,
    45.140602829606));
#5378 = CARTESIAN_POINT('',(9.343325351552,21.821269955849,
    45.483356800945));
#5379 = CARTESIAN_POINT('',(-2.32935828961,21.055091909844,
    45.826935579573));
#5380 = CARTESIAN_POINT('',(-18.93703294274,9.640425049234,
    46.51576390958));
#5381 = CARTESIAN_POINT('',(-23.87161658537,-1.007788128551,
    46.861013452876));
#5382 = CARTESIAN_POINT('',(-22.16820251887,-14.39411849439,
    47.207108953038));
#5383 = CARTESIAN_POINT('',(-12.19580153456,-25.84339660335,
    47.554060364585));
#5384 = CARTESIAN_POINT('',(3.997537268337,-29.77320417276,
    47.901877144759));
#5385 = CARTESIAN_POINT('',(19.943165357523,-22.58119167779,
    48.250568050619));
#5386 = CARTESIAN_POINT('',(27.746140688457,-7.730369213282,
    48.600141345783));
#5387 = CARTESIAN_POINT('',(25.687578839276,7.488970232903,
    48.950604599853));
#5388 = CARTESIAN_POINT('',(16.583546172378,17.737913785371,
    49.301964832377));
#5389 = CARTESIAN_POINT('',(5.088375715167,21.066961350477,
    49.654228402512));
#5390 = CARTESIAN_POINT('',(-14.86497269433,15.870237431071,
    50.360573730914));
#5391 = CARTESIAN_POINT('',(-23.32266331702,7.344588860774,
    50.714655485534));
#5392 = CARTESIAN_POINT('',(-26.34884274113,-6.129589649595,
    51.069652088514));
#5393 = CARTESIAN_POINT('',(-20.74330650859,-20.62361673391,
    51.425568646709));
#5394 = CARTESIAN_POINT('',(-6.528629613883,-30.05176580999,
    51.782409685877));
#5395 = CARTESIAN_POINT('',(11.328102015775,-28.68905099795,
    52.140179032312));
#5396 = CARTESIAN_POINT('',(24.017652030061,-17.11290548047,
    52.498879943578));
#5397 = CARTESIAN_POINT('',(27.341639738414,-1.743087090434,
    52.858514979419));
#5398 = CARTESIAN_POINT('',(22.149371283728,11.298058993165,
    53.219086096555));
#5399 = CARTESIAN_POINT('',(12.24232802643,18.510404920727,
    53.580594586002));
#5400 = CARTESIAN_POINT('',(-8.780537198337,20.46242787108,
    54.305487622166));
#5401 = CARTESIAN_POINT('',(-19.89584778507,15.202053426156,
    54.668872168199));
#5402 = CARTESIAN_POINT('',(-27.50666015039,3.283502412221,
    55.033195396255));
#5403 = CARTESIAN_POINT('',(-27.1617823581,-12.62606513214,
    55.398457316717));
#5404 = CARTESIAN_POINT('',(-16.76132280854,-26.65878850133,
    55.764657289696));
#5405 = CARTESIAN_POINT('',(0.907157767574,-31.56959853454,
    56.131794046309));
#5406 = CARTESIAN_POINT('',(17.157847865036,-24.84549937837,
    56.49986564377));
#5407 = CARTESIAN_POINT('',(25.712655117832,-11.20702846911,
    56.868869539512));
#5408 = CARTESIAN_POINT('',(25.257796583842,3.155523522723,
    57.23880250686));
#5409 = CARTESIAN_POINT('',(18.234611550831,13.54907948112,
    57.609660717879));
#5410 = CARTESIAN_POINT('',(-1.31870230254,22.751997210024,
    58.353218665241));
#5411 = CARTESIAN_POINT('',(-13.8483573881,21.561131740619,
    58.725918405704));
#5412 = CARTESIAN_POINT('',(-25.32304464307,12.741780976626,59.099534428
    ));
#5413 = CARTESIAN_POINT('',(-30.52992776684,-2.687529921839,
    59.474061652882));
#5414 = CARTESIAN_POINT('',(-25.40648532371,-19.80928129808,
    59.849494291811));
#5415 = CARTESIAN_POINT('',(-10.11686911175,-30.67987479907,
    60.225826065692));
#5416 = CARTESIAN_POINT('',(7.851546683509,-29.86402300061,
    60.603049900265));
#5417 = CARTESIAN_POINT('',(20.820599106786,-19.72423999802,
    60.981158300129));
#5418 = CARTESIAN_POINT('',(25.377726585488,-5.757852329305,
    61.360142997731));
#5419 = CARTESIAN_POINT('',(22.241298873843,6.674939056325,
    61.739995242884));
#5420 = CARTESIAN_POINT('',(14.445786418076,14.497213243062,
    62.120705635086));
#5421 = PCURVE('',#1487,#5422);
#5422 = DEFINITIONAL_REPRESENTATION('',(#5423),#5427);
#5423 = LINE('',#5424,#5425);
#5424 = CARTESIAN_POINT('',(2.186305660818,0.));
#5425 = VECTOR('',#5426,1.);
#5426 = DIRECTION('',(0.,1.));
#5427 = ( GEOMETRIC_REPRESENTATION_CONTEXT(2) 
PARAMETRIC_REPRESENTATION_CONTEXT() REPRESENTATION_CONTEXT('2D SPACE',''
  ) );
#5428 = PCURVE('',#3335,#5429);
#5429 = DEFINITIONAL_REPRESENTATION('',(#5430),#5433);
#5430 = B_SPLINE_CURVE_WITH_KNOTS('',1,(#5431,#5432),.UNSPECIFIED.,.F.,
  .F.,(2,2),(0.,114.53854741035),.PIECEWISE_BEZIER_KNOTS.);
#5431 = CARTESIAN_POINT('',(0.,0.));
#5432 = CARTESIAN_POINT('',(0.,114.53854741035));
#5433 = ( GEOMETRIC_REPRESENTATION_CONTEXT(2) 
PARAMETRIC_REPRESENTATION_CONTEXT() REPRESENTATION_CONTEXT('2D SPACE',''
  ) );
#5434 = ORIENTED_EDGE('',*,*,#5435,.T.);
#5435 = EDGE_CURVE('',#5255,#5436,#5438,.T.);
#5436 = VERTEX_POINT('',#5437);
#5437 = CARTESIAN_POINT('',(18.743396591922,0.,41.452175537412));
#5438 = SURFACE_CURVE('',#5439,(#5522,#5608),.PCURVE_S1.);
#5439 = B_SPLINE_CURVE_WITH_KNOTS('',6,(#5440,#5441,#5442,#5443,#5444,
    #5445,#5446,#5447,#5448,#5449,#5450,#5451,#5452,#5453,#5454,#5455,
    #5456,#5457,#5458,#5459,#5460,#5461,#5462,#5463,#5464,#5465,#5466,
    #5467,#5468,#5469,#5470,#5471,#5472,#5473,#5474,#5475,#5476,#5477,
    #5478,#5479,#5480,#5481,#5482,#5483,#5484,#5485,#5486,#5487,#5488,
    #5489,#5490,#5491,#5492,#5493,#5494,#5495,#5496,#5497,#5498,#5499,
    #5500,#5501,#5502,#5503,#5504,#5505,#5506,#5507,#5508,#5509,#5510,
    #5511,#5512,#5513,#5514,#5515,#5516,#5517,#5518,#5519,#5520,#5521),
  .UNSPECIFIED.,.F.,.F.,(7,5,5,5,5,5,5,5,5,5,5,5,5,5,5,5,7),(0.,
    7.049503971958E-02,0.137702553315,0.205431950131,0.271273151729,
    0.337259638707,0.40323109299,0.466498497927,0.53193861245,
    0.561198957099,0.593117106622,0.655227798215,0.716546477532,
    0.776893336465,0.836051407387,0.896936412975,1.),.UNSPECIFIED.);
#5440 = CARTESIAN_POINT('',(14.535872237515,-11.41000278635,
    44.367772920717));
#5441 = CARTESIAN_POINT('',(13.790636343125,-12.36390475837,
    44.337098063768));
#5442 = CARTESIAN_POINT('',(12.97038394784,-13.25928500585,
    44.306306573768));
#5443 = CARTESIAN_POINT('',(12.080966923154,-14.08865678927,
    44.275403936906));
#5444 = CARTESIAN_POINT('',(11.129105626238,-14.84553606127,
    44.244390030327));
#5445 = CARTESIAN_POINT('',(10.122230920132,-15.52427606058,
    44.2132648777));
#5446 = CARTESIAN_POINT('',(8.064145763848,-16.68841785602,
    44.152260779739));
#5447 = CARTESIAN_POINT('',(7.01708888458,-17.18141853411,
    44.122388360361));
#5448 = CARTESIAN_POINT('',(5.934595303585,-17.59520898288,
    44.092422305401));
#5449 = CARTESIAN_POINT('',(4.824160970265,-17.92677985122,
    44.062362960007));
#5450 = CARTESIAN_POINT('',(3.69356946039,-18.17398934456,
    44.032210379848));
#5451 = CARTESIAN_POINT('',(1.399433253204,-18.4987140567,
    43.971493215536));
#5452 = CARTESIAN_POINT('',(0.235588656907,-18.57491252073,
    43.940924306255));
#5453 = CARTESIAN_POINT('',(-0.932292304732,-18.56314836729,
    43.910267225485));
#5454 = CARTESIAN_POINT('',(-2.095957540289,-18.46336720431,
    43.879521558596));
#5455 = CARTESIAN_POINT('',(-3.247206987465,-18.27645210623,
    43.848686521761));
#5456 = CARTESIAN_POINT('',(-5.477089913317,-17.73992583904,
    43.78770831384));
#5457 = CARTESIAN_POINT('',(-6.556953796435,-17.39497142965,
    43.757567086919));
#5458 = CARTESIAN_POINT('',(-7.610032470985,-16.9713362994,
    43.72734646105));
#5459 = CARTESIAN_POINT('',(-8.629259787776,-16.47172928188,
    43.697045827989));
#5460 = CARTESIAN_POINT('',(-9.607917773337,-15.89962474457,
    43.666664702017));
#5461 = CARTESIAN_POINT('',(-11.47354363268,-14.61774872131,
    43.605682538097));
#5462 = CARTESIAN_POINT('',(-12.36038651784,-13.90761982617,
    43.575078500826));
#5463 = CARTESIAN_POINT('',(-13.19387124043,-13.13338343033,
    43.54439922819));
#5464 = CARTESIAN_POINT('',(-13.96834249165,-12.3001227632,
    43.513644613864));
#5465 = CARTESIAN_POINT('',(-14.6787477004,-11.41351461759,
    43.482814511064));
#5466 = CARTESIAN_POINT('',(-15.96259877007,-9.546554942458,
    43.42101863654));
#5467 = CARTESIAN_POINT('',(-16.53613217583,-8.566142817497,
    43.390050206408));
#5468 = CARTESIAN_POINT('',(-17.03698783573,-7.545041040294,
    43.359011838337));
#5469 = CARTESIAN_POINT('',(-17.46171454948,-6.490004048446,
    43.327902953007));
#5470 = CARTESIAN_POINT('',(-17.80763384039,-5.408123493036,
    43.29672239466));
#5471 = CARTESIAN_POINT('',(-18.32744351145,-3.250776888263,
    43.235505599644));
#5472 = CARTESIAN_POINT('',(-18.50782400422,-2.176782035218,
    43.205472490623));
#5473 = CARTESIAN_POINT('',(-18.61253842983,-1.091481999842,
    43.175377038445));
#5474 = CARTESIAN_POINT('',(-18.640839528,-1.512970395741E-03,
    43.145218318862));
#5475 = CARTESIAN_POINT('',(-18.59269570953,1.086450826924,
    43.114996000584));
#5476 = CARTESIAN_POINT('',(-18.34086244633,3.282003655271,
    43.053392624591));
#5477 = CARTESIAN_POINT('',(-18.13187777969,4.38907328154,
    43.022004906072));
#5478 = CARTESIAN_POINT('',(-17.84281028102,5.479466654467,
    42.990555926103));
#5479 = CARTESIAN_POINT('',(-17.47543420635,6.546023762578,
    42.959046675289));
#5480 = CARTESIAN_POINT('',(-17.03229974144,7.581827619321,
    42.927479248031));
#5481 = CARTESIAN_POINT('',(-16.28639662624,9.026677703168,
    42.881713512016));
#5482 = CARTESIAN_POINT('',(-16.04081308447,9.466911536708,
    42.867520961473));
#5483 = CARTESIAN_POINT('',(-15.7802376732,9.900337126231,
    42.853273669851));
#5484 = CARTESIAN_POINT('',(-15.50479777396,10.32638150556,
    42.838970375401));
#5485 = CARTESIAN_POINT('',(-15.21460885728,10.744504406117,
    42.824601465393));
#5486 = CARTESIAN_POINT('',(-14.57720954797,11.601080506263,
    42.794413043548));
#5487 = CARTESIAN_POINT('',(-14.22735219177,12.037744659789,
    42.7785867751));
#5488 = CARTESIAN_POINT('',(-13.86061768541,12.463118523039,
    42.762691452924));
#5489 = CARTESIAN_POINT('',(-13.47749054536,12.876245428983,
    42.746731314422));
#5490 = CARTESIAN_POINT('',(-13.07848307727,13.276253146861,
    42.73070806405));
#5491 = CARTESIAN_POINT('',(-11.85777746911,14.413625475511,
    42.6833176621));
#5492 = CARTESIAN_POINT('',(-10.99807840606,15.107704202012,
    42.651960301019));
#5493 = CARTESIAN_POINT('',(-10.09016912206,15.739779962154,
    42.620552849889));
#5494 = CARTESIAN_POINT('',(-9.139677935423,16.305799455839,
    42.589091958056));
#5495 = CARTESIAN_POINT('',(-8.152635121546,16.802344384827,
    42.557575768801));
#5496 = CARTESIAN_POINT('',(-6.131402741096,17.645718377336,
    42.494840803686));
#5497 = CARTESIAN_POINT('',(-5.097899629468,17.994407212541,
    42.463621051869));
#5498 = CARTESIAN_POINT('',(-4.041261836443,18.270209331633,
    42.432350308036));
#5499 = CARTESIAN_POINT('',(-2.967907522897,18.471340342997,
    42.4010281508));
#5500 = CARTESIAN_POINT('',(-1.88440504994,18.596713571081,
    42.369654426125));
#5501 = CARTESIAN_POINT('',(0.272194353599,18.694606635271,
    42.30730889014));
#5502 = CARTESIAN_POINT('',(1.345259348491,18.669520921577,
    42.276336429509));
#5503 = CARTESIAN_POINT('',(2.415284506078,18.570510166161,
    42.245318546768));
#5504 = CARTESIAN_POINT('',(3.475950063951,18.39805932816,
    42.214254907726));
#5505 = CARTESIAN_POINT('',(4.521026365401,18.153316944492,
    42.183144816403));
#5506 = CARTESIAN_POINT('',(6.547597279416,17.529281691913,
    42.121450932246));
#5507 = CARTESIAN_POINT('',(7.530004261825,17.152714198839,
    42.090866866078));
#5508 = CARTESIAN_POINT('',(8.485844029559,16.710277404874,
    42.060241294572));
#5509 = CARTESIAN_POINT('',(9.409669474022,16.204391129273,
    42.029573384811));
#5510 = CARTESIAN_POINT('',(10.296316824463,15.638025370843,
    41.998862322598));
#5511 = CARTESIAN_POINT('',(12.010239598756,14.373338293664,
    41.936461232814));
#5512 = CARTESIAN_POINT('',(12.835085146925,13.671604131731,
    41.904766669723));
#5513 = CARTESIAN_POINT('',(13.610200419499,12.913486556199,
    41.873029777984));
#5514 = CARTESIAN_POINT('',(14.330877942838,12.103447273165,
    41.841249837155));
#5515 = CARTESIAN_POINT('',(14.992912972551,11.246419528184,
    41.809426225886));
#5516 = CARTESIAN_POINT('',(16.607951242937,8.826864012964,
    41.723623728775));
#5517 = CARTESIAN_POINT('',(17.445148886496,7.186377207905,
    41.669551194598));
#5518 = CARTESIAN_POINT('',(18.086077525217,5.453457608398,
    41.615379860902));
#5519 = CARTESIAN_POINT('',(18.519422032535,3.657363724938,
    41.561095848817));
#5520 = CARTESIAN_POINT('',(18.738456860798,1.82870625506,
    41.506682915337));
#5521 = CARTESIAN_POINT('',(18.743396591922,4.263256414561E-14,
    41.452175537412));
#5522 = PCURVE('',#1487,#5523);
#5523 = DEFINITIONAL_REPRESENTATION('',(#5524),#5607);
#5524 = B_SPLINE_CURVE_WITH_KNOTS('',6,(#5525,#5526,#5527,#5528,#5529,
    #5530,#5531,#5532,#5533,#5534,#5535,#5536,#5537,#5538,#5539,#5540,
    #5541,#5542,#5543,#5544,#5545,#5546,#5547,#5548,#5549,#5550,#5551,
    #5552,#5553,#5554,#5555,#5556,#5557,#5558,#5559,#5560,#5561,#5562,
    #5563,#5564,#5565,#5566,#5567,#5568,#5569,#5570,#5571,#5572,#5573,
    #5574,#5575,#5576,#5577,#5578,#5579,#5580,#5581,#5582,#5583,#5584,
    #5585,#5586,#5587,#5588,#5589,#5590,#5591,#5592,#5593,#5594,#5595,
    #5596,#5597,#5598,#5599,#5600,#5601,#5602,#5603,#5604,#5605,#5606),
  .UNSPECIFIED.,.F.,.F.,(7,5,5,5,5,5,5,5,5,5,5,5,5,5,5,5,7),(0.,
    7.049503971958E-02,0.137702553315,0.205431950131,0.271273151729,
    0.337259638707,0.40323109299,0.466498497927,0.53193861245,
    0.561198957099,0.593117106622,0.655227798215,0.716546477532,
    0.776893336465,0.836051407387,0.896936412975,1.),.UNSPECIFIED.);
#5525 = CARTESIAN_POINT('',(2.186305660818,82.476443399351));
#5526 = CARTESIAN_POINT('',(2.173278481376,82.397311211587));
#5527 = CARTESIAN_POINT('',(2.160365645437,82.318190406505));
#5528 = CARTESIAN_POINT('',(2.147567121088,82.239090840756));
#5529 = CARTESIAN_POINT('',(2.134880055283,82.160007176041));
#5530 = CARTESIAN_POINT('',(2.122301400562,82.080934156918));
#5531 = CARTESIAN_POINT('',(2.097940910273,81.926515841602));
#5532 = CARTESIAN_POINT('',(2.086148053161,81.851160954257));
#5533 = CARTESIAN_POINT('',(2.074451007911,81.775824779964));
#5534 = CARTESIAN_POINT('',(2.062846979529,81.700503138184));
#5535 = CARTESIAN_POINT('',(2.051333520835,81.625191923872));
#5536 = CARTESIAN_POINT('',(2.028398261721,81.474021299384));
#5537 = CARTESIAN_POINT('',(2.016976755317,81.398154843956));
#5538 = CARTESIAN_POINT('',(2.005645359018,81.322307607733));
#5539 = CARTESIAN_POINT('',(1.994402093501,81.246475280586));
#5540 = CARTESIAN_POINT('',(1.983245431521,81.17065361073));
#5541 = CARTESIAN_POINT('',(1.96141434999,81.021160971032));
#5542 = CARTESIAN_POINT('',(1.950734180319,80.947482274466));
#5543 = CARTESIAN_POINT('',(1.940135228883,80.873821492416));
#5544 = CARTESIAN_POINT('',(1.929616073832,80.80017486474));
#5545 = CARTESIAN_POINT('',(1.919175131972,80.726538678098));
#5546 = CARTESIAN_POINT('',(1.898426121963,80.579138642268));
#5547 = CARTESIAN_POINT('',(1.888117491854,80.505368435218));
#5548 = CARTESIAN_POINT('',(1.877885852602,80.431616217465));
#5549 = CARTESIAN_POINT('',(1.867729105202,80.357878202539));
#5550 = CARTESIAN_POINT('',(1.857645204186,80.284150685691));
#5551 = CARTESIAN_POINT('',(1.837624798382,80.136747526777));
#5552 = CARTESIAN_POINT('',(1.827687386708,80.063065455105));
#5553 = CARTESIAN_POINT('',(1.817821349281,79.989401457702));
#5554 = CARTESIAN_POINT('',(1.808025201641,79.915751831837));
#5555 = CARTESIAN_POINT('',(1.798298207817,79.842112940727));
#5556 = CARTESIAN_POINT('',(1.779379574688,79.697888220851));
#5557 = CARTESIAN_POINT('',(1.770181610799,79.627295430842));
#5558 = CARTESIAN_POINT('',(1.761047538207,79.556719040853));
#5559 = CARTESIAN_POINT('',(1.751976734883,79.486156017013));
#5560 = CARTESIAN_POINT('',(1.742967780419,79.415603314909));
#5561 = CARTESIAN_POINT('',(1.724763432796,79.272107331437));
#5562 = CARTESIAN_POINT('',(1.715571540089,79.199159340528));
#5563 = CARTESIAN_POINT('',(1.706442035539,79.126229051372));
#5564 = CARTESIAN_POINT('',(1.697371364332,79.053312796088));
#5565 = CARTESIAN_POINT('',(1.688354468871,78.980407028107));
#5566 = CARTESIAN_POINT('',(1.675389934937,78.874927844186));
#5567 = CARTESIAN_POINT('',(1.671384119999,78.842247097797));
#5568 = CARTESIAN_POINT('',(1.667379435676,78.809472817364));
#5569 = CARTESIAN_POINT('',(1.6633725459,78.776597897863));
#5570 = CARTESIAN_POINT('',(1.659368915386,78.743612011258));
#5571 = CARTESIAN_POINT('',(1.650994108242,78.674381230983));
#5572 = CARTESIAN_POINT('',(1.646624570229,78.638127555441));
#5573 = CARTESIAN_POINT('',(1.642254759868,78.601753190345));
#5574 = CARTESIAN_POINT('',(1.637884837581,78.565266487381));
#5575 = CARTESIAN_POINT('',(1.633514947654,78.528670970557));
#5576 = CARTESIAN_POINT('',(1.620641325599,78.420540284066));
#5577 = CARTESIAN_POINT('',(1.612188091131,78.349125720537));
#5578 = CARTESIAN_POINT('',(1.603784924043,78.277728253132));
#5579 = CARTESIAN_POINT('',(1.595434227454,78.206344676252));
#5580 = CARTESIAN_POINT('',(1.587136429282,78.134971771456));
#5581 = CARTESIAN_POINT('',(1.570753297483,77.993169079325));
#5582 = CARTESIAN_POINT('',(1.562665985768,77.922733631856));
#5583 = CARTESIAN_POINT('',(1.55463105379,77.852314634091));
#5584 = CARTESIAN_POINT('',(1.54664713717,77.78190904282));
#5585 = CARTESIAN_POINT('',(1.538712520097,77.71151389824));
#5586 = CARTESIAN_POINT('',(1.523065728734,77.571871105388));
#5587 = CARTESIAN_POINT('',(1.515351477966,77.502618112032));
#5588 = CARTESIAN_POINT('',(1.507683308003,77.433380931421));
#5589 = CARTESIAN_POINT('',(1.500059898814,77.364156834495));
#5590 = CARTESIAN_POINT('',(1.492480422895,77.294943133534));
#5591 = CARTESIAN_POINT('',(1.477558090165,77.157909975061));
#5592 = CARTESIAN_POINT('',(1.470213036309,77.090085519009));
#5593 = CARTESIAN_POINT('',(1.462910007502,77.022276231596));
#5594 = CARTESIAN_POINT('',(1.455648520498,76.954479629739));
#5595 = CARTESIAN_POINT('',(1.448428061563,76.886693251262));
#5596 = CARTESIAN_POINT('',(1.433859763268,76.749171782857));
#5597 = CARTESIAN_POINT('',(1.426513861625,76.679432880674));
#5598 = CARTESIAN_POINT('',(1.419211115108,76.609710265547));
#5599 = CARTESIAN_POINT('',(1.411950595672,76.540001049937));
#5600 = CARTESIAN_POINT('',(1.404731236642,76.470302393792));
#5601 = CARTESIAN_POINT('',(1.38540143023,76.282663470142));
#5602 = CARTESIAN_POINT('',(1.373363254708,76.164713431047));
#5603 = CARTESIAN_POINT('',(1.361441853579,76.04683995083));
#5604 = CARTESIAN_POINT('',(1.349628966695,75.929004429496));
#5605 = CARTESIAN_POINT('',(1.337919801318,75.811169281343));
#5606 = CARTESIAN_POINT('',(1.326320426732,75.693406108162));
#5607 = ( GEOMETRIC_REPRESENTATION_CONTEXT(2) 
PARAMETRIC_REPRESENTATION_CONTEXT() REPRESENTATION_CONTEXT('2D SPACE',''
  ) );
#5608 = PCURVE('',#4293,#5609);
#5609 = DEFINITIONAL_REPRESENTATION('',(#5610),#5693);
#5610 = B_SPLINE_CURVE_WITH_KNOTS('',6,(#5611,#5612,#5613,#5614,#5615,
    #5616,#5617,#5618,#5619,#5620,#5621,#5622,#5623,#5624,#5625,#5626,
    #5627,#5628,#5629,#5630,#5631,#5632,#5633,#5634,#5635,#5636,#5637,
    #5638,#5639,#5640,#5641,#5642,#5643,#5644,#5645,#5646,#5647,#5648,
    #5649,#5650,#5651,#5652,#5653,#5654,#5655,#5656,#5657,#5658,#5659,
    #5660,#5661,#5662,#5663,#5664,#5665,#5666,#5667,#5668,#5669,#5670,
    #5671,#5672,#5673,#5674,#5675,#5676,#5677,#5678,#5679,#5680,#5681,
    #5682,#5683,#5684,#5685,#5686,#5687,#5688,#5689,#5690,#5691,#5692),
  .UNSPECIFIED.,.F.,.F.,(7,5,5,5,5,5,5,5,5,5,5,5,5,5,5,5,7),(0.,
    7.049503971958E-02,0.137702553315,0.205431950131,0.271273151729,
    0.337259638707,0.40323109299,0.466498497927,0.53193861245,
    0.561198957099,0.593117106622,0.655227798215,0.716546477532,
    0.776893336465,0.836051407387,0.896936412975,1.),.UNSPECIFIED.);
#5611 = CARTESIAN_POINT('',(-5.617685826158,-44.36777292071));
#5612 = CARTESIAN_POINT('',(-5.552179918026,-44.33709806376));
#5613 = CARTESIAN_POINT('',(-5.486682250321,-44.30630657376));
#5614 = CARTESIAN_POINT('',(-5.421201008007,-44.2754039369));
#5615 = CARTESIAN_POINT('',(-5.355731806678,-44.24439003032));
#5616 = CARTESIAN_POINT('',(-5.290270328343,-44.2132648777));
#5617 = CARTESIAN_POINT('',(-5.162431328763,-44.15226077973));
#5618 = CARTESIAN_POINT('',(-5.100045964282,-44.12238836036));
#5619 = CARTESIAN_POINT('',(-5.037675145551,-44.0924223054));
#5620 = CARTESIAN_POINT('',(-4.975315427481,-44.06236296));
#5621 = CARTESIAN_POINT('',(-4.912963415972,-44.03221037984));
#5622 = CARTESIAN_POINT('',(-4.787803675098,-43.97149321553));
#5623 = CARTESIAN_POINT('',(-4.724990098284,-43.94092430625));
#5624 = CARTESIAN_POINT('',(-4.662191499665,-43.91026722548));
#5625 = CARTESIAN_POINT('',(-4.59940431206,-43.87952155859));
#5626 = CARTESIAN_POINT('',(-4.536625023427,-43.84868652176));
#5627 = CARTESIAN_POINT('',(-4.412845411198,-43.78770831384));
#5628 = CARTESIAN_POINT('',(-4.351838739642,-43.75756708691));
#5629 = CARTESIAN_POINT('',(-4.290846063765,-43.72734646105));
#5630 = CARTESIAN_POINT('',(-4.229864298066,-43.69704582798));
#5631 = CARTESIAN_POINT('',(-4.168890403511,-43.66666470201));
#5632 = CARTESIAN_POINT('',(-4.046835414894,-43.60568253809));
#5633 = CARTESIAN_POINT('',(-3.985749052952,-43.57507850082));
#5634 = CARTESIAN_POINT('',(-3.924676870067,-43.54439922819));
#5635 = CARTESIAN_POINT('',(-3.86361575746,-43.51364461386));
#5636 = CARTESIAN_POINT('',(-3.802562652403,-43.48281451106));
#5637 = CARTESIAN_POINT('',(-3.680498005539,-43.42101863654));
#5638 = CARTESIAN_POINT('',(-3.619481139677,-43.3900502064));
#5639 = CARTESIAN_POINT('',(-3.558478533373,-43.35901183833));
#5640 = CARTESIAN_POINT('',(-3.497487092776,-43.327902953));
#5641 = CARTESIAN_POINT('',(-3.436503772624,-43.29672239466));
#5642 = CARTESIAN_POINT('',(-3.317063975971,-43.23550559964));
#5643 = CARTESIAN_POINT('',(-3.258601796682,-43.20547249062));
#5644 = CARTESIAN_POINT('',(-3.200152479608,-43.17537703844));
#5645 = CARTESIAN_POINT('',(-3.141713525042,-43.14521831886));
#5646 = CARTESIAN_POINT('',(-3.083282471032,-43.11499600058));
#5647 = CARTESIAN_POINT('',(-2.964439330495,-43.05339262459));
#5648 = CARTESIAN_POINT('',(-2.904023303304,-43.02200490607));
#5649 = CARTESIAN_POINT('',(-2.843621390097,-42.9905559261));
#5650 = CARTESIAN_POINT('',(-2.783230643094,-42.95904667528));
#5651 = CARTESIAN_POINT('',(-2.722848145394,-42.92747924803));
#5652 = CARTESIAN_POINT('',(-2.63548664059,-42.88171351201));
#5653 = CARTESIAN_POINT('',(-2.608419200727,-42.86752096147));
#5654 = CARTESIAN_POINT('',(-2.581274161364,-42.85327366985));
#5655 = CARTESIAN_POINT('',(-2.554045647721,-42.8389703754));
#5656 = CARTESIAN_POINT('',(-2.526724967434,-42.82460146539));
#5657 = CARTESIAN_POINT('',(-2.469384167863,-42.79441304354));
#5658 = CARTESIAN_POINT('',(-2.43935671866,-42.7785867751));
#5659 = CARTESIAN_POINT('',(-2.409229178171,-42.76269145292));
#5660 = CARTESIAN_POINT('',(-2.37900845545,-42.74673131442));
#5661 = CARTESIAN_POINT('',(-2.348697458563,-42.73070806405));
#5662 = CARTESIAN_POINT('',(-2.259135519041,-42.6833176621));
#5663 = CARTESIAN_POINT('',(-2.199984044479,-42.65196030101));
#5664 = CARTESIAN_POINT('',(-2.140846105263,-42.62055284988));
#5665 = CARTESIAN_POINT('',(-2.081719048504,-42.58909195805));
#5666 = CARTESIAN_POINT('',(-2.022600264073,-42.5575757688));
#5667 = CARTESIAN_POINT('',(-1.905142846494,-42.49484080368));
#5668 = CARTESIAN_POINT('',(-1.846799538533,-42.46362105186));
#5669 = CARTESIAN_POINT('',(-1.788469389852,-42.43235030803));
#5670 = CARTESIAN_POINT('',(-1.730149920437,-42.4010281508));
#5671 = CARTESIAN_POINT('',(-1.671838685771,-42.36965442612));
#5672 = CARTESIAN_POINT('',(-1.556165891133,-42.30730889014));
#5673 = CARTESIAN_POINT('',(-1.498799916883,-42.2763364295));
#5674 = CARTESIAN_POINT('',(-1.441446622031,-42.24531854676));
#5675 = CARTESIAN_POINT('',(-1.384103723466,-42.21425490772));
#5676 = CARTESIAN_POINT('',(-1.326768972976,-42.1831448164));
#5677 = CARTESIAN_POINT('',(-1.21325348585,-42.12145093224));
#5678 = CARTESIAN_POINT('',(-1.157068627021,-42.09086686607));
#5679 = CARTESIAN_POINT('',(-1.100895866931,-42.06024129457));
#5680 = CARTESIAN_POINT('',(-1.044733147649,-42.02957338481));
#5681 = CARTESIAN_POINT('',(-0.988578442223,-41.99886232259));
#5682 = CARTESIAN_POINT('',(-0.874653818398,-41.93646123281));
#5683 = CARTESIAN_POINT('',(-0.816880716011,-41.90476666972));
#5684 = CARTESIAN_POINT('',(-0.759120662677,-41.87302977798));
#5685 = CARTESIAN_POINT('',(-0.701371293113,-41.84124983715));
#5686 = CARTESIAN_POINT('',(-0.643630277634,-41.80942622588));
#5687 = CARTESIAN_POINT('',(-0.488182044153,-41.72362372877));
#5688 = CARTESIAN_POINT('',(-0.390466024868,-41.66955119459));
#5689 = CARTESIAN_POINT('',(-0.292812423682,-41.6153798609));
#5690 = CARTESIAN_POINT('',(-0.195189270656,-41.56109584881));
#5691 = CARTESIAN_POINT('',(-9.756536101083E-02,-41.50668291533));
#5692 = CARTESIAN_POINT('',(0.,-41.45217553741));
#5693 = ( GEOMETRIC_REPRESENTATION_CONTEXT(2) 
PARAMETRIC_REPRESENTATION_CONTEXT() REPRESENTATION_CONTEXT('2D SPACE',''
  ) );
#5694 = ORIENTED_EDGE('',*,*,#5695,.T.);
#5695 = EDGE_CURVE('',#5436,#1875,#5696,.T.);
#5696 = SURFACE_CURVE('',#5697,(#5777,#5860),.PCURVE_S1.);
#5697 = B_SPLINE_CURVE_WITH_KNOTS('',8,(#5698,#5699,#5700,#5701,#5702,
    #5703,#5704,#5705,#5706,#5707,#5708,#5709,#5710,#5711,#5712,#5713,
    #5714,#5715,#5716,#5717,#5718,#5719,#5720,#5721,#5722,#5723,#5724,
    #5725,#5726,#5727,#5728,#5729,#5730,#5731,#5732,#5733,#5734,#5735,
    #5736,#5737,#5738,#5739,#5740,#5741,#5742,#5743,#5744,#5745,#5746,
    #5747,#5748,#5749,#5750,#5751,#5752,#5753,#5754,#5755,#5756,#5757,
    #5758,#5759,#5760,#5761,#5762,#5763,#5764,#5765,#5766,#5767,#5768,
    #5769,#5770,#5771,#5772,#5773,#5774,#5775,#5776),.UNSPECIFIED.,.F.,
  .F.,(9,7,7,7,7,7,7,7,7,7,7,9),(0.,6.907729730785E-02,0.136259312723,
    0.267326278021,0.392600757637,0.524920051776,0.576915807136,
    0.676265000507,0.832485883477,0.916082302158,0.95845704564,1.),
  .UNSPECIFIED.);
#5698 = CARTESIAN_POINT('',(18.743396591922,4.263256414561E-14,
    41.452175537412));
#5699 = CARTESIAN_POINT('',(18.746164697338,-1.024762595773,
    41.421630925922));
#5700 = CARTESIAN_POINT('',(18.684904882563,-2.049764289369,
    41.391051491935));
#5701 = CARTESIAN_POINT('',(18.559602968194,-3.070240640306,
    41.360440208088));
#5702 = CARTESIAN_POINT('',(18.370685244221,-4.081522182222,
    41.329797460961));
#5703 = CARTESIAN_POINT('',(18.118971953267,-5.079026894709,
    41.299122353078));
#5704 = CARTESIAN_POINT('',(17.80566086177,-6.058259217269,
    41.268414006817));
#5705 = CARTESIAN_POINT('',(17.432340919096,-7.014815605405,
    41.237672870214));
#5706 = CARTESIAN_POINT('',(16.581564853524,-8.84847262889,
    41.176975442419));
#5707 = CARTESIAN_POINT('',(16.10719772949,-9.727139319978,
    41.147017285832));
#5708 = CARTESIAN_POINT('',(15.57977258311,-10.57643607824,
    41.117030232404));
#5709 = CARTESIAN_POINT('',(15.00144679235,-11.39264170287,
    41.087014796752));
#5710 = CARTESIAN_POINT('',(14.374664379419,-12.17225233147,
    41.056970423722));
#5711 = CARTESIAN_POINT('',(13.702143951742,-12.91197497382,
    41.026896585231));
#5712 = CARTESIAN_POINT('',(12.986887367023,-13.60873666415,
    40.996793880822));
#5713 = CARTESIAN_POINT('',(10.75988968262,-15.52970684071,
    40.907886280563));
#5714 = CARTESIAN_POINT('',(9.136209681881,-16.62656270176,
    40.848955871435));
#5715 = CARTESIAN_POINT('',(7.386671325265,-17.52756695141,
    40.789948823171));
#5716 = CARTESIAN_POINT('',(5.539256248204,-18.21688184455,
    40.730859341648));
#5717 = CARTESIAN_POINT('',(3.623321665687,-18.68296627732,
    40.67167097403));
#5718 = CARTESIAN_POINT('',(1.669661981292,-18.91907993981,
    40.612366132035));
#5719 = CARTESIAN_POINT('',(-0.289731037082,-18.92281742704,
    40.552937010901));
#5720 = CARTESIAN_POINT('',(-4.067186566565,-18.48472894981,
    40.436610429384));
#5721 = CARTESIAN_POINT('',(-5.890286026809,-18.06228379133,
    40.379636653267));
#5722 = CARTESIAN_POINT('',(-7.661110579526,-17.43448956382,
    40.322596695475));
#5723 = CARTESIAN_POINT('',(-9.352989295305,-16.60961105385,
    40.265486440785));
#5724 = CARTESIAN_POINT('',(-10.94108332903,-15.5992704115,
    40.208293562764));
#5725 = CARTESIAN_POINT('',(-12.4025957299,-14.41867763656,
    40.151005728364));
#5726 = CARTESIAN_POINT('',(-13.71668023261,-13.08631868949,
    40.093617588773));
#5727 = CARTESIAN_POINT('',(-16.07916076937,-10.08280304779,
    39.975529575768));
#5728 = CARTESIAN_POINT('',(-17.11028369771,-8.394488856241,
    39.914733927709));
#5729 = CARTESIAN_POINT('',(-17.93700438053,-6.587730947296,
    39.853877445214));
#5730 = CARTESIAN_POINT('',(-18.54451901358,-4.691785970578,
    39.792950726638));
#5731 = CARTESIAN_POINT('',(-18.92247650684,-2.737106879878,
    39.731935165285));
#5732 = CARTESIAN_POINT('',(-19.06551438034,-0.755385032148,
    39.670817918056));
#5733 = CARTESIAN_POINT('',(-18.97275105915,1.220678155866,
    39.60960800901));
#5734 = CARTESIAN_POINT('',(-18.52405109568,3.917826107532,
    39.524303466637));
#5735 = CARTESIAN_POINT('',(-18.36201232956,4.672814928042,
    39.500225381257));
#5736 = CARTESIAN_POINT('',(-18.16484107732,5.419971263046,
    39.476138878612));
#5737 = CARTESIAN_POINT('',(-17.93299476081,6.157388869859,
    39.452022384683));
#5738 = CARTESIAN_POINT('',(-17.6670446193,6.883204680786,
    39.427908775483));
#5739 = CARTESIAN_POINT('',(-17.3676844791,7.595594937966,
    39.403775560204));
#5740 = CARTESIAN_POINT('',(-17.03572374168,8.292778685291,
    39.379633860438));
#5741 = CARTESIAN_POINT('',(-15.97731745206,10.272767770448,
    39.309332725553));
#5742 = CARTESIAN_POINT('',(-15.16673504936,11.511039762417,
    39.26313263626));
#5743 = CARTESIAN_POINT('',(-14.24696781632,12.675295477511,
    39.21689908775));
#5744 = CARTESIAN_POINT('',(-13.22609756418,13.754445998086,
    39.170628040077));
#5745 = CARTESIAN_POINT('',(-12.11331917687,14.738544402222,
    39.124313281217));
#5746 = CARTESIAN_POINT('',(-10.9189280031,15.618800255292,
    39.077949973932));
#5747 = CARTESIAN_POINT('',(-9.654301062102,16.387588035726,
    39.031538478659));
#5748 = CARTESIAN_POINT('',(-6.253242170345,18.062800227128,
    38.91207312331));
#5749 = CARTESIAN_POINT('',(-4.028146720953,18.798062638995,
    38.838836113534));
#5750 = CARTESIAN_POINT('',(-1.708670288532,19.217363135015,
    38.76556944205));
#5751 = CARTESIAN_POINT('',(0.652790375202,19.309508289623,
    38.692246157631));
#5752 = CARTESIAN_POINT('',(3.003971581411,19.071128407236,
    38.618828277414));
#5753 = CARTESIAN_POINT('',(5.292994748867,18.509127752557,
    38.545279520868));
#5754 = CARTESIAN_POINT('',(7.468482403404,17.638191711046,
    38.471569933723));
#5755 = CARTESIAN_POINT('',(10.55761203973,15.873822929397,
    38.358455231291));
#5756 = CARTESIAN_POINT('',(11.588742698765,15.178480476803,
    38.318994624737));
#5757 = CARTESIAN_POINT('',(12.566997094371,14.406912525324,
    38.279510806488));
#5758 = CARTESIAN_POINT('',(13.485855008483,13.56389347691,
    38.240004726798));
#5759 = CARTESIAN_POINT('',(14.339374013697,12.65478428502,
    38.200474033387));
#5760 = CARTESIAN_POINT('',(15.122163090522,11.685494195901,
    38.160916311454));
#5761 = CARTESIAN_POINT('',(15.829418326669,10.66250544622,
    38.121332370828));
#5762 = CARTESIAN_POINT('',(16.775150229835,9.050812392229,
    38.061655058919));
#5763 = CARTESIAN_POINT('',(17.07345034252,8.495616373305,
    38.041535529732));
#5764 = CARTESIAN_POINT('',(17.351255743863,7.928195038693,
    38.02137105889));
#5765 = CARTESIAN_POINT('',(17.607944759618,7.349405461643,
    38.001161445483));
#5766 = CARTESIAN_POINT('',(17.842938483152,6.760139159386,
    37.980906321396));
#5767 = CARTESIAN_POINT('',(18.055701280314,6.161322204623,
    37.96060525437));
#5768 = CARTESIAN_POINT('',(18.245742649886,5.553915899367,
    37.940257854219));
#5769 = CARTESIAN_POINT('',(18.576222524952,4.335992138201,
    37.899870230829));
#5770 = CARTESIAN_POINT('',(18.717244803215,3.726936857339,
    37.87987052035));
#5771 = CARTESIAN_POINT('',(18.835420951865,3.112743796531,
    37.859864896206));
#5772 = CARTESIAN_POINT('',(18.930538843059,2.494413070892,
    37.839853334252));
#5773 = CARTESIAN_POINT('',(19.002438743008,1.872952957361,
    37.81983574753));
#5774 = CARTESIAN_POINT('',(19.051012998473,1.249379760303,
    37.799812096602));
#5775 = CARTESIAN_POINT('',(19.076207210406,0.624717867997,
    37.779782503438));
#5776 = CARTESIAN_POINT('',(19.078022894694,-4.263256414561E-14,
    37.759747368889));
#5777 = PCURVE('',#1487,#5778);
#5778 = DEFINITIONAL_REPRESENTATION('',(#5779),#5859);
#5779 = B_SPLINE_CURVE_WITH_KNOTS('',8,(#5780,#5781,#5782,#5783,#5784,
    #5785,#5786,#5787,#5788,#5789,#5790,#5791,#5792,#5793,#5794,#5795,
    #5796,#5797,#5798,#5799,#5800,#5801,#5802,#5803,#5804,#5805,#5806,
    #5807,#5808,#5809,#5810,#5811,#5812,#5813,#5814,#5815,#5816,#5817,
    #5818,#5819,#5820,#5821,#5822,#5823,#5824,#5825,#5826,#5827,#5828,
    #5829,#5830,#5831,#5832,#5833,#5834,#5835,#5836,#5837,#5838,#5839,
    #5840,#5841,#5842,#5843,#5844,#5845,#5846,#5847,#5848,#5849,#5850,
    #5851,#5852,#5853,#5854,#5855,#5856,#5857,#5858),.UNSPECIFIED.,.F.,
  .F.,(9,7,7,7,7,7,7,7,7,7,7,9),(0.,6.907729730785E-02,0.136259312723,
    0.267326278021,0.392600757637,0.524920051776,0.576915807136,
    0.676265000507,0.832485883477,0.916082302158,0.95845704564,1.),
  .UNSPECIFIED.);
#5780 = CARTESIAN_POINT('',(1.326320426732,75.693406108162));
#5781 = CARTESIAN_POINT('',(1.319820418775,75.627414484466));
#5782 = CARTESIAN_POINT('',(1.313351847286,75.561430178167));
#5783 = CARTESIAN_POINT('',(1.306915183845,75.495459243677));
#5784 = CARTESIAN_POINT('',(1.300510385265,75.429502177536));
#5785 = CARTESIAN_POINT('',(1.294137131519,75.363556702838));
#5786 = CARTESIAN_POINT('',(1.287795060074,75.297620535511));
#5787 = CARTESIAN_POINT('',(1.281483996642,75.231694132448));
#5788 = CARTESIAN_POINT('',(1.269096668057,75.101681110425));
#5789 = CARTESIAN_POINT('',(1.263018003002,75.037586202701));
#5790 = CARTESIAN_POINT('',(1.256968396324,74.973503851915));
#5791 = CARTESIAN_POINT('',(1.250947508896,74.909434430515));
#5792 = CARTESIAN_POINT('',(1.244954710664,74.845375937144));
#5793 = CARTESIAN_POINT('',(1.238989335603,74.781326391207));
#5794 = CARTESIAN_POINT('',(1.233050934289,74.717286214676));
#5795 = CARTESIAN_POINT('',(1.215606815679,74.528351534017));
#5796 = CARTESIAN_POINT('',(1.204166543187,74.403386415073));
#5797 = CARTESIAN_POINT('',(1.192829774715,74.278519129293));
#5798 = CARTESIAN_POINT('',(1.181591388617,74.153730911268));
#5799 = CARTESIAN_POINT('',(1.170446553424,74.02898402118));
#5800 = CARTESIAN_POINT('',(1.159392331244,73.904240878247));
#5801 = CARTESIAN_POINT('',(1.148427234146,73.779484495771));
#5802 = CARTESIAN_POINT('',(1.127179262865,73.535762934277));
#5803 = CARTESIAN_POINT('',(1.116872951196,73.416616817096));
#5804 = CARTESIAN_POINT('',(1.106653743442,73.297552384621));
#5805 = CARTESIAN_POINT('',(1.096518218378,73.178556577449));
#5806 = CARTESIAN_POINT('',(1.086460401657,73.059598316515));
#5807 = CARTESIAN_POINT('',(1.076474473478,72.94064691829));
#5808 = CARTESIAN_POINT('',(1.066559685883,72.821691104607));
#5809 = CARTESIAN_POINT('',(1.046340467688,72.577331654456));
#5810 = CARTESIAN_POINT('',(1.036029889429,72.451753247384));
#5811 = CARTESIAN_POINT('',(1.025808911233,72.326275587679));
#5812 = CARTESIAN_POINT('',(1.015677118262,72.200879091003));
#5813 = CARTESIAN_POINT('',(1.005631776522,72.075525016704));
#5814 = CARTESIAN_POINT('',(0.995660956316,71.950174021246));
#5815 = CARTESIAN_POINT('',(0.985733408608,71.824808341694));
#5816 = CARTESIAN_POINT('',(0.972020272067,71.650382104018));
#5817 = CARTESIAN_POINT('',(0.968164196601,71.601181616829));
#5818 = CARTESIAN_POINT('',(0.96431377898,71.551988528558));
#5819 = CARTESIAN_POINT('',(0.960504855682,71.502802600122));
#5820 = CARTESIAN_POINT('',(0.956681805343,71.453622727032));
#5821 = CARTESIAN_POINT('',(0.952882461468,71.404449418081));
#5822 = CARTESIAN_POINT('',(0.94908785474,71.3552820762));
#5823 = CARTESIAN_POINT('',(0.93807232997,71.212192122722));
#5824 = CARTESIAN_POINT('',(0.930873611115,71.118262262354));
#5825 = CARTESIAN_POINT('',(0.923710005507,71.024369220902));
#5826 = CARTESIAN_POINT('',(0.916587085113,70.930511297814));
#5827 = CARTESIAN_POINT('',(0.909505695247,70.836677381089));
#5828 = CARTESIAN_POINT('',(0.902464391214,70.742856537476));
#5829 = CARTESIAN_POINT('',(0.895461599196,70.649047446787));
#5830 = CARTESIAN_POINT('',(0.877549317376,70.407853324368));
#5831 = CARTESIAN_POINT('',(0.866677128558,70.260255747523));
#5832 = CARTESIAN_POINT('',(0.855903326214,70.112855411583));
#5833 = CARTESIAN_POINT('',(0.845215434844,69.965586553434));
#5834 = CARTESIAN_POINT('',(0.834612134178,69.818376719076));
#5835 = CARTESIAN_POINT('',(0.824089540607,69.671152879499));
#5836 = CARTESIAN_POINT('',(0.813641645758,69.523853451661));
#5837 = CARTESIAN_POINT('',(0.797751406542,69.298174934299));
#5838 = CARTESIAN_POINT('',(0.792234717052,69.219514401166));
#5839 = CARTESIAN_POINT('',(0.786740935044,69.140875363013));
#5840 = CARTESIAN_POINT('',(0.781269506832,69.062258829192));
#5841 = CARTESIAN_POINT('',(0.775819454929,68.983659290799));
#5842 = CARTESIAN_POINT('',(0.770389946809,68.905071309268));
#5843 = CARTESIAN_POINT('',(0.764980785018,68.826496061018));
#5844 = CARTESIAN_POINT('',(0.756861676621,68.708132008179));
#5845 = CARTESIAN_POINT('',(0.75413051585,68.668243459647));
#5846 = CARTESIAN_POINT('',(0.751399367127,68.628282396854));
#5847 = CARTESIAN_POINT('',(0.748668235365,68.588248504212));
#5848 = CARTESIAN_POINT('',(0.745937112752,68.548141144978));
#5849 = CARTESIAN_POINT('',(0.74320599092,68.507959564156));
#5850 = CARTESIAN_POINT('',(0.740474872145,68.467703095612));
#5851 = CARTESIAN_POINT('',(0.735066296585,68.387831337086));
#5852 = CARTESIAN_POINT('',(0.732393764854,68.348295508017));
#5853 = CARTESIAN_POINT('',(0.729727160596,68.308764176691));
#5854 = CARTESIAN_POINT('',(0.727065536781,68.269237272306));
#5855 = CARTESIAN_POINT('',(0.724408493489,68.229714604447));
#5856 = CARTESIAN_POINT('',(0.721756857947,68.190196087329));
#5857 = CARTESIAN_POINT('',(0.719111574261,68.150681946574));
#5858 = CARTESIAN_POINT('',(0.71647080282,68.111172908525));
#5859 = ( GEOMETRIC_REPRESENTATION_CONTEXT(2) 
PARAMETRIC_REPRESENTATION_CONTEXT() REPRESENTATION_CONTEXT('2D SPACE',''
  ) );
#5860 = PCURVE('',#1890,#5861);
#5861 = DEFINITIONAL_REPRESENTATION('',(#5862),#5942);
#5862 = B_SPLINE_CURVE_WITH_KNOTS('',8,(#5863,#5864,#5865,#5866,#5867,
    #5868,#5869,#5870,#5871,#5872,#5873,#5874,#5875,#5876,#5877,#5878,
    #5879,#5880,#5881,#5882,#5883,#5884,#5885,#5886,#5887,#5888,#5889,
    #5890,#5891,#5892,#5893,#5894,#5895,#5896,#5897,#5898,#5899,#5900,
    #5901,#5902,#5903,#5904,#5905,#5906,#5907,#5908,#5909,#5910,#5911,
    #5912,#5913,#5914,#5915,#5916,#5917,#5918,#5919,#5920,#5921,#5922,
    #5923,#5924,#5925,#5926,#5927,#5928,#5929,#5930,#5931,#5932,#5933,
    #5934,#5935,#5936,#5937,#5938,#5939,#5940,#5941),.UNSPECIFIED.,.F.,
  .F.,(9,7,7,7,7,7,7,7,7,7,7,9),(0.,6.907729730785E-02,0.136259312723,
    0.267326278021,0.392600757637,0.524920051776,0.576915807136,
    0.676265000507,0.832485883477,0.916082302158,0.95845704564,1.),
  .UNSPECIFIED.);
#5863 = CARTESIAN_POINT('',(-6.28318530718,-41.45217553741));
#5864 = CARTESIAN_POINT('',(-6.228512047147,-41.42163092592));
#5865 = CARTESIAN_POINT('',(-6.173844525825,-41.39105149193));
#5866 = CARTESIAN_POINT('',(-6.119187756046,-41.36044020808));
#5867 = CARTESIAN_POINT('',(-6.064542148203,-41.32979746096));
#5868 = CARTESIAN_POINT('',(-6.009905818095,-41.29912235307));
#5869 = CARTESIAN_POINT('',(-5.955276878857,-41.26841400681));
#5870 = CARTESIAN_POINT('',(-5.900655716994,-41.23767287021));
#5871 = CARTESIAN_POINT('',(-5.792937086863,-41.17697544241));
#5872 = CARTESIAN_POINT('',(-5.739832767649,-41.14701728583));
#5873 = CARTESIAN_POINT('',(-5.686738572557,-41.1170302324));
#5874 = CARTESIAN_POINT('',(-5.633654819025,-41.08701479675));
#5875 = CARTESIAN_POINT('',(-5.580579856758,-41.05697042372));
#5876 = CARTESIAN_POINT('',(-5.527512050443,-41.02689658523));
#5877 = CARTESIAN_POINT('',(-5.474451752658,-40.99679388082));
#5878 = CARTESIAN_POINT('',(-5.317909735495,-40.90788628056));
#5879 = CARTESIAN_POINT('',(-5.214368795431,-40.84895587143));
#5880 = CARTESIAN_POINT('',(-5.110907948699,-40.78994882317));
#5881 = CARTESIAN_POINT('',(-5.007511622099,-40.73085934164));
#5882 = CARTESIAN_POINT('',(-4.904148482713,-40.67167097403));
#5883 = CARTESIAN_POINT('',(-4.800787392899,-40.61236613203));
#5884 = CARTESIAN_POINT('',(-4.697414361689,-40.5529370109));
#5885 = CARTESIAN_POINT('',(-4.495465183982,-40.43661042938));
#5886 = CARTESIAN_POINT('',(-4.396739186241,-40.37963665326));
#5887 = CARTESIAN_POINT('',(-4.298080162263,-40.32259669547));
#5888 = CARTESIAN_POINT('',(-4.199477387153,-40.26548644078));
#5889 = CARTESIAN_POINT('',(-4.100905177265,-40.20829356276));
#5890 = CARTESIAN_POINT('',(-4.002338018271,-40.15100572836));
#5891 = CARTESIAN_POINT('',(-3.903766402243,-40.09361758877));
#5892 = CARTESIAN_POINT('',(-3.701278431582,-39.97552957576));
#5893 = CARTESIAN_POINT('',(-3.597217153145,-39.9147339277));
#5894 = CARTESIAN_POINT('',(-3.493238259455,-39.85387744521));
#5895 = CARTESIAN_POINT('',(-3.389325555702,-39.79295072663));
#5896 = CARTESIAN_POINT('',(-3.285447046028,-39.73193516528));
#5897 = CARTESIAN_POINT('',(-3.181570978182,-39.67081791805));
#5898 = CARTESIAN_POINT('',(-3.077682658151,-39.60960800901));
#5899 = CARTESIAN_POINT('',(-2.933137532057,-39.52430346663));
#5900 = CARTESIAN_POINT('',(-2.892365545691,-39.50022538125));
#5901 = CARTESIAN_POINT('',(-2.851599283889,-39.47613887861));
#5902 = CARTESIAN_POINT('',(-2.81083886982,-39.45202238468));
#5903 = CARTESIAN_POINT('',(-2.770083789097,-39.42790877548));
#5904 = CARTESIAN_POINT('',(-2.729333674491,-39.4037755602));
#5905 = CARTESIAN_POINT('',(-2.688588554313,-39.37963386043));
#5906 = CARTESIAN_POINT('',(-2.570009029073,-39.30933272555));
#5907 = CARTESIAN_POINT('',(-2.492168308932,-39.26313263626));
#5908 = CARTESIAN_POINT('',(-2.414357557652,-39.21689908775));
#5909 = CARTESIAN_POINT('',(-2.336575392489,-39.17062804007));
#5910 = CARTESIAN_POINT('',(-2.258812764195,-39.12431328121));
#5911 = CARTESIAN_POINT('',(-2.181060698329,-39.07794997393));
#5912 = CARTESIAN_POINT('',(-2.103318138637,-39.03153847865));
#5913 = CARTESIAN_POINT('',(-1.903432321946,-38.91207312331));
#5914 = CARTESIAN_POINT('',(-1.781112565547,-38.83883611353));
#5915 = CARTESIAN_POINT('',(-1.658955646937,-38.76556944205));
#5916 = CARTESIAN_POINT('',(-1.536906769412,-38.69224615763));
#5917 = CARTESIAN_POINT('',(-1.414905567802,-38.61882827741));
#5918 = CARTESIAN_POINT('',(-1.292891728171,-38.54527952086));
#5919 = CARTESIAN_POINT('',(-1.170814387667,-38.47156993372));
#5920 = CARTESIAN_POINT('',(-0.983777734863,-38.35845523129));
#5921 = CARTESIAN_POINT('',(-0.918585670894,-38.31899462473));
#5922 = CARTESIAN_POINT('',(-0.853411241705,-38.27951080648));
#5923 = CARTESIAN_POINT('',(-0.788255300424,-38.24000472679));
#5924 = CARTESIAN_POINT('',(-0.723113288206,-38.20047403338));
#5925 = CARTESIAN_POINT('',(-0.657980694172,-38.16091631145));
#5926 = CARTESIAN_POINT('',(-0.59285848285,-38.12133237082));
#5927 = CARTESIAN_POINT('',(-0.49475952125,-38.06165505891));
#5928 = CARTESIAN_POINT('',(-0.461700238487,-38.04153552973));
#5929 = CARTESIAN_POINT('',(-0.428580808429,-38.02137105889));
#5930 = CARTESIAN_POINT('',(-0.395400967699,-38.00116144548));
#5931 = CARTESIAN_POINT('',(-0.362160186802,-37.98090632139));
#5932 = CARTESIAN_POINT('',(-0.328857838433,-37.96060525437));
#5933 = CARTESIAN_POINT('',(-0.29549336924,-37.94025785421));
#5934 = CARTESIAN_POINT('',(-0.229295729402,-37.89987023082));
#5935 = CARTESIAN_POINT('',(-0.19652842084,-37.87987052034));
#5936 = CARTESIAN_POINT('',(-0.163764779251,-37.85986489621));
#5937 = CARTESIAN_POINT('',(-0.131004756409,-37.83985333426));
#5938 = CARTESIAN_POINT('',(-9.82481990976E-02,-37.81983574752));
#5939 = CARTESIAN_POINT('',(-6.549502763108E-02,-37.79981209658));
#5940 = CARTESIAN_POINT('',(-3.274541976628E-02,-37.77978250345));
#5941 = CARTESIAN_POINT('',(0.,-37.75974736888));
#5942 = ( GEOMETRIC_REPRESENTATION_CONTEXT(2) 
PARAMETRIC_REPRESENTATION_CONTEXT() REPRESENTATION_CONTEXT('2D SPACE',''
  ) );
#5943 = ORIENTED_EDGE('',*,*,#1902,.T.);
#5944 = ORIENTED_EDGE('',*,*,#5945,.T.);
#5945 = EDGE_CURVE('',#1903,#1362,#5946,.T.);
#5946 = SURFACE_CURVE('',#5947,(#6041,#6138),.PCURVE_S1.);
#5947 = B_SPLINE_CURVE_WITH_KNOTS('',8,(#5948,#5949,#5950,#5951,#5952,
    #5953,#5954,#5955,#5956,#5957,#5958,#5959,#5960,#5961,#5962,#5963,
    #5964,#5965,#5966,#5967,#5968,#5969,#5970,#5971,#5972,#5973,#5974,
    #5975,#5976,#5977,#5978,#5979,#5980,#5981,#5982,#5983,#5984,#5985,
    #5986,#5987,#5988,#5989,#5990,#5991,#5992,#5993,#5994,#5995,#5996,
    #5997,#5998,#5999,#6000,#6001,#6002,#6003,#6004,#6005,#6006,#6007,
    #6008,#6009,#6010,#6011,#6012,#6013,#6014,#6015,#6016,#6017,#6018,
    #6019,#6020,#6021,#6022,#6023,#6024,#6025,#6026,#6027,#6028,#6029,
    #6030,#6031,#6032,#6033,#6034,#6035,#6036,#6037,#6038,#6039,#6040),
  .UNSPECIFIED.,.F.,.F.,(9,7,7,7,7,7,7,7,7,7,7,7,7,9),(0.,
    7.029665838672E-02,0.163373452037,0.259027153914,0.381055515623,
    0.443615236183,0.477648089938,0.512016114478,0.626743432889,
    0.718606918435,0.859547287267,0.92867813775,0.966246267611,1.),
  .UNSPECIFIED.);
#5948 = CARTESIAN_POINT('',(19.078022894694,-4.263256414561E-14,
    37.759747368889));
#5949 = CARTESIAN_POINT('',(19.081112329413,-1.062974062683,
    37.725657054748));
#5950 = CARTESIAN_POINT('',(19.016516641536,-2.126222536381,
    37.691547123698));
#5951 = CARTESIAN_POINT('',(18.884218868441,-3.184606650011,
    37.65742108107));
#5952 = CARTESIAN_POINT('',(18.684687552478,-4.233094811853,
    37.623279369102));
#5953 = CARTESIAN_POINT('',(18.418823449474,-5.266753843266,
    37.589120909637));
#5954 = CARTESIAN_POINT('',(18.087940465924,-6.28074776571,
    37.554944635473));
#5955 = CARTESIAN_POINT('',(17.693780824884,-7.270344141064,
    37.520751010343));
#5956 = CARTESIAN_POINT('',(16.635831975416,-9.502795852573,
    37.441250888364));
#5957 = CARTESIAN_POINT('',(15.925881852913,-10.72417355379,
    37.395920923867));
#5958 = CARTESIAN_POINT('',(15.113845685092,-11.88412659347,
    37.350567328187));
#5959 = CARTESIAN_POINT('',(14.206070840869,-12.97278981847,
    37.305191602594));
#5960 = CARTESIAN_POINT('',(13.209903353707,-13.98119506045,
    37.259789027966));
#5961 = CARTESIAN_POINT('',(12.133606127698,-14.90122130505,
    37.214354732939));
#5962 = CARTESIAN_POINT('',(10.9864124621,-15.72566736767,37.16888986771
    ));
#5963 = CARTESIAN_POINT('',(8.537581217701,-17.19123753977,
    37.076666692857));
#5964 = CARTESIAN_POINT('',(7.232001149797,-17.82698101551,
    37.029887060349));
#5965 = CARTESIAN_POINT('',(5.873174210359,-18.34890922842,
    36.98308498962));
#5966 = CARTESIAN_POINT('',(4.472765715144,-18.75200306417,
    36.936260002129));
#5967 = CARTESIAN_POINT('',(3.042790039895,-19.03268919908,
    36.889407221967));
#5968 = CARTESIAN_POINT('',(1.595573684538,-19.18873752211,
    36.842521960248));
#5969 = CARTESIAN_POINT('',(0.143768265859,-19.2193644076,
    36.795604238358));
#5970 = CARTESIAN_POINT('',(-3.140986569899,-19.00586102301,
    36.688796121181));
#5971 = CARTESIAN_POINT('',(-4.970275905251,-18.68353901791,
    36.628843029363));
#5972 = CARTESIAN_POINT('',(-6.759769041659,-18.16004161788,
    36.568867065157));
#5973 = CARTESIAN_POINT('',(-8.483886982603,-17.44174604518,
    36.508863874921));
#5974 = CARTESIAN_POINT('',(-10.11856881697,-16.53824997136,
    36.448819807937));
#5975 = CARTESIAN_POINT('',(-11.64142992507,-15.46255447634,
    36.388719783697));
#5976 = CARTESIAN_POINT('',(-13.03171341172,-14.23081356909,
    36.328558050281));
#5977 = CARTESIAN_POINT('',(-14.90666552831,-12.16305159995,
    36.237545314231));
#5978 = CARTESIAN_POINT('',(-15.50270872032,-11.42646952484,
    36.206687509411));
#5979 = CARTESIAN_POINT('',(-16.05696086558,-10.65673506794,
    36.175819431873));
#5980 = CARTESIAN_POINT('',(-16.56729340592,-9.856635432293,
    36.144941357082));
#5981 = CARTESIAN_POINT('',(-17.03181206725,-9.029097000186,
    36.11405285926));
#5982 = CARTESIAN_POINT('',(-17.44884990933,-8.177179617527,
    36.083153648682));
#5983 = CARTESIAN_POINT('',(-17.81697491066,-7.304079608178,
    36.052244297319));
#5984 = CARTESIAN_POINT('',(-18.30802617262,-5.928465988376,
    36.004507582201));
#5985 = CARTESIAN_POINT('',(-18.46622164975,-5.438498468087,
    35.987685489192));
#5986 = CARTESIAN_POINT('',(-18.60941059059,-4.943770796615,
    35.970860654578));
#5987 = CARTESIAN_POINT('',(-18.73742848145,-4.444820228381,
    35.954033093391));
#5988 = CARTESIAN_POINT('',(-18.85013422422,-3.942189433083,
    35.937202754872));
#5989 = CARTESIAN_POINT('',(-18.94741013634,-3.436426495694,
    35.920369522481));
#5990 = CARTESIAN_POINT('',(-19.02916195086,-2.928084916464,
    35.903533213885));
#5991 = CARTESIAN_POINT('',(-19.16212722432,-1.902336038667,
    35.869688103809));
#5992 = CARTESIAN_POINT('',(-19.21303250116,-1.384884773321,
    35.852678807571));
#5993 = CARTESIAN_POINT('',(-19.24796190062,-0.865945453644,
    35.835665892621));
#5994 = CARTESIAN_POINT('',(-19.26686761517,-0.346094024915,
    35.818649561058));
#5995 = CARTESIAN_POINT('',(-19.26972677597,0.174093261078,
    35.801630016716));
#5996 = CARTESIAN_POINT('',(-19.25654145293,0.694039846033,
    35.784607465163));
#5997 = CARTESIAN_POINT('',(-19.22733865468,1.213168865133,
    35.767582113701));
#5998 = CARTESIAN_POINT('',(-19.03138945003,3.45920340894,
    35.693711504722));
#5999 = CARTESIAN_POINT('',(-18.70262627879,5.172766018525,
    35.636812768764));
#6000 = CARTESIAN_POINT('',(-18.19763276615,6.848992263459,
    35.579899592641));
#6001 = CARTESIAN_POINT('',(-17.52182077185,8.466890480194,35.5229641861
    ));
#6002 = CARTESIAN_POINT('',(-16.68314233801,10.006664445163,
    35.465994634594));
#6003 = CARTESIAN_POINT('',(-15.6921642101,11.449798294566,
    35.408980567647));
#6004 = CARTESIAN_POINT('',(-14.56194510718,12.779048199826,
    35.351920092585));
#6005 = CARTESIAN_POINT('',(-12.30582164842,14.939895361197,
    35.249161213993));
#6006 = CARTESIAN_POINT('',(-11.22338607527,15.81841107602,
    35.203439428283));
#6007 = CARTESIAN_POINT('',(-10.06990717748,16.606709682091,
    35.157701625134));
#6008 = CARTESIAN_POINT('',(-8.854257431041,17.298214601338,
    35.111949082426));
#6009 = CARTESIAN_POINT('',(-7.58588057423,17.887445455564,
    35.066177293987));
#6010 = CARTESIAN_POINT('',(-6.274739642172,18.369951547285,
    35.020381603868));
#6011 = CARTESIAN_POINT('',(-4.931338798556,18.742388005479,
    34.974562938707));
#6012 = CARTESIAN_POINT('',(-1.473321994161,19.402167997982,
    34.858420624478));
#6013 = CARTESIAN_POINT('',(0.672609381678,19.538275264117,
    34.787991644303));
#6014 = CARTESIAN_POINT('',(2.828991115158,19.402208286275,
    34.717558971212));
#6015 = CARTESIAN_POINT('',(4.95580822022,18.994993505432,34.64710705585
    ));
#6016 = CARTESIAN_POINT('',(7.014413526102,18.323249019843,
    34.57661106191));
#6017 = CARTESIAN_POINT('',(8.967884861868,17.400083687413,
    34.506046380309));
#6018 = CARTESIAN_POINT('',(10.780904988645,16.244114037629,
    34.435398409177));
#6019 = CARTESIAN_POINT('',(13.225872937864,14.216041474844,
    34.330144193268));
#6020 = CARTESIAN_POINT('',(13.989388188301,13.499011907291,
    34.295494773183));
#6021 = CARTESIAN_POINT('',(14.708185764069,12.735373696478,
    34.260836283825));
#6022 = CARTESIAN_POINT('',(15.378975490939,11.928415299151,
    34.226168953177));
#6023 = CARTESIAN_POINT('',(15.998779062124,11.081667338834,
    34.191491628512));
#6024 = CARTESIAN_POINT('',(16.564919438529,10.198891254026,
    34.156803156225));
#6025 = CARTESIAN_POINT('',(17.07503333807,9.284086003371,
    34.122103764176));
#6026 = CARTESIAN_POINT('',(17.772779403547,7.829285490535,
    34.06853527235));
#6027 = CARTESIAN_POINT('',(18.001320597147,7.308838055597,
    34.049671112088));
#6028 = CARTESIAN_POINT('',(18.212410107489,6.780844088263,
    34.030803977148));
#6029 = CARTESIAN_POINT('',(18.40576059164,6.245988127382,
    34.011933880955));
#6030 = CARTESIAN_POINT('',(18.581117651096,5.704965685358,33.993060839)
  );
#6031 = CARTESIAN_POINT('',(18.73825983178,5.158483248142,
    33.974184868836));
#6032 = CARTESIAN_POINT('',(18.876998624044,4.60725827524,
    33.955305990078));
#6033 = CARTESIAN_POINT('',(19.105156105593,3.553155103013,33.9194595773
    ));
#6034 = CARTESIAN_POINT('',(19.198152546739,3.051052125194,
    33.902492740887));
#6035 = CARTESIAN_POINT('',(19.276055756199,2.546232485292,
    33.88552354394));
#6036 = CARTESIAN_POINT('',(19.338776054217,2.039223230624,
    33.86855190291));
#6037 = CARTESIAN_POINT('',(19.386246111183,1.530556236773,
    33.851577821927));
#6038 = CARTESIAN_POINT('',(19.418420947641,1.020768207591,
    33.834601392802));
#6039 = CARTESIAN_POINT('',(19.435277934281,0.510400675203,
    33.817622795024));
#6040 = CARTESIAN_POINT('',(19.436816791947,-7.105427357601E-15,
    33.800642295762));
#6041 = PCURVE('',#1487,#6042);
#6042 = DEFINITIONAL_REPRESENTATION('',(#6043),#6137);
#6043 = B_SPLINE_CURVE_WITH_KNOTS('',8,(#6044,#6045,#6046,#6047,#6048,
    #6049,#6050,#6051,#6052,#6053,#6054,#6055,#6056,#6057,#6058,#6059,
    #6060,#6061,#6062,#6063,#6064,#6065,#6066,#6067,#6068,#6069,#6070,
    #6071,#6072,#6073,#6074,#6075,#6076,#6077,#6078,#6079,#6080,#6081,
    #6082,#6083,#6084,#6085,#6086,#6087,#6088,#6089,#6090,#6091,#6092,
    #6093,#6094,#6095,#6096,#6097,#6098,#6099,#6100,#6101,#6102,#6103,
    #6104,#6105,#6106,#6107,#6108,#6109,#6110,#6111,#6112,#6113,#6114,
    #6115,#6116,#6117,#6118,#6119,#6120,#6121,#6122,#6123,#6124,#6125,
    #6126,#6127,#6128,#6129,#6130,#6131,#6132,#6133,#6134,#6135,#6136),
  .UNSPECIFIED.,.F.,.F.,(9,7,7,7,7,7,7,7,7,7,7,7,7,9),(0.,
    7.029665838672E-02,0.163373452037,0.259027153914,0.381055515623,
    0.443615236183,0.477648089938,0.512016114478,0.626743432889,
    0.718606918435,0.859547287267,0.92867813775,0.966246267611,1.),
  .UNSPECIFIED.);
#6044 = CARTESIAN_POINT('',(0.71647051546,68.111172905004));
#6045 = CARTESIAN_POINT('',(0.711977172569,68.043947227136));
#6046 = CARTESIAN_POINT('',(0.707498660064,67.976729306984));
#6047 = CARTESIAN_POINT('',(0.703035363822,67.909525886733));
#6048 = CARTESIAN_POINT('',(0.698587169711,67.842337559601));
#6049 = CARTESIAN_POINT('',(0.694153670795,67.77516184331));
#6050 = CARTESIAN_POINT('',(0.689734385802,67.707996223008));
#6051 = CARTESIAN_POINT('',(0.685328988859,67.640841163672));
#6052 = CARTESIAN_POINT('',(0.675123035089,67.484808447655));
#6053 = CARTESIAN_POINT('',(0.669331314584,67.395917992569));
#6054 = CARTESIAN_POINT('',(0.663563296116,67.307057619791));
#6055 = CARTESIAN_POINT('',(0.657818274719,67.218229206774));
#6056 = CARTESIAN_POINT('',(0.652095016055,67.129422720518));
#6057 = CARTESIAN_POINT('',(0.646392645727,67.0406282429));
#6058 = CARTESIAN_POINT('',(0.640711345177,66.951847916186));
#6059 = CARTESIAN_POINT('',(0.62923770314,66.771910857808));
#6060 = CARTESIAN_POINT('',(0.623444110132,66.680716658512));
#6061 = CARTESIAN_POINT('',(0.617674172002,66.589556356188));
#6062 = CARTESIAN_POINT('',(0.611927997633,66.498428899023));
#6063 = CARTESIAN_POINT('',(0.606205005656,66.407324549806));
#6064 = CARTESIAN_POINT('',(0.600504278874,66.316233696141));
#6065 = CARTESIAN_POINT('',(0.594825077161,66.225155575822));
#6066 = CARTESIAN_POINT('',(0.581952482706,66.017986614452));
#6067 = CARTESIAN_POINT('',(0.574766999035,65.901821087175));
#6068 = CARTESIAN_POINT('',(0.567617283157,65.78573131211));
#6069 = CARTESIAN_POINT('',(0.56050108131,65.669706716998));
#6070 = CARTESIAN_POINT('',(0.553415559068,65.553719572776));
#6071 = CARTESIAN_POINT('',(0.546361389271,65.437742433773));
#6072 = CARTESIAN_POINT('',(0.53934038887,65.321765975116));
#6073 = CARTESIAN_POINT('',(0.528778383886,65.146495187306));
#6074 = CARTESIAN_POINT('',(0.52520766754,65.087100771278));
#6075 = CARTESIAN_POINT('',(0.521645920927,65.027717409077));
#6076 = CARTESIAN_POINT('',(0.518092884334,64.968345328547));
#6077 = CARTESIAN_POINT('',(0.514547833496,64.908983117829));
#6078 = CARTESIAN_POINT('',(0.511009714655,64.849629377955));
#6079 = CARTESIAN_POINT('',(0.507477558275,64.790284372864));
#6080 = CARTESIAN_POINT('',(0.50203279631,64.698674343339));
#6081 = CARTESIAN_POINT('',(0.500116145355,64.666399880318));
#6082 = CARTESIAN_POINT('',(0.498201044703,64.63412830223));
#6083 = CARTESIAN_POINT('',(0.496287485808,64.601859627434));
#6084 = CARTESIAN_POINT('',(0.4943756254,64.56959387823));
#6085 = CARTESIAN_POINT('',(0.492465785487,64.537331080849));
#6086 = CARTESIAN_POINT('',(0.490558453354,64.505071265463));
#6087 = CARTESIAN_POINT('',(0.486731356639,64.440239987486));
#6088 = CARTESIAN_POINT('',(0.484812594196,64.407668511706));
#6089 = CARTESIAN_POINT('',(0.48289750173,64.375100010725));
#6090 = CARTESIAN_POINT('',(0.480985595962,64.342534471303));
#6091 = CARTESIAN_POINT('',(0.479076402836,64.309971895074));
#6092 = CARTESIAN_POINT('',(0.477169457517,64.277412298548));
#6093 = CARTESIAN_POINT('',(0.475264304397,64.244855713109));
#6094 = CARTESIAN_POINT('',(0.467005208707,64.103632017517));
#6095 = CARTESIAN_POINT('',(0.460664828499,63.99494613111));
#6096 = CARTESIAN_POINT('',(0.454339449514,63.88632068282));
#6097 = CARTESIAN_POINT('',(0.448040182079,63.777749535475));
#6098 = CARTESIAN_POINT('',(0.441768490108,63.669211372508));
#6099 = CARTESIAN_POINT('',(0.435522070057,63.560685289216));
#6100 = CARTESIAN_POINT('',(0.429298520202,63.452165961449));
#6101 = CARTESIAN_POINT('',(0.418137375682,63.256903801278));
#6102 = CARTESIAN_POINT('',(0.413187947961,63.170083116489));
#6103 = CARTESIAN_POINT('',(0.408252381627,63.083290887803));
#6104 = CARTESIAN_POINT('',(0.403330027113,62.996528837643));
#6105 = CARTESIAN_POINT('',(0.398420083487,62.909788069555));
#6106 = CARTESIAN_POINT('',(0.393522190545,62.823059765071));
#6107 = CARTESIAN_POINT('',(0.388636784444,62.736345823766));
#6108 = CARTESIAN_POINT('',(0.376291077081,62.516687331682));
#6109 = CARTESIAN_POINT('',(0.368839879405,62.383621684063));
#6110 = CARTESIAN_POINT('',(0.36142404224,62.250685100113));
#6111 = CARTESIAN_POINT('',(0.354041566033,62.117846831946));
#6112 = CARTESIAN_POINT('',(0.346687036648,61.985057766785));
#6113 = CARTESIAN_POINT('',(0.33935471653,61.852269172197));
#6114 = CARTESIAN_POINT('',(0.332042044606,61.719453257137));
#6115 = CARTESIAN_POINT('',(0.321189009806,61.52176972989));
#6116 = CARTESIAN_POINT('',(0.317622950549,61.456723662818));
#6117 = CARTESIAN_POINT('',(0.314062671275,61.391691364711));
#6118 = CARTESIAN_POINT('',(0.310508249777,61.32667324947));
#6119 = CARTESIAN_POINT('',(0.306959671609,61.261667171078));
#6120 = CARTESIAN_POINT('',(0.303416942754,61.196670999844));
#6121 = CARTESIAN_POINT('',(0.299880194135,61.131685185275));
#6122 = CARTESIAN_POINT('',(0.294431225993,61.031408393223));
#6123 = CARTESIAN_POINT('',(0.292514478062,60.996104978424));
#6124 = CARTESIAN_POINT('',(0.29059954498,60.960805080054));
#6125 = CARTESIAN_POINT('',(0.288686431866,60.925508717463));
#6126 = CARTESIAN_POINT('',(0.286775138181,60.890215910471));
#6127 = CARTESIAN_POINT('',(0.28486565773,60.854926679363));
#6128 = CARTESIAN_POINT('',(0.282957978659,60.81964104489));
#6129 = CARTESIAN_POINT('',(0.279339699141,60.752659293635));
#6130 = CARTESIAN_POINT('',(0.277628727998,60.720962742815));
#6131 = CARTESIAN_POINT('',(0.275919189578,60.689269042066));
#6132 = CARTESIAN_POINT('',(0.27421108606,60.657578019563));
#6133 = CARTESIAN_POINT('',(0.272504402258,60.625889665403));
#6134 = CARTESIAN_POINT('',(0.270799105619,60.594204131597));
#6135 = CARTESIAN_POINT('',(0.269095146225,60.562521732078));
#6136 = CARTESIAN_POINT('',(0.267392456792,60.530842942696));
#6137 = ( GEOMETRIC_REPRESENTATION_CONTEXT(2) 
PARAMETRIC_REPRESENTATION_CONTEXT() REPRESENTATION_CONTEXT('2D SPACE',''
  ) );
#6138 = PCURVE('',#1890,#6139);
#6139 = DEFINITIONAL_REPRESENTATION('',(#6140),#6234);
#6140 = B_SPLINE_CURVE_WITH_KNOTS('',8,(#6141,#6142,#6143,#6144,#6145,
    #6146,#6147,#6148,#6149,#6150,#6151,#6152,#6153,#6154,#6155,#6156,
    #6157,#6158,#6159,#6160,#6161,#6162,#6163,#6164,#6165,#6166,#6167,
    #6168,#6169,#6170,#6171,#6172,#6173,#6174,#6175,#6176,#6177,#6178,
    #6179,#6180,#6181,#6182,#6183,#6184,#6185,#6186,#6187,#6188,#6189,
    #6190,#6191,#6192,#6193,#6194,#6195,#6196,#6197,#6198,#6199,#6200,
    #6201,#6202,#6203,#6204,#6205,#6206,#6207,#6208,#6209,#6210,#6211,
    #6212,#6213,#6214,#6215,#6216,#6217,#6218,#6219,#6220,#6221,#6222,
    #6223,#6224,#6225,#6226,#6227,#6228,#6229,#6230,#6231,#6232,#6233),
  .UNSPECIFIED.,.F.,.F.,(9,7,7,7,7,7,7,7,7,7,7,7,7,9),(0.,
    7.029665838672E-02,0.163373452037,0.259027153914,0.381055515623,
    0.443615236183,0.477648089938,0.512016114478,0.626743432889,
    0.718606918435,0.859547287267,0.92867813775,0.966246267611,1.),
  .UNSPECIFIED.);
#6141 = CARTESIAN_POINT('',(-6.28318530718,-37.75974736888));
#6142 = CARTESIAN_POINT('',(-6.227468104797,-37.72565705474));
#6143 = CARTESIAN_POINT('',(-6.171757186932,-37.69154712369));
#6144 = CARTESIAN_POINT('',(-6.116058147374,-37.65742108107));
#6145 = CARTESIAN_POINT('',(-6.060371485942,-37.6232793691));
#6146 = CARTESIAN_POINT('',(-6.004695153475,-37.58912090963));
#6147 = CARTESIAN_POINT('',(-5.949027072148,-37.55494463547));
#6148 = CARTESIAN_POINT('',(-5.89336763109,-37.52075101034));
#6149 = CARTESIAN_POINT('',(-5.764044369528,-37.44125088836));
#6150 = CARTESIAN_POINT('',(-5.690369856565,-37.39592092386));
#6151 = CARTESIAN_POINT('',(-5.61672008139,-37.35056732818));
#6152 = CARTESIAN_POINT('',(-5.54309659059,-37.30519160259));
#6153 = CARTESIAN_POINT('',(-5.469491051889,-37.25978902796));
#6154 = CARTESIAN_POINT('',(-5.395895227327,-37.21435473293));
#6155 = CARTESIAN_POINT('',(-5.322310882122,-37.16888986771));
#6156 = CARTESIAN_POINT('',(-5.173172048821,-37.07666669285));
#6157 = CARTESIAN_POINT('',(-5.097586492102,-37.02988706034));
#6158 = CARTESIAN_POINT('',(-5.022028779112,-36.98308498962));
#6159 = CARTESIAN_POINT('',(-4.946498057222,-36.93626000212));
#6160 = CARTESIAN_POINT('',(-4.870986294678,-36.88940722196));
#6161 = CARTESIAN_POINT('',(-4.795485569569,-36.84252196024));
#6162 = CARTESIAN_POINT('',(-4.719995282654,-36.79560423835));
#6163 = CARTESIAN_POINT('',(-4.548282618564,-36.68879612118));
#6164 = CARTESIAN_POINT('',(-4.451998269861,-36.62884302936));
#6165 = CARTESIAN_POINT('',(-4.355776550098,-36.56886706515));
#6166 = CARTESIAN_POINT('',(-4.259608651379,-36.50886387492));
#6167 = CARTESIAN_POINT('',(-4.163471456389,-36.44881980793));
#6168 = CARTESIAN_POINT('',(-4.067342013308,-36.38871978369));
#6169 = CARTESIAN_POINT('',(-3.971212591834,-36.32855805028));
#6170 = CARTESIAN_POINT('',(-3.825935248341,-36.23754531423));
#6171 = CARTESIAN_POINT('',(-3.776704671508,-36.20668750941));
#6172 = CARTESIAN_POINT('',(-3.727483165389,-36.17581943187));
#6173 = CARTESIAN_POINT('',(-3.67827094579,-36.14494135708));
#6174 = CARTESIAN_POINT('',(-3.629066875896,-36.11405285926));
#6175 = CARTESIAN_POINT('',(-3.579869828183,-36.08315364868));
#6176 = CARTESIAN_POINT('',(-3.530680039864,-36.05224429731));
#6177 = CARTESIAN_POINT('',(-3.454746483886,-36.0045075822));
#6178 = CARTESIAN_POINT('',(-3.427994887411,-35.98768548919));
#6179 = CARTESIAN_POINT('',(-3.401245682927,-35.97086065457));
#6180 = CARTESIAN_POINT('',(-3.374498881234,-35.95403309339));
#6181 = CARTESIAN_POINT('',(-3.347754493436,-35.93720275487));
#6182 = CARTESIAN_POINT('',(-3.321012530942,-35.92036952248));
#6183 = CARTESIAN_POINT('',(-3.294273005465,-35.90353321388));
#6184 = CARTESIAN_POINT('',(-3.240535533882,-35.8696881038));
#6185 = CARTESIAN_POINT('',(-3.213537565384,-35.85267880757));
#6186 = CARTESIAN_POINT('',(-3.18654203523,-35.83566589262));
#6187 = CARTESIAN_POINT('',(-3.159548955161,-35.81864956105));
#6188 = CARTESIAN_POINT('',(-3.132558336964,-35.80163001671));
#6189 = CARTESIAN_POINT('',(-3.105570192468,-35.78460746516));
#6190 = CARTESIAN_POINT('',(-3.078584533546,-35.7675821137));
#6191 = CARTESIAN_POINT('',(-2.961526199198,-35.69371150472));
#6192 = CARTESIAN_POINT('',(-2.871437738884,-35.63681276876));
#6193 = CARTESIAN_POINT('',(-2.781398929595,-35.57989959264));
#6194 = CARTESIAN_POINT('',(-2.691404655458,-35.52296418609));
#6195 = CARTESIAN_POINT('',(-2.601437571515,-35.46599463459));
#6196 = CARTESIAN_POINT('',(-2.511480459372,-35.40898056764));
#6197 = CARTESIAN_POINT('',(-2.42152894335,-35.35192009258));
#6198 = CARTESIAN_POINT('',(-2.259676336663,-35.24916121399));
#6199 = CARTESIAN_POINT('',(-2.187710730195,-35.20343942828));
#6200 = CARTESIAN_POINT('',(-2.11576866447,-35.15770162513));
#6201 = CARTESIAN_POINT('',(-2.043851517778,-35.11194908242));
#6202 = CARTESIAN_POINT('',(-1.971951865496,-35.06617729398));
#6203 = CARTESIAN_POINT('',(-1.900062365537,-35.02038160386));
#6204 = CARTESIAN_POINT('',(-1.828184584729,-34.9745629387));
#6205 = CARTESIAN_POINT('',(-1.646107710554,-34.85842062447));
#6206 = CARTESIAN_POINT('',(-1.535808001609,-34.7879916443));
#6207 = CARTESIAN_POINT('',(-1.42561489969,-34.71755897121));
#6208 = CARTESIAN_POINT('',(-1.315503056668,-34.64710705585));
#6209 = CARTESIAN_POINT('',(-1.205431939232,-34.57661106191));
#6210 = CARTESIAN_POINT('',(-1.095361166297,-34.5060463803));
#6211 = CARTESIAN_POINT('',(-0.98526765228,-34.43539840917));
#6212 = CARTESIAN_POINT('',(-0.821403975686,-34.33014419326));
#6213 = CARTESIAN_POINT('',(-0.767486003571,-34.29549477318));
#6214 = CARTESIAN_POINT('',(-0.713579401656,-34.26083628382));
#6215 = CARTESIAN_POINT('',(-0.65968450575,-34.22616895317));
#6216 = CARTESIAN_POINT('',(-0.605799531251,-34.19149162851));
#6217 = CARTESIAN_POINT('',(-0.551922709882,-34.15680315622));
#6218 = CARTESIAN_POINT('',(-0.498054414432,-34.12210376417));
#6219 = CARTESIAN_POINT('',(-0.41493249711,-34.06853527235));
#6220 = CARTESIAN_POINT('',(-0.385668605247,-34.04967111208));
#6221 = CARTESIAN_POINT('',(-0.356407612088,-34.03080397714));
#6222 = CARTESIAN_POINT('',(-0.327149534318,-34.01193388095));
#6223 = CARTESIAN_POINT('',(-0.29789438912,-33.993060839));
#6224 = CARTESIAN_POINT('',(-0.268642194174,-33.97418486883));
#6225 = CARTESIAN_POINT('',(-0.23939296766,-33.95530599007));
#6226 = CARTESIAN_POINT('',(-0.183869941471,-33.9194595773));
#6227 = CARTESIAN_POINT('',(-0.157595784501,-33.90249274089));
#6228 = CARTESIAN_POINT('',(-0.131323981081,-33.88552354394));
#6229 = CARTESIAN_POINT('',(-0.105054389264,-33.86855190291));
#6230 = CARTESIAN_POINT('',(-7.878700141179E-02,-33.85157782192));
#6231 = CARTESIAN_POINT('',(-5.252194420354E-02,-33.83460139279));
#6232 = CARTESIAN_POINT('',(-2.6259478631E-02,-33.81762279501));
#6233 = CARTESIAN_POINT('',(0.,-33.80064229576));
#6234 = ( GEOMETRIC_REPRESENTATION_CONTEXT(2) 
PARAMETRIC_REPRESENTATION_CONTEXT() REPRESENTATION_CONTEXT('2D SPACE',''
  ) );
#6235 = ORIENTED_EDGE('',*,*,#1361,.T.);
#6236 = ORIENTED_EDGE('',*,*,#2970,.T.);
#6237 = ADVANCED_FACE('',(#6238),#1890,.T.);
#6238 = FACE_BOUND('',#6239,.T.);
#6239 = EDGE_LOOP('',(#6240,#6241,#6242,#6243,#6264));
#6240 = ORIENTED_EDGE('',*,*,#1874,.F.);
#6241 = ORIENTED_EDGE('',*,*,#5945,.F.);
#6242 = ORIENTED_EDGE('',*,*,#3874,.T.);
#6243 = ORIENTED_EDGE('',*,*,#6244,.T.);
#6244 = EDGE_CURVE('',#3875,#5436,#6245,.T.);
#6245 = SURFACE_CURVE('',#6246,(#6250,#6257),.PCURVE_S1.);
#6246 = LINE('',#6247,#6248);
#6247 = CARTESIAN_POINT('',(22.5,0.,0.));
#6248 = VECTOR('',#6249,1.);
#6249 = DIRECTION('',(-9.025513011633E-02,0.,0.995918677146));
#6250 = PCURVE('',#1890,#6251);
#6251 = DEFINITIONAL_REPRESENTATION('',(#6252),#6256);
#6252 = LINE('',#6253,#6254);
#6253 = CARTESIAN_POINT('',(-6.28318530718,-0.));
#6254 = VECTOR('',#6255,1.);
#6255 = DIRECTION('',(-0.,-1.));
#6256 = ( GEOMETRIC_REPRESENTATION_CONTEXT(2) 
PARAMETRIC_REPRESENTATION_CONTEXT() REPRESENTATION_CONTEXT('2D SPACE',''
  ) );
#6257 = PCURVE('',#4293,#6258);
#6258 = DEFINITIONAL_REPRESENTATION('',(#6259),#6263);
#6259 = LINE('',#6260,#6261);
#6260 = CARTESIAN_POINT('',(-0.,-0.));
#6261 = VECTOR('',#6262,1.);
#6262 = DIRECTION('',(-0.,-1.));
#6263 = ( GEOMETRIC_REPRESENTATION_CONTEXT(2) 
PARAMETRIC_REPRESENTATION_CONTEXT() REPRESENTATION_CONTEXT('2D SPACE',''
  ) );
#6264 = ORIENTED_EDGE('',*,*,#5695,.T.);
#6265 = ADVANCED_FACE('',(#6266),#862,.T.);
#6266 = FACE_BOUND('',#6267,.T.);
#6267 = EDGE_LOOP('',(#6268,#6269,#6288,#6289,#6290));
#6268 = ORIENTED_EDGE('',*,*,#3693,.F.);
#6269 = ORIENTED_EDGE('',*,*,#6270,.T.);
#6270 = EDGE_CURVE('',#3668,#5053,#6271,.T.);
#6271 = SURFACE_CURVE('',#6272,(#6275,#6282),.PCURVE_S1.);
#6272 = B_SPLINE_CURVE_WITH_KNOTS('',1,(#6273,#6274),.UNSPECIFIED.,.F.,
  .F.,(2,2),(0.,2.664111107107),.PIECEWISE_BEZIER_KNOTS.);
#6273 = CARTESIAN_POINT('',(19.6,-1.332055553553,2.22044604925E-16));
#6274 = CARTESIAN_POINT('',(19.6,1.332055553553,4.440892098501E-16));
#6275 = PCURVE('',#862,#6276);
#6276 = DEFINITIONAL_REPRESENTATION('',(#6277),#6281);
#6277 = LINE('',#6278,#6279);
#6278 = CARTESIAN_POINT('',(0.,0.));
#6279 = VECTOR('',#6280,1.);
#6280 = DIRECTION('',(1.,0.));
#6281 = ( GEOMETRIC_REPRESENTATION_CONTEXT(2) 
PARAMETRIC_REPRESENTATION_CONTEXT() REPRESENTATION_CONTEXT('2D SPACE',''
  ) );
#6282 = PCURVE('',#3682,#6283);
#6283 = DEFINITIONAL_REPRESENTATION('',(#6284),#6287);
#6284 = B_SPLINE_CURVE_WITH_KNOTS('',1,(#6285,#6286),.UNSPECIFIED.,.F.,
  .F.,(2,2),(0.,2.664111107107),.PIECEWISE_BEZIER_KNOTS.);
#6285 = CARTESIAN_POINT('',(-0.923697492617,1.332055553553));
#6286 = CARTESIAN_POINT('',(-0.923697492617,-1.332055553553));
#6287 = ( GEOMETRIC_REPRESENTATION_CONTEXT(2) 
PARAMETRIC_REPRESENTATION_CONTEXT() REPRESENTATION_CONTEXT('2D SPACE',''
  ) );
#6288 = ORIENTED_EDGE('',*,*,#5052,.T.);
#6289 = ORIENTED_EDGE('',*,*,#2446,.T.);
#6290 = ORIENTED_EDGE('',*,*,#512,.T.);
#6291 = ADVANCED_FACE('',(#6292),#3335,.T.);
#6292 = FACE_BOUND('',#6293,.T.);
#6293 = EDGE_LOOP('',(#6294,#6295,#6314,#6315,#6603));
#6294 = ORIENTED_EDGE('',*,*,#5254,.F.);
#6295 = ORIENTED_EDGE('',*,*,#6296,.T.);
#6296 = EDGE_CURVE('',#5234,#3160,#6297,.T.);
#6297 = SURFACE_CURVE('',#6298,(#6301,#6308),.PCURVE_S1.);
#6298 = B_SPLINE_CURVE_WITH_KNOTS('',1,(#6299,#6300),.UNSPECIFIED.,.F.,
  .F.,(2,2),(0.,1.569296666667),.PIECEWISE_BEZIER_KNOTS.);
#6299 = CARTESIAN_POINT('',(19.6,0.784648333333,2.116666666667));
#6300 = CARTESIAN_POINT('',(19.6,-0.784648333333,2.116666666667));
#6301 = PCURVE('',#3335,#6302);
#6302 = DEFINITIONAL_REPRESENTATION('',(#6303),#6307);
#6303 = LINE('',#6304,#6305);
#6304 = CARTESIAN_POINT('',(0.,0.));
#6305 = VECTOR('',#6306,1.);
#6306 = DIRECTION('',(1.,0.));
#6307 = ( GEOMETRIC_REPRESENTATION_CONTEXT(2) 
PARAMETRIC_REPRESENTATION_CONTEXT() REPRESENTATION_CONTEXT('2D SPACE',''
  ) );
#6308 = PCURVE('',#3682,#6309);
#6309 = DEFINITIONAL_REPRESENTATION('',(#6310),#6313);
#6310 = B_SPLINE_CURVE_WITH_KNOTS('',1,(#6311,#6312),.UNSPECIFIED.,.F.,
  .F.,(2,2),(0.,1.569296666667),.PIECEWISE_BEZIER_KNOTS.);
#6311 = CARTESIAN_POINT('',(1.19296917405,-0.784648333333));
#6312 = CARTESIAN_POINT('',(1.19296917405,0.784648333333));
#6313 = ( GEOMETRIC_REPRESENTATION_CONTEXT(2) 
PARAMETRIC_REPRESENTATION_CONTEXT() REPRESENTATION_CONTEXT('2D SPACE',''
  ) );
#6314 = ORIENTED_EDGE('',*,*,#3159,.T.);
#6315 = ORIENTED_EDGE('',*,*,#6316,.T.);
#6316 = EDGE_CURVE('',#3162,#4382,#6317,.T.);
#6317 = SURFACE_CURVE('',#6318,(#6411,#6507),.PCURVE_S1.);
#6318 = B_SPLINE_CURVE_WITH_KNOTS('',7,(#6319,#6320,#6321,#6322,#6323,
    #6324,#6325,#6326,#6327,#6328,#6329,#6330,#6331,#6332,#6333,#6334,
    #6335,#6336,#6337,#6338,#6339,#6340,#6341,#6342,#6343,#6344,#6345,
    #6346,#6347,#6348,#6349,#6350,#6351,#6352,#6353,#6354,#6355,#6356,
    #6357,#6358,#6359,#6360,#6361,#6362,#6363,#6364,#6365,#6366,#6367,
    #6368,#6369,#6370,#6371,#6372,#6373,#6374,#6375,#6376,#6377,#6378,
    #6379,#6380,#6381,#6382,#6383,#6384,#6385,#6386,#6387,#6388,#6389,
    #6390,#6391,#6392,#6393,#6394,#6395,#6396,#6397,#6398,#6399,#6400,
    #6401,#6402,#6403,#6404,#6405,#6406,#6407,#6408,#6409,#6410),
  .UNSPECIFIED.,.F.,.F.,(8,6,6,6,6,6,6,6,6,6,6,6,6,6,6,8),(0.,
    4.096408961015E-02,6.281169375004E-02,7.097265252979E-02,
    7.620776724957E-02,8.034915195552E-02,8.582546697744E-02,
    9.496486968234E-02,0.106266538108,0.121232857411,0.14184739727,
    0.205446200435,0.310868346383,0.452131504202,0.693501055266,1.),
  .UNSPECIFIED.);
#6319 = CARTESIAN_POINT('',(17.342650732016,-6.340337847085,
    44.520793423228));
#6320 = CARTESIAN_POINT('',(17.35572298679,-6.30412075847,44.52253896958
    ));
#6321 = CARTESIAN_POINT('',(17.368607589637,-6.268141645726,
    44.524293942558));
#6322 = CARTESIAN_POINT('',(17.381302221504,-6.232413505984,
    44.526061504981));
#6323 = CARTESIAN_POINT('',(17.393788139917,-6.196994367781,
    44.527843443146));
#6324 = CARTESIAN_POINT('',(17.406018557968,-6.16202504394,
    44.529640857197));
#6325 = CARTESIAN_POINT('',(17.417932653628,-6.127691599777,
    44.531453453112));
#6326 = CARTESIAN_POINT('',(17.435516274763,-6.076633520765,
    44.534259871963));
#6327 = CARTESIAN_POINT('',(17.441490575905,-6.059211279806,
    44.535238693997));
#6328 = CARTESIAN_POINT('',(17.44731727216,-6.042146975371,
    44.536222664836));
#6329 = CARTESIAN_POINT('',(17.452967685422,-6.025527546446,
    44.537211829154));
#6330 = CARTESIAN_POINT('',(17.458382158563,-6.009532488246,
    44.53820364843));
#6331 = CARTESIAN_POINT('',(17.46347871751,-5.994411029907,
    44.539193154977));
#6332 = CARTESIAN_POINT('',(17.469844247576,-5.975442129451,
    44.540538805706));
#6333 = CARTESIAN_POINT('',(17.471509259874,-5.970471289706,
    44.540903052069));
#6334 = CARTESIAN_POINT('',(17.47310042557,-5.965711722374,
    44.541265107442));
#6335 = CARTESIAN_POINT('',(17.474607258214,-5.961195196742,
    44.541624121598));
#6336 = CARTESIAN_POINT('',(17.476016934371,-5.956960561056,
    44.541978896808));
#6337 = CARTESIAN_POINT('',(17.477314717675,-5.953052489643,
    44.542327908754));
#6338 = CARTESIAN_POINT('',(17.479234703008,-5.947254346224,
    44.542888341673));
#6339 = CARTESIAN_POINT('',(17.479932186295,-5.945143458412,
    44.543104196628));
#6340 = CARTESIAN_POINT('',(17.480572478142,-5.943200780219,
    44.543316367824));
#6341 = CARTESIAN_POINT('',(17.48115089038,-5.941440547088,
    44.543524242879));
#6342 = CARTESIAN_POINT('',(17.481662728159,-5.939877029286,
    44.543727146544));
#6343 = CARTESIAN_POINT('',(17.482103616809,-5.938523544896,
    44.543924365727));
#6344 = CARTESIAN_POINT('',(17.482759530957,-5.936495915372,
    44.544266119177));
#6345 = CARTESIAN_POINT('',(17.483002565205,-5.935738720102,
    44.544413067202));
#6346 = CARTESIAN_POINT('',(17.483196965524,-5.935125888034,
    44.544555633152));
#6347 = CARTESIAN_POINT('',(17.483341243674,-5.934661978719,
    44.544693467193));
#6348 = CARTESIAN_POINT('',(17.483434389126,-5.934350110231,
    44.544826255095));
#6349 = CARTESIAN_POINT('',(17.48347586906,-5.934191959172,
    44.544953718233));
#6350 = CARTESIAN_POINT('',(17.48345208669,-5.93418220882,
    44.545236800584));
#6351 = CARTESIAN_POINT('',(17.483348169975,-5.934445654518,
    44.545388293464));
#6352 = CARTESIAN_POINT('',(17.483153901962,-5.934978193183,
    44.545529524164));
#6353 = CARTESIAN_POINT('',(17.482871163538,-5.935774273892,
    44.545660198452));
#6354 = CARTESIAN_POINT('',(17.482503307871,-5.936823868013,
    44.545780248677));
#6355 = CARTESIAN_POINT('',(17.482054775568,-5.938113637847,
    44.545889786528));
#6356 = CARTESIAN_POINT('',(17.480656098332,-5.942155594533,
    44.546154725902));
#6357 = CARTESIAN_POINT('',(17.479571272968,-5.945308447258,
    44.546291761774));
#6358 = CARTESIAN_POINT('',(17.478299161387,-5.949017538232,
    44.546401574286));
#6359 = CARTESIAN_POINT('',(17.476865348661,-5.953205429142,
    44.546486477362));
#6360 = CARTESIAN_POINT('',(17.475293651978,-5.957799945376,
    44.546548992678));
#6361 = CARTESIAN_POINT('',(17.473603662091,-5.962741638498,
    44.546591464225));
#6362 = CARTESIAN_POINT('',(17.469592542881,-5.974469174219,
    44.546646301994));
#6363 = CARTESIAN_POINT('',(17.467218103932,-5.98141058445,
    44.546649153632));
#6364 = CARTESIAN_POINT('',(17.464714865679,-5.98872411943,
    44.546628504033));
#6365 = CARTESIAN_POINT('',(17.462105081666,-5.996341907857,
    44.546587600874));
#6366 = CARTESIAN_POINT('',(17.459405803507,-6.004211896698,
    44.546529071192));
#6367 = CARTESIAN_POINT('',(17.456629356447,-6.012296295143,
    44.546455019447));
#6368 = CARTESIAN_POINT('',(17.450015585201,-6.031526558954,
    44.546250731507));
#6369 = CARTESIAN_POINT('',(17.446128883875,-6.042807255246,
    44.54611015344));
#6370 = CARTESIAN_POINT('',(17.442144631234,-6.05434759386,
    44.545949305438));
#6371 = CARTESIAN_POINT('',(17.438078583881,-6.066099062288,
    44.54577115232));
#6372 = CARTESIAN_POINT('',(17.433942205263,-6.078026339,44.545577925959
    ));
#6373 = CARTESIAN_POINT('',(17.429743536189,-6.090104483356,
    44.545371341549));
#6374 = CARTESIAN_POINT('',(17.41962659924,-6.119136385637,
    44.544851814878));
#6375 = CARTESIAN_POINT('',(17.413659477216,-6.136203870058,
    44.54452825934));
#6376 = CARTESIAN_POINT('',(17.407602479928,-6.153469264882,
    44.544185774965));
#6377 = CARTESIAN_POINT('',(17.401467388962,-6.170895842996,
    44.543827070187));
#6378 = CARTESIAN_POINT('',(17.395262722615,-6.188457026544,
    44.54345415808));
#6379 = CARTESIAN_POINT('',(17.38899447168,-6.206133949432,
    44.543068580261));
#6380 = CARTESIAN_POINT('',(17.36314517193,-6.278763994176,
    44.541446984904));
#6381 = CARTESIAN_POINT('',(17.34307232005,-6.334547825796,
    44.540114915779));
#6382 = CARTESIAN_POINT('',(17.322569708575,-6.390873981069,
    44.538712000861));
#6383 = CARTESIAN_POINT('',(17.301691848358,-6.447569300067,
    44.537252570979));
#6384 = CARTESIAN_POINT('',(17.280481523632,-6.504500047864,
    44.535749300101));
#6385 = CARTESIAN_POINT('',(17.258954584682,-6.561613085088,
    44.534208667694));
#6386 = CARTESIAN_POINT('',(17.200904051014,-6.713847006902,
    44.530027239556));
#6387 = CARTESIAN_POINT('',(17.163863652743,-6.809169851644,
    44.527331737526));
#6388 = CARTESIAN_POINT('',(17.12605005494,-6.904660620339,
    44.52457315994));
#6389 = CARTESIAN_POINT('',(17.087496085016,-7.000210765732,
    44.521763271289));
#6390 = CARTESIAN_POINT('',(17.048226601816,-7.095739884051,
    44.518911474442));
#6391 = CARTESIAN_POINT('',(17.008254585507,-7.191203571965,
    44.516023626401));
#6392 = CARTESIAN_POINT('',(16.913087105775,-7.414380307422,
    44.509191923309));
#6393 = CARTESIAN_POINT('',(16.857346753758,-7.541998460069,
    44.505223596576));
#6394 = CARTESIAN_POINT('',(16.80038793704,-7.669348180333,
    44.501210277177));
#6395 = CARTESIAN_POINT('',(16.742229030144,-7.796369584297,
    44.49715906862));
#6396 = CARTESIAN_POINT('',(16.682884638166,-7.92301746194,
    44.493075080506));
#6397 = CARTESIAN_POINT('',(16.622366497006,-8.049256067639,
    44.488962415354));
#6398 = CARTESIAN_POINT('',(16.45528665491,-8.390014141362,
    44.477753018144));
#6399 = CARTESIAN_POINT('',(16.346493495648,-8.603686313211,
    44.470607404504));
#6400 = CARTESIAN_POINT('',(16.234351866867,-8.815932429985,
    44.463402701268));
#6401 = CARTESIAN_POINT('',(16.118905389793,-9.026639898702,
    44.45614849045));
#6402 = CARTESIAN_POINT('',(16.000195161535,-9.235713539358,
    44.448851587678));
#6403 = CARTESIAN_POINT('',(15.878260377172,-9.443069054891,
    44.441517499239));
#6404 = CARTESIAN_POINT('',(15.594251488195,-9.909666383059,
    44.424794939993));
#6405 = CARTESIAN_POINT('',(15.430228222516,-10.16780514598,
    44.415386375533));
#6406 = CARTESIAN_POINT('',(15.261146296188,-10.42289311013,
    44.405933050018));
#6407 = CARTESIAN_POINT('',(15.087086241792,-10.67478717707,
    44.396440919933));
#6408 = CARTESIAN_POINT('',(14.9081305711,-10.92335358843,
    44.386914513084));
#6409 = CARTESIAN_POINT('',(14.72436382463,-11.16846553226,
    44.377357536025));
#6410 = CARTESIAN_POINT('',(14.535872237515,-11.41000278635,
    44.367772920717));
#6411 = PCURVE('',#3335,#6412);
#6412 = DEFINITIONAL_REPRESENTATION('',(#6413),#6506);
#6413 = B_SPLINE_CURVE_WITH_KNOTS('',7,(#6414,#6415,#6416,#6417,#6418,
    #6419,#6420,#6421,#6422,#6423,#6424,#6425,#6426,#6427,#6428,#6429,
    #6430,#6431,#6432,#6433,#6434,#6435,#6436,#6437,#6438,#6439,#6440,
    #6441,#6442,#6443,#6444,#6445,#6446,#6447,#6448,#6449,#6450,#6451,
    #6452,#6453,#6454,#6455,#6456,#6457,#6458,#6459,#6460,#6461,#6462,
    #6463,#6464,#6465,#6466,#6467,#6468,#6469,#6470,#6471,#6472,#6473,
    #6474,#6475,#6476,#6477,#6478,#6479,#6480,#6481,#6482,#6483,#6484,
    #6485,#6486,#6487,#6488,#6489,#6490,#6491,#6492,#6493,#6494,#6495,
    #6496,#6497,#6498,#6499,#6500,#6501,#6502,#6503,#6504,#6505),
  .UNSPECIFIED.,.F.,.F.,(8,6,6,6,6,6,6,6,6,6,6,6,6,6,6,8),(0.,
    4.096408961015E-02,6.281169375004E-02,7.097265252979E-02,
    7.620776724957E-02,8.034915195552E-02,8.582546697744E-02,
    9.496486968234E-02,0.106266538108,0.121232857411,0.14184739727,
    0.205446200435,0.310868346383,0.452131504202,0.693501055266,1.),
  .UNSPECIFIED.);
#6414 = CARTESIAN_POINT('',(1.569296666667,82.958475817978));
#6415 = CARTESIAN_POINT('',(1.554587769514,82.960031376181));
#6416 = CARTESIAN_POINT('',(1.539222332907,82.961525395328));
#6417 = CARTESIAN_POINT('',(1.523077329626,82.962949026443));
#6418 = CARTESIAN_POINT('',(1.506020801751,82.964289707968));
#6419 = CARTESIAN_POINT('',(1.487842102311,82.965524042667));
#6420 = CARTESIAN_POINT('',(1.468322904953,82.966625039766));
#6421 = CARTESIAN_POINT('',(1.435455817594,82.968009313296));
#6422 = CARTESIAN_POINT('',(1.423506388524,82.968433261577));
#6423 = CARTESIAN_POINT('',(1.410929765516,82.968791106907));
#6424 = CARTESIAN_POINT('',(1.3976174638,82.969069803947));
#6425 = CARTESIAN_POINT('',(1.383435244197,82.969248255433));
#6426 = CARTESIAN_POINT('',(1.36824634124,82.969300418325));
#6427 = CARTESIAN_POINT('',(1.345613360818,82.969132010272));
#6428 = CARTESIAN_POINT('',(1.339283998067,82.969061855341));
#6429 = CARTESIAN_POINT('',(1.33276803667,82.968964927035));
#6430 = CARTESIAN_POINT('',(1.326055441222,82.968838386764));
#6431 = CARTESIAN_POINT('',(1.319139343703,82.968679115526));
#6432 = CARTESIAN_POINT('',(1.312016873235,82.96848385435));
#6433 = CARTESIAN_POINT('',(1.29998991355,82.968098910844));
#6434 = CARTESIAN_POINT('',(1.295206478083,82.967932351337));
#6435 = CARTESIAN_POINT('',(1.29034134918,82.96774886651));
#6436 = CARTESIAN_POINT('',(1.285397945039,82.967547700409));
#6437 = CARTESIAN_POINT('',(1.280381792038,82.967328232168));
#6438 = CARTESIAN_POINT('',(1.275300884475,82.967090067344));
#6439 = CARTESIAN_POINT('',(1.266103984617,82.966629871162));
#6440 = CARTESIAN_POINT('',(1.262007904494,82.966414860784));
#6441 = CARTESIAN_POINT('',(1.257883600468,82.966188063498));
#6442 = CARTESIAN_POINT('',(1.253737426679,82.965949580183));
#6443 = CARTESIAN_POINT('',(1.249576294882,82.965699647219));
#6444 = CARTESIAN_POINT('',(1.245407674448,82.965438636492));
#6445 = CARTESIAN_POINT('',(1.235727974352,82.964807933065));
#6446 = CARTESIAN_POINT('',(1.230216121003,82.964430264645));
#6447 = CARTESIAN_POINT('',(1.22472335604,82.964035303969));
#6448 = CARTESIAN_POINT('',(1.219266587835,82.96362453562));
#6449 = CARTESIAN_POINT('',(1.213860487038,82.963199606155));
#6450 = CARTESIAN_POINT('',(1.208517664201,82.962762255335));
#6451 = CARTESIAN_POINT('',(1.194455737737,82.961566568434));
#6452 = CARTESIAN_POINT('',(1.185870492851,82.960789352899));
#6453 = CARTESIAN_POINT('',(1.177529989284,82.959989759632));
#6454 = CARTESIAN_POINT('',(1.169450430739,82.959174170201));
#6455 = CARTESIAN_POINT('',(1.161634430135,82.958347717894));
#6456 = CARTESIAN_POINT('',(1.154075002781,82.957514034862));
#6457 = CARTESIAN_POINT('',(1.137706467552,82.955637946392));
#6458 = CARTESIAN_POINT('',(1.129030439568,82.95459347483));
#6459 = CARTESIAN_POINT('',(1.120697612577,82.953545654783));
#6460 = CARTESIAN_POINT('',(1.112680425864,82.952497354161));
#6461 = CARTESIAN_POINT('',(1.104953077721,82.951450468109));
#6462 = CARTESIAN_POINT('',(1.097490070994,82.950405930438));
#6463 = CARTESIAN_POINT('',(1.080696584508,82.947983576746));
#6464 = CARTESIAN_POINT('',(1.071551867484,82.946608492393));
#6465 = CARTESIAN_POINT('',(1.062776039771,82.945239343887));
#6466 = CARTESIAN_POINT('',(1.05432733904,82.943876739686));
#6467 = CARTESIAN_POINT('',(1.046172849797,82.942520958896));
#6468 = CARTESIAN_POINT('',(1.03828454473,82.941171885352));
#6469 = CARTESIAN_POINT('',(1.020099327183,82.937979177264));
#6470 = CARTESIAN_POINT('',(1.01002091736,82.936141720999));
#6471 = CARTESIAN_POINT('',(1.000336545359,82.934315810097));
#6472 = CARTESIAN_POINT('',(0.990998655473,82.93250086174));
#6473 = CARTESIAN_POINT('',(0.981971005691,82.930696334202));
#6474 = CARTESIAN_POINT('',(0.973223985892,82.928901587942));
#6475 = CARTESIAN_POINT('',(0.938524577588,82.921606171072));
#6476 = CARTESIAN_POINT('',(0.914748107847,82.916185459952));
#6477 = CARTESIAN_POINT('',(0.892626734578,82.910829816616));
#6478 = CARTESIAN_POINT('',(0.871881473351,82.905532838365));
#6479 = CARTESIAN_POINT('',(0.852241894343,82.900285995673));
#6480 = CARTESIAN_POINT('',(0.833549994514,82.895082535658));
#6481 = CARTESIAN_POINT('',(0.786008686193,82.881345991098));
#6482 = CARTESIAN_POINT('',(0.758594014157,82.872882134414));
#6483 = CARTESIAN_POINT('',(0.73282532957,82.864497108439));
#6484 = CARTESIAN_POINT('',(0.708426810049,82.856179983743));
#6485 = CARTESIAN_POINT('',(0.685169172207,82.847920955984));
#6486 = CARTESIAN_POINT('',(0.66289998169,82.83971275172));
#6487 = CARTESIAN_POINT('',(0.612803880885,82.820607773963));
#6488 = CARTESIAN_POINT('',(0.585667143262,82.809747822471));
#6489 = CARTESIAN_POINT('',(0.559787081818,82.798954079039));
#6490 = CARTESIAN_POINT('',(0.534978748082,82.788217708652));
#6491 = CARTESIAN_POINT('',(0.511107651395,82.777532177912));
#6492 = CARTESIAN_POINT('',(0.488062131924,82.766891795224));
#6493 = CARTESIAN_POINT('',(0.427644154964,82.73818028582));
#6494 = CARTESIAN_POINT('',(0.39169245369,82.720187730224));
#6495 = CARTESIAN_POINT('',(0.357472104687,82.702291772992));
#6496 = CARTESIAN_POINT('',(0.324719370534,82.684478751644));
#6497 = CARTESIAN_POINT('',(0.293244977848,82.666738740231));
#6498 = CARTESIAN_POINT('',(0.262891820748,82.649063210274));
#6499 = CARTESIAN_POINT('',(0.196271586581,82.60907368976));
#6500 = CARTESIAN_POINT('',(0.160618517152,82.586795496556));
#6501 = CARTESIAN_POINT('',(0.12633613786,82.564597289265));
#6502 = CARTESIAN_POINT('',(9.325310301466E-02,82.542469662634));
#6503 = CARTESIAN_POINT('',(6.123834726901E-02,82.520405364565));
#6504 = CARTESIAN_POINT('',(3.018317449592E-02,82.498398286443));
#6505 = CARTESIAN_POINT('',(0.,82.476443399351));
#6506 = ( GEOMETRIC_REPRESENTATION_CONTEXT(2) 
PARAMETRIC_REPRESENTATION_CONTEXT() REPRESENTATION_CONTEXT('2D SPACE',''
  ) );
#6507 = PCURVE('',#4293,#6508);
#6508 = DEFINITIONAL_REPRESENTATION('',(#6509),#6602);
#6509 = B_SPLINE_CURVE_WITH_KNOTS('',7,(#6510,#6511,#6512,#6513,#6514,
    #6515,#6516,#6517,#6518,#6519,#6520,#6521,#6522,#6523,#6524,#6525,
    #6526,#6527,#6528,#6529,#6530,#6531,#6532,#6533,#6534,#6535,#6536,
    #6537,#6538,#6539,#6540,#6541,#6542,#6543,#6544,#6545,#6546,#6547,
    #6548,#6549,#6550,#6551,#6552,#6553,#6554,#6555,#6556,#6557,#6558,
    #6559,#6560,#6561,#6562,#6563,#6564,#6565,#6566,#6567,#6568,#6569,
    #6570,#6571,#6572,#6573,#6574,#6575,#6576,#6577,#6578,#6579,#6580,
    #6581,#6582,#6583,#6584,#6585,#6586,#6587,#6588,#6589,#6590,#6591,
    #6592,#6593,#6594,#6595,#6596,#6597,#6598,#6599,#6600,#6601),
  .UNSPECIFIED.,.F.,.F.,(8,6,6,6,6,6,6,6,6,6,6,6,6,6,6,8),(0.,
    4.096408961015E-02,6.281169375004E-02,7.097265252979E-02,
    7.620776724957E-02,8.034915195552E-02,8.582546697744E-02,
    9.496486968234E-02,0.106266538108,0.121232857411,0.14184739727,
    0.205446200435,0.310868346383,0.452131504202,0.693501055266,1.),
  .UNSPECIFIED.);
#6510 = CARTESIAN_POINT('',(-5.932687971574,-44.52079342322));
#6511 = CARTESIAN_POINT('',(-5.934773164445,-44.52253896958));
#6512 = CARTESIAN_POINT('',(-5.936842805405,-44.52429394255));
#6513 = CARTESIAN_POINT('',(-5.938896204869,-44.52606150498));
#6514 = CARTESIAN_POINT('',(-5.940930076786,-44.52784344314));
#6515 = CARTESIAN_POINT('',(-5.942936401166,-44.52964085719));
#6516 = CARTESIAN_POINT('',(-5.944904592628,-44.53145345311));
#6517 = CARTESIAN_POINT('',(-5.947829198877,-44.53425987196));
#6518 = CARTESIAN_POINT('',(-5.948826697479,-44.53523869399));
#6519 = CARTESIAN_POINT('',(-5.949803271178,-44.53622266483));
#6520 = CARTESIAN_POINT('',(-5.950753963811,-44.53721182915));
#6521 = CARTESIAN_POINT('',(-5.951668532924,-44.53820364843));
#6522 = CARTESIAN_POINT('',(-5.952532770523,-44.53919315497));
#6523 = CARTESIAN_POINT('',(-5.953616425017,-44.5405388057));
#6524 = CARTESIAN_POINT('',(-5.953900345986,-44.54090305206));
#6525 = CARTESIAN_POINT('',(-5.954172146857,-44.54126510744));
#6526 = CARTESIAN_POINT('',(-5.954430015689,-44.54162412159));
#6527 = CARTESIAN_POINT('',(-5.954671736766,-44.5419788968));
#6528 = CARTESIAN_POINT('',(-5.954894762219,-44.54232790875));
#6529 = CARTESIAN_POINT('',(-5.955225556197,-44.54288834167));
#6530 = CARTESIAN_POINT('',(-5.955345959888,-44.54310419662));
#6531 = CARTESIAN_POINT('',(-5.955456741195,-44.54331636782));
#6532 = CARTESIAN_POINT('',(-5.955557088354,-44.54352424287));
#6533 = CARTESIAN_POINT('',(-5.955646187696,-44.54372714654));
#6534 = CARTESIAN_POINT('',(-5.955723279952,-44.54392436572));
#6535 = CARTESIAN_POINT('',(-5.955838690976,-44.54426611917));
#6536 = CARTESIAN_POINT('',(-5.955881756746,-44.5444130672));
#6537 = CARTESIAN_POINT('',(-5.955916571851,-44.54455563315));
#6538 = CARTESIAN_POINT('',(-5.955942876504,-44.54469346719));
#6539 = CARTESIAN_POINT('',(-5.955960493169,-44.54482625509));
#6540 = CARTESIAN_POINT('',(-5.955969326553,-44.54495371823));
#6541 = CARTESIAN_POINT('',(-5.955969412626,-44.54523680058));
#6542 = CARTESIAN_POINT('',(-5.955954091954,-44.54538829346));
#6543 = CARTESIAN_POINT('',(-5.955923397067,-44.54552952416));
#6544 = CARTESIAN_POINT('',(-5.955877645366,-44.54566019845));
#6545 = CARTESIAN_POINT('',(-5.955817409544,-44.54578024867));
#6546 = CARTESIAN_POINT('',(-5.955743450957,-44.54588978652));
#6547 = CARTESIAN_POINT('',(-5.955511796137,-44.5461547259));
#6548 = CARTESIAN_POINT('',(-5.95533120565,-44.54629176177));
#6549 = CARTESIAN_POINT('',(-5.955118825924,-44.54640157428));
#6550 = CARTESIAN_POINT('',(-5.95487907406,-44.54648647736));
#6551 = CARTESIAN_POINT('',(-5.954616066439,-44.54654899267));
#6552 = CARTESIAN_POINT('',(-5.954333193148,-44.54659146422));
#6553 = CARTESIAN_POINT('',(-5.953661875067,-44.54664630199));
#6554 = CARTESIAN_POINT('',(-5.953264523314,-44.54664915363));
#6555 = CARTESIAN_POINT('',(-5.952845843383,-44.54662850403));
#6556 = CARTESIAN_POINT('',(-5.952409703662,-44.54658760087));
#6557 = CARTESIAN_POINT('',(-5.951959070645,-44.54652907119));
#6558 = CARTESIAN_POINT('',(-5.951496097016,-44.54645501944));
#6559 = CARTESIAN_POINT('',(-5.950394660964,-44.5462507315));
#6560 = CARTESIAN_POINT('',(-5.949748423222,-44.54611015344));
#6561 = CARTESIAN_POINT('',(-5.949087169168,-44.54594930543));
#6562 = CARTESIAN_POINT('',(-5.948413660805,-44.54577115232));
#6563 = CARTESIAN_POINT('',(-5.94772990878,-44.54557792595));
#6564 = CARTESIAN_POINT('',(-5.947037331683,-44.54537134154));
#6565 = CARTESIAN_POINT('',(-5.945372165068,-44.54485181487));
#6566 = CARTESIAN_POINT('',(-5.944392889072,-44.54452825934));
#6567 = CARTESIAN_POINT('',(-5.94340188974,-44.54418577496));
#6568 = CARTESIAN_POINT('',(-5.942401254171,-44.54382707018));
#6569 = CARTESIAN_POINT('',(-5.94139249202,-44.54345415808));
#6570 = CARTESIAN_POINT('',(-5.940376673339,-44.54306858026));
#6571 = CARTESIAN_POINT('',(-5.936201220472,-44.5414469849));
#6572 = CARTESIAN_POINT('',(-5.932990287683,-44.54011491577));
#6573 = CARTESIAN_POINT('',(-5.929743856049,-44.53871200086));
#6574 = CARTESIAN_POINT('',(-5.926471695133,-44.53725257097));
#6575 = CARTESIAN_POINT('',(-5.923181347985,-44.5357493001));
#6576 = CARTESIAN_POINT('',(-5.919875754271,-44.53420866769));
#6577 = CARTESIAN_POINT('',(-5.911051881296,-44.53002723955));
#6578 = CARTESIAN_POINT('',(-5.905513462183,-44.52733173752));
#6579 = CARTESIAN_POINT('',(-5.899951445552,-44.52457315994));
#6580 = CARTESIAN_POINT('',(-5.894371675819,-44.52176327128));
#6581 = CARTESIAN_POINT('',(-5.888778414913,-44.51891147444));
#6582 = CARTESIAN_POINT('',(-5.88317386997,-44.5160236264));
#6583 = CARTESIAN_POINT('',(-5.870035144448,-44.5091919233));
#6584 = CARTESIAN_POINT('',(-5.862494191564,-44.50522359657));
#6585 = CARTESIAN_POINT('',(-5.854940210013,-44.50121027717));
#6586 = CARTESIAN_POINT('',(-5.847375869494,-44.49715906862));
#6587 = CARTESIAN_POINT('',(-5.839803021238,-44.4930750805));
#6588 = CARTESIAN_POINT('',(-5.832222980539,-44.48896241535));
#6589 = CARTESIAN_POINT('',(-5.811673802993,-44.47775301814));
#6590 = CARTESIAN_POINT('',(-5.798693011994,-44.4706074045));
#6591 = CARTESIAN_POINT('',(-5.785698718598,-44.46340270126));
#6592 = CARTESIAN_POINT('',(-5.772693848344,-44.45614849045));
#6593 = CARTESIAN_POINT('',(-5.759680400669,-44.44885158767));
#6594 = CARTESIAN_POINT('',(-5.746659795174,-44.44151749923));
#6595 = CARTESIAN_POINT('',(-5.717090714412,-44.42479493999));
#6596 = CARTESIAN_POINT('',(-5.700538721171,-44.41538637553));
#6597 = CARTESIAN_POINT('',(-5.683978929335,-44.40593305001));
#6598 = CARTESIAN_POINT('',(-5.667412801679,-44.39644091993));
#6599 = CARTESIAN_POINT('',(-5.650841409356,-44.38691451308));
#6600 = CARTESIAN_POINT('',(-5.634265562667,-44.37735753602));
#6601 = CARTESIAN_POINT('',(-5.617685826158,-44.36777292071));
#6602 = ( GEOMETRIC_REPRESENTATION_CONTEXT(2) 
PARAMETRIC_REPRESENTATION_CONTEXT() REPRESENTATION_CONTEXT('2D SPACE',''
  ) );
#6603 = ORIENTED_EDGE('',*,*,#6604,.T.);
#6604 = EDGE_CURVE('',#4382,#5255,#6605,.T.);
#6605 = SURFACE_CURVE('',#6606,(#6699,#6795),.PCURVE_S1.);
#6606 = B_SPLINE_CURVE_WITH_KNOTS('',7,(#6607,#6608,#6609,#6610,#6611,
    #6612,#6613,#6614,#6615,#6616,#6617,#6618,#6619,#6620,#6621,#6622,
    #6623,#6624,#6625,#6626,#6627,#6628,#6629,#6630,#6631,#6632,#6633,
    #6634,#6635,#6636,#6637,#6638,#6639,#6640,#6641,#6642,#6643,#6644,
    #6645,#6646,#6647,#6648,#6649,#6650,#6651,#6652,#6653,#6654,#6655,
    #6656,#6657,#6658,#6659,#6660,#6661,#6662,#6663,#6664,#6665,#6666,
    #6667,#6668,#6669,#6670,#6671,#6672,#6673,#6674,#6675,#6676,#6677,
    #6678,#6679,#6680,#6681,#6682,#6683,#6684,#6685,#6686,#6687,#6688,
    #6689,#6690,#6691,#6692,#6693,#6694,#6695,#6696,#6697,#6698),
  .UNSPECIFIED.,.F.,.F.,(8,6,6,6,6,6,6,6,6,6,6,6,6,6,6,8),(0.,
    4.096408961015E-02,6.281169375004E-02,7.097265252979E-02,
    7.620776724957E-02,8.034915195552E-02,8.582546697744E-02,
    9.496486968234E-02,0.106266538108,0.121232857411,0.14184739727,
    0.205446200435,0.310868346383,0.452131504202,0.693501055266,1.),
  .UNSPECIFIED.);
#6607 = CARTESIAN_POINT('',(17.342650732016,-6.340337847085,
    44.520793423228));
#6608 = CARTESIAN_POINT('',(17.35572298679,-6.30412075847,44.52253896958
    ));
#6609 = CARTESIAN_POINT('',(17.368607589637,-6.268141645726,
    44.524293942558));
#6610 = CARTESIAN_POINT('',(17.381302221504,-6.232413505984,
    44.526061504981));
#6611 = CARTESIAN_POINT('',(17.393788139917,-6.196994367781,
    44.527843443146));
#6612 = CARTESIAN_POINT('',(17.406018557968,-6.16202504394,
    44.529640857197));
#6613 = CARTESIAN_POINT('',(17.417932653628,-6.127691599777,
    44.531453453112));
#6614 = CARTESIAN_POINT('',(17.435516274763,-6.076633520765,
    44.534259871963));
#6615 = CARTESIAN_POINT('',(17.441490575905,-6.059211279806,
    44.535238693997));
#6616 = CARTESIAN_POINT('',(17.44731727216,-6.042146975371,
    44.536222664836));
#6617 = CARTESIAN_POINT('',(17.452967685422,-6.025527546446,
    44.537211829154));
#6618 = CARTESIAN_POINT('',(17.458382158563,-6.009532488246,
    44.53820364843));
#6619 = CARTESIAN_POINT('',(17.46347871751,-5.994411029907,
    44.539193154977));
#6620 = CARTESIAN_POINT('',(17.469844247576,-5.975442129451,
    44.540538805706));
#6621 = CARTESIAN_POINT('',(17.471509259874,-5.970471289706,
    44.540903052069));
#6622 = CARTESIAN_POINT('',(17.47310042557,-5.965711722374,
    44.541265107442));
#6623 = CARTESIAN_POINT('',(17.474607258214,-5.961195196742,
    44.541624121598));
#6624 = CARTESIAN_POINT('',(17.476016934371,-5.956960561056,
    44.541978896808));
#6625 = CARTESIAN_POINT('',(17.477314717675,-5.953052489643,
    44.542327908754));
#6626 = CARTESIAN_POINT('',(17.479234703008,-5.947254346224,
    44.542888341673));
#6627 = CARTESIAN_POINT('',(17.479932186295,-5.945143458412,
    44.543104196628));
#6628 = CARTESIAN_POINT('',(17.480572478142,-5.943200780219,
    44.543316367824));
#6629 = CARTESIAN_POINT('',(17.48115089038,-5.941440547088,
    44.543524242879));
#6630 = CARTESIAN_POINT('',(17.481662728159,-5.939877029286,
    44.543727146544));
#6631 = CARTESIAN_POINT('',(17.482103616809,-5.938523544896,
    44.543924365727));
#6632 = CARTESIAN_POINT('',(17.482759530957,-5.936495915372,
    44.544266119177));
#6633 = CARTESIAN_POINT('',(17.483002565205,-5.935738720102,
    44.544413067202));
#6634 = CARTESIAN_POINT('',(17.483196965524,-5.935125888034,
    44.544555633152));
#6635 = CARTESIAN_POINT('',(17.483341243674,-5.934661978719,
    44.544693467193));
#6636 = CARTESIAN_POINT('',(17.483434389126,-5.934350110231,
    44.544826255095));
#6637 = CARTESIAN_POINT('',(17.48347586906,-5.934191959172,
    44.544953718233));
#6638 = CARTESIAN_POINT('',(17.48345208669,-5.93418220882,
    44.545236800584));
#6639 = CARTESIAN_POINT('',(17.483348169975,-5.934445654518,
    44.545388293464));
#6640 = CARTESIAN_POINT('',(17.483153901962,-5.934978193183,
    44.545529524164));
#6641 = CARTESIAN_POINT('',(17.482871163538,-5.935774273892,
    44.545660198452));
#6642 = CARTESIAN_POINT('',(17.482503307871,-5.936823868013,
    44.545780248677));
#6643 = CARTESIAN_POINT('',(17.482054775568,-5.938113637847,
    44.545889786528));
#6644 = CARTESIAN_POINT('',(17.480656098332,-5.942155594533,
    44.546154725902));
#6645 = CARTESIAN_POINT('',(17.479571272968,-5.945308447258,
    44.546291761774));
#6646 = CARTESIAN_POINT('',(17.478299161387,-5.949017538232,
    44.546401574286));
#6647 = CARTESIAN_POINT('',(17.476865348661,-5.953205429142,
    44.546486477362));
#6648 = CARTESIAN_POINT('',(17.475293651978,-5.957799945376,
    44.546548992678));
#6649 = CARTESIAN_POINT('',(17.473603662091,-5.962741638498,
    44.546591464225));
#6650 = CARTESIAN_POINT('',(17.469592542881,-5.974469174219,
    44.546646301994));
#6651 = CARTESIAN_POINT('',(17.467218103932,-5.98141058445,
    44.546649153632));
#6652 = CARTESIAN_POINT('',(17.464714865679,-5.98872411943,
    44.546628504033));
#6653 = CARTESIAN_POINT('',(17.462105081666,-5.996341907857,
    44.546587600874));
#6654 = CARTESIAN_POINT('',(17.459405803507,-6.004211896698,
    44.546529071192));
#6655 = CARTESIAN_POINT('',(17.456629356447,-6.012296295143,
    44.546455019447));
#6656 = CARTESIAN_POINT('',(17.450015585201,-6.031526558954,
    44.546250731507));
#6657 = CARTESIAN_POINT('',(17.446128883875,-6.042807255246,
    44.54611015344));
#6658 = CARTESIAN_POINT('',(17.442144631234,-6.05434759386,
    44.545949305438));
#6659 = CARTESIAN_POINT('',(17.438078583881,-6.066099062288,
    44.54577115232));
#6660 = CARTESIAN_POINT('',(17.433942205263,-6.078026339,44.545577925959
    ));
#6661 = CARTESIAN_POINT('',(17.429743536189,-6.090104483356,
    44.545371341549));
#6662 = CARTESIAN_POINT('',(17.41962659924,-6.119136385637,
    44.544851814878));
#6663 = CARTESIAN_POINT('',(17.413659477216,-6.136203870058,
    44.54452825934));
#6664 = CARTESIAN_POINT('',(17.407602479928,-6.153469264882,
    44.544185774965));
#6665 = CARTESIAN_POINT('',(17.401467388962,-6.170895842996,
    44.543827070187));
#6666 = CARTESIAN_POINT('',(17.395262722615,-6.188457026544,
    44.54345415808));
#6667 = CARTESIAN_POINT('',(17.38899447168,-6.206133949432,
    44.543068580261));
#6668 = CARTESIAN_POINT('',(17.36314517193,-6.278763994176,
    44.541446984904));
#6669 = CARTESIAN_POINT('',(17.34307232005,-6.334547825796,
    44.540114915779));
#6670 = CARTESIAN_POINT('',(17.322569708575,-6.390873981069,
    44.538712000861));
#6671 = CARTESIAN_POINT('',(17.301691848358,-6.447569300067,
    44.537252570979));
#6672 = CARTESIAN_POINT('',(17.280481523632,-6.504500047864,
    44.535749300101));
#6673 = CARTESIAN_POINT('',(17.258954584682,-6.561613085088,
    44.534208667694));
#6674 = CARTESIAN_POINT('',(17.200904051014,-6.713847006902,
    44.530027239556));
#6675 = CARTESIAN_POINT('',(17.163863652743,-6.809169851644,
    44.527331737526));
#6676 = CARTESIAN_POINT('',(17.12605005494,-6.904660620339,
    44.52457315994));
#6677 = CARTESIAN_POINT('',(17.087496085016,-7.000210765732,
    44.521763271289));
#6678 = CARTESIAN_POINT('',(17.048226601816,-7.095739884051,
    44.518911474442));
#6679 = CARTESIAN_POINT('',(17.008254585507,-7.191203571965,
    44.516023626401));
#6680 = CARTESIAN_POINT('',(16.913087105775,-7.414380307422,
    44.509191923309));
#6681 = CARTESIAN_POINT('',(16.857346753758,-7.541998460069,
    44.505223596576));
#6682 = CARTESIAN_POINT('',(16.80038793704,-7.669348180333,
    44.501210277177));
#6683 = CARTESIAN_POINT('',(16.742229030144,-7.796369584297,
    44.49715906862));
#6684 = CARTESIAN_POINT('',(16.682884638166,-7.92301746194,
    44.493075080506));
#6685 = CARTESIAN_POINT('',(16.622366497006,-8.049256067639,
    44.488962415354));
#6686 = CARTESIAN_POINT('',(16.45528665491,-8.390014141362,
    44.477753018144));
#6687 = CARTESIAN_POINT('',(16.346493495648,-8.603686313211,
    44.470607404504));
#6688 = CARTESIAN_POINT('',(16.234351866867,-8.815932429985,
    44.463402701268));
#6689 = CARTESIAN_POINT('',(16.118905389793,-9.026639898702,
    44.45614849045));
#6690 = CARTESIAN_POINT('',(16.000195161535,-9.235713539358,
    44.448851587678));
#6691 = CARTESIAN_POINT('',(15.878260377172,-9.443069054891,
    44.441517499239));
#6692 = CARTESIAN_POINT('',(15.594251488195,-9.909666383059,
    44.424794939993));
#6693 = CARTESIAN_POINT('',(15.430228222516,-10.16780514598,
    44.415386375533));
#6694 = CARTESIAN_POINT('',(15.261146296188,-10.42289311013,
    44.405933050018));
#6695 = CARTESIAN_POINT('',(15.087086241792,-10.67478717707,
    44.396440919933));
#6696 = CARTESIAN_POINT('',(14.9081305711,-10.92335358843,
    44.386914513084));
#6697 = CARTESIAN_POINT('',(14.72436382463,-11.16846553226,
    44.377357536025));
#6698 = CARTESIAN_POINT('',(14.535872237515,-11.41000278635,
    44.367772920717));
#6699 = PCURVE('',#3335,#6700);
#6700 = DEFINITIONAL_REPRESENTATION('',(#6701),#6794);
#6701 = B_SPLINE_CURVE_WITH_KNOTS('',7,(#6702,#6703,#6704,#6705,#6706,
    #6707,#6708,#6709,#6710,#6711,#6712,#6713,#6714,#6715,#6716,#6717,
    #6718,#6719,#6720,#6721,#6722,#6723,#6724,#6725,#6726,#6727,#6728,
    #6729,#6730,#6731,#6732,#6733,#6734,#6735,#6736,#6737,#6738,#6739,
    #6740,#6741,#6742,#6743,#6744,#6745,#6746,#6747,#6748,#6749,#6750,
    #6751,#6752,#6753,#6754,#6755,#6756,#6757,#6758,#6759,#6760,#6761,
    #6762,#6763,#6764,#6765,#6766,#6767,#6768,#6769,#6770,#6771,#6772,
    #6773,#6774,#6775,#6776,#6777,#6778,#6779,#6780,#6781,#6782,#6783,
    #6784,#6785,#6786,#6787,#6788,#6789,#6790,#6791,#6792,#6793),
  .UNSPECIFIED.,.F.,.F.,(8,6,6,6,6,6,6,6,6,6,6,6,6,6,6,8),(0.,
    4.096408961015E-02,6.281169375004E-02,7.097265252979E-02,
    7.620776724957E-02,8.034915195552E-02,8.582546697744E-02,
    9.496486968234E-02,0.106266538108,0.121232857411,0.14184739727,
    0.205446200435,0.310868346383,0.452131504202,0.693501055266,1.),
  .UNSPECIFIED.);
#6702 = CARTESIAN_POINT('',(1.569296666667,82.958475817978));
#6703 = CARTESIAN_POINT('',(1.554587769514,82.960031376181));
#6704 = CARTESIAN_POINT('',(1.539222332907,82.961525395328));
#6705 = CARTESIAN_POINT('',(1.523077329626,82.962949026443));
#6706 = CARTESIAN_POINT('',(1.506020801751,82.964289707968));
#6707 = CARTESIAN_POINT('',(1.487842102311,82.965524042667));
#6708 = CARTESIAN_POINT('',(1.468322904953,82.966625039766));
#6709 = CARTESIAN_POINT('',(1.435455817594,82.968009313296));
#6710 = CARTESIAN_POINT('',(1.423506388524,82.968433261577));
#6711 = CARTESIAN_POINT('',(1.410929765516,82.968791106907));
#6712 = CARTESIAN_POINT('',(1.3976174638,82.969069803947));
#6713 = CARTESIAN_POINT('',(1.383435244197,82.969248255433));
#6714 = CARTESIAN_POINT('',(1.36824634124,82.969300418325));
#6715 = CARTESIAN_POINT('',(1.345613360818,82.969132010272));
#6716 = CARTESIAN_POINT('',(1.339283998067,82.969061855341));
#6717 = CARTESIAN_POINT('',(1.33276803667,82.968964927035));
#6718 = CARTESIAN_POINT('',(1.326055441222,82.968838386764));
#6719 = CARTESIAN_POINT('',(1.319139343703,82.968679115526));
#6720 = CARTESIAN_POINT('',(1.312016873235,82.96848385435));
#6721 = CARTESIAN_POINT('',(1.29998991355,82.968098910844));
#6722 = CARTESIAN_POINT('',(1.295206478083,82.967932351337));
#6723 = CARTESIAN_POINT('',(1.29034134918,82.96774886651));
#6724 = CARTESIAN_POINT('',(1.285397945039,82.967547700409));
#6725 = CARTESIAN_POINT('',(1.280381792038,82.967328232168));
#6726 = CARTESIAN_POINT('',(1.275300884475,82.967090067344));
#6727 = CARTESIAN_POINT('',(1.266103984617,82.966629871162));
#6728 = CARTESIAN_POINT('',(1.262007904494,82.966414860784));
#6729 = CARTESIAN_POINT('',(1.257883600468,82.966188063498));
#6730 = CARTESIAN_POINT('',(1.253737426679,82.965949580183));
#6731 = CARTESIAN_POINT('',(1.249576294882,82.965699647219));
#6732 = CARTESIAN_POINT('',(1.245407674448,82.965438636492));
#6733 = CARTESIAN_POINT('',(1.235727974352,82.964807933065));
#6734 = CARTESIAN_POINT('',(1.230216121003,82.964430264645));
#6735 = CARTESIAN_POINT('',(1.22472335604,82.964035303969));
#6736 = CARTESIAN_POINT('',(1.219266587835,82.96362453562));
#6737 = CARTESIAN_POINT('',(1.213860487038,82.963199606155));
#6738 = CARTESIAN_POINT('',(1.208517664201,82.962762255335));
#6739 = CARTESIAN_POINT('',(1.194455737737,82.961566568434));
#6740 = CARTESIAN_POINT('',(1.185870492851,82.960789352899));
#6741 = CARTESIAN_POINT('',(1.177529989284,82.959989759632));
#6742 = CARTESIAN_POINT('',(1.169450430739,82.959174170201));
#6743 = CARTESIAN_POINT('',(1.161634430135,82.958347717894));
#6744 = CARTESIAN_POINT('',(1.154075002781,82.957514034862));
#6745 = CARTESIAN_POINT('',(1.137706467552,82.955637946392));
#6746 = CARTESIAN_POINT('',(1.129030439568,82.95459347483));
#6747 = CARTESIAN_POINT('',(1.120697612577,82.953545654783));
#6748 = CARTESIAN_POINT('',(1.112680425864,82.952497354161));
#6749 = CARTESIAN_POINT('',(1.104953077721,82.951450468109));
#6750 = CARTESIAN_POINT('',(1.097490070994,82.950405930438));
#6751 = CARTESIAN_POINT('',(1.080696584508,82.947983576746));
#6752 = CARTESIAN_POINT('',(1.071551867484,82.946608492393));
#6753 = CARTESIAN_POINT('',(1.062776039771,82.945239343887));
#6754 = CARTESIAN_POINT('',(1.05432733904,82.943876739686));
#6755 = CARTESIAN_POINT('',(1.046172849797,82.942520958896));
#6756 = CARTESIAN_POINT('',(1.03828454473,82.941171885352));
#6757 = CARTESIAN_POINT('',(1.020099327183,82.937979177264));
#6758 = CARTESIAN_POINT('',(1.01002091736,82.936141720999));
#6759 = CARTESIAN_POINT('',(1.000336545359,82.934315810097));
#6760 = CARTESIAN_POINT('',(0.990998655473,82.93250086174));
#6761 = CARTESIAN_POINT('',(0.981971005691,82.930696334202));
#6762 = CARTESIAN_POINT('',(0.973223985892,82.928901587942));
#6763 = CARTESIAN_POINT('',(0.938524577588,82.921606171072));
#6764 = CARTESIAN_POINT('',(0.914748107847,82.916185459952));
#6765 = CARTESIAN_POINT('',(0.892626734578,82.910829816616));
#6766 = CARTESIAN_POINT('',(0.871881473351,82.905532838365));
#6767 = CARTESIAN_POINT('',(0.852241894343,82.900285995673));
#6768 = CARTESIAN_POINT('',(0.833549994514,82.895082535658));
#6769 = CARTESIAN_POINT('',(0.786008686193,82.881345991098));
#6770 = CARTESIAN_POINT('',(0.758594014157,82.872882134414));
#6771 = CARTESIAN_POINT('',(0.73282532957,82.864497108439));
#6772 = CARTESIAN_POINT('',(0.708426810049,82.856179983743));
#6773 = CARTESIAN_POINT('',(0.685169172207,82.847920955984));
#6774 = CARTESIAN_POINT('',(0.66289998169,82.83971275172));
#6775 = CARTESIAN_POINT('',(0.612803880885,82.820607773963));
#6776 = CARTESIAN_POINT('',(0.585667143262,82.809747822471));
#6777 = CARTESIAN_POINT('',(0.559787081818,82.798954079039));
#6778 = CARTESIAN_POINT('',(0.534978748082,82.788217708652));
#6779 = CARTESIAN_POINT('',(0.511107651395,82.777532177912));
#6780 = CARTESIAN_POINT('',(0.488062131924,82.766891795224));
#6781 = CARTESIAN_POINT('',(0.427644154964,82.73818028582));
#6782 = CARTESIAN_POINT('',(0.39169245369,82.720187730224));
#6783 = CARTESIAN_POINT('',(0.357472104687,82.702291772992));
#6784 = CARTESIAN_POINT('',(0.324719370534,82.684478751644));
#6785 = CARTESIAN_POINT('',(0.293244977848,82.666738740231));
#6786 = CARTESIAN_POINT('',(0.262891820748,82.649063210274));
#6787 = CARTESIAN_POINT('',(0.196271586581,82.60907368976));
#6788 = CARTESIAN_POINT('',(0.160618517152,82.586795496556));
#6789 = CARTESIAN_POINT('',(0.12633613786,82.564597289265));
#6790 = CARTESIAN_POINT('',(9.325310301466E-02,82.542469662634));
#6791 = CARTESIAN_POINT('',(6.123834726901E-02,82.520405364565));
#6792 = CARTESIAN_POINT('',(3.018317449592E-02,82.498398286443));
#6793 = CARTESIAN_POINT('',(0.,82.476443399351));
#6794 = ( GEOMETRIC_REPRESENTATION_CONTEXT(2) 
PARAMETRIC_REPRESENTATION_CONTEXT() REPRESENTATION_CONTEXT('2D SPACE',''
  ) );
#6795 = PCURVE('',#4293,#6796);
#6796 = DEFINITIONAL_REPRESENTATION('',(#6797),#6890);
#6797 = B_SPLINE_CURVE_WITH_KNOTS('',7,(#6798,#6799,#6800,#6801,#6802,
    #6803,#6804,#6805,#6806,#6807,#6808,#6809,#6810,#6811,#6812,#6813,
    #6814,#6815,#6816,#6817,#6818,#6819,#6820,#6821,#6822,#6823,#6824,
    #6825,#6826,#6827,#6828,#6829,#6830,#6831,#6832,#6833,#6834,#6835,
    #6836,#6837,#6838,#6839,#6840,#6841,#6842,#6843,#6844,#6845,#6846,
    #6847,#6848,#6849,#6850,#6851,#6852,#6853,#6854,#6855,#6856,#6857,
    #6858,#6859,#6860,#6861,#6862,#6863,#6864,#6865,#6866,#6867,#6868,
    #6869,#6870,#6871,#6872,#6873,#6874,#6875,#6876,#6877,#6878,#6879,
    #6880,#6881,#6882,#6883,#6884,#6885,#6886,#6887,#6888,#6889),
  .UNSPECIFIED.,.F.,.F.,(8,6,6,6,6,6,6,6,6,6,6,6,6,6,6,8),(0.,
    4.096408961015E-02,6.281169375004E-02,7.097265252979E-02,
    7.620776724957E-02,8.034915195552E-02,8.582546697744E-02,
    9.496486968234E-02,0.106266538108,0.121232857411,0.14184739727,
    0.205446200435,0.310868346383,0.452131504202,0.693501055266,1.),
  .UNSPECIFIED.);
#6798 = CARTESIAN_POINT('',(-5.932687971574,-44.52079342322));
#6799 = CARTESIAN_POINT('',(-5.934773164445,-44.52253896958));
#6800 = CARTESIAN_POINT('',(-5.936842805405,-44.52429394255));
#6801 = CARTESIAN_POINT('',(-5.938896204869,-44.52606150498));
#6802 = CARTESIAN_POINT('',(-5.940930076786,-44.52784344314));
#6803 = CARTESIAN_POINT('',(-5.942936401166,-44.52964085719));
#6804 = CARTESIAN_POINT('',(-5.944904592628,-44.53145345311));
#6805 = CARTESIAN_POINT('',(-5.947829198877,-44.53425987196));
#6806 = CARTESIAN_POINT('',(-5.948826697479,-44.53523869399));
#6807 = CARTESIAN_POINT('',(-5.949803271178,-44.53622266483));
#6808 = CARTESIAN_POINT('',(-5.950753963811,-44.53721182915));
#6809 = CARTESIAN_POINT('',(-5.951668532924,-44.53820364843));
#6810 = CARTESIAN_POINT('',(-5.952532770523,-44.53919315497));
#6811 = CARTESIAN_POINT('',(-5.953616425017,-44.5405388057));
#6812 = CARTESIAN_POINT('',(-5.953900345986,-44.54090305206));
#6813 = CARTESIAN_POINT('',(-5.954172146857,-44.54126510744));
#6814 = CARTESIAN_POINT('',(-5.954430015689,-44.54162412159));
#6815 = CARTESIAN_POINT('',(-5.954671736766,-44.5419788968));
#6816 = CARTESIAN_POINT('',(-5.954894762219,-44.54232790875));
#6817 = CARTESIAN_POINT('',(-5.955225556197,-44.54288834167));
#6818 = CARTESIAN_POINT('',(-5.955345959888,-44.54310419662));
#6819 = CARTESIAN_POINT('',(-5.955456741195,-44.54331636782));
#6820 = CARTESIAN_POINT('',(-5.955557088354,-44.54352424287));
#6821 = CARTESIAN_POINT('',(-5.955646187696,-44.54372714654));
#6822 = CARTESIAN_POINT('',(-5.955723279952,-44.54392436572));
#6823 = CARTESIAN_POINT('',(-5.955838690976,-44.54426611917));
#6824 = CARTESIAN_POINT('',(-5.955881756746,-44.5444130672));
#6825 = CARTESIAN_POINT('',(-5.955916571851,-44.54455563315));
#6826 = CARTESIAN_POINT('',(-5.955942876504,-44.54469346719));
#6827 = CARTESIAN_POINT('',(-5.955960493169,-44.54482625509));
#6828 = CARTESIAN_POINT('',(-5.955969326553,-44.54495371823));
#6829 = CARTESIAN_POINT('',(-5.955969412626,-44.54523680058));
#6830 = CARTESIAN_POINT('',(-5.955954091954,-44.54538829346));
#6831 = CARTESIAN_POINT('',(-5.955923397067,-44.54552952416));
#6832 = CARTESIAN_POINT('',(-5.955877645366,-44.54566019845));
#6833 = CARTESIAN_POINT('',(-5.955817409544,-44.54578024867));
#6834 = CARTESIAN_POINT('',(-5.955743450957,-44.54588978652));
#6835 = CARTESIAN_POINT('',(-5.955511796137,-44.5461547259));
#6836 = CARTESIAN_POINT('',(-5.95533120565,-44.54629176177));
#6837 = CARTESIAN_POINT('',(-5.955118825924,-44.54640157428));
#6838 = CARTESIAN_POINT('',(-5.95487907406,-44.54648647736));
#6839 = CARTESIAN_POINT('',(-5.954616066439,-44.54654899267));
#6840 = CARTESIAN_POINT('',(-5.954333193148,-44.54659146422));
#6841 = CARTESIAN_POINT('',(-5.953661875067,-44.54664630199));
#6842 = CARTESIAN_POINT('',(-5.953264523314,-44.54664915363));
#6843 = CARTESIAN_POINT('',(-5.952845843383,-44.54662850403));
#6844 = CARTESIAN_POINT('',(-5.952409703662,-44.54658760087));
#6845 = CARTESIAN_POINT('',(-5.951959070645,-44.54652907119));
#6846 = CARTESIAN_POINT('',(-5.951496097016,-44.54645501944));
#6847 = CARTESIAN_POINT('',(-5.950394660964,-44.5462507315));
#6848 = CARTESIAN_POINT('',(-5.949748423222,-44.54611015344));
#6849 = CARTESIAN_POINT('',(-5.949087169168,-44.54594930543));
#6850 = CARTESIAN_POINT('',(-5.948413660805,-44.54577115232));
#6851 = CARTESIAN_POINT('',(-5.94772990878,-44.54557792595));
#6852 = CARTESIAN_POINT('',(-5.947037331683,-44.54537134154));
#6853 = CARTESIAN_POINT('',(-5.945372165068,-44.54485181487));
#6854 = CARTESIAN_POINT('',(-5.944392889072,-44.54452825934));
#6855 = CARTESIAN_POINT('',(-5.94340188974,-44.54418577496));
#6856 = CARTESIAN_POINT('',(-5.942401254171,-44.54382707018));
#6857 = CARTESIAN_POINT('',(-5.94139249202,-44.54345415808));
#6858 = CARTESIAN_POINT('',(-5.940376673339,-44.54306858026));
#6859 = CARTESIAN_POINT('',(-5.936201220472,-44.5414469849));
#6860 = CARTESIAN_POINT('',(-5.932990287683,-44.54011491577));
#6861 = CARTESIAN_POINT('',(-5.929743856049,-44.53871200086));
#6862 = CARTESIAN_POINT('',(-5.926471695133,-44.53725257097));
#6863 = CARTESIAN_POINT('',(-5.923181347985,-44.5357493001));
#6864 = CARTESIAN_POINT('',(-5.919875754271,-44.53420866769));
#6865 = CARTESIAN_POINT('',(-5.911051881296,-44.53002723955));
#6866 = CARTESIAN_POINT('',(-5.905513462183,-44.52733173752));
#6867 = CARTESIAN_POINT('',(-5.899951445552,-44.52457315994));
#6868 = CARTESIAN_POINT('',(-5.894371675819,-44.52176327128));
#6869 = CARTESIAN_POINT('',(-5.888778414913,-44.51891147444));
#6870 = CARTESIAN_POINT('',(-5.88317386997,-44.5160236264));
#6871 = CARTESIAN_POINT('',(-5.870035144448,-44.5091919233));
#6872 = CARTESIAN_POINT('',(-5.862494191564,-44.50522359657));
#6873 = CARTESIAN_POINT('',(-5.854940210013,-44.50121027717));
#6874 = CARTESIAN_POINT('',(-5.847375869494,-44.49715906862));
#6875 = CARTESIAN_POINT('',(-5.839803021238,-44.4930750805));
#6876 = CARTESIAN_POINT('',(-5.832222980539,-44.48896241535));
#6877 = CARTESIAN_POINT('',(-5.811673802993,-44.47775301814));
#6878 = CARTESIAN_POINT('',(-5.798693011994,-44.4706074045));
#6879 = CARTESIAN_POINT('',(-5.785698718598,-44.46340270126));
#6880 = CARTESIAN_POINT('',(-5.772693848344,-44.45614849045));
#6881 = CARTESIAN_POINT('',(-5.759680400669,-44.44885158767));
#6882 = CARTESIAN_POINT('',(-5.746659795174,-44.44151749923));
#6883 = CARTESIAN_POINT('',(-5.717090714412,-44.42479493999));
#6884 = CARTESIAN_POINT('',(-5.700538721171,-44.41538637553));
#6885 = CARTESIAN_POINT('',(-5.683978929335,-44.40593305001));
#6886 = CARTESIAN_POINT('',(-5.667412801679,-44.39644091993));
#6887 = CARTESIAN_POINT('',(-5.650841409356,-44.38691451308));
#6888 = CARTESIAN_POINT('',(-5.634265562667,-44.37735753602));
#6889 = CARTESIAN_POINT('',(-5.617685826158,-44.36777292071));
#6890 = ( GEOMETRIC_REPRESENTATION_CONTEXT(2) 
PARAMETRIC_REPRESENTATION_CONTEXT() REPRESENTATION_CONTEXT('2D SPACE',''
  ) );
#6891 = ADVANCED_FACE('',(#6892,#6950),#4293,.T.);
#6892 = FACE_BOUND('',#6893,.T.);
#6893 = EDGE_LOOP('',(#6894,#6895,#6896,#6919,#6946,#6947,#6948,#6949));
#6894 = ORIENTED_EDGE('',*,*,#6244,.F.);
#6895 = ORIENTED_EDGE('',*,*,#4125,.T.);
#6896 = ORIENTED_EDGE('',*,*,#6897,.T.);
#6897 = EDGE_CURVE('',#4126,#6898,#6900,.T.);
#6898 = VERTEX_POINT('',#6899);
#6899 = CARTESIAN_POINT('',(16.7,0.,64.));
#6900 = SEAM_CURVE('',#6901,(#6905,#6912),.PCURVE_S1.);
#6901 = LINE('',#6902,#6903);
#6902 = CARTESIAN_POINT('',(22.5,0.,0.));
#6903 = VECTOR('',#6904,1.);
#6904 = DIRECTION('',(-9.025513011633E-02,0.,0.995918677146));
#6905 = PCURVE('',#4293,#6906);
#6906 = DEFINITIONAL_REPRESENTATION('',(#6907),#6911);
#6907 = LINE('',#6908,#6909);
#6908 = CARTESIAN_POINT('',(-0.,-0.));
#6909 = VECTOR('',#6910,1.);
#6910 = DIRECTION('',(-0.,-1.));
#6911 = ( GEOMETRIC_REPRESENTATION_CONTEXT(2) 
PARAMETRIC_REPRESENTATION_CONTEXT() REPRESENTATION_CONTEXT('2D SPACE',''
  ) );
#6912 = PCURVE('',#4293,#6913);
#6913 = DEFINITIONAL_REPRESENTATION('',(#6914),#6918);
#6914 = LINE('',#6915,#6916);
#6915 = CARTESIAN_POINT('',(-6.28318530718,-0.));
#6916 = VECTOR('',#6917,1.);
#6917 = DIRECTION('',(-0.,-1.));
#6918 = ( GEOMETRIC_REPRESENTATION_CONTEXT(2) 
PARAMETRIC_REPRESENTATION_CONTEXT() REPRESENTATION_CONTEXT('2D SPACE',''
  ) );
#6919 = ORIENTED_EDGE('',*,*,#6920,.F.);
#6920 = EDGE_CURVE('',#6898,#6898,#6921,.T.);
#6921 = SURFACE_CURVE('',#6922,(#6927,#6934),.PCURVE_S1.);
#6922 = CIRCLE('',#6923,16.7);
#6923 = AXIS2_PLACEMENT_3D('',#6924,#6925,#6926);
#6924 = CARTESIAN_POINT('',(0.,0.,64.));
#6925 = DIRECTION('',(0.,0.,1.));
#6926 = DIRECTION('',(1.,0.,-0.));
#6927 = PCURVE('',#4293,#6928);
#6928 = DEFINITIONAL_REPRESENTATION('',(#6929),#6933);
#6929 = LINE('',#6930,#6931);
#6930 = CARTESIAN_POINT('',(-0.,-64.));
#6931 = VECTOR('',#6932,1.);
#6932 = DIRECTION('',(-1.,-0.));
#6933 = ( GEOMETRIC_REPRESENTATION_CONTEXT(2) 
PARAMETRIC_REPRESENTATION_CONTEXT() REPRESENTATION_CONTEXT('2D SPACE',''
  ) );
#6934 = PCURVE('',#6935,#6940);
#6935 = PLANE('',#6936);
#6936 = AXIS2_PLACEMENT_3D('',#6937,#6938,#6939);
#6937 = CARTESIAN_POINT('',(0.,0.,64.));
#6938 = DIRECTION('',(0.,0.,1.));
#6939 = DIRECTION('',(1.,0.,-0.));
#6940 = DEFINITIONAL_REPRESENTATION('',(#6941),#6945);
#6941 = CIRCLE('',#6942,16.7);
#6942 = AXIS2_PLACEMENT_2D('',#6943,#6944);
#6943 = CARTESIAN_POINT('',(0.,0.));
#6944 = DIRECTION('',(1.,0.));
#6945 = ( GEOMETRIC_REPRESENTATION_CONTEXT(2) 
PARAMETRIC_REPRESENTATION_CONTEXT() REPRESENTATION_CONTEXT('2D SPACE',''
  ) );
#6946 = ORIENTED_EDGE('',*,*,#6897,.F.);
#6947 = ORIENTED_EDGE('',*,*,#4381,.T.);
#6948 = ORIENTED_EDGE('',*,*,#6604,.T.);
#6949 = ORIENTED_EDGE('',*,*,#5435,.T.);
#6950 = FACE_BOUND('',#6951,.T.);
#6951 = EDGE_LOOP('',(#6952,#6953));
#6952 = ORIENTED_EDGE('',*,*,#4716,.F.);
#6953 = ORIENTED_EDGE('',*,*,#6316,.F.);
#6954 = ADVANCED_FACE('',(#6955),#3682,.F.);
#6955 = FACE_BOUND('',#6956,.F.);
#6956 = EDGE_LOOP('',(#6957,#6958,#6959,#6960));
#6957 = ORIENTED_EDGE('',*,*,#5233,.T.);
#6958 = ORIENTED_EDGE('',*,*,#6296,.T.);
#6959 = ORIENTED_EDGE('',*,*,#3667,.T.);
#6960 = ORIENTED_EDGE('',*,*,#6270,.T.);
#6961 = ADVANCED_FACE('',(#6962),#6935,.T.);
#6962 = FACE_BOUND('',#6963,.T.);
#6963 = EDGE_LOOP('',(#6964));
#6964 = ORIENTED_EDGE('',*,*,#6920,.T.);
#6965 = ( GEOMETRIC_REPRESENTATION_CONTEXT(3) 
GLOBAL_UNCERTAINTY_ASSIGNED_CONTEXT((#6969)) 
GLOBAL_UNIT_ASSIGNED_CONTEXT((#6966,#6967,#6968)) REPRESENTATION_CONTEXT
('Context #1','3D Context with UNIT and UNCERTAINTY') );
#6966 = ( LENGTH_UNIT() NAMED_UNIT(*) SI_UNIT(.MILLI.,.METRE.) );
#6967 = ( NAMED_UNIT(*) PLANE_ANGLE_UNIT() SI_UNIT($,.RADIAN.) );
#6968 = ( NAMED_UNIT(*) SI_UNIT($,.STERADIAN.) SOLID_ANGLE_UNIT() );
#6969 = UNCERTAINTY_MEASURE_WITH_UNIT(LENGTH_MEASURE(2.E-05),#6966,
  'distance_accuracy_value','confusion accuracy');
#6970 = PRODUCT_RELATED_PRODUCT_CATEGORY('part',$,(#7));
ENDSEC;
END-ISO-10303-21;
