ISO-10303-21;
HEADER;
FILE_DESCRIPTION(('Open CASCADE Model'),'2;1');
FILE_NAME('dual_start_thread_male','2026-06-06T01:28:20',('Author'),(
    'Open CASCADE'),'Open CASCADE STEP processor 7.8','cadpy','Unknown'
  );
FILE_SCHEMA(('AUTOMOTIVE_DESIGN { 1 0 10303 214 1 1 1 1 }'));
ENDSEC;
DATA;
#1 = APPLICATION_PROTOCOL_DEFINITION('international standard',
  'automotive_design',2000,#2);
#2 = APPLICATION_CONTEXT(
  'core data for automotive mechanical design processes');
#3 = SHAPE_DEFINITION_REPRESENTATION(#4,#10);
#4 = PRODUCT_DEFINITION_SHAPE('','',#5);
#5 = PRODUCT_DEFINITION('design','',#6,#9);
#6 = PRODUCT_DEFINITION_FORMATION('','',#7);
#7 = PRODUCT('dual_start_thread_male','dual_start_thread_male','',(#8));
#8 = PRODUCT_CONTEXT('',#2,'mechanical');
#9 = PRODUCT_DEFINITION_CONTEXT('part definition',#2,'design');
#10 = ADVANCED_BREP_SHAPE_REPRESENTATION('',(#11,#15),#6514);
#11 = AXIS2_PLACEMENT_3D('',#12,#13,#14);
#12 = CARTESIAN_POINT('',(0.,0.,0.));
#13 = DIRECTION('',(0.,0.,1.));
#14 = DIRECTION('',(1.,0.,-0.));
#15 = MANIFOLD_SOLID_BREP('',#16);
#16 = CLOSED_SHELL('',(#17,#316,#773,#1079,#1573,#1672,#1763,#1769,#1824
    ,#1858,#2203,#2475,#2499,#2748,#2823,#2850,#3365,#3444,#3469,#3473,
    #4114,#4223,#4249,#4496,#4551,#4857,#4983,#5008,#5649,#5675,#5773,
    #5897,#5996,#6284,#6310,#6460,#6468,#6502,#6508));
#17 = ADVANCED_FACE('',(#18),#33,.T.);
#18 = FACE_BOUND('',#19,.T.);
#19 = EDGE_LOOP('',(#20,#56,#84,#116,#161,#189));
#20 = ORIENTED_EDGE('',*,*,#21,.T.);
#21 = EDGE_CURVE('',#22,#24,#26,.T.);
#22 = VERTEX_POINT('',#23);
#23 = CARTESIAN_POINT('',(-3.13025812457,-6.372714027285,3.));
#24 = VERTEX_POINT('',#25);
#25 = CARTESIAN_POINT('',(7.1,-1.738998454789E-15,3.));
#26 = SURFACE_CURVE('',#27,(#32,#44),.PCURVE_S1.);
#27 = CIRCLE('',#28,7.1);
#28 = AXIS2_PLACEMENT_3D('',#29,#30,#31);
#29 = CARTESIAN_POINT('',(0.,0.,3.));
#30 = DIRECTION('',(0.,0.,1.));
#31 = DIRECTION('',(1.,0.,-0.));
#32 = PCURVE('',#33,#38);
#33 = CYLINDRICAL_SURFACE('',#34,7.1);
#34 = AXIS2_PLACEMENT_3D('',#35,#36,#37);
#35 = CARTESIAN_POINT('',(0.,0.,0.));
#36 = DIRECTION('',(0.,0.,1.));
#37 = DIRECTION('',(1.,0.,0.));
#38 = DEFINITIONAL_REPRESENTATION('',(#39),#43);
#39 = LINE('',#40,#41);
#40 = CARTESIAN_POINT('',(0.,3.));
#41 = VECTOR('',#42,1.);
#42 = DIRECTION('',(1.,0.));
#43 = ( GEOMETRIC_REPRESENTATION_CONTEXT(2) 
PARAMETRIC_REPRESENTATION_CONTEXT() REPRESENTATION_CONTEXT('2D SPACE',''
  ) );
#44 = PCURVE('',#45,#50);
#45 = PLANE('',#46);
#46 = AXIS2_PLACEMENT_3D('',#47,#48,#49);
#47 = CARTESIAN_POINT('',(0.,0.,3.));
#48 = DIRECTION('',(0.,0.,1.));
#49 = DIRECTION('',(1.,0.,0.));
#50 = DEFINITIONAL_REPRESENTATION('',(#51),#55);
#51 = CIRCLE('',#52,7.1);
#52 = AXIS2_PLACEMENT_2D('',#53,#54);
#53 = CARTESIAN_POINT('',(0.,0.));
#54 = DIRECTION('',(1.,0.));
#55 = ( GEOMETRIC_REPRESENTATION_CONTEXT(2) 
PARAMETRIC_REPRESENTATION_CONTEXT() REPRESENTATION_CONTEXT('2D SPACE',''
  ) );
#56 = ORIENTED_EDGE('',*,*,#57,.T.);
#57 = EDGE_CURVE('',#24,#58,#60,.T.);
#58 = VERTEX_POINT('',#59);
#59 = CARTESIAN_POINT('',(7.1,-2.675346365886E-15,3.05));
#60 = SURFACE_CURVE('',#61,(#65,#72),.PCURVE_S1.);
#61 = LINE('',#62,#63);
#62 = CARTESIAN_POINT('',(7.1,-1.738998454789E-15,0.));
#63 = VECTOR('',#64,1.);
#64 = DIRECTION('',(0.,0.,1.));
#65 = PCURVE('',#33,#66);
#66 = DEFINITIONAL_REPRESENTATION('',(#67),#71);
#67 = LINE('',#68,#69);
#68 = CARTESIAN_POINT('',(6.28318530718,-0.));
#69 = VECTOR('',#70,1.);
#70 = DIRECTION('',(0.,1.));
#71 = ( GEOMETRIC_REPRESENTATION_CONTEXT(2) 
PARAMETRIC_REPRESENTATION_CONTEXT() REPRESENTATION_CONTEXT('2D SPACE',''
  ) );
#72 = PCURVE('',#73,#78);
#73 = CYLINDRICAL_SURFACE('',#74,7.1);
#74 = AXIS2_PLACEMENT_3D('',#75,#76,#77);
#75 = CARTESIAN_POINT('',(0.,0.,0.));
#76 = DIRECTION('',(0.,0.,1.));
#77 = DIRECTION('',(1.,0.,0.));
#78 = DEFINITIONAL_REPRESENTATION('',(#79),#83);
#79 = LINE('',#80,#81);
#80 = CARTESIAN_POINT('',(0.,-0.));
#81 = VECTOR('',#82,1.);
#82 = DIRECTION('',(0.,1.));
#83 = ( GEOMETRIC_REPRESENTATION_CONTEXT(2) 
PARAMETRIC_REPRESENTATION_CONTEXT() REPRESENTATION_CONTEXT('2D SPACE',''
  ) );
#84 = ORIENTED_EDGE('',*,*,#85,.F.);
#85 = EDGE_CURVE('',#86,#58,#88,.T.);
#86 = VERTEX_POINT('',#87);
#87 = CARTESIAN_POINT('',(7.099893093501,-3.896230050959E-02,
    3.629377404693));
#88 = SURFACE_CURVE('',#89,(#94,#104),.PCURVE_S1.);
#89 = ELLIPSE('',#90,105.81692022579,7.1);
#90 = AXIS2_PLACEMENT_3D('',#91,#92,#93);
#91 = CARTESIAN_POINT('',(0.,0.,3.049999999999));
#92 = DIRECTION('',(-5.150892864051E-15,0.997746455731,
    6.709701987971E-02));
#93 = DIRECTION('',(3.463901664721E-16,-6.709701987971E-02,
    0.997746455731));
#94 = PCURVE('',#33,#95);
#95 = DEFINITIONAL_REPRESENTATION('',(#96),#103);
#96 = B_SPLINE_CURVE_WITH_KNOTS('',5,(#97,#98,#99,#100,#101,#102),
  .UNSPECIFIED.,.F.,.F.,(6,6),(1.56421040168,1.570796326795),
  .PIECEWISE_BEZIER_KNOTS.);
#97 = CARTESIAN_POINT('',(6.276599382064,3.745326785714));
#98 = CARTESIAN_POINT('',(6.277916567088,3.606263439203));
#99 = CARTESIAN_POINT('',(6.279233752111,3.467198584723));
#100 = CARTESIAN_POINT('',(6.280550937134,3.328132724922));
#101 = CARTESIAN_POINT('',(6.281868122157,3.189066362461));
#102 = CARTESIAN_POINT('',(6.28318530718,3.05));
#103 = ( GEOMETRIC_REPRESENTATION_CONTEXT(2) 
PARAMETRIC_REPRESENTATION_CONTEXT() REPRESENTATION_CONTEXT('2D SPACE',''
  ) );
#104 = PCURVE('',#105,#110);
#105 = PLANE('',#106);
#106 = AXIS2_PLACEMENT_3D('',#107,#108,#109);
#107 = CARTESIAN_POINT('',(6.801233103249,-1.665763997366E-15,3.05));
#108 = DIRECTION('',(-5.150892864051E-15,0.997746455731,
    6.709701987971E-02));
#109 = DIRECTION('',(0.,-6.709701987971E-02,0.997746455731));
#110 = DEFINITIONAL_REPRESENTATION('',(#111),#115);
#111 = ELLIPSE('',#112,105.81692022579,7.1);
#112 = AXIS2_PLACEMENT_2D('',#113,#114);
#113 = CARTESIAN_POINT('',(-5.459967199124E-13,-6.801233103249));
#114 = DIRECTION('',(1.,3.463901664721E-16));
#115 = ( GEOMETRIC_REPRESENTATION_CONTEXT(2) 
PARAMETRIC_REPRESENTATION_CONTEXT() REPRESENTATION_CONTEXT('2D SPACE',''
  ) );
#116 = ORIENTED_EDGE('',*,*,#117,.T.);
#117 = EDGE_CURVE('',#86,#118,#120,.T.);
#118 = VERTEX_POINT('',#119);
#119 = CARTESIAN_POINT('',(7.1,-1.738998454789E-15,3.631997564046));
#120 = SURFACE_CURVE('',#121,(#124,#130),.PCURVE_S1.);
#121 = B_SPLINE_CURVE_WITH_KNOTS('',1,(#122,#123),.UNSPECIFIED.,.F.,.F.,
  (2,2),(0.,1.),.PIECEWISE_BEZIER_KNOTS.);
#122 = CARTESIAN_POINT('',(7.099893093501,-3.896230050959E-02,
    3.629377404693));
#123 = CARTESIAN_POINT('',(7.1,-1.360023205166E-15,3.631997564046));
#124 = PCURVE('',#33,#125);
#125 = DEFINITIONAL_REPRESENTATION('',(#126),#129);
#126 = B_SPLINE_CURVE_WITH_KNOTS('',1,(#127,#128),.UNSPECIFIED.,.F.,.F.,
  (2,2),(0.,1.),.PIECEWISE_BEZIER_KNOTS.);
#127 = CARTESIAN_POINT('',(6.277697631677,3.629377404693));
#128 = CARTESIAN_POINT('',(6.28318530718,3.631997564046));
#129 = ( GEOMETRIC_REPRESENTATION_CONTEXT(2) 
PARAMETRIC_REPRESENTATION_CONTEXT() REPRESENTATION_CONTEXT('2D SPACE',''
  ) );
#130 = PCURVE('',#131,#156);
#131 = B_SPLINE_SURFACE_WITH_KNOTS('',1,11,(
    (#132,#133,#134,#135,#136,#137,#138,#139,#140,#141,#142,#143)
    ,(#144,#145,#146,#147,#148,#149,#150,#151,#152,#153,#154,#155
  )),.UNSPECIFIED.,.F.,.F.,.F.,(2,2),(12,12),(-0.981495457622,-0.),(0.,
    6.962644440466),.PIECEWISE_BEZIER_KNOTS.);
#132 = CARTESIAN_POINT('',(6.25,-6.03873178918E-03,3.139797181016));
#133 = CARTESIAN_POINT('',(6.253449315664,3.563952910005,3.412524454317)
  );
#134 = CARTESIAN_POINT('',(4.014289098382,7.136030525105,3.68525172486)
  );
#135 = CARTESIAN_POINT('',(-0.47364528153,9.14514587261,3.957979003279)
  );
#136 = CARTESIAN_POINT('',(-5.959803049362,8.018723566788,4.230706265257
    ));
#137 = CARTESIAN_POINT('',(-10.05416722068,3.314267367895,4.503433553405
    ));
#138 = CARTESIAN_POINT('',(-10.06055292385,-3.294832583893,
    4.776160808696));
#139 = CARTESIAN_POINT('',(-5.975287234965,-8.007191917299,
    5.048888097179));
#140 = CARTESIAN_POINT('',(-0.491316411039,-9.144213529441,
    5.321615358724));
#141 = CARTESIAN_POINT('',(4.000491993769,-7.143774383251,5.594342637452
    ));
#142 = CARTESIAN_POINT('',(6.246550684345,-3.576030373595,5.867069907857
    ));
#143 = CARTESIAN_POINT('',(6.250000000019,-6.038731801404E-03,
    6.139797181195));
#144 = CARTESIAN_POINT('',(7.1,-3.896644190514E-02,3.629438988095));
#145 = CARTESIAN_POINT('',(7.122257580419,4.016544074581,3.902166260825)
  );
#146 = CARTESIAN_POINT('',(4.596910311364,8.085944525956,4.174893533539)
  );
#147 = CARTESIAN_POINT('',(-0.491084528897,10.391364412925,
    4.447620806302));
#148 = CARTESIAN_POINT('',(-6.729173471917,9.139925078819,4.720348078969
    ));
#149 = CARTESIAN_POINT('',(-11.40455836145,3.816673190544,4.993075351762
    ));
#150 = CARTESIAN_POINT('',(-11.44576372359,-3.691265338814,
    5.265802624445));
#151 = CARTESIAN_POINT('',(-6.829089089945,-9.065514198293,
    5.538529897184));
#152 = CARTESIAN_POINT('',(-0.605111954595,-10.38534823322,5.81125716992
    ));
#153 = CARTESIAN_POINT('',(4.507881009567,-8.135913726226,6.083984442636
    ));
#154 = CARTESIAN_POINT('',(7.07774241968,-4.09447695839,6.356711715369)
  );
#155 = CARTESIAN_POINT('',(7.100000000123,-3.896644190526E-02,
    6.629438988095));
#156 = DEFINITIONAL_REPRESENTATION('',(#157),#160);
#157 = B_SPLINE_CURVE_WITH_KNOTS('',1,(#158,#159),.UNSPECIFIED.,.F.,.F.,
  (2,2),(0.,1.),.PIECEWISE_BEZIER_KNOTS.);
#158 = CARTESIAN_POINT('',(-1.234449922963E-04,0.));
#159 = CARTESIAN_POINT('',(-1.234744948468E-04,6.081109424643E-03));
#160 = ( GEOMETRIC_REPRESENTATION_CONTEXT(2) 
PARAMETRIC_REPRESENTATION_CONTEXT() REPRESENTATION_CONTEXT('2D SPACE',''
  ) );
#161 = ORIENTED_EDGE('',*,*,#162,.T.);
#162 = EDGE_CURVE('',#118,#163,#165,.T.);
#163 = VERTEX_POINT('',#164);
#164 = CARTESIAN_POINT('',(7.1,-1.738998454789E-15,3.967998006279));
#165 = SURFACE_CURVE('',#166,(#170,#177),.PCURVE_S1.);
#166 = LINE('',#167,#168);
#167 = CARTESIAN_POINT('',(7.1,-1.738998454789E-15,0.));
#168 = VECTOR('',#169,1.);
#169 = DIRECTION('',(0.,0.,1.));
#170 = PCURVE('',#33,#171);
#171 = DEFINITIONAL_REPRESENTATION('',(#172),#176);
#172 = LINE('',#173,#174);
#173 = CARTESIAN_POINT('',(6.28318530718,-0.));
#174 = VECTOR('',#175,1.);
#175 = DIRECTION('',(0.,1.));
#176 = ( GEOMETRIC_REPRESENTATION_CONTEXT(2) 
PARAMETRIC_REPRESENTATION_CONTEXT() REPRESENTATION_CONTEXT('2D SPACE',''
  ) );
#177 = PCURVE('',#178,#183);
#178 = CYLINDRICAL_SURFACE('',#179,7.1);
#179 = AXIS2_PLACEMENT_3D('',#180,#181,#182);
#180 = CARTESIAN_POINT('',(0.,0.,0.));
#181 = DIRECTION('',(0.,0.,1.));
#182 = DIRECTION('',(1.,0.,0.));
#183 = DEFINITIONAL_REPRESENTATION('',(#184),#188);
#184 = LINE('',#185,#186);
#185 = CARTESIAN_POINT('',(0.,-0.));
#186 = VECTOR('',#187,1.);
#187 = DIRECTION('',(0.,1.));
#188 = ( GEOMETRIC_REPRESENTATION_CONTEXT(2) 
PARAMETRIC_REPRESENTATION_CONTEXT() REPRESENTATION_CONTEXT('2D SPACE',''
  ) );
#189 = ORIENTED_EDGE('',*,*,#190,.F.);
#190 = EDGE_CURVE('',#22,#163,#191,.T.);
#191 = SURFACE_CURVE('',#192,(#223,#257),.PCURVE_S1.);
#192 = B_SPLINE_CURVE_WITH_KNOTS('',8,(#193,#194,#195,#196,#197,#198,
    #199,#200,#201,#202,#203,#204,#205,#206,#207,#208,#209,#210,#211,
    #212,#213,#214,#215,#216,#217,#218,#219,#220,#221,#222),
  .UNSPECIFIED.,.F.,.F.,(9,7,7,7,9),(0.,0.126668504023,0.292201806018,
    0.614150007255,1.),.UNSPECIFIED.);
#193 = CARTESIAN_POINT('',(-3.13026613256,-6.372710093779,2.9999994));
#194 = CARTESIAN_POINT('',(-2.92572410756,-6.473180845474,3.015324750944
    ));
#195 = CARTESIAN_POINT('',(-2.717495126507,-6.566149260539,
    3.030650192799));
#196 = CARTESIAN_POINT('',(-2.505902431388,-6.65145669454,3.045975550162
    ));
#197 = CARTESIAN_POINT('',(-2.291275391146,-6.728961848625,3.0613007988)
  );
#198 = CARTESIAN_POINT('',(-2.073949400837,-6.798540802653,
    3.076625992589));
#199 = CARTESIAN_POINT('',(-1.854265780787,-6.860087048324,
    3.091951190454));
#200 = CARTESIAN_POINT('',(-1.632571675746,-6.913511522308,
    3.107276383316));
#201 = CARTESIAN_POINT('',(-1.117338808974,-7.017851699042,
    3.142628531287));
#202 = CARTESIAN_POINT('',(-0.822617927152,-7.06297023164,3.162655986058
    ));
#203 = CARTESIAN_POINT('',(-0.525848699886,-7.093936902283,
    3.182683188135));
#204 = CARTESIAN_POINT('',(-0.227825048137,-7.110646990097,
    3.202710113136));
#205 = CARTESIAN_POINT('',(7.065705531614E-02,-7.113048944649,
    3.222737022802));
#206 = CARTESIAN_POINT('',(0.368799974676,-7.101143247317,3.242764178275
    ));
#207 = CARTESIAN_POINT('',(0.665804710884,-7.074983577625,3.262791553344
    ));
#208 = CARTESIAN_POINT('',(1.534750181066,-6.956293805422,3.32176934923)
  );
#209 = CARTESIAN_POINT('',(2.101491013325,-6.824379294389,3.360731870755
    ));
#210 = CARTESIAN_POINT('',(2.655009634909,-6.639714719334,3.399688739285
    ));
#211 = CARTESIAN_POINT('',(3.189594921727,-6.403924645676,3.438640638798
    ));
#212 = CARTESIAN_POINT('',(3.699860691605,-6.119307018976,3.477592655097
    ));
#213 = CARTESIAN_POINT('',(4.18072786994,-5.788776340116,3.516549805548)
  );
#214 = CARTESIAN_POINT('',(4.627459078874,-5.415912115264,3.555512603322
    ));
#215 = CARTESIAN_POINT('',(5.525119993291,-4.512751182184,3.64114556632)
  );
#216 = CARTESIAN_POINT('',(5.95975634225,-3.965421257648,3.687855571487)
  );
#217 = CARTESIAN_POINT('',(6.331967881107,-3.370634377248,3.734549380598
    ));
#218 = CARTESIAN_POINT('',(6.635936929315,-2.736830478846,3.781231123792
    ));
#219 = CARTESIAN_POINT('',(6.867139105063,-2.073015618359,3.827912739963
    ));
#220 = CARTESIAN_POINT('',(7.022434640136,-1.388766991397,3.874606258536
    ));
#221 = CARTESIAN_POINT('',(7.1,-0.694171603115,3.921316020455));
#222 = CARTESIAN_POINT('',(7.1,-1.7763568394E-15,3.967998006279));
#223 = PCURVE('',#33,#224);
#224 = DEFINITIONAL_REPRESENTATION('',(#225),#256);
#225 = B_SPLINE_CURVE_WITH_KNOTS('',8,(#226,#227,#228,#229,#230,#231,
    #232,#233,#234,#235,#236,#237,#238,#239,#240,#241,#242,#243,#244,
    #245,#246,#247,#248,#249,#250,#251,#252,#253,#254,#255),
  .UNSPECIFIED.,.F.,.F.,(9,7,7,7,9),(0.,0.126668504023,0.292201806018,
    0.614150007255,1.),.UNSPECIFIED.);
#226 = CARTESIAN_POINT('',(4.255807268221,2.9999994));
#227 = CARTESIAN_POINT('',(4.287903820863,3.015324750944));
#228 = CARTESIAN_POINT('',(4.320000604388,3.030650192799));
#229 = CARTESIAN_POINT('',(4.352097287941,3.045975550162));
#230 = CARTESIAN_POINT('',(4.384193845427,3.0613007988));
#231 = CARTESIAN_POINT('',(4.416290403389,3.076625992589));
#232 = CARTESIAN_POINT('',(4.448387088874,3.091951190454));
#233 = CARTESIAN_POINT('',(4.480483877298,3.107276383316));
#234 = CARTESIAN_POINT('',(4.554524963953,3.142628531287));
#235 = CARTESIAN_POINT('',(4.596470379533,3.162655986058));
#236 = CARTESIAN_POINT('',(4.638415407965,3.182683188135));
#237 = CARTESIAN_POINT('',(4.680359948772,3.202710113136));
#238 = CARTESIAN_POINT('',(4.722304492241,3.222737022802));
#239 = CARTESIAN_POINT('',(4.764249529335,3.242764178275));
#240 = CARTESIAN_POINT('',(4.806194959382,3.262791553344));
#241 = CARTESIAN_POINT('',(4.929718052833,3.32176934923));
#242 = CARTESIAN_POINT('',(5.011320790915,3.360731870755));
#243 = CARTESIAN_POINT('',(5.092911105017,3.399688739285));
#244 = CARTESIAN_POINT('',(5.174490418382,3.438640638798));
#245 = CARTESIAN_POINT('',(5.256069727363,3.477592655097));
#246 = CARTESIAN_POINT('',(5.337660030245,3.516549805548));
#247 = CARTESIAN_POINT('',(5.419262755562,3.555512603322));
#248 = CARTESIAN_POINT('',(5.598611949795,3.64114556632));
#249 = CARTESIAN_POINT('',(5.696442181847,3.687855571487));
#250 = CARTESIAN_POINT('',(5.794239801074,3.734549380598));
#251 = CARTESIAN_POINT('',(5.892013283157,3.781231123792));
#252 = CARTESIAN_POINT('',(5.989786773842,3.827912739963));
#253 = CARTESIAN_POINT('',(6.087584392766,3.874606258536));
#254 = CARTESIAN_POINT('',(6.185414658854,3.921316020455));
#255 = CARTESIAN_POINT('',(6.28318530718,3.967998006279));
#256 = ( GEOMETRIC_REPRESENTATION_CONTEXT(2) 
PARAMETRIC_REPRESENTATION_CONTEXT() REPRESENTATION_CONTEXT('2D SPACE',''
  ) );
#257 = PCURVE('',#258,#283);
#258 = B_SPLINE_SURFACE_WITH_KNOTS('',1,11,(
    (#259,#260,#261,#262,#263,#264,#265,#266,#267,#268,#269,#270)
    ,(#271,#272,#273,#274,#275,#276,#277,#278,#279,#280,#281,#282
  )),.UNSPECIFIED.,.F.,.F.,.F.,(2,2),(12,12),(-0.981495457622,-0.),(0.,
    6.962644440466),.PIECEWISE_BEZIER_KNOTS.);
#259 = CARTESIAN_POINT('',(-7.1,-3.896644190514E-02,2.470561011905));
#260 = CARTESIAN_POINT('',(-7.077742419582,-4.094476958323,2.74328828463
    ));
#261 = CARTESIAN_POINT('',(-4.50788100942,-8.135913726087,3.016015557368
    ));
#262 = CARTESIAN_POINT('',(0.605111954451,-10.38534823305,3.28874283007)
  );
#263 = CARTESIAN_POINT('',(6.829089089985,-9.065514198145,3.561470102828
    ));
#264 = CARTESIAN_POINT('',(11.445763723318,-3.69126533873,3.834197375548
    ));
#265 = CARTESIAN_POINT('',(11.404558361216,3.816673190447,4.106924648236
    ));
#266 = CARTESIAN_POINT('',(6.729173471936,9.139925078699,4.379651921038)
  );
#267 = CARTESIAN_POINT('',(0.491084528761,10.391364412728,4.652379193692
    ));
#268 = CARTESIAN_POINT('',(-4.596910311217,8.085944525828,4.925106466465
    ));
#269 = CARTESIAN_POINT('',(-7.122257580321,4.016544074511,5.197833739174
    ));
#270 = CARTESIAN_POINT('',(-7.099999999877,-3.896644190528E-02,
    5.470561011905));
#271 = CARTESIAN_POINT('',(-6.25,-6.038731789167E-03,2.960202818984));
#272 = CARTESIAN_POINT('',(-6.246550684337,-3.576030373573,
    3.232930092285));
#273 = CARTESIAN_POINT('',(-4.000491993757,-7.143774383219,
    3.505657362831));
#274 = CARTESIAN_POINT('',(0.49131641099,-9.144213529421,3.778384641242)
  );
#275 = CARTESIAN_POINT('',(5.975287234974,-8.007191917282,4.051111903233
    ));
#276 = CARTESIAN_POINT('',(10.060552923778,-3.294832583902,
    4.323839191371));
#277 = CARTESIAN_POINT('',(10.054167220684,3.314267367856,4.596566446661
    ));
#278 = CARTESIAN_POINT('',(5.959803049361,8.018723566765,4.869293735155)
  );
#279 = CARTESIAN_POINT('',(0.473645281536,9.145145872571,5.142020996686)
  );
#280 = CARTESIAN_POINT('',(-4.014289098348,7.136030525096,5.414748275423
    ));
#281 = CARTESIAN_POINT('',(-6.253449315642,3.563952910006,5.687475545825
    ));
#282 = CARTESIAN_POINT('',(-6.249999999981,-6.038731776993E-03,
    5.960202819163));
#283 = DEFINITIONAL_REPRESENTATION('',(#284),#315);
#284 = B_SPLINE_CURVE_WITH_KNOTS('',8,(#285,#286,#287,#288,#289,#290,
    #291,#292,#293,#294,#295,#296,#297,#298,#299,#300,#301,#302,#303,
    #304,#305,#306,#307,#308,#309,#310,#311,#312,#313,#314),
  .UNSPECIFIED.,.F.,.F.,(9,7,7,7,9),(0.,0.126668504023,0.292201806018,
    0.614150007255,1.),.UNSPECIFIED.);
#285 = CARTESIAN_POINT('',(-0.9813742417,1.228623402911));
#286 = CARTESIAN_POINT('',(-0.98137364338,1.264191033344));
#287 = CARTESIAN_POINT('',(-0.981373094451,1.299758931955));
#288 = CARTESIAN_POINT('',(-0.981372623873,1.335326725188));
#289 = CARTESIAN_POINT('',(-0.981372249026,1.370894376924));
#290 = CARTESIAN_POINT('',(-0.981371976994,1.406462020403));
#291 = CARTESIAN_POINT('',(-0.981371805852,1.442029790155));
#292 = CARTESIAN_POINT('',(-0.981371725942,1.477597653927));
#293 = CARTESIAN_POINT('',(-0.981371714916,1.559645786672));
#294 = CARTESIAN_POINT('',(-0.981371837237,1.606127277169));
#295 = CARTESIAN_POINT('',(-0.981372054165,1.652608290734));
#296 = CARTESIAN_POINT('',(-0.981372315102,1.699088712193));
#297 = CARTESIAN_POINT('',(-0.981372565101,1.745569085397));
#298 = CARTESIAN_POINT('',(-0.981372754531,1.792049958961));
#299 = CARTESIAN_POINT('',(-0.981372846131,1.838531228911));
#300 = CARTESIAN_POINT('',(-0.981372767514,1.975411612099));
#301 = CARTESIAN_POINT('',(-0.981372267701,2.065838428029));
#302 = CARTESIAN_POINT('',(-0.981371167158,2.156251428489));
#303 = CARTESIAN_POINT('',(-0.981369536559,2.246652282738));
#304 = CARTESIAN_POINT('',(-0.981367767523,2.337053247743));
#305 = CARTESIAN_POINT('',(-0.98136635091,2.427466536554));
#306 = CARTESIAN_POINT('',(-0.981365607797,2.517893711927));
#307 = CARTESIAN_POINT('',(-0.981365689449,2.716637764379));
#308 = CARTESIAN_POINT('',(-0.981366854932,2.825047499734));
#309 = CARTESIAN_POINT('',(-0.981369324044,2.933421155348));
#310 = CARTESIAN_POINT('',(-0.981372842634,3.041768022479));
#311 = CARTESIAN_POINT('',(-0.981376514115,3.15011477188));
#312 = CARTESIAN_POINT('',(-0.981379321439,3.258488144747));
#313 = CARTESIAN_POINT('',(-0.981380767551,3.366897640483));
#314 = CARTESIAN_POINT('',(-0.981380835246,3.475241075217));
#315 = ( GEOMETRIC_REPRESENTATION_CONTEXT(2) 
PARAMETRIC_REPRESENTATION_CONTEXT() REPRESENTATION_CONTEXT('2D SPACE',''
  ) );
#316 = ADVANCED_FACE('',(#317,#348),#45,.T.);
#317 = FACE_BOUND('',#318,.T.);
#318 = EDGE_LOOP('',(#319));
#319 = ORIENTED_EDGE('',*,*,#320,.T.);
#320 = EDGE_CURVE('',#321,#321,#323,.T.);
#321 = VERTEX_POINT('',#322);
#322 = CARTESIAN_POINT('',(10.,-2.449293598295E-15,3.));
#323 = SURFACE_CURVE('',#324,(#329,#336),.PCURVE_S1.);
#324 = CIRCLE('',#325,10.);
#325 = AXIS2_PLACEMENT_3D('',#326,#327,#328);
#326 = CARTESIAN_POINT('',(0.,0.,3.));
#327 = DIRECTION('',(0.,0.,1.));
#328 = DIRECTION('',(1.,0.,0.));
#329 = PCURVE('',#45,#330);
#330 = DEFINITIONAL_REPRESENTATION('',(#331),#335);
#331 = CIRCLE('',#332,10.);
#332 = AXIS2_PLACEMENT_2D('',#333,#334);
#333 = CARTESIAN_POINT('',(0.,0.));
#334 = DIRECTION('',(1.,0.));
#335 = ( GEOMETRIC_REPRESENTATION_CONTEXT(2) 
PARAMETRIC_REPRESENTATION_CONTEXT() REPRESENTATION_CONTEXT('2D SPACE',''
  ) );
#336 = PCURVE('',#337,#342);
#337 = CYLINDRICAL_SURFACE('',#338,10.);
#338 = AXIS2_PLACEMENT_3D('',#339,#340,#341);
#339 = CARTESIAN_POINT('',(0.,0.,0.));
#340 = DIRECTION('',(0.,0.,1.));
#341 = DIRECTION('',(1.,0.,0.));
#342 = DEFINITIONAL_REPRESENTATION('',(#343),#347);
#343 = LINE('',#344,#345);
#344 = CARTESIAN_POINT('',(0.,3.));
#345 = VECTOR('',#346,1.);
#346 = DIRECTION('',(1.,0.));
#347 = ( GEOMETRIC_REPRESENTATION_CONTEXT(2) 
PARAMETRIC_REPRESENTATION_CONTEXT() REPRESENTATION_CONTEXT('2D SPACE',''
  ) );
#348 = FACE_BOUND('',#349,.T.);
#349 = EDGE_LOOP('',(#350,#374,#375,#443,#548,#577,#670));
#350 = ORIENTED_EDGE('',*,*,#351,.F.);
#351 = EDGE_CURVE('',#24,#352,#354,.T.);
#352 = VERTEX_POINT('',#353);
#353 = CARTESIAN_POINT('',(7.099999734603,3.362428375183E-03,3.));
#354 = SURFACE_CURVE('',#355,(#360,#367),.PCURVE_S1.);
#355 = CIRCLE('',#356,7.1);
#356 = AXIS2_PLACEMENT_3D('',#357,#358,#359);
#357 = CARTESIAN_POINT('',(0.,0.,3.));
#358 = DIRECTION('',(0.,0.,1.));
#359 = DIRECTION('',(1.,0.,-0.));
#360 = PCURVE('',#45,#361);
#361 = DEFINITIONAL_REPRESENTATION('',(#362),#366);
#362 = CIRCLE('',#363,7.1);
#363 = AXIS2_PLACEMENT_2D('',#364,#365);
#364 = CARTESIAN_POINT('',(0.,0.));
#365 = DIRECTION('',(1.,0.));
#366 = ( GEOMETRIC_REPRESENTATION_CONTEXT(2) 
PARAMETRIC_REPRESENTATION_CONTEXT() REPRESENTATION_CONTEXT('2D SPACE',''
  ) );
#367 = PCURVE('',#73,#368);
#368 = DEFINITIONAL_REPRESENTATION('',(#369),#373);
#369 = LINE('',#370,#371);
#370 = CARTESIAN_POINT('',(0.,3.));
#371 = VECTOR('',#372,1.);
#372 = DIRECTION('',(1.,0.));
#373 = ( GEOMETRIC_REPRESENTATION_CONTEXT(2) 
PARAMETRIC_REPRESENTATION_CONTEXT() REPRESENTATION_CONTEXT('2D SPACE',''
  ) );
#374 = ORIENTED_EDGE('',*,*,#21,.F.);
#375 = ORIENTED_EDGE('',*,*,#376,.T.);
#376 = EDGE_CURVE('',#22,#377,#379,.T.);
#377 = VERTEX_POINT('',#378);
#378 = CARTESIAN_POINT('',(-3.12949413934,-6.373206212544,3.));
#379 = SURFACE_CURVE('',#380,(#399,#421),.PCURVE_S1.);
#380 = B_SPLINE_CURVE_WITH_KNOTS('',5,(#381,#382,#383,#384,#385,#386,
    #387,#388,#389,#390,#391,#392,#393,#394,#395,#396,#397,#398),
  .UNSPECIFIED.,.F.,.F.,(6,4,4,4,6),(0.,0.226270780551,0.457203595661,
    0.724455619637,1.),.UNSPECIFIED.);
#381 = CARTESIAN_POINT('',(-6.22780234302,-0.526358172333,3.));
#382 = CARTESIAN_POINT('',(-6.242454847038,-0.838577172506,3.));
#383 = CARTESIAN_POINT('',(-6.237436535465,-1.151847816249,3.));
#384 = CARTESIAN_POINT('',(-6.212853660025,-1.464495602539,3.));
#385 = CARTESIAN_POINT('',(-6.169018685046,-1.774929703313,3.));
#386 = CARTESIAN_POINT('',(-6.042519884525,-2.394677465303,3.));
#387 = CARTESIAN_POINT('',(-5.959073521092,-2.703841816001,3.));
#388 = CARTESIAN_POINT('',(-5.856588885885,-3.007537905494,3.));
#389 = CARTESIAN_POINT('',(-5.735755834817,-3.304295370613,3.));
#390 = CARTESIAN_POINT('',(-5.437302358955,-3.926603326895,3.));
#391 = CARTESIAN_POINT('',(-5.253735922628,-4.249349404022,3.));
#392 = CARTESIAN_POINT('',(-5.048002989086,-4.558913605555,3.));
#393 = CARTESIAN_POINT('',(-4.821625622155,-4.853481439568,3.));
#394 = CARTESIAN_POINT('',(-4.323368171915,-5.418120901563,3.));
#395 = CARTESIAN_POINT('',(-4.050287185837,-5.687156754073,3.));
#396 = CARTESIAN_POINT('',(-3.758921450922,-5.936884630799,3.));
#397 = CARTESIAN_POINT('',(-3.451283376843,-6.165927974207,3.));
#398 = CARTESIAN_POINT('',(-3.12949413934,-6.373206212544,3.));
#399 = PCURVE('',#45,#400);
#400 = DEFINITIONAL_REPRESENTATION('',(#401),#420);
#401 = B_SPLINE_CURVE_WITH_KNOTS('',5,(#402,#403,#404,#405,#406,#407,
    #408,#409,#410,#411,#412,#413,#414,#415,#416,#417,#418,#419),
  .UNSPECIFIED.,.F.,.F.,(6,4,4,4,6),(0.,0.226270780551,0.457203595661,
    0.724455619637,1.),.UNSPECIFIED.);
#402 = CARTESIAN_POINT('',(-6.22780234302,-0.526358172333));
#403 = CARTESIAN_POINT('',(-6.242454847038,-0.838577172506));
#404 = CARTESIAN_POINT('',(-6.237436535465,-1.151847816249));
#405 = CARTESIAN_POINT('',(-6.212853660025,-1.464495602539));
#406 = CARTESIAN_POINT('',(-6.169018685046,-1.774929703313));
#407 = CARTESIAN_POINT('',(-6.042519884525,-2.394677465303));
#408 = CARTESIAN_POINT('',(-5.959073521092,-2.703841816001));
#409 = CARTESIAN_POINT('',(-5.856588885885,-3.007537905494));
#410 = CARTESIAN_POINT('',(-5.735755834817,-3.304295370613));
#411 = CARTESIAN_POINT('',(-5.437302358955,-3.926603326895));
#412 = CARTESIAN_POINT('',(-5.253735922628,-4.249349404022));
#413 = CARTESIAN_POINT('',(-5.048002989086,-4.558913605555));
#414 = CARTESIAN_POINT('',(-4.821625622155,-4.853481439568));
#415 = CARTESIAN_POINT('',(-4.323368171915,-5.418120901563));
#416 = CARTESIAN_POINT('',(-4.050287185837,-5.687156754073));
#417 = CARTESIAN_POINT('',(-3.758921450922,-5.936884630799));
#418 = CARTESIAN_POINT('',(-3.451283376843,-6.165927974207));
#419 = CARTESIAN_POINT('',(-3.12949413934,-6.373206212544));
#420 = ( GEOMETRIC_REPRESENTATION_CONTEXT(2) 
PARAMETRIC_REPRESENTATION_CONTEXT() REPRESENTATION_CONTEXT('2D SPACE',''
  ) );
#421 = PCURVE('',#258,#422);
#422 = DEFINITIONAL_REPRESENTATION('',(#423),#442);
#423 = B_SPLINE_CURVE_WITH_KNOTS('',5,(#424,#425,#426,#427,#428,#429,
    #430,#431,#432,#433,#434,#435,#436,#437,#438,#439,#440,#441),
  .UNSPECIFIED.,.F.,.F.,(6,4,4,4,6),(0.,0.226270780551,0.457203595661,
    0.724455619637,1.),.UNSPECIFIED.);
#424 = CARTESIAN_POINT('',(0.,9.236454024097E-02));
#425 = CARTESIAN_POINT('',(-4.721603768465E-02,0.147032479029));
#426 = CARTESIAN_POINT('',(-9.407571804993E-02,0.201287818218));
#427 = CARTESIAN_POINT('',(-0.140588425988,0.25514142385));
#428 = CARTESIAN_POINT('',(-0.186765406686,0.308606315883));
#429 = CARTESIAN_POINT('',(-0.27940810352,0.415870405247));
#430 = CARTESIAN_POINT('',(-0.325861001592,0.469654761495));
#431 = CARTESIAN_POINT('',(-0.37198179833,0.523054602302));
#432 = CARTESIAN_POINT('',(-0.417781007402,0.576082100664));
#433 = CARTESIAN_POINT('',(-0.515904186507,0.689691632892));
#434 = CARTESIAN_POINT('',(-0.568122674087,0.750151536469));
#435 = CARTESIAN_POINT('',(-0.619932697061,0.810138509255));
#436 = CARTESIAN_POINT('',(-0.671349013117,0.869669638076));
#437 = CARTESIAN_POINT('',(-0.774995721911,0.989674454571));
#438 = CARTESIAN_POINT('',(-0.827203332221,1.050121764166));
#439 = CARTESIAN_POINT('',(-0.879014049461,1.11010954079));
#440 = CARTESIAN_POINT('',(-0.930441960697,1.169654094809));
#441 = CARTESIAN_POINT('',(-0.981495457622,1.228765142342));
#442 = ( GEOMETRIC_REPRESENTATION_CONTEXT(2) 
PARAMETRIC_REPRESENTATION_CONTEXT() REPRESENTATION_CONTEXT('2D SPACE',''
  ) );
#443 = ORIENTED_EDGE('',*,*,#444,.F.);
#444 = EDGE_CURVE('',#445,#377,#447,.T.);
#445 = VERTEX_POINT('',#446);
#446 = CARTESIAN_POINT('',(-7.099999734603,-3.362428375176E-03,3.));
#447 = SURFACE_CURVE('',#448,(#471,#497),.PCURVE_S1.);
#448 = B_SPLINE_CURVE_WITH_KNOTS('',6,(#449,#450,#451,#452,#453,#454,
    #455,#456,#457,#458,#459,#460,#461,#462,#463,#464,#465,#466,#467,
    #468,#469,#470),.UNSPECIFIED.,.F.,.F.,(7,5,5,5,7),(0.,
    5.691335940237E-02,8.974795907635E-02,0.464056722406,1.),
  .UNSPECIFIED.);
#449 = CARTESIAN_POINT('',(-7.1,-3.362428375175E-03,3.));
#450 = CARTESIAN_POINT('',(-7.09996463521,-7.837533446564E-02,3.));
#451 = CARTESIAN_POINT('',(-7.098978460742,-0.153387794607,3.));
#452 = CARTESIAN_POINT('',(-7.097041438589,-0.228384737119,3.));
#453 = CARTESIAN_POINT('',(-7.09415385522,-0.303351098485,3.));
#454 = CARTESIAN_POINT('',(-7.090316321577,-0.37827182335,3.));
#455 = CARTESIAN_POINT('',(-7.082768305374,-0.49632030936,3.));
#456 = CARTESIAN_POINT('',(-7.079690967804,-0.539488557547,3.));
#457 = CARTESIAN_POINT('',(-7.076297939886,-0.582633720588,3.));
#458 = CARTESIAN_POINT('',(-7.072589436839,-0.625752912772,3.));
#459 = CARTESIAN_POINT('',(-7.068565709583,-0.668843251166,3.));
#460 = CARTESIAN_POINT('',(-7.014767015061,-1.202762506934,3.));
#461 = CARTESIAN_POINT('',(-6.924375290571,-1.689534695242,3.));
#462 = CARTESIAN_POINT('',(-6.793473810471,-2.167871616006,3.));
#463 = CARTESIAN_POINT('',(-6.623113771723,-2.633617382961,3.));
#464 = CARTESIAN_POINT('',(-6.414849197087,-3.08277662761,3.));
#465 = CARTESIAN_POINT('',(-5.821488143479,-4.125500580619,3.));
#466 = CARTESIAN_POINT('',(-5.398724968445,-4.697916126272,3.));
#467 = CARTESIAN_POINT('',(-4.908948388911,-5.217410469286,3.));
#468 = CARTESIAN_POINT('',(-4.360623905148,-5.674679729935,3.));
#469 = CARTESIAN_POINT('',(-3.763550853661,-6.061838280184,3.));
#470 = CARTESIAN_POINT('',(-3.12949413934,-6.373206212544,3.));
#471 = PCURVE('',#45,#472);
#472 = DEFINITIONAL_REPRESENTATION('',(#473),#496);
#473 = B_SPLINE_CURVE_WITH_KNOTS('',6,(#474,#475,#476,#477,#478,#479,
    #480,#481,#482,#483,#484,#485,#486,#487,#488,#489,#490,#491,#492,
    #493,#494,#495),.UNSPECIFIED.,.F.,.F.,(7,5,5,5,7),(0.,
    5.691335940237E-02,8.974795907635E-02,0.464056722406,1.),
  .UNSPECIFIED.);
#474 = CARTESIAN_POINT('',(-7.1,-3.362428375175E-03));
#475 = CARTESIAN_POINT('',(-7.09996463521,-7.837533446564E-02));
#476 = CARTESIAN_POINT('',(-7.098978460742,-0.153387794607));
#477 = CARTESIAN_POINT('',(-7.097041438589,-0.228384737119));
#478 = CARTESIAN_POINT('',(-7.09415385522,-0.303351098485));
#479 = CARTESIAN_POINT('',(-7.090316321577,-0.37827182335));
#480 = CARTESIAN_POINT('',(-7.082768305374,-0.49632030936));
#481 = CARTESIAN_POINT('',(-7.079690967804,-0.539488557547));
#482 = CARTESIAN_POINT('',(-7.076297939886,-0.582633720588));
#483 = CARTESIAN_POINT('',(-7.072589436839,-0.625752912772));
#484 = CARTESIAN_POINT('',(-7.068565709583,-0.668843251166));
#485 = CARTESIAN_POINT('',(-7.014767015061,-1.202762506934));
#486 = CARTESIAN_POINT('',(-6.924375290571,-1.689534695242));
#487 = CARTESIAN_POINT('',(-6.793473810471,-2.167871616006));
#488 = CARTESIAN_POINT('',(-6.623113771723,-2.633617382961));
#489 = CARTESIAN_POINT('',(-6.414849197087,-3.08277662761));
#490 = CARTESIAN_POINT('',(-5.821488143479,-4.125500580619));
#491 = CARTESIAN_POINT('',(-5.398724968445,-4.697916126272));
#492 = CARTESIAN_POINT('',(-4.908948388911,-5.217410469286));
#493 = CARTESIAN_POINT('',(-4.360623905148,-5.674679729935));
#494 = CARTESIAN_POINT('',(-3.763550853661,-6.061838280184));
#495 = CARTESIAN_POINT('',(-3.12949413934,-6.373206212544));
#496 = ( GEOMETRIC_REPRESENTATION_CONTEXT(2) 
PARAMETRIC_REPRESENTATION_CONTEXT() REPRESENTATION_CONTEXT('2D SPACE',''
  ) );
#497 = PCURVE('',#498,#523);
#498 = B_SPLINE_SURFACE_WITH_KNOTS('',1,11,(
    (#499,#500,#501,#502,#503,#504,#505,#506,#507,#508,#509,#510)
    ,(#511,#512,#513,#514,#515,#516,#517,#518,#519,#520,#521,#522
  )),.UNSPECIFIED.,.F.,.F.,.F.,(2,2),(12,12),(-1.161495457622,-0.),(0.,
    6.962644440466),.PIECEWISE_BEZIER_KNOTS.);
#499 = CARTESIAN_POINT('',(-7.1,3.896644190515E-02,3.629438988095));
#500 = CARTESIAN_POINT('',(-7.122257580419,-4.016544074581,
    3.902166260825));
#501 = CARTESIAN_POINT('',(-4.596910311363,-8.085944525956,
    4.174893533539));
#502 = CARTESIAN_POINT('',(0.491084528896,-10.39136441292,4.447620806302
    ));
#503 = CARTESIAN_POINT('',(6.729173471919,-9.139925078819,4.720348078969
    ));
#504 = CARTESIAN_POINT('',(11.404558361453,-3.816673190543,
    4.993075351762));
#505 = CARTESIAN_POINT('',(11.445763723594,3.691265338814,5.265802624445
    ));
#506 = CARTESIAN_POINT('',(6.829089089942,9.065514198293,5.538529897184)
  );
#507 = CARTESIAN_POINT('',(0.605111954597,10.385348233223,5.811257169921
    ));
#508 = CARTESIAN_POINT('',(-4.507881009568,8.135913726226,6.083984442636
    ));
#509 = CARTESIAN_POINT('',(-7.07774241968,4.09447695839,6.356711715369)
  );
#510 = CARTESIAN_POINT('',(-7.100000000123,3.896644190527E-02,
    6.629438988095));
#511 = CARTESIAN_POINT('',(-7.1,-3.896644190514E-02,2.470561011905));
#512 = CARTESIAN_POINT('',(-7.077742419582,-4.094476958323,2.74328828463
    ));
#513 = CARTESIAN_POINT('',(-4.50788100942,-8.135913726087,3.016015557368
    ));
#514 = CARTESIAN_POINT('',(0.60511195445,-10.38534823305,3.28874283007)
  );
#515 = CARTESIAN_POINT('',(6.829089089986,-9.065514198144,3.561470102828
    ));
#516 = CARTESIAN_POINT('',(11.445763723317,-3.691265338731,
    3.834197375548));
#517 = CARTESIAN_POINT('',(11.404558361217,3.816673190448,4.106924648236
    ));
#518 = CARTESIAN_POINT('',(6.729173471936,9.139925078698,4.379651921038)
  );
#519 = CARTESIAN_POINT('',(0.491084528761,10.391364412729,4.652379193692
    ));
#520 = CARTESIAN_POINT('',(-4.596910311218,8.085944525828,4.925106466465
    ));
#521 = CARTESIAN_POINT('',(-7.122257580321,4.016544074511,5.197833739174
    ));
#522 = CARTESIAN_POINT('',(-7.099999999877,-3.896644190528E-02,
    5.470561011905));
#523 = DEFINITIONAL_REPRESENTATION('',(#524),#547);
#524 = B_SPLINE_CURVE_WITH_KNOTS('',6,(#525,#526,#527,#528,#529,#530,
    #531,#532,#533,#534,#535,#536,#537,#538,#539,#540,#541,#542,#543,
    #544,#545,#546),.UNSPECIFIED.,.F.,.F.,(7,5,5,5,7),(0.,
    5.691335940237E-02,8.974795907635E-02,0.464056722406,1.),
  .UNSPECIFIED.);
#525 = CARTESIAN_POINT('',(-0.530634797101,0.));
#526 = CARTESIAN_POINT('',(-0.52560165465,1.16550027142E-02));
#527 = CARTESIAN_POINT('',(-0.520568510037,2.33100104337E-02));
#528 = CARTESIAN_POINT('',(-0.515535363489,3.496502263463E-02));
#529 = CARTESIAN_POINT('',(-0.510502215279,4.662003868399E-02));
#530 = CARTESIAN_POINT('',(-0.505469065728,5.827505783962E-02));
#531 = CARTESIAN_POINT('',(-0.497532177235,7.665412376678E-02));
#532 = CARTESIAN_POINT('',(-0.494628438912,8.337816910545E-02));
#533 = CARTESIAN_POINT('',(-0.491724700296,9.010221512047E-02));
#534 = CARTESIAN_POINT('',(-0.488820961453,9.682626166441E-02));
#535 = CARTESIAN_POINT('',(-0.485917222445,0.103550308588));
#536 = CARTESIAN_POINT('',(-0.449911359214,0.186927331543));
#537 = CARTESIAN_POINT('',(-0.41680685062,0.263585828944));
#538 = CARTESIAN_POINT('',(-0.383705235726,0.340237625545));
#539 = CARTESIAN_POINT('',(-0.350603706945,0.416889222739));
#540 = CARTESIAN_POINT('',(-0.317499503455,0.493547013626));
#541 = CARTESIAN_POINT('',(-0.237001977315,0.679951212344));
#542 = CARTESIAN_POINT('',(-0.189592412128,0.789735232227));
#543 = CARTESIAN_POINT('',(-0.142199003343,0.899481839517));
#544 = CARTESIAN_POINT('',(-9.480551643215E-02,1.009228627718));
#545 = CARTESIAN_POINT('',(-4.739578033877E-02,1.119013043361));
#546 = CARTESIAN_POINT('',(0.,1.228765142342));
#547 = ( GEOMETRIC_REPRESENTATION_CONTEXT(2) 
PARAMETRIC_REPRESENTATION_CONTEXT() REPRESENTATION_CONTEXT('2D SPACE',''
  ) );
#548 = ORIENTED_EDGE('',*,*,#549,.F.);
#549 = EDGE_CURVE('',#550,#445,#552,.T.);
#550 = VERTEX_POINT('',#551);
#551 = CARTESIAN_POINT('',(3.13025812457,6.372714027285,3.));
#552 = SURFACE_CURVE('',#553,(#558,#565),.PCURVE_S1.);
#553 = CIRCLE('',#554,7.1);
#554 = AXIS2_PLACEMENT_3D('',#555,#556,#557);
#555 = CARTESIAN_POINT('',(0.,0.,3.));
#556 = DIRECTION('',(0.,0.,1.));
#557 = DIRECTION('',(1.,0.,-0.));
#558 = PCURVE('',#45,#559);
#559 = DEFINITIONAL_REPRESENTATION('',(#560),#564);
#560 = CIRCLE('',#561,7.1);
#561 = AXIS2_PLACEMENT_2D('',#562,#563);
#562 = CARTESIAN_POINT('',(0.,0.));
#563 = DIRECTION('',(1.,0.));
#564 = ( GEOMETRIC_REPRESENTATION_CONTEXT(2) 
PARAMETRIC_REPRESENTATION_CONTEXT() REPRESENTATION_CONTEXT('2D SPACE',''
  ) );
#565 = PCURVE('',#566,#571);
#566 = CYLINDRICAL_SURFACE('',#567,7.1);
#567 = AXIS2_PLACEMENT_3D('',#568,#569,#570);
#568 = CARTESIAN_POINT('',(0.,0.,0.));
#569 = DIRECTION('',(0.,0.,1.));
#570 = DIRECTION('',(1.,0.,0.));
#571 = DEFINITIONAL_REPRESENTATION('',(#572),#576);
#572 = LINE('',#573,#574);
#573 = CARTESIAN_POINT('',(0.,3.));
#574 = VECTOR('',#575,1.);
#575 = DIRECTION('',(1.,0.));
#576 = ( GEOMETRIC_REPRESENTATION_CONTEXT(2) 
PARAMETRIC_REPRESENTATION_CONTEXT() REPRESENTATION_CONTEXT('2D SPACE',''
  ) );
#577 = ORIENTED_EDGE('',*,*,#578,.T.);
#578 = EDGE_CURVE('',#550,#579,#581,.T.);
#579 = VERTEX_POINT('',#580);
#580 = CARTESIAN_POINT('',(3.12949413934,6.373206212544,3.));
#581 = SURFACE_CURVE('',#582,(#601,#623),.PCURVE_S1.);
#582 = B_SPLINE_CURVE_WITH_KNOTS('',5,(#583,#584,#585,#586,#587,#588,
    #589,#590,#591,#592,#593,#594,#595,#596,#597,#598,#599,#600),
  .UNSPECIFIED.,.F.,.F.,(6,4,4,4,6),(0.,0.226270780551,0.457203595661,
    0.724455619637,1.),.UNSPECIFIED.);
#583 = CARTESIAN_POINT('',(6.22780234302,0.526358172333,3.));
#584 = CARTESIAN_POINT('',(6.242454847038,0.838577172506,3.));
#585 = CARTESIAN_POINT('',(6.237436535465,1.151847816249,3.));
#586 = CARTESIAN_POINT('',(6.212853660025,1.46449560254,3.));
#587 = CARTESIAN_POINT('',(6.169018685046,1.774929703313,3.));
#588 = CARTESIAN_POINT('',(6.042519884525,2.394677465303,3.));
#589 = CARTESIAN_POINT('',(5.959073521092,2.703841816,3.));
#590 = CARTESIAN_POINT('',(5.856588885885,3.007537905494,3.));
#591 = CARTESIAN_POINT('',(5.735755834817,3.304295370613,3.));
#592 = CARTESIAN_POINT('',(5.437302358955,3.926603326895,3.));
#593 = CARTESIAN_POINT('',(5.253735922628,4.249349404022,3.));
#594 = CARTESIAN_POINT('',(5.048002989086,4.558913605555,3.));
#595 = CARTESIAN_POINT('',(4.821625622155,4.853481439568,3.));
#596 = CARTESIAN_POINT('',(4.323368171914,5.418120901563,3.));
#597 = CARTESIAN_POINT('',(4.050287185838,5.687156754072,3.));
#598 = CARTESIAN_POINT('',(3.758921450922,5.9368846308,3.));
#599 = CARTESIAN_POINT('',(3.451283376843,6.165927974207,3.));
#600 = CARTESIAN_POINT('',(3.12949413934,6.373206212544,3.));
#601 = PCURVE('',#45,#602);
#602 = DEFINITIONAL_REPRESENTATION('',(#603),#622);
#603 = B_SPLINE_CURVE_WITH_KNOTS('',5,(#604,#605,#606,#607,#608,#609,
    #610,#611,#612,#613,#614,#615,#616,#617,#618,#619,#620,#621),
  .UNSPECIFIED.,.F.,.F.,(6,4,4,4,6),(0.,0.226270780551,0.457203595661,
    0.724455619637,1.),.UNSPECIFIED.);
#604 = CARTESIAN_POINT('',(6.22780234302,0.526358172333));
#605 = CARTESIAN_POINT('',(6.242454847038,0.838577172506));
#606 = CARTESIAN_POINT('',(6.237436535465,1.151847816249));
#607 = CARTESIAN_POINT('',(6.212853660025,1.46449560254));
#608 = CARTESIAN_POINT('',(6.169018685046,1.774929703313));
#609 = CARTESIAN_POINT('',(6.042519884525,2.394677465303));
#610 = CARTESIAN_POINT('',(5.959073521092,2.703841816));
#611 = CARTESIAN_POINT('',(5.856588885885,3.007537905494));
#612 = CARTESIAN_POINT('',(5.735755834817,3.304295370613));
#613 = CARTESIAN_POINT('',(5.437302358955,3.926603326895));
#614 = CARTESIAN_POINT('',(5.253735922628,4.249349404022));
#615 = CARTESIAN_POINT('',(5.048002989086,4.558913605555));
#616 = CARTESIAN_POINT('',(4.821625622155,4.853481439568));
#617 = CARTESIAN_POINT('',(4.323368171914,5.418120901563));
#618 = CARTESIAN_POINT('',(4.050287185838,5.687156754072));
#619 = CARTESIAN_POINT('',(3.758921450922,5.9368846308));
#620 = CARTESIAN_POINT('',(3.451283376843,6.165927974207));
#621 = CARTESIAN_POINT('',(3.12949413934,6.373206212544));
#622 = ( GEOMETRIC_REPRESENTATION_CONTEXT(2) 
PARAMETRIC_REPRESENTATION_CONTEXT() REPRESENTATION_CONTEXT('2D SPACE',''
  ) );
#623 = PCURVE('',#624,#649);
#624 = B_SPLINE_SURFACE_WITH_KNOTS('',1,11,(
    (#625,#626,#627,#628,#629,#630,#631,#632,#633,#634,#635,#636)
    ,(#637,#638,#639,#640,#641,#642,#643,#644,#645,#646,#647,#648
  )),.UNSPECIFIED.,.F.,.F.,.F.,(2,2),(12,12),(-0.981495457622,-0.),(0.,
    6.962644440466),.PIECEWISE_BEZIER_KNOTS.);
#625 = CARTESIAN_POINT('',(7.1,3.896644190514E-02,2.470561011905));
#626 = CARTESIAN_POINT('',(7.077742419582,4.094476958323,2.74328828463)
  );
#627 = CARTESIAN_POINT('',(4.50788100942,8.135913726086,3.016015557368)
  );
#628 = CARTESIAN_POINT('',(-0.605111954451,10.385348233051,3.28874283007
    ));
#629 = CARTESIAN_POINT('',(-6.829089089985,9.065514198144,3.561470102828
    ));
#630 = CARTESIAN_POINT('',(-11.44576372331,3.691265338732,3.834197375548
    ));
#631 = CARTESIAN_POINT('',(-11.40455836121,-3.816673190448,
    4.106924648237));
#632 = CARTESIAN_POINT('',(-6.729173471937,-9.139925078699,
    4.379651921038));
#633 = CARTESIAN_POINT('',(-0.49108452876,-10.39136441272,4.652379193692
    ));
#634 = CARTESIAN_POINT('',(4.596910311217,-8.085944525828,4.925106466464
    ));
#635 = CARTESIAN_POINT('',(7.122257580321,-4.016544074511,5.197833739174
    ));
#636 = CARTESIAN_POINT('',(7.099999999877,3.896644190528E-02,
    5.470561011905));
#637 = CARTESIAN_POINT('',(6.25,6.038731789171E-03,2.960202818984));
#638 = CARTESIAN_POINT('',(6.246550684337,3.576030373573,3.232930092285)
  );
#639 = CARTESIAN_POINT('',(4.000491993756,7.143774383219,3.505657362831)
  );
#640 = CARTESIAN_POINT('',(-0.491316410989,9.144213529422,3.778384641242
    ));
#641 = CARTESIAN_POINT('',(-5.975287234976,8.007191917281,4.051111903233
    ));
#642 = CARTESIAN_POINT('',(-10.06055292377,3.294832583903,4.323839191371
    ));
#643 = CARTESIAN_POINT('',(-10.05416722068,-3.314267367857,
    4.596566446661));
#644 = CARTESIAN_POINT('',(-5.959803049359,-8.018723566765,
    4.869293735155));
#645 = CARTESIAN_POINT('',(-0.473645281537,-9.145145872572,
    5.142020996686));
#646 = CARTESIAN_POINT('',(4.014289098349,-7.136030525096,5.414748275423
    ));
#647 = CARTESIAN_POINT('',(6.253449315642,-3.563952910006,5.687475545825
    ));
#648 = CARTESIAN_POINT('',(6.249999999981,6.038731776989E-03,
    5.960202819163));
#649 = DEFINITIONAL_REPRESENTATION('',(#650),#669);
#650 = B_SPLINE_CURVE_WITH_KNOTS('',5,(#651,#652,#653,#654,#655,#656,
    #657,#658,#659,#660,#661,#662,#663,#664,#665,#666,#667,#668),
  .UNSPECIFIED.,.F.,.F.,(6,4,4,4,6),(0.,0.226270780551,0.457203595661,
    0.724455619637,1.),.UNSPECIFIED.);
#651 = CARTESIAN_POINT('',(0.,9.236454024097E-02));
#652 = CARTESIAN_POINT('',(-4.721603768466E-02,0.147032479029));
#653 = CARTESIAN_POINT('',(-9.407571804992E-02,0.201287818218));
#654 = CARTESIAN_POINT('',(-0.140588425988,0.25514142385));
#655 = CARTESIAN_POINT('',(-0.186765406686,0.308606315883));
#656 = CARTESIAN_POINT('',(-0.27940810352,0.415870405247));
#657 = CARTESIAN_POINT('',(-0.325861001592,0.469654761495));
#658 = CARTESIAN_POINT('',(-0.37198179833,0.523054602302));
#659 = CARTESIAN_POINT('',(-0.417781007402,0.576082100664));
#660 = CARTESIAN_POINT('',(-0.515904186507,0.689691632892));
#661 = CARTESIAN_POINT('',(-0.568122674087,0.750151536469));
#662 = CARTESIAN_POINT('',(-0.619932697061,0.810138509255));
#663 = CARTESIAN_POINT('',(-0.671349013117,0.869669638076));
#664 = CARTESIAN_POINT('',(-0.774995721911,0.989674454571));
#665 = CARTESIAN_POINT('',(-0.827203332221,1.050121764165));
#666 = CARTESIAN_POINT('',(-0.879014049461,1.11010954079));
#667 = CARTESIAN_POINT('',(-0.930441960697,1.169654094809));
#668 = CARTESIAN_POINT('',(-0.981495457622,1.228765142342));
#669 = ( GEOMETRIC_REPRESENTATION_CONTEXT(2) 
PARAMETRIC_REPRESENTATION_CONTEXT() REPRESENTATION_CONTEXT('2D SPACE',''
  ) );
#670 = ORIENTED_EDGE('',*,*,#671,.F.);
#671 = EDGE_CURVE('',#352,#579,#672,.T.);
#672 = SURFACE_CURVE('',#673,(#696,#722),.PCURVE_S1.);
#673 = B_SPLINE_CURVE_WITH_KNOTS('',6,(#674,#675,#676,#677,#678,#679,
    #680,#681,#682,#683,#684,#685,#686,#687,#688,#689,#690,#691,#692,
    #693,#694,#695),.UNSPECIFIED.,.F.,.F.,(7,5,5,5,7),(0.,
    5.691335940239E-02,8.974795907637E-02,0.464056722406,1.),
  .UNSPECIFIED.);
#674 = CARTESIAN_POINT('',(7.1,3.362428375184E-03,3.));
#675 = CARTESIAN_POINT('',(7.09996463521,7.837533446564E-02,3.));
#676 = CARTESIAN_POINT('',(7.098978460742,0.153387794607,3.));
#677 = CARTESIAN_POINT('',(7.097041438589,0.228384737119,3.));
#678 = CARTESIAN_POINT('',(7.09415385522,0.303351098485,3.));
#679 = CARTESIAN_POINT('',(7.090316321576,0.37827182335,3.));
#680 = CARTESIAN_POINT('',(7.082768305374,0.49632030936,3.));
#681 = CARTESIAN_POINT('',(7.079690967804,0.539488557547,3.));
#682 = CARTESIAN_POINT('',(7.076297939886,0.582633720588,3.));
#683 = CARTESIAN_POINT('',(7.072589436839,0.625752912772,3.));
#684 = CARTESIAN_POINT('',(7.068565709583,0.668843251166,3.));
#685 = CARTESIAN_POINT('',(7.014767015061,1.202762506934,3.));
#686 = CARTESIAN_POINT('',(6.924375290571,1.689534695242,3.));
#687 = CARTESIAN_POINT('',(6.793473810471,2.167871616006,3.));
#688 = CARTESIAN_POINT('',(6.623113771723,2.633617382961,3.));
#689 = CARTESIAN_POINT('',(6.414849197087,3.08277662761,3.));
#690 = CARTESIAN_POINT('',(5.821488143479,4.125500580619,3.));
#691 = CARTESIAN_POINT('',(5.398724968445,4.697916126271,3.));
#692 = CARTESIAN_POINT('',(4.908948388911,5.217410469286,3.));
#693 = CARTESIAN_POINT('',(4.360623905148,5.674679729935,3.));
#694 = CARTESIAN_POINT('',(3.76355085366,6.061838280184,3.));
#695 = CARTESIAN_POINT('',(3.12949413934,6.373206212544,3.));
#696 = PCURVE('',#45,#697);
#697 = DEFINITIONAL_REPRESENTATION('',(#698),#721);
#698 = B_SPLINE_CURVE_WITH_KNOTS('',6,(#699,#700,#701,#702,#703,#704,
    #705,#706,#707,#708,#709,#710,#711,#712,#713,#714,#715,#716,#717,
    #718,#719,#720),.UNSPECIFIED.,.F.,.F.,(7,5,5,5,7),(0.,
    5.691335940239E-02,8.974795907637E-02,0.464056722406,1.),
  .UNSPECIFIED.);
#699 = CARTESIAN_POINT('',(7.1,3.362428375184E-03));
#700 = CARTESIAN_POINT('',(7.09996463521,7.837533446564E-02));
#701 = CARTESIAN_POINT('',(7.098978460742,0.153387794607));
#702 = CARTESIAN_POINT('',(7.097041438589,0.228384737119));
#703 = CARTESIAN_POINT('',(7.09415385522,0.303351098485));
#704 = CARTESIAN_POINT('',(7.090316321576,0.37827182335));
#705 = CARTESIAN_POINT('',(7.082768305374,0.49632030936));
#706 = CARTESIAN_POINT('',(7.079690967804,0.539488557547));
#707 = CARTESIAN_POINT('',(7.076297939886,0.582633720588));
#708 = CARTESIAN_POINT('',(7.072589436839,0.625752912772));
#709 = CARTESIAN_POINT('',(7.068565709583,0.668843251166));
#710 = CARTESIAN_POINT('',(7.014767015061,1.202762506934));
#711 = CARTESIAN_POINT('',(6.924375290571,1.689534695242));
#712 = CARTESIAN_POINT('',(6.793473810471,2.167871616006));
#713 = CARTESIAN_POINT('',(6.623113771723,2.633617382961));
#714 = CARTESIAN_POINT('',(6.414849197087,3.08277662761));
#715 = CARTESIAN_POINT('',(5.821488143479,4.125500580619));
#716 = CARTESIAN_POINT('',(5.398724968445,4.697916126271));
#717 = CARTESIAN_POINT('',(4.908948388911,5.217410469286));
#718 = CARTESIAN_POINT('',(4.360623905148,5.674679729935));
#719 = CARTESIAN_POINT('',(3.76355085366,6.061838280184));
#720 = CARTESIAN_POINT('',(3.12949413934,6.373206212544));
#721 = ( GEOMETRIC_REPRESENTATION_CONTEXT(2) 
PARAMETRIC_REPRESENTATION_CONTEXT() REPRESENTATION_CONTEXT('2D SPACE',''
  ) );
#722 = PCURVE('',#723,#748);
#723 = B_SPLINE_SURFACE_WITH_KNOTS('',1,11,(
    (#724,#725,#726,#727,#728,#729,#730,#731,#732,#733,#734,#735)
    ,(#736,#737,#738,#739,#740,#741,#742,#743,#744,#745,#746,#747
  )),.UNSPECIFIED.,.F.,.F.,.F.,(2,2),(12,12),(-1.161495457622,-0.),(0.,
    6.962644440466),.PIECEWISE_BEZIER_KNOTS.);
#724 = CARTESIAN_POINT('',(7.1,-3.896644190514E-02,3.629438988095));
#725 = CARTESIAN_POINT('',(7.122257580419,4.016544074581,3.902166260825)
  );
#726 = CARTESIAN_POINT('',(4.596910311363,8.085944525956,4.174893533539)
  );
#727 = CARTESIAN_POINT('',(-0.491084528897,10.391364412925,
    4.447620806302));
#728 = CARTESIAN_POINT('',(-6.729173471918,9.139925078819,4.720348078969
    ));
#729 = CARTESIAN_POINT('',(-11.40455836145,3.816673190544,4.993075351762
    ));
#730 = CARTESIAN_POINT('',(-11.44576372359,-3.691265338814,
    5.265802624445));
#731 = CARTESIAN_POINT('',(-6.829089089944,-9.065514198293,
    5.538529897184));
#732 = CARTESIAN_POINT('',(-0.605111954596,-10.38534823322,
    5.811257169921));
#733 = CARTESIAN_POINT('',(4.507881009568,-8.135913726226,6.083984442636
    ));
#734 = CARTESIAN_POINT('',(7.07774241968,-4.09447695839,6.356711715369)
  );
#735 = CARTESIAN_POINT('',(7.100000000123,-3.896644190528E-02,
    6.629438988095));
#736 = CARTESIAN_POINT('',(7.1,3.896644190514E-02,2.470561011905));
#737 = CARTESIAN_POINT('',(7.077742419582,4.094476958323,2.74328828463)
  );
#738 = CARTESIAN_POINT('',(4.50788100942,8.135913726087,3.016015557368)
  );
#739 = CARTESIAN_POINT('',(-0.605111954451,10.38534823305,3.28874283007)
  );
#740 = CARTESIAN_POINT('',(-6.829089089985,9.065514198145,3.561470102828
    ));
#741 = CARTESIAN_POINT('',(-11.44576372331,3.691265338729,3.834197375548
    ));
#742 = CARTESIAN_POINT('',(-11.40455836121,-3.816673190446,
    4.106924648237));
#743 = CARTESIAN_POINT('',(-6.729173471937,-9.1399250787,4.379651921038)
  );
#744 = CARTESIAN_POINT('',(-0.49108452876,-10.39136441272,4.652379193692
    ));
#745 = CARTESIAN_POINT('',(4.596910311217,-8.085944525828,4.925106466464
    ));
#746 = CARTESIAN_POINT('',(7.122257580321,-4.016544074511,5.197833739174
    ));
#747 = CARTESIAN_POINT('',(7.099999999877,3.896644190528E-02,
    5.470561011905));
#748 = DEFINITIONAL_REPRESENTATION('',(#749),#772);
#749 = B_SPLINE_CURVE_WITH_KNOTS('',6,(#750,#751,#752,#753,#754,#755,
    #756,#757,#758,#759,#760,#761,#762,#763,#764,#765,#766,#767,#768,
    #769,#770,#771),.UNSPECIFIED.,.F.,.F.,(7,5,5,5,7),(0.,
    5.691335940239E-02,8.974795907637E-02,0.464056722406,1.),
  .UNSPECIFIED.);
#750 = CARTESIAN_POINT('',(-0.530634797101,0.));
#751 = CARTESIAN_POINT('',(-0.52560165465,1.16550027142E-02));
#752 = CARTESIAN_POINT('',(-0.520568510037,2.33100104337E-02));
#753 = CARTESIAN_POINT('',(-0.515535363489,3.496502263463E-02));
#754 = CARTESIAN_POINT('',(-0.510502215279,4.662003868399E-02));
#755 = CARTESIAN_POINT('',(-0.505469065728,5.827505783962E-02));
#756 = CARTESIAN_POINT('',(-0.497532177235,7.665412376678E-02));
#757 = CARTESIAN_POINT('',(-0.494628438912,8.337816910545E-02));
#758 = CARTESIAN_POINT('',(-0.491724700296,9.010221512048E-02));
#759 = CARTESIAN_POINT('',(-0.488820961453,9.682626166441E-02));
#760 = CARTESIAN_POINT('',(-0.485917222445,0.103550308588));
#761 = CARTESIAN_POINT('',(-0.449911359214,0.186927331543));
#762 = CARTESIAN_POINT('',(-0.41680685062,0.263585828944));
#763 = CARTESIAN_POINT('',(-0.383705235726,0.340237625545));
#764 = CARTESIAN_POINT('',(-0.350603706945,0.416889222739));
#765 = CARTESIAN_POINT('',(-0.317499503455,0.493547013626));
#766 = CARTESIAN_POINT('',(-0.237001977315,0.679951212344));
#767 = CARTESIAN_POINT('',(-0.189592412128,0.789735232227));
#768 = CARTESIAN_POINT('',(-0.142199003343,0.899481839517));
#769 = CARTESIAN_POINT('',(-9.480551643217E-02,1.009228627718));
#770 = CARTESIAN_POINT('',(-4.739578033877E-02,1.119013043361));
#771 = CARTESIAN_POINT('',(0.,1.228765142342));
#772 = ( GEOMETRIC_REPRESENTATION_CONTEXT(2) 
PARAMETRIC_REPRESENTATION_CONTEXT() REPRESENTATION_CONTEXT('2D SPACE',''
  ) );
#773 = ADVANCED_FACE('',(#774),#258,.F.);
#774 = FACE_BOUND('',#775,.F.);
#775 = EDGE_LOOP('',(#776,#807,#833,#887,#933,#1077,#1078));
#776 = ORIENTED_EDGE('',*,*,#777,.F.);
#777 = EDGE_CURVE('',#778,#377,#780,.T.);
#778 = VERTEX_POINT('',#779);
#779 = CARTESIAN_POINT('',(-7.1,-3.896644190514E-02,2.470561011905));
#780 = SURFACE_CURVE('',#781,(#794,#800),.PCURVE_S1.);
#781 = B_SPLINE_CURVE_WITH_KNOTS('',11,(#782,#783,#784,#785,#786,#787,
    #788,#789,#790,#791,#792,#793),.UNSPECIFIED.,.F.,.F.,(12,12),(0.,
    6.962644440466),.PIECEWISE_BEZIER_KNOTS.);
#782 = CARTESIAN_POINT('',(-7.1,-3.896644190514E-02,2.470561011905));
#783 = CARTESIAN_POINT('',(-7.077742419582,-4.094476958323,2.74328828463
    ));
#784 = CARTESIAN_POINT('',(-4.50788100942,-8.135913726087,3.016015557368
    ));
#785 = CARTESIAN_POINT('',(0.60511195445,-10.38534823305,3.28874283007)
  );
#786 = CARTESIAN_POINT('',(6.829089089986,-9.065514198144,3.561470102828
    ));
#787 = CARTESIAN_POINT('',(11.445763723317,-3.691265338731,
    3.834197375548));
#788 = CARTESIAN_POINT('',(11.404558361217,3.816673190448,4.106924648236
    ));
#789 = CARTESIAN_POINT('',(6.729173471936,9.139925078698,4.379651921038)
  );
#790 = CARTESIAN_POINT('',(0.491084528761,10.391364412729,4.652379193692
    ));
#791 = CARTESIAN_POINT('',(-4.596910311218,8.085944525828,4.925106466465
    ));
#792 = CARTESIAN_POINT('',(-7.122257580321,4.016544074511,5.197833739174
    ));
#793 = CARTESIAN_POINT('',(-7.099999999877,-3.896644190528E-02,
    5.470561011905));
#794 = PCURVE('',#258,#795);
#795 = DEFINITIONAL_REPRESENTATION('',(#796),#799);
#796 = B_SPLINE_CURVE_WITH_KNOTS('',1,(#797,#798),.UNSPECIFIED.,.F.,.F.,
  (2,2),(0.,6.962644440466),.PIECEWISE_BEZIER_KNOTS.);
#797 = CARTESIAN_POINT('',(-0.981495457622,0.));
#798 = CARTESIAN_POINT('',(-0.981495457622,6.962644440466));
#799 = ( GEOMETRIC_REPRESENTATION_CONTEXT(2) 
PARAMETRIC_REPRESENTATION_CONTEXT() REPRESENTATION_CONTEXT('2D SPACE',''
  ) );
#800 = PCURVE('',#498,#801);
#801 = DEFINITIONAL_REPRESENTATION('',(#802),#806);
#802 = LINE('',#803,#804);
#803 = CARTESIAN_POINT('',(-0.,0.));
#804 = VECTOR('',#805,1.);
#805 = DIRECTION('',(0.,1.));
#806 = ( GEOMETRIC_REPRESENTATION_CONTEXT(2) 
PARAMETRIC_REPRESENTATION_CONTEXT() REPRESENTATION_CONTEXT('2D SPACE',''
  ) );
#807 = ORIENTED_EDGE('',*,*,#808,.T.);
#808 = EDGE_CURVE('',#778,#809,#811,.T.);
#809 = VERTEX_POINT('',#810);
#810 = CARTESIAN_POINT('',(-6.25,-6.038731789174E-03,2.960202818984));
#811 = SURFACE_CURVE('',#812,(#815,#822),.PCURVE_S1.);
#812 = B_SPLINE_CURVE_WITH_KNOTS('',1,(#813,#814),.UNSPECIFIED.,.F.,.F.,
  (2,2),(-0.981495457622,-0.),.PIECEWISE_BEZIER_KNOTS.);
#813 = CARTESIAN_POINT('',(-7.1,-3.896644190514E-02,2.470561011905));
#814 = CARTESIAN_POINT('',(-6.25,-6.038731789167E-03,2.960202818984));
#815 = PCURVE('',#258,#816);
#816 = DEFINITIONAL_REPRESENTATION('',(#817),#821);
#817 = LINE('',#818,#819);
#818 = CARTESIAN_POINT('',(0.,0.));
#819 = VECTOR('',#820,1.);
#820 = DIRECTION('',(1.,0.));
#821 = ( GEOMETRIC_REPRESENTATION_CONTEXT(2) 
PARAMETRIC_REPRESENTATION_CONTEXT() REPRESENTATION_CONTEXT('2D SPACE',''
  ) );
#822 = PCURVE('',#823,#828);
#823 = PLANE('',#824);
#824 = AXIS2_PLACEMENT_3D('',#825,#826,#827);
#825 = CARTESIAN_POINT('',(-6.801233103249,2.144363552804E-15,3.05));
#826 = DIRECTION('',(9.259979562824E-16,-0.997746455731,
    6.709701987971E-02));
#827 = DIRECTION('',(0.,-6.709701987971E-02,-0.997746455731));
#828 = DEFINITIONAL_REPRESENTATION('',(#829),#832);
#829 = B_SPLINE_CURVE_WITH_KNOTS('',1,(#830,#831),.UNSPECIFIED.,.F.,.F.,
  (2,2),(-0.981495457622,-0.),.PIECEWISE_BEZIER_KNOTS.);
#830 = CARTESIAN_POINT('',(0.580747728811,-0.298766896751));
#831 = CARTESIAN_POINT('',(9.E-02,0.551233103249));
#832 = ( GEOMETRIC_REPRESENTATION_CONTEXT(2) 
PARAMETRIC_REPRESENTATION_CONTEXT() REPRESENTATION_CONTEXT('2D SPACE',''
  ) );
#833 = ORIENTED_EDGE('',*,*,#834,.T.);
#834 = EDGE_CURVE('',#809,#835,#837,.T.);
#835 = VERTEX_POINT('',#836);
#836 = CARTESIAN_POINT('',(-6.249999999981,-6.038731776981E-03,
    5.960202819163));
#837 = SURFACE_CURVE('',#838,(#851,#858),.PCURVE_S1.);
#838 = B_SPLINE_CURVE_WITH_KNOTS('',11,(#839,#840,#841,#842,#843,#844,
    #845,#846,#847,#848,#849,#850),.UNSPECIFIED.,.F.,.F.,(12,12),(0.,
    6.962644440466),.PIECEWISE_BEZIER_KNOTS.);
#839 = CARTESIAN_POINT('',(-6.25,-6.038731789167E-03,2.960202818984));
#840 = CARTESIAN_POINT('',(-6.246550684337,-3.576030373573,
    3.232930092285));
#841 = CARTESIAN_POINT('',(-4.000491993757,-7.143774383219,
    3.505657362831));
#842 = CARTESIAN_POINT('',(0.49131641099,-9.144213529421,3.778384641242)
  );
#843 = CARTESIAN_POINT('',(5.975287234974,-8.007191917282,4.051111903233
    ));
#844 = CARTESIAN_POINT('',(10.060552923778,-3.294832583902,
    4.323839191371));
#845 = CARTESIAN_POINT('',(10.054167220684,3.314267367856,4.596566446661
    ));
#846 = CARTESIAN_POINT('',(5.959803049361,8.018723566765,4.869293735155)
  );
#847 = CARTESIAN_POINT('',(0.473645281536,9.145145872571,5.142020996686)
  );
#848 = CARTESIAN_POINT('',(-4.014289098348,7.136030525096,5.414748275423
    ));
#849 = CARTESIAN_POINT('',(-6.253449315642,3.563952910006,5.687475545825
    ));
#850 = CARTESIAN_POINT('',(-6.249999999981,-6.038731776993E-03,
    5.960202819163));
#851 = PCURVE('',#258,#852);
#852 = DEFINITIONAL_REPRESENTATION('',(#853),#857);
#853 = LINE('',#854,#855);
#854 = CARTESIAN_POINT('',(-0.,0.));
#855 = VECTOR('',#856,1.);
#856 = DIRECTION('',(0.,1.));
#857 = ( GEOMETRIC_REPRESENTATION_CONTEXT(2) 
PARAMETRIC_REPRESENTATION_CONTEXT() REPRESENTATION_CONTEXT('2D SPACE',''
  ) );
#858 = PCURVE('',#859,#882);
#859 = B_SPLINE_SURFACE_WITH_KNOTS('',1,10,(
    (#860,#861,#862,#863,#864,#865,#866,#867,#868,#869,#870)
    ,(#871,#872,#873,#874,#875,#876,#877,#878,#879,#880,#881
  )),.UNSPECIFIED.,.F.,.F.,.F.,(2,2),(11,11),(-0.18,-0.),(0.,
    6.962644440466),.PIECEWISE_BEZIER_KNOTS.);
#860 = CARTESIAN_POINT('',(-6.25,-6.038731789174E-03,2.960202818984));
#861 = CARTESIAN_POINT('',(-6.246205752771,-3.933029537751,
    3.260202819614));
#862 = CARTESIAN_POINT('',(-3.50144134443,-7.860530329075,3.560202817488
    ));
#863 = CARTESIAN_POINT('',(1.988582393485,-9.606785027246,3.860202821636
    ));
#864 = CARTESIAN_POINT('',(8.253456218073,-7.146880718175,4.160202817039
    ));
#865 = CARTESIAN_POINT('',(11.566374111595,1.117539689908E-02,
    4.460202818726));
#866 = CARTESIAN_POINT('',(8.239630231915,7.162816290316,4.760202821688)
  );
#867 = CARTESIAN_POINT('',(1.970014600956,9.610609812084,5.060202816157)
  );
#868 = CARTESIAN_POINT('',(-3.516624434814,7.853749494386,5.360202820799
    ));
#869 = CARTESIAN_POINT('',(-6.253794247207,3.920952074184,5.660202818491
    ));
#870 = CARTESIAN_POINT('',(-6.249999999981,-6.038731776981E-03,
    5.960202819163));
#871 = CARTESIAN_POINT('',(-6.25,6.038731789173E-03,3.139797181016));
#872 = CARTESIAN_POINT('',(-6.253794247231,-3.920952074185,
    3.439797181647));
#873 = CARTESIAN_POINT('',(-3.51662443485,-7.853749494396,3.739797179516
    ));
#874 = CARTESIAN_POINT('',(1.970014600969,-9.610609812132,4.039797183678
    ));
#875 = CARTESIAN_POINT('',(8.239630231878,-7.162816290328,4.339797179053
    ));
#876 = CARTESIAN_POINT('',(11.566374111694,-1.117539695029E-02,
    4.639797180778));
#877 = CARTESIAN_POINT('',(8.25345621805,7.146880718204,4.939797183702)
  );
#878 = CARTESIAN_POINT('',(1.988582393551,9.606785027256,5.239797178199)
  );
#879 = CARTESIAN_POINT('',(-3.501441344445,7.860530329111,5.539797182826
    ));
#880 = CARTESIAN_POINT('',(-6.246205752777,3.933029537774,5.839797180524
    ));
#881 = CARTESIAN_POINT('',(-6.250000000019,6.038731801405E-03,
    6.139797181195));
#882 = DEFINITIONAL_REPRESENTATION('',(#883),#886);
#883 = B_SPLINE_CURVE_WITH_KNOTS('',1,(#884,#885),.UNSPECIFIED.,.F.,.F.,
  (2,2),(0.,6.962644440466),.PIECEWISE_BEZIER_KNOTS.);
#884 = CARTESIAN_POINT('',(-0.18,0.));
#885 = CARTESIAN_POINT('',(-0.18,6.962644440466));
#886 = ( GEOMETRIC_REPRESENTATION_CONTEXT(2) 
PARAMETRIC_REPRESENTATION_CONTEXT() REPRESENTATION_CONTEXT('2D SPACE',''
  ) );
#887 = ORIENTED_EDGE('',*,*,#888,.F.);
#888 = EDGE_CURVE('',#889,#835,#891,.T.);
#889 = VERTEX_POINT('',#890);
#890 = CARTESIAN_POINT('',(-7.099893093501,-3.896230051448E-02,
    5.470622595236));
#891 = SURFACE_CURVE('',#892,(#895,#902),.PCURVE_S1.);
#892 = B_SPLINE_CURVE_WITH_KNOTS('',1,(#893,#894),.UNSPECIFIED.,.F.,.F.,
  (2,2),(-0.981495457622,-0.),.PIECEWISE_BEZIER_KNOTS.);
#893 = CARTESIAN_POINT('',(-7.099999999877,-3.896644190528E-02,
    5.470561011905));
#894 = CARTESIAN_POINT('',(-6.249999999981,-6.038731776993E-03,
    5.960202819163));
#895 = PCURVE('',#258,#896);
#896 = DEFINITIONAL_REPRESENTATION('',(#897),#901);
#897 = LINE('',#898,#899);
#898 = CARTESIAN_POINT('',(0.,6.962644440466));
#899 = VECTOR('',#900,1.);
#900 = DIRECTION('',(1.,0.));
#901 = ( GEOMETRIC_REPRESENTATION_CONTEXT(2) 
PARAMETRIC_REPRESENTATION_CONTEXT() REPRESENTATION_CONTEXT('2D SPACE',''
  ) );
#902 = PCURVE('',#903,#928);
#903 = B_SPLINE_SURFACE_WITH_KNOTS('',1,11,(
    (#904,#905,#906,#907,#908,#909,#910,#911,#912,#913,#914,#915)
    ,(#916,#917,#918,#919,#920,#921,#922,#923,#924,#925,#926,#927
  )),.UNSPECIFIED.,.F.,.F.,.F.,(2,2),(12,12),(-0.981495457622,-0.),(0.,
    6.962644440466),.PIECEWISE_BEZIER_KNOTS.);
#904 = CARTESIAN_POINT('',(-7.1,-3.896644190514E-02,5.470561011905));
#905 = CARTESIAN_POINT('',(-7.07774241958,-4.094476958323,5.74328828463)
  );
#906 = CARTESIAN_POINT('',(-4.507881009417,-8.135913726082,6.01601555737
    ));
#907 = CARTESIAN_POINT('',(0.605111954411,-10.38534823307,6.288742830064
    ));
#908 = CARTESIAN_POINT('',(6.829089090121,-9.065514198089,6.561470102843
    ));
#909 = CARTESIAN_POINT('',(11.445763723049,-3.691265338824,
    6.834197375522));
#910 = CARTESIAN_POINT('',(11.404558361572,3.816673190558,7.106924648268
    ));
#911 = CARTESIAN_POINT('',(6.729173471604,9.139925078607,7.379651921011)
  );
#912 = CARTESIAN_POINT('',(0.491084528979,10.39136441278,7.652379193708)
  );
#913 = CARTESIAN_POINT('',(-4.596910311316,8.085944525809,7.925106466458
    ));
#914 = CARTESIAN_POINT('',(-7.122257580292,4.016544074514,8.197833739176
    ));
#915 = CARTESIAN_POINT('',(-7.099999999881,-3.896644190509E-02,
    8.470561011905));
#916 = CARTESIAN_POINT('',(-6.25,-6.03873178918E-03,5.960202818984));
#917 = CARTESIAN_POINT('',(-6.246550684337,-3.576030373574,
    6.232930092288));
#918 = CARTESIAN_POINT('',(-4.000491993756,-7.143774383212,
    6.505657362834));
#919 = CARTESIAN_POINT('',(0.491316410985,-9.144213529447,6.778384641189
    ));
#920 = CARTESIAN_POINT('',(5.97528723499,-8.007191917217,7.051111903431)
  );
#921 = CARTESIAN_POINT('',(10.060552923747,-3.29483258401,7.323839190963
    ));
#922 = CARTESIAN_POINT('',(10.054167220725,3.314267367982,7.596566447217
    ));
#923 = CARTESIAN_POINT('',(5.959803049322,8.018723566662,7.869293734634)
  );
#924 = CARTESIAN_POINT('',(0.473645281563,9.145145872631,8.142020997027)
  );
#925 = CARTESIAN_POINT('',(-4.014289098361,7.136030525073,8.414748275272
    ));
#926 = CARTESIAN_POINT('',(-6.253449315638,3.56395291001,8.687475545868)
  );
#927 = CARTESIAN_POINT('',(-6.249999999982,-6.038731777255E-03,
    8.960202819158));
#928 = DEFINITIONAL_REPRESENTATION('',(#929),#932);
#929 = B_SPLINE_CURVE_WITH_KNOTS('',1,(#930,#931),.UNSPECIFIED.,.F.,.F.,
  (2,2),(-0.981495457622,-0.),.PIECEWISE_BEZIER_KNOTS.);
#930 = CARTESIAN_POINT('',(-0.981495457622,0.));
#931 = CARTESIAN_POINT('',(0.,0.));
#932 = ( GEOMETRIC_REPRESENTATION_CONTEXT(2) 
PARAMETRIC_REPRESENTATION_CONTEXT() REPRESENTATION_CONTEXT('2D SPACE',''
  ) );
#933 = ORIENTED_EDGE('',*,*,#934,.F.);
#934 = EDGE_CURVE('',#163,#889,#935,.T.);
#935 = SURFACE_CURVE('',#936,(#981,#1029),.PCURVE_S1.);
#936 = B_SPLINE_CURVE_WITH_KNOTS('',8,(#937,#938,#939,#940,#941,#942,
    #943,#944,#945,#946,#947,#948,#949,#950,#951,#952,#953,#954,#955,
    #956,#957,#958,#959,#960,#961,#962,#963,#964,#965,#966,#967,#968,
    #969,#970,#971,#972,#973,#974,#975,#976,#977,#978,#979,#980),
  .UNSPECIFIED.,.F.,.F.,(9,7,7,7,7,7,9),(0.,0.25316381943,0.465338611924
    ,0.566930703042,0.737689431975,0.909210525169,1.),.UNSPECIFIED.);
#937 = CARTESIAN_POINT('',(7.1,-1.880440247959E-15,3.967998006279));
#938 = CARTESIAN_POINT('',(7.1,0.707019197074,4.01554397328));
#939 = CARTESIAN_POINT('',(7.019536929072,1.41450218267,4.063121804964)
  );
#940 = CARTESIAN_POINT('',(6.858427131215,2.111042181998,4.11068320294)
  );
#941 = CARTESIAN_POINT('',(6.618643291752,2.785985637961,4.158232657321)
  );
#942 = CARTESIAN_POINT('',(6.303560772056,3.429233611374,4.205782104603)
  );
#943 = CARTESIAN_POINT('',(5.918042589658,4.031313345436,4.253343486163)
  );
#944 = CARTESIAN_POINT('',(5.468328575749,4.583367600362,4.300921349747)
  );
#945 = CARTESIAN_POINT('',(4.538945354786,5.491729033767,4.388315428632)
  );
#946 = CARTESIAN_POINT('',(4.075544034943,5.865619190792,4.428175920871)
  );
#947 = CARTESIAN_POINT('',(3.577164616755,6.194582873796,4.468029341361)
  );
#948 = CARTESIAN_POINT('',(3.04895094679,6.474878720966,4.507876709243)
  );
#949 = CARTESIAN_POINT('',(2.496404785976,6.703501086319,4.547724124663)
  );
#950 = CARTESIAN_POINT('',(1.92534769778,6.878123609352,4.587577649683)
  );
#951 = CARTESIAN_POINT('',(1.341940315102,6.997164346502,4.627438199644)
  );
#952 = CARTESIAN_POINT('',(0.470611565001,7.090064991443,4.686365783743)
  );
#953 = CARTESIAN_POINT('',(0.187112281148,7.107260868827,4.705445874949)
  );
#954 = CARTESIAN_POINT('',(-9.707201366627E-02,7.111498320352,
    4.724525873765));
#955 = CARTESIAN_POINT('',(-0.381249636694,7.102749020343,4.743605728025
    ));
#956 = CARTESIAN_POINT('',(-0.664730995709,7.081028456409,4.762685601723
    ));
#957 = CARTESIAN_POINT('',(-0.946828808004,7.046395051695,4.781765656036
    ));
#958 = CARTESIAN_POINT('',(-1.226858411543,6.998951010512,4.8008458315)
  );
#959 = CARTESIAN_POINT('',(-1.9701974677,6.837816893167,4.851995473818)
  );
#960 = CARTESIAN_POINT('',(-2.428565958902,6.700999180209,4.884069542176
    ));
#961 = CARTESIAN_POINT('',(-2.875939839491,6.529090830185,4.916141474644
    ));
#962 = CARTESIAN_POINT('',(-3.309192381236,6.323152632763,4.948210731868
    ));
#963 = CARTESIAN_POINT('',(-3.725352601495,6.08455464063,4.980279791543)
  );
#964 = CARTESIAN_POINT('',(-4.121601347234,5.814957020434,5.012351262526
    ));
#965 = CARTESIAN_POINT('',(-4.495284791587,5.516324199616,5.044424918417
    ));
#966 = CARTESIAN_POINT('',(-5.194162513754,4.86416786242,5.108707560329)
  );
#967 = CARTESIAN_POINT('',(-5.519230597739,4.510314030036,5.140925361576
    ));
#968 = CARTESIAN_POINT('',(-5.81663505335,4.131733811224,5.173141742228)
  );
#969 = CARTESIAN_POINT('',(-6.084205283782,3.730974181634,5.205356405179
    ));
#970 = CARTESIAN_POINT('',(-6.320068237134,3.310771028918,5.237571655305
    ));
#971 = CARTESIAN_POINT('',(-6.522634859554,2.874034304401,5.269789336128
    ));
#972 = CARTESIAN_POINT('',(-6.690619401403,2.423853390843,5.302008116165
    ));
#973 = CARTESIAN_POINT('',(-6.893211693901,1.719860626176,5.351272101603
    ));
#974 = CARTESIAN_POINT('',(-6.953387825618,1.47333397498,5.368322893378)
  );
#975 = CARTESIAN_POINT('',(-7.003482817649,1.224420114608,5.385373197321
    ));
#976 = CARTESIAN_POINT('',(-7.043387388285,0.973600665923,5.40242296858)
  );
#977 = CARTESIAN_POINT('',(-7.073020159168,0.721361308927,5.419472379907
    ));
#978 = CARTESIAN_POINT('',(-7.092327686411,0.468191602967,5.436521781153
    ));
#979 = CARTESIAN_POINT('',(-7.101284491718,0.214584806937,5.453571658757
    ));
#980 = CARTESIAN_POINT('',(-7.099893093501,-3.896230051424E-02,
    5.470622595236));
#981 = PCURVE('',#258,#982);
#982 = DEFINITIONAL_REPRESENTATION('',(#983),#1028);
#983 = B_SPLINE_CURVE_WITH_KNOTS('',8,(#984,#985,#986,#987,#988,#989,
    #990,#991,#992,#993,#994,#995,#996,#997,#998,#999,#1000,#1001,#1002,
    #1003,#1004,#1005,#1006,#1007,#1008,#1009,#1010,#1011,#1012,#1013,
    #1014,#1015,#1016,#1017,#1018,#1019,#1020,#1021,#1022,#1023,#1024,
    #1025,#1026,#1027),.UNSPECIFIED.,.F.,.F.,(9,7,7,7,7,7,9),(0.,
    0.25316381943,0.465338611924,0.566930703042,0.737689431975,
    0.909210525169,1.),.UNSPECIFIED.);
#984 = CARTESIAN_POINT('',(-0.981380835246,3.475241075217));
#985 = CARTESIAN_POINT('',(-0.981380904194,3.585589709317));
#986 = CARTESIAN_POINT('',(-0.981379543265,3.69601064201));
#987 = CARTESIAN_POINT('',(-0.981376734557,3.806391757773));
#988 = CARTESIAN_POINT('',(-0.981372975355,3.916744053305));
#989 = CARTESIAN_POINT('',(-0.981369348665,4.027096485843));
#990 = CARTESIAN_POINT('',(-0.981366820585,4.137477888389));
#991 = CARTESIAN_POINT('',(-0.981365653477,4.247899119542));
#992 = CARTESIAN_POINT('',(-0.981365636014,4.450730398482));
#993 = CARTESIAN_POINT('',(-0.981366440927,4.543242808659));
#994 = CARTESIAN_POINT('',(-0.981367938435,4.635739608047));
#995 = CARTESIAN_POINT('',(-0.981369774071,4.728222751544));
#996 = CARTESIAN_POINT('',(-0.981371414124,4.820705778919));
#997 = CARTESIAN_POINT('',(-0.981372453122,4.913202290036));
#998 = CARTESIAN_POINT('',(-0.981372856526,5.005714369302));
#999 = CARTESIAN_POINT('',(-0.981372804454,5.142478247615));
#1000 = CARTESIAN_POINT('',(-0.981372687136,5.186760742103));
#1001 = CARTESIAN_POINT('',(-0.981372490809,5.231042930685));
#1002 = CARTESIAN_POINT('',(-0.981372250131,5.275324732418));
#1003 = CARTESIAN_POINT('',(-0.981372008914,5.319606578637));
#1004 = CARTESIAN_POINT('',(-0.981371814269,5.363888897969));
#1005 = CARTESIAN_POINT('',(-0.981371708933,5.40817160188));
#1006 = CARTESIAN_POINT('',(-0.981371743398,5.526883899357));
#1007 = CARTESIAN_POINT('',(-0.981372101331,5.601324425028));
#1008 = CARTESIAN_POINT('',(-0.981372923601,5.675760531169));
#1009 = CARTESIAN_POINT('',(-0.981374267523,5.750191032371));
#1010 = CARTESIAN_POINT('',(-0.981375947255,5.824621463893));
#1011 = CARTESIAN_POINT('',(-0.981377522199,5.89905737045));
#1012 = CARTESIAN_POINT('',(-0.981378446278,5.97349759433));
#1013 = CARTESIAN_POINT('',(-0.981378309571,6.122689829155));
#1014 = CARTESIAN_POINT('',(-0.981377212848,6.197462257588));
#1015 = CARTESIAN_POINT('',(-0.981374868624,6.272229944598));
#1016 = CARTESIAN_POINT('',(-0.981370939624,6.346991810135));
#1017 = CARTESIAN_POINT('',(-0.981365860738,6.421753707066));
#1018 = CARTESIAN_POINT('',(-0.981361003842,6.496521502382));
#1019 = CARTESIAN_POINT('',(-0.981358117326,6.571294130202));
#1020 = CARTESIAN_POINT('',(-0.981357999509,6.685629865233));
#1021 = CARTESIAN_POINT('',(-0.981358748915,6.725203599765));
#1022 = CARTESIAN_POINT('',(-0.981360354462,6.764777193362));
#1023 = CARTESIAN_POINT('',(-0.981362845025,6.804350575354));
#1024 = CARTESIAN_POINT('',(-0.981366053031,6.843923952663));
#1025 = CARTESIAN_POINT('',(-0.981369455106,6.883497531272));
#1026 = CARTESIAN_POINT('',(-0.981372012708,6.923071237699));
#1027 = CARTESIAN_POINT('',(-0.981372012772,6.962644440466));
#1028 = ( GEOMETRIC_REPRESENTATION_CONTEXT(2) 
PARAMETRIC_REPRESENTATION_CONTEXT() REPRESENTATION_CONTEXT('2D SPACE',''
  ) );
#1029 = PCURVE('',#178,#1030);
#1030 = DEFINITIONAL_REPRESENTATION('',(#1031),#1076);
#1031 = B_SPLINE_CURVE_WITH_KNOTS('',8,(#1032,#1033,#1034,#1035,#1036,
    #1037,#1038,#1039,#1040,#1041,#1042,#1043,#1044,#1045,#1046,#1047,
    #1048,#1049,#1050,#1051,#1052,#1053,#1054,#1055,#1056,#1057,#1058,
    #1059,#1060,#1061,#1062,#1063,#1064,#1065,#1066,#1067,#1068,#1069,
    #1070,#1071,#1072,#1073,#1074,#1075),.UNSPECIFIED.,.F.,.F.,(9,7,7,7,
    7,7,9),(0.,0.25316381943,0.465338611924,0.566930703042,
    0.737689431975,0.909210525169,1.),.UNSPECIFIED.);
#1032 = CARTESIAN_POINT('',(0.,3.967998006279));
#1033 = CARTESIAN_POINT('',(9.958016860202E-02,4.01554397328));
#1034 = CARTESIAN_POINT('',(0.199225576985,4.063121804964));
#1035 = CARTESIAN_POINT('',(0.298834994775,4.11068320294));
#1036 = CARTESIAN_POINT('',(0.398418290659,4.158232657321));
#1037 = CARTESIAN_POINT('',(0.498001588537,4.205782104603));
#1038 = CARTESIAN_POINT('',(0.597610998485,4.253343486163));
#1039 = CARTESIAN_POINT('',(0.697256418675,4.300921349747));
#1040 = CARTESIAN_POINT('',(0.880293985163,4.388315428632));
#1041 = CARTESIAN_POINT('',(0.963778467459,4.428175920871));
#1042 = CARTESIAN_POINT('',(1.047248983355,4.468029341361));
#1043 = CARTESIAN_POINT('',(1.130707312639,4.507876709243));
#1044 = CARTESIAN_POINT('',(1.214165641375,4.547724124663));
#1045 = CARTESIAN_POINT('',(1.297636165775,4.587577649683));
#1046 = CARTESIAN_POINT('',(1.381120676108,4.627438199644));
#1047 = CARTESIAN_POINT('',(1.504538600826,4.686365783743));
#1048 = CARTESIAN_POINT('',(1.54449980865,4.705445874949));
#1049 = CARTESIAN_POINT('',(1.584460706101,4.724525873765));
#1050 = CARTESIAN_POINT('',(1.624421215033,4.743605728025));
#1051 = CARTESIAN_POINT('',(1.664381722042,4.762685601723));
#1052 = CARTESIAN_POINT('',(1.70434261434,4.781765656036));
#1053 = CARTESIAN_POINT('',(1.74430381567,4.8008458315));
#1054 = CARTESIAN_POINT('',(1.851431020302,4.851995473818));
#1055 = CARTESIAN_POINT('',(1.918606831983,4.884069542176));
#1056 = CARTESIAN_POINT('',(1.985778595329,4.916141474644));
#1057 = CARTESIAN_POINT('',(2.052945298198,4.948210731868));
#1058 = CARTESIAN_POINT('',(2.120112004531,4.980279791543));
#1059 = CARTESIAN_POINT('',(2.18728377865,5.012351262526));
#1060 = CARTESIAN_POINT('',(2.254459607573,5.044424918417));
#1061 = CARTESIAN_POINT('',(2.389092905643,5.108707560329));
#1062 = CARTESIAN_POINT('',(2.456568800446,5.140925361576));
#1063 = CARTESIAN_POINT('',(2.5240405463,5.173141742228));
#1064 = CARTESIAN_POINT('',(2.591507102728,5.205356405179));
#1065 = CARTESIAN_POINT('',(2.658973646916,5.237571655305));
#1066 = CARTESIAN_POINT('',(2.726445365726,5.269789336128));
#1067 = CARTESIAN_POINT('',(2.793921241051,5.302008116165));
#1068 = CARTESIAN_POINT('',(2.897099214962,5.351272101603));
#1069 = CARTESIAN_POINT('',(2.932811002706,5.368322893378));
#1070 = CARTESIAN_POINT('',(2.968522629631,5.385373197321));
#1071 = CARTESIAN_POINT('',(3.004234050783,5.40242296858));
#1072 = CARTESIAN_POINT('',(3.039945478544,5.419472379907));
#1073 = CARTESIAN_POINT('',(3.075657122811,5.436521781153));
#1074 = CARTESIAN_POINT('',(3.111368931173,5.453571658757));
#1075 = CARTESIAN_POINT('',(3.147080329093,5.470622595236));
#1076 = ( GEOMETRIC_REPRESENTATION_CONTEXT(2) 
PARAMETRIC_REPRESENTATION_CONTEXT() REPRESENTATION_CONTEXT('2D SPACE',''
  ) );
#1077 = ORIENTED_EDGE('',*,*,#190,.F.);
#1078 = ORIENTED_EDGE('',*,*,#376,.T.);
#1079 = ADVANCED_FACE('',(#1080),#178,.T.);
#1080 = FACE_BOUND('',#1081,.T.);
#1081 = EDGE_LOOP('',(#1082,#1354,#1399,#1427,#1571,#1572));
#1082 = ORIENTED_EDGE('',*,*,#1083,.T.);
#1083 = EDGE_CURVE('',#118,#1084,#1086,.T.);
#1084 = VERTEX_POINT('',#1085);
#1085 = CARTESIAN_POINT('',(7.099893093501,-3.896230050496E-02,
    6.629377404623));
#1086 = SURFACE_CURVE('',#1087,(#1174,#1264),.PCURVE_S1.);
#1087 = B_SPLINE_CURVE_WITH_KNOTS('',8,(#1088,#1089,#1090,#1091,#1092,
    #1093,#1094,#1095,#1096,#1097,#1098,#1099,#1100,#1101,#1102,#1103,
    #1104,#1105,#1106,#1107,#1108,#1109,#1110,#1111,#1112,#1113,#1114,
    #1115,#1116,#1117,#1118,#1119,#1120,#1121,#1122,#1123,#1124,#1125,
    #1126,#1127,#1128,#1129,#1130,#1131,#1132,#1133,#1134,#1135,#1136,
    #1137,#1138,#1139,#1140,#1141,#1142,#1143,#1144,#1145,#1146,#1147,
    #1148,#1149,#1150,#1151,#1152,#1153,#1154,#1155,#1156,#1157,#1158,
    #1159,#1160,#1161,#1162,#1163,#1164,#1165,#1166,#1167,#1168,#1169,
    #1170,#1171,#1172,#1173),.UNSPECIFIED.,.F.,.F.,(9,7,7,7,7,7,7,7,7,7,
    7,7,9),(0.,4.495580091534E-02,0.131133589809,0.145193533721,
    0.268184286393,0.374494191131,0.491413910242,0.626807810878,
    0.732288553278,0.783806360743,0.867745498216,0.95612612378,1.),
  .UNSPECIFIED.);
#1088 = CARTESIAN_POINT('',(7.1,-8.881784197001E-16,3.631997564046));
#1089 = CARTESIAN_POINT('',(7.1,0.2504367668,3.648838916898));
#1090 = CARTESIAN_POINT('',(7.08990427457,0.500876280646,3.665679327523)
  );
#1091 = CARTESIAN_POINT('',(7.069713012348,0.750839913368,3.682519328162
    ));
#1092 = CARTESIAN_POINT('',(7.039453040258,0.999852498117,3.699359365526
    ));
#1093 = CARTESIAN_POINT('',(6.999177788702,1.247442500397,3.716199761849
    ));
#1094 = CARTESIAN_POINT('',(6.948967256747,1.493142189084,3.733040675936
    ));
#1095 = CARTESIAN_POINT('',(6.888927977319,1.736487807449,3.749882064215
    ));
#1096 = CARTESIAN_POINT('',(6.68551484633,2.438106190089,3.799008016387)
  );
#1097 = CARTESIAN_POINT('',(6.516187005609,2.888927743874,3.831298210723
    ));
#1098 = CARTESIAN_POINT('',(6.312152482787,3.326169482769,3.863587271906
    ));
#1099 = CARTESIAN_POINT('',(6.074712677867,3.746724239673,3.895873856364
    ));
#1100 = CARTESIAN_POINT('',(5.80547449349,4.147666658557,3.928159837936)
  );
#1101 = CARTESIAN_POINT('',(5.506330760936,4.526247735336,3.960447559832
    ));
#1102 = CARTESIAN_POINT('',(5.179473966946,4.879909844212,3.992736730489
    ));
#1103 = CARTESIAN_POINT('',(4.770009321175,5.259576576016,4.030288150005
    ));
#1104 = CARTESIAN_POINT('',(4.711903936568,5.31210682101,4.03555532673)
  );
#1105 = CARTESIAN_POINT('',(4.653137785186,5.363903100653,4.04082249435)
  );
#1106 = CARTESIAN_POINT('',(4.593721693301,5.41495572494,4.046089653537)
  );
#1107 = CARTESIAN_POINT('',(4.533666655787,5.46525519767,4.051356804778)
  );
#1108 = CARTESIAN_POINT('',(4.472983836124,5.514792216446,4.056623948371
    ));
#1109 = CARTESIAN_POINT('',(4.411684566397,5.563557672673,4.061891084426
    ));
#1110 = CARTESIAN_POINT('',(3.80826705614,6.031296009581,4.113232940866)
  );
#1111 = CARTESIAN_POINT('',(3.22014720727,6.391571395601,4.15933387166)
  );
#1112 = CARTESIAN_POINT('',(2.593498661654,6.685914397621,4.205420406123
    ));
#1113 = CARTESIAN_POINT('',(1.937045329876,6.909744319493,4.251496813265
    ));
#1114 = CARTESIAN_POINT('',(1.259901750934,7.05976868268,4.297573811701)
  );
#1115 = CARTESIAN_POINT('',(0.571565757673,7.134062306746,4.343661754586
    ));
#1116 = CARTESIAN_POINT('',(-0.118128968842,7.13200358455,4.389763964207
    ));
#1117 = CARTESIAN_POINT('',(-1.387390232989,6.988267196203,
    4.475665298146));
#1118 = CARTESIAN_POINT('',(-1.969691211926,6.865507976348,4.51550405596
    ));
#1119 = CARTESIAN_POINT('',(-2.539295936819,6.68730926477,4.555335818725
    ));
#1120 = CARTESIAN_POINT('',(-3.09006412896,6.455289972509,4.595161500253
    ));
#1121 = CARTESIAN_POINT('',(-3.616198639565,6.171809808018,
    4.634987147108));
#1122 = CARTESIAN_POINT('',(-4.112225886467,5.839904263628,
    4.674818848612));
#1123 = CARTESIAN_POINT('',(-4.57303402205,5.463340526407,4.714657619428
    ));
#1124 = CARTESIAN_POINT('',(-5.456969695283,4.58865026002,4.798284947797
    ));
#1125 = CARTESIAN_POINT('',(-5.872131658111,4.081762670225,
    4.842107232301));
#1126 = CARTESIAN_POINT('',(-6.233126965491,3.532248652845,
    4.885918988209));
#1127 = CARTESIAN_POINT('',(-6.535003891829,2.94696302307,4.929722457727
    ));
#1128 = CARTESIAN_POINT('',(-6.773820357017,2.333240250294,
    4.973526015934));
#1129 = CARTESIAN_POINT('',(-6.946688995885,1.698890431704,
    5.017337994472));
#1130 = CARTESIAN_POINT('',(-7.051750342088,1.05216282178,5.061160538829
    ));
#1131 = CARTESIAN_POINT('',(-7.131309332454,-0.351156597695,
    5.155683885674));
#1132 = CARTESIAN_POINT('',(-7.082613372432,-1.11001197286,
    5.206448087454));
#1133 = CARTESIAN_POINT('',(-6.941469262749,-1.860748329159,
    5.257187109775));
#1134 = CARTESIAN_POINT('',(-6.709749079582,-2.590326911945,
    5.307909151456));
#1135 = CARTESIAN_POINT('',(-6.391109740424,-3.286350356828,
    5.358631282177));
#1136 = CARTESIAN_POINT('',(-5.991173235459,-3.937180287155,
    5.409370488039));
#1137 = CARTESIAN_POINT('',(-5.517313885607,-4.531901102982,
    5.460134796568));
#1138 = CARTESIAN_POINT('',(-4.560843095678,-5.473023685338,
    5.550372081537));
#1139 = CARTESIAN_POINT('',(-4.102885477445,-5.845660712625,
    5.589900390676));
#1140 = CARTESIAN_POINT('',(-3.610345991851,-6.174272610419,
    5.629422584482));
#1141 = CARTESIAN_POINT('',(-3.088222536007,-6.45518790155,
    5.668939264508));
#1142 = CARTESIAN_POINT('',(-2.541863530181,-6.685444669439,
    5.708455793108));
#1143 = CARTESIAN_POINT('',(-1.976931319507,-6.862737150234,
    5.747977618023));
#1144 = CARTESIAN_POINT('',(-1.399420796992,-6.985477758965,
    5.787505551907));
#1145 = CARTESIAN_POINT('',(-0.530617051684,-7.085958618275,5.8463206192
    ));
#1146 = CARTESIAN_POINT('',(-0.243997695358,-7.105761207695,
    5.865620624676));
#1147 = CARTESIAN_POINT('',(4.343270634998E-02,-7.112310593656,
    5.884920451395));
#1148 = CARTESIAN_POINT('',(0.330958480571,-7.105571627146,
    5.904220080352));
#1149 = CARTESIAN_POINT('',(0.617865808155,-7.085555037811,
    5.923519730647));
#1150 = CARTESIAN_POINT('',(0.903442964553,-7.052316497549,
    5.942819621455));
#1151 = CARTESIAN_POINT('',(1.186980646483,-7.005957529616,
    5.962119733288));
#1152 = CARTESIAN_POINT('',(1.925272760406,-6.849961737795,
    6.012865229888));
#1153 = CARTESIAN_POINT('',(2.375555567819,-6.718847694284,
    6.044315041716));
#1154 = CARTESIAN_POINT('',(2.815506528284,-6.553928966997,
    6.075763345422));
#1155 = CARTESIAN_POINT('',(3.242171124662,-6.356182744938,
    6.107209700244));
#1156 = CARTESIAN_POINT('',(3.652736085457,-6.126873671295,
    6.138656182021));
#1157 = CARTESIAN_POINT('',(4.044526063424,-5.867536751314,
    6.170104754207));
#1158 = CARTESIAN_POINT('',(4.415015508336,-5.5799900686,6.201554711168)
  );
#1159 = CARTESIAN_POINT('',(5.127048384535,-4.93617029748,6.26610955733)
  );
#1160 = CARTESIAN_POINT('',(5.466129072728,-4.576969665452,
    6.299223408059));
#1161 = CARTESIAN_POINT('',(5.776322507908,-4.191257694796,
    6.332334278985));
#1162 = CARTESIAN_POINT('',(6.055237384922,-3.781771940826,
    6.365441434922));
#1163 = CARTESIAN_POINT('',(6.300812174527,-3.351463704395,
    6.398547997969));
#1164 = CARTESIAN_POINT('',(6.511299384021,-2.903480484933,
    6.431657627516));
#1165 = CARTESIAN_POINT('',(6.685288288015,-2.441172415265,
    6.464770754703));
#1166 = CARTESIAN_POINT('',(6.889516406966,-1.733291509285,
    6.514316634548));
#1167 = CARTESIAN_POINT('',(6.948028554111,-1.495792727733,6.53075344406
    ));
#1168 = CARTESIAN_POINT('',(6.99717949036,-1.256053599248,6.54719059656)
  );
#1169 = CARTESIAN_POINT('',(7.036870193225,-1.014505168723,
    6.563628064919));
#1170 = CARTESIAN_POINT('',(7.067025713238,-0.77158209425,6.58006583184)
  );
#1171 = CARTESIAN_POINT('',(7.087595189032,-0.527722481145,
    6.596503723482));
#1172 = CARTESIAN_POINT('',(7.098551862426,-0.283367715959,6.61294124309
    ));
#1173 = CARTESIAN_POINT('',(7.099893093501,-3.896230050515E-02,
    6.629377404623));
#1174 = PCURVE('',#178,#1175);
#1175 = DEFINITIONAL_REPRESENTATION('',(#1176),#1263);
#1176 = B_SPLINE_CURVE_WITH_KNOTS('',8,(#1177,#1178,#1179,#1180,#1181,
    #1182,#1183,#1184,#1185,#1186,#1187,#1188,#1189,#1190,#1191,#1192,
    #1193,#1194,#1195,#1196,#1197,#1198,#1199,#1200,#1201,#1202,#1203,
    #1204,#1205,#1206,#1207,#1208,#1209,#1210,#1211,#1212,#1213,#1214,
    #1215,#1216,#1217,#1218,#1219,#1220,#1221,#1222,#1223,#1224,#1225,
    #1226,#1227,#1228,#1229,#1230,#1231,#1232,#1233,#1234,#1235,#1236,
    #1237,#1238,#1239,#1240,#1241,#1242,#1243,#1244,#1245,#1246,#1247,
    #1248,#1249,#1250,#1251,#1252,#1253,#1254,#1255,#1256,#1257,#1258,
    #1259,#1260,#1261,#1262),.UNSPECIFIED.,.F.,.F.,(9,7,7,7,7,7,7,7,7,7,
    7,7,9),(0.,4.495580091534E-02,0.131133589809,0.145193533721,
    0.268184286393,0.374494191131,0.491413910242,0.626807810878,
    0.732288553278,0.783806360743,0.867745498216,0.95612612378,1.),
  .UNSPECIFIED.);
#1177 = CARTESIAN_POINT('',(0.,3.631997564046));
#1178 = CARTESIAN_POINT('',(3.527278405632E-02,3.648838916898));
#1179 = CARTESIAN_POINT('',(7.054595674893E-02,3.665679327523));
#1180 = CARTESIAN_POINT('',(0.105818975453,3.682519328162));
#1181 = CARTESIAN_POINT('',(0.141091789218,3.699359365526));
#1182 = CARTESIAN_POINT('',(0.176364595008,3.716199761849));
#1183 = CARTESIAN_POINT('',(0.211637593932,3.733040675936));
#1184 = CARTESIAN_POINT('',(0.246910747483,3.749882064215));
#1185 = CARTESIAN_POINT('',(0.349799518112,3.799008016387));
#1186 = CARTESIAN_POINT('',(0.417424896865,3.831298210723));
#1187 = CARTESIAN_POINT('',(0.485046083062,3.863587271906));
#1188 = CARTESIAN_POINT('',(0.552662037682,3.895873856364));
#1189 = CARTESIAN_POINT('',(0.620278000355,3.928159837936));
#1190 = CARTESIAN_POINT('',(0.687899211887,3.960447559832));
#1191 = CARTESIAN_POINT('',(0.755524628635,3.992736730489));
#1192 = CARTESIAN_POINT('',(0.834172208663,4.030288150005));
#1193 = CARTESIAN_POINT('',(0.845203791584,4.03555532673));
#1194 = CARTESIAN_POINT('',(0.856235377543,4.04082249435));
#1195 = CARTESIAN_POINT('',(0.867266966169,4.046089653537));
#1196 = CARTESIAN_POINT('',(0.878298556645,4.051356804778));
#1197 = CARTESIAN_POINT('',(0.889330147707,4.056623948371));
#1198 = CARTESIAN_POINT('',(0.900361737649,4.061891084426));
#1199 = CARTESIAN_POINT('',(1.0078932219,4.113232940866));
#1200 = CARTESIAN_POINT('',(1.104448969714,4.15933387166));
#1201 = CARTESIAN_POINT('',(1.200974258849,4.205420406122));
#1202 = CARTESIAN_POINT('',(1.297476715862,4.251496813265));
#1203 = CARTESIAN_POINT('',(1.393979165321,4.297573811701));
#1204 = CARTESIAN_POINT('',(1.490504433927,4.343661754586));
#1205 = CARTESIAN_POINT('',(1.58706015527,4.389763964207));
#1206 = CARTESIAN_POINT('',(1.766971984609,4.475665298146));
#1207 = CARTESIAN_POINT('',(1.85041090111,4.51550405596));
#1208 = CARTESIAN_POINT('',(1.933835888264,4.555335818725));
#1209 = CARTESIAN_POINT('',(2.017248716142,4.595161500253));
#1210 = CARTESIAN_POINT('',(2.10066154008,4.634987147108));
#1211 = CARTESIAN_POINT('',(2.184086526903,4.674818848612));
#1212 = CARTESIAN_POINT('',(2.26752545889,4.714657619428));
#1213 = CARTESIAN_POINT('',(2.442673840823,4.798284947797));
#1214 = CARTESIAN_POINT('',(2.534453731086,4.842107232301));
#1215 = CARTESIAN_POINT('',(2.626210326124,4.885918988209));
#1216 = CARTESIAN_POINT('',(2.717948603785,4.929722457727));
#1217 = CARTESIAN_POINT('',(2.809686881382,4.973526015934));
#1218 = CARTESIAN_POINT('',(2.90144347554,5.017337994472));
#1219 = CARTESIAN_POINT('',(2.993223366153,5.061160538829));
#1220 = CARTESIAN_POINT('',(3.191191372663,5.155683885674));
#1221 = CARTESIAN_POINT('',(3.297512701828,5.206448087454));
#1222 = CARTESIAN_POINT('',(3.403783134611,5.257187109775));
#1223 = CARTESIAN_POINT('',(3.510019298721,5.307909151456));
#1224 = CARTESIAN_POINT('',(3.616255510712,5.358631282177));
#1225 = CARTESIAN_POINT('',(3.722526109965,5.409370488039));
#1226 = CARTESIAN_POINT('',(3.828847703648,5.460134796568));
#1227 = CARTESIAN_POINT('',(4.017839961525,5.550372081537));
#1228 = CARTESIAN_POINT('',(4.100626996691,5.589900390676));
#1229 = CARTESIAN_POINT('',(4.18340064818,5.629422584482));
#1230 = CARTESIAN_POINT('',(4.266162562033,5.668939264508));
#1231 = CARTESIAN_POINT('',(4.348924480183,5.708455793108));
#1232 = CARTESIAN_POINT('',(4.43169814334,5.747977618023));
#1233 = CARTESIAN_POINT('',(4.514485193471,5.787505551907));
#1234 = CARTESIAN_POINT('',(4.637667582758,5.8463206192));
#1235 = CARTESIAN_POINT('',(4.678089629672,5.865620624676));
#1236 = CARTESIAN_POINT('',(4.718511350323,5.884920451395));
#1237 = CARTESIAN_POINT('',(4.758932661407,5.904220080352));
#1238 = CARTESIAN_POINT('',(4.799353971028,5.923519730647));
#1239 = CARTESIAN_POINT('',(4.839775687437,5.942819621455));
#1240 = CARTESIAN_POINT('',(4.880197727764,5.962119733288));
#1241 = CARTESIAN_POINT('',(4.986478370105,6.012865229888));
#1242 = CARTESIAN_POINT('',(5.052345974095,6.044315041716));
#1243 = CARTESIAN_POINT('',(5.118209892929,6.075763345422));
#1244 = CARTESIAN_POINT('',(5.184069210499,6.107209700244));
#1245 = CARTESIAN_POINT('',(5.249928526957,6.138656182021));
#1246 = CARTESIAN_POINT('',(5.315792444447,6.170104754207));
#1247 = CARTESIAN_POINT('',(5.381660051972,6.201554711168));
#1248 = CARTESIAN_POINT('',(5.516863595946,6.26610955733));
#1249 = CARTESIAN_POINT('',(5.586218456998,6.299223408059));
#1250 = CARTESIAN_POINT('',(5.655568589293,6.332334278985));
#1251 = CARTESIAN_POINT('',(5.724912809344,6.365441434922));
#1252 = CARTESIAN_POINT('',(5.794257038169,6.398547997969));
#1253 = CARTESIAN_POINT('',(5.863607189674,6.431657627516));
#1254 = CARTESIAN_POINT('',(5.932962062685,6.464770754703));
#1255 = CARTESIAN_POINT('',(6.036730044841,6.514316634548));
#1256 = CARTESIAN_POINT('',(6.071154172993,6.53075344406));
#1257 = CARTESIAN_POINT('',(6.105578152663,6.54719059656));
#1258 = CARTESIAN_POINT('',(6.140001946436,6.563628064919));
#1259 = CARTESIAN_POINT('',(6.174425734195,6.58006583184));
#1260 = CARTESIAN_POINT('',(6.208849699404,6.596503723482));
#1261 = CARTESIAN_POINT('',(6.243273815399,6.61294124309));
#1262 = CARTESIAN_POINT('',(6.277697631678,6.629377404623));
#1263 = ( GEOMETRIC_REPRESENTATION_CONTEXT(2) 
PARAMETRIC_REPRESENTATION_CONTEXT() REPRESENTATION_CONTEXT('2D SPACE',''
  ) );
#1264 = PCURVE('',#131,#1265);
#1265 = DEFINITIONAL_REPRESENTATION('',(#1266),#1353);
#1266 = B_SPLINE_CURVE_WITH_KNOTS('',8,(#1267,#1268,#1269,#1270,#1271,
    #1272,#1273,#1274,#1275,#1276,#1277,#1278,#1279,#1280,#1281,#1282,
    #1283,#1284,#1285,#1286,#1287,#1288,#1289,#1290,#1291,#1292,#1293,
    #1294,#1295,#1296,#1297,#1298,#1299,#1300,#1301,#1302,#1303,#1304,
    #1305,#1306,#1307,#1308,#1309,#1310,#1311,#1312,#1313,#1314,#1315,
    #1316,#1317,#1318,#1319,#1320,#1321,#1322,#1323,#1324,#1325,#1326,
    #1327,#1328,#1329,#1330,#1331,#1332,#1333,#1334,#1335,#1336,#1337,
    #1338,#1339,#1340,#1341,#1342,#1343,#1344,#1345,#1346,#1347,#1348,
    #1349,#1350,#1351,#1352),.UNSPECIFIED.,.F.,.F.,(9,7,7,7,7,7,7,7,7,7,
    7,7,9),(0.,4.495580091534E-02,0.131133589809,0.145193533721,
    0.268184286393,0.374494191131,0.491413910242,0.626807810878,
    0.732288553278,0.783806360743,0.867745498216,0.95612612378,1.),
  .UNSPECIFIED.);
#1267 = CARTESIAN_POINT('',(-1.234708593324E-04,6.081109265189E-03));
#1268 = CARTESIAN_POINT('',(-1.237989486404E-04,4.516827306996E-02));
#1269 = CARTESIAN_POINT('',(-1.264297673286E-04,8.425591623749E-02));
#1270 = CARTESIAN_POINT('',(-1.297791049452E-04,0.123343439796));
#1271 = CARTESIAN_POINT('',(-1.328890310438E-04,0.162430771392));
#1272 = CARTESIAN_POINT('',(-1.352800087039E-04,0.201518103671));
#1273 = CARTESIAN_POINT('',(-1.368030080516E-04,0.240605632651));
#1274 = CARTESIAN_POINT('',(-1.374916197809E-04,0.279693296101));
#1275 = CARTESIAN_POINT('',(-1.372656991763E-04,0.393708547115));
#1276 = CARTESIAN_POINT('',(-1.343107046875E-04,0.468646839774));
#1277 = CARTESIAN_POINT('',(-1.294183548536E-04,0.543580259395));
#1278 = CARTESIAN_POINT('',(-1.243433150748E-04,0.618507719311));
#1279 = CARTESIAN_POINT('',(-1.204486089733E-04,0.69343514662));
#1280 = CARTESIAN_POINT('',(-1.181533098405E-04,0.768368464848));
#1281 = CARTESIAN_POINT('',(-1.171050610607E-04,0.843306589346));
#1282 = CARTESIAN_POINT('',(-1.17072916762E-04,0.930458946237));
#1283 = CARTESIAN_POINT('',(-1.170948571016E-04,0.942683464554));
#1284 = CARTESIAN_POINT('',(-1.171416521267E-04,0.954907990516));
#1285 = CARTESIAN_POINT('',(-1.172116296027E-04,0.967132523749));
#1286 = CARTESIAN_POINT('',(-1.173030394657E-04,0.979357063354));
#1287 = CARTESIAN_POINT('',(-1.174140538229E-04,0.991581607907));
#1288 = CARTESIAN_POINT('',(-1.175427669524E-04,1.003806155458));
#1289 = CARTESIAN_POINT('',(-1.189505966127E-04,1.122966149248));
#1290 = CARTESIAN_POINT('',(-1.214180673455E-04,1.229963802646));
#1291 = CARTESIAN_POINT('',(-1.238177654087E-04,1.336927965396));
#1292 = CARTESIAN_POINT('',(-1.246958135583E-04,1.443866862033));
#1293 = CARTESIAN_POINT('',(-1.241627318435E-04,1.550805497147));
#1294 = CARTESIAN_POINT('',(-1.232483541522E-04,1.657769091559));
#1295 = CARTESIAN_POINT('',(-1.226403472639E-04,1.764766152096));
#1296 = CARTESIAN_POINT('',(-1.226301454896E-04,1.964132955343));
#1297 = CARTESIAN_POINT('',(-1.230748098887E-04,2.056594505391));
#1298 = CARTESIAN_POINT('',(-1.241540162122E-04,2.149040555445));
#1299 = CARTESIAN_POINT('',(-1.258167771901E-04,2.241473167328));
#1300 = CARTESIAN_POINT('',(-1.276478267662E-04,2.333905893584));
#1301 = CARTESIAN_POINT('',(-1.291144850013E-04,2.426352250062));
#1302 = CARTESIAN_POINT('',(-1.298720503222E-04,2.51881419257));
#1303 = CARTESIAN_POINT('',(-1.297443560323E-04,2.712903162369));
#1304 = CARTESIAN_POINT('',(-1.286874860159E-04,2.814608267222));
#1305 = CARTESIAN_POINT('',(-1.264955700669E-04,2.916287622264));
#1306 = CARTESIAN_POINT('',(-1.233665317777E-04,3.017946660554));
#1307 = CARTESIAN_POINT('',(-1.199764584633E-04,3.119605602449));
#1308 = CARTESIAN_POINT('',(-1.171465753619E-04,3.221284735534));
#1309 = CARTESIAN_POINT('',(-1.153725081132E-04,3.322989613086));
#1310 = CARTESIAN_POINT('',(-1.141046741593E-04,3.542365630291));
#1311 = CARTESIAN_POINT('',(-1.150150360386E-04,3.660184380094));
#1312 = CARTESIAN_POINT('',(-1.177182870958E-04,3.777946767218));
#1313 = CARTESIAN_POINT('',(-1.217726183848E-04,3.895671308593));
#1314 = CARTESIAN_POINT('',(-1.25844227984E-04,4.013396076637));
#1315 = CARTESIAN_POINT('',(-1.286523240904E-04,4.131159011123));
#1316 = CARTESIAN_POINT('',(-1.298837054748E-04,4.248978380368));
#1317 = CARTESIAN_POINT('',(-1.297553533934E-04,4.458408275263));
#1318 = CARTESIAN_POINT('',(-1.289083507479E-04,4.550147815203));
#1319 = CARTESIAN_POINT('',(-1.274007783706E-04,4.641872397355));
#1320 = CARTESIAN_POINT('',(-1.255867682205E-04,4.733583827879));
#1321 = CARTESIAN_POINT('',(-1.239834240494E-04,4.825295150873));
#1322 = CARTESIAN_POINT('',(-1.229766833561E-04,4.917019456751));
#1323 = CARTESIAN_POINT('',(-1.225931940069E-04,5.008758662436));
#1324 = CARTESIAN_POINT('',(-1.226590273661E-04,5.145261539094));
#1325 = CARTESIAN_POINT('',(-1.227825492888E-04,5.190054707388));
#1326 = CARTESIAN_POINT('',(-1.229853958335E-04,5.23484755265));
#1327 = CARTESIAN_POINT('',(-1.232311795419E-04,5.279639988646));
#1328 = CARTESIAN_POINT('',(-1.234741381235E-04,5.324432470894));
#1329 = CARTESIAN_POINT('',(-1.236654256376E-04,5.369225451515));
#1330 = CARTESIAN_POINT('',(-1.237612768465E-04,5.414018834613));
#1331 = CARTESIAN_POINT('',(-1.236870455224E-04,5.531793031925));
#1332 = CARTESIAN_POINT('',(-1.233095104558E-04,5.604783880633));
#1333 = CARTESIAN_POINT('',(-1.224842404731E-04,5.677770710767));
#1334 = CARTESIAN_POINT('',(-1.211661537432E-04,5.750752447177));
#1335 = CARTESIAN_POINT('',(-1.195337882713E-04,5.823734114354));
#1336 = CARTESIAN_POINT('',(-1.179983680778E-04,5.89672074537));
#1337 = CARTESIAN_POINT('',(-1.170694329552E-04,5.969711292488));
#1338 = CARTESIAN_POINT('',(-1.170850327292E-04,6.119535457462));
#1339 = CARTESIAN_POINT('',(-1.181643796266E-04,6.19639003005));
#1340 = CARTESIAN_POINT('',(-1.205465639603E-04,6.273239195329));
#1341 = CARTESIAN_POINT('',(-1.24638173493E-04,6.350081717773));
#1342 = CARTESIAN_POINT('',(-1.29961722262E-04,6.426924290563));
#1343 = CARTESIAN_POINT('',(-1.349663058439E-04,6.503773611027));
#1344 = CARTESIAN_POINT('',(-1.377080819045E-04,6.580628429164));
#1345 = CARTESIAN_POINT('',(-1.372479240933E-04,6.695618011332));
#1346 = CARTESIAN_POINT('',(-1.363436562941E-04,6.733764851136));
#1347 = CARTESIAN_POINT('',(-1.346429557377E-04,6.771911564845));
#1348 = CARTESIAN_POINT('',(-1.321476110857E-04,6.810058091566));
#1349 = CARTESIAN_POINT('',(-1.290409875348E-04,6.848204603459));
#1350 = CARTESIAN_POINT('',(-1.258229977885E-04,6.886351275873));
#1351 = CARTESIAN_POINT('',(-1.234450730276E-04,6.92449805749));
#1352 = CARTESIAN_POINT('',(-1.23445133882E-04,6.962644440466));
#1353 = ( GEOMETRIC_REPRESENTATION_CONTEXT(2) 
PARAMETRIC_REPRESENTATION_CONTEXT() REPRESENTATION_CONTEXT('2D SPACE',''
  ) );
#1354 = ORIENTED_EDGE('',*,*,#1355,.T.);
#1355 = EDGE_CURVE('',#1084,#1356,#1358,.T.);
#1356 = VERTEX_POINT('',#1357);
#1357 = CARTESIAN_POINT('',(7.1,-1.738998454789E-15,6.631997564046));
#1358 = SURFACE_CURVE('',#1359,(#1362,#1368),.PCURVE_S1.);
#1359 = B_SPLINE_CURVE_WITH_KNOTS('',1,(#1360,#1361),.UNSPECIFIED.,.F.,
  .F.,(2,2),(0.,1.),.PIECEWISE_BEZIER_KNOTS.);
#1360 = CARTESIAN_POINT('',(7.099893093501,-3.896230050959E-02,
    6.629377404693));
#1361 = CARTESIAN_POINT('',(7.1,-1.568190022283E-15,6.631997564046));
#1362 = PCURVE('',#178,#1363);
#1363 = DEFINITIONAL_REPRESENTATION('',(#1364),#1367);
#1364 = B_SPLINE_CURVE_WITH_KNOTS('',1,(#1365,#1366),.UNSPECIFIED.,.F.,
  .F.,(2,2),(0.,1.),.PIECEWISE_BEZIER_KNOTS.);
#1365 = CARTESIAN_POINT('',(6.277697631677,6.629377404693));
#1366 = CARTESIAN_POINT('',(6.28318530718,6.631997564046));
#1367 = ( GEOMETRIC_REPRESENTATION_CONTEXT(2) 
PARAMETRIC_REPRESENTATION_CONTEXT() REPRESENTATION_CONTEXT('2D SPACE',''
  ) );
#1368 = PCURVE('',#1369,#1394);
#1369 = B_SPLINE_SURFACE_WITH_KNOTS('',1,11,(
    (#1370,#1371,#1372,#1373,#1374,#1375,#1376,#1377,#1378,#1379,#1380
      ,#1381)
    ,(#1382,#1383,#1384,#1385,#1386,#1387,#1388,#1389,#1390,#1391,#1392
      ,#1393
    )),.UNSPECIFIED.,.F.,.F.,.F.,(2,2),(12,12),(-0.981495457622,-0.),(0.
    ,6.962644440466),.PIECEWISE_BEZIER_KNOTS.);
#1370 = CARTESIAN_POINT('',(6.25,-6.038731789173E-03,6.139797181016));
#1371 = CARTESIAN_POINT('',(6.253449315665,3.563952910006,6.41252445432)
  );
#1372 = CARTESIAN_POINT('',(4.014289098381,7.136030525099,6.685251724863
    ));
#1373 = CARTESIAN_POINT('',(-0.473645281535,9.145145872634,
    6.957979003225));
#1374 = CARTESIAN_POINT('',(-5.959803049338,8.018723566727,
    7.230706265458));
#1375 = CARTESIAN_POINT('',(-10.05416722073,3.314267367996,
    7.503433552994));
#1376 = CARTESIAN_POINT('',(-10.06055292378,-3.29483258401,
    7.776160809255));
#1377 = CARTESIAN_POINT('',(-5.975287235028,-8.007191917203,
    8.048888096656));
#1378 = CARTESIAN_POINT('',(-0.491316410999,-9.144213529497,
    8.321615359065));
#1379 = CARTESIAN_POINT('',(4.000491993751,-7.14377438323,8.5943426373)
  );
#1380 = CARTESIAN_POINT('',(6.24655068435,-3.576030373599,8.8670699079)
  );
#1381 = CARTESIAN_POINT('',(6.250000000018,-6.038731801073E-03,
    9.139797181189));
#1382 = CARTESIAN_POINT('',(7.1,-3.896644190514E-02,6.629438988095));
#1383 = CARTESIAN_POINT('',(7.122257580422,4.016544074581,6.902166260824
    ));
#1384 = CARTESIAN_POINT('',(4.596910311363,8.085944525954,7.174893533542
    ));
#1385 = CARTESIAN_POINT('',(-0.491084528929,10.391364412937,
    7.447620806293));
#1386 = CARTESIAN_POINT('',(-6.72917347179,9.139925078788,7.720348078989
    ));
#1387 = CARTESIAN_POINT('',(-11.40455836172,3.816673190598,
    7.993075351732));
#1388 = CARTESIAN_POINT('',(-11.44576372323,-3.691265338879,
    8.26580262448));
#1389 = CARTESIAN_POINT('',(-6.829089090281,-9.065514198239,
    8.538529897155));
#1390 = CARTESIAN_POINT('',(-0.605111954375,-10.38534823325,
    8.811257169938));
#1391 = CARTESIAN_POINT('',(4.507881009469,-8.135913726214,
    9.083984442629));
#1392 = CARTESIAN_POINT('',(7.077742419708,-4.094476958393,9.35671171537
    ));
#1393 = CARTESIAN_POINT('',(7.100000000119,-3.896644190506E-02,
    9.629438988095));
#1394 = DEFINITIONAL_REPRESENTATION('',(#1395),#1398);
#1395 = B_SPLINE_CURVE_WITH_KNOTS('',1,(#1396,#1397),.UNSPECIFIED.,.F.,
  .F.,(2,2),(0.,1.),.PIECEWISE_BEZIER_KNOTS.);
#1396 = CARTESIAN_POINT('',(-1.234449922881E-04,0.));
#1397 = CARTESIAN_POINT('',(-1.234744948775E-04,6.081109424642E-03));
#1398 = ( GEOMETRIC_REPRESENTATION_CONTEXT(2) 
PARAMETRIC_REPRESENTATION_CONTEXT() REPRESENTATION_CONTEXT('2D SPACE',''
  ) );
#1399 = ORIENTED_EDGE('',*,*,#1400,.T.);
#1400 = EDGE_CURVE('',#1356,#1401,#1403,.T.);
#1401 = VERTEX_POINT('',#1402);
#1402 = CARTESIAN_POINT('',(7.1,-1.738998454789E-15,6.967998006279));
#1403 = SURFACE_CURVE('',#1404,(#1408,#1415),.PCURVE_S1.);
#1404 = LINE('',#1405,#1406);
#1405 = CARTESIAN_POINT('',(7.1,-1.738998454789E-15,0.));
#1406 = VECTOR('',#1407,1.);
#1407 = DIRECTION('',(0.,0.,1.));
#1408 = PCURVE('',#178,#1409);
#1409 = DEFINITIONAL_REPRESENTATION('',(#1410),#1414);
#1410 = LINE('',#1411,#1412);
#1411 = CARTESIAN_POINT('',(6.28318530718,-0.));
#1412 = VECTOR('',#1413,1.);
#1413 = DIRECTION('',(0.,1.));
#1414 = ( GEOMETRIC_REPRESENTATION_CONTEXT(2) 
PARAMETRIC_REPRESENTATION_CONTEXT() REPRESENTATION_CONTEXT('2D SPACE',''
  ) );
#1415 = PCURVE('',#1416,#1421);
#1416 = CYLINDRICAL_SURFACE('',#1417,7.1);
#1417 = AXIS2_PLACEMENT_3D('',#1418,#1419,#1420);
#1418 = CARTESIAN_POINT('',(0.,0.,0.));
#1419 = DIRECTION('',(0.,0.,1.));
#1420 = DIRECTION('',(1.,0.,0.));
#1421 = DEFINITIONAL_REPRESENTATION('',(#1422),#1426);
#1422 = LINE('',#1423,#1424);
#1423 = CARTESIAN_POINT('',(0.,-0.));
#1424 = VECTOR('',#1425,1.);
#1425 = DIRECTION('',(0.,1.));
#1426 = ( GEOMETRIC_REPRESENTATION_CONTEXT(2) 
PARAMETRIC_REPRESENTATION_CONTEXT() REPRESENTATION_CONTEXT('2D SPACE',''
  ) );
#1427 = ORIENTED_EDGE('',*,*,#1428,.F.);
#1428 = EDGE_CURVE('',#889,#1401,#1429,.T.);
#1429 = SURFACE_CURVE('',#1430,(#1475,#1523),.PCURVE_S1.);
#1430 = B_SPLINE_CURVE_WITH_KNOTS('',8,(#1431,#1432,#1433,#1434,#1435,
    #1436,#1437,#1438,#1439,#1440,#1441,#1442,#1443,#1444,#1445,#1446,
    #1447,#1448,#1449,#1450,#1451,#1452,#1453,#1454,#1455,#1456,#1457,
    #1458,#1459,#1460,#1461,#1462,#1463,#1464,#1465,#1466,#1467,#1468,
    #1469,#1470,#1471,#1472,#1473,#1474),.UNSPECIFIED.,.F.,.F.,(9,7,7,7,
    7,7,9),(0.,8.950665523625E-02,0.266726176579,0.435434901292,
    0.542382360103,0.750473050699,1.),.UNSPECIFIED.);
#1431 = CARTESIAN_POINT('',(-7.099893093501,-3.896230050959E-02,
    5.470622595307));
#1432 = CARTESIAN_POINT('',(-7.098526129796,-0.288056836485,
    5.487374098225));
#1433 = CARTESIAN_POINT('',(-7.087171210685,-0.537098921801,
    5.504127022436));
#1434 = CARTESIAN_POINT('',(-7.065831138716,-0.785617820309,
    5.520880314322));
#1435 = CARTESIAN_POINT('',(-7.034534739315,-1.033146228273,
    5.537633452034));
#1436 = CARTESIAN_POINT('',(-6.993336838837,-1.2792204586,5.554386263249
    ));
#1437 = CARTESIAN_POINT('',(-6.942318242606,-1.523380625082,
    5.571138742937));
#1438 = CARTESIAN_POINT('',(-6.881585712958,-1.765170826628,
    5.587890871121));
#1439 = CARTESIAN_POINT('',(-6.672053563328,-2.477287210152,
    5.637809834245));
#1440 = CARTESIAN_POINT('',(-6.495250344153,-2.939457017735,
    5.670980771277));
#1441 = CARTESIAN_POINT('',(-6.281899309965,-3.387052227897,
    5.704148246767));
#1442 = CARTESIAN_POINT('',(-6.033437214599,-3.81671297143,
    5.737312686919));
#1443 = CARTESIAN_POINT('',(-5.751638634933,-4.225285288642,
    5.770477757912));
#1444 = CARTESIAN_POINT('',(-5.438593050463,-4.60981460069,
    5.803646595202));
#1445 = CARTESIAN_POINT('',(-5.09672091304,-4.967563399879,
    5.836818443346));
#1446 = CARTESIAN_POINT('',(-4.378604168958,-5.608767514023,
    5.901560143494));
#1447 = CARTESIAN_POINT('',(-4.004700322187,-5.895053583709,
    5.933139133393));
#1448 = CARTESIAN_POINT('',(-3.609508834202,-6.152755442412,
    5.964716689684));
#1449 = CARTESIAN_POINT('',(-3.195598984465,-6.380049749212,
    5.996292091859));
#1450 = CARTESIAN_POINT('',(-2.765690204157,-6.57540198479,
    6.027867349575));
#1451 = CARTESIAN_POINT('',(-2.322639993205,-6.73755333047,
    6.059444591229));
#1452 = CARTESIAN_POINT('',(-1.869447214337,-6.865538189363,
    6.091023376767));
#1453 = CARTESIAN_POINT('',(-1.117556734349,-7.017809783968,
    6.142613608179));
#1454 = CARTESIAN_POINT('',(-0.823006119229,-7.062912684284,
    6.162629624981));
#1455 = CARTESIAN_POINT('',(-0.5264089433,-7.093879990115,6.182645389688
    ));
#1456 = CARTESIAN_POINT('',(-0.228557760279,-7.110607122006,
    6.202660878022));
#1457 = CARTESIAN_POINT('',(6.9752823612E-02,-7.113042549708,
    6.222676351008));
#1458 = CARTESIAN_POINT('',(0.367726537312,-7.101186657563,
    6.242692069068));
#1459 = CARTESIAN_POINT('',(0.664565743511,-7.075092907031,
    6.262708006072));
#1460 = CARTESIAN_POINT('',(1.533278394457,-6.956610972695,
    6.321668398348));
#1461 = CARTESIAN_POINT('',(2.099959661502,-6.824837606026,
    6.360624944435));
#1462 = CARTESIAN_POINT('',(2.653434197301,-6.640327608439,
    6.399575842139));
#1463 = CARTESIAN_POINT('',(3.187993156038,-6.404703516747,
    6.438521774598));
#1464 = CARTESIAN_POINT('',(3.698252270518,-6.12026092111,6.477467824222
    ));
#1465 = CARTESIAN_POINT('',(4.179134049893,-5.789911685511,
    6.516419004874));
#1466 = CARTESIAN_POINT('',(4.62590232756,-5.417232361624,6.555375828626
    ));
#1467 = CARTESIAN_POINT('',(5.523957541283,-4.514214803696,
    6.641020651722));
#1468 = CARTESIAN_POINT('',(5.958902928316,-3.966784592139,
    6.687748533315));
#1469 = CARTESIAN_POINT('',(6.33138693856,-3.371845275138,6.734460188146
    ));
#1470 = CARTESIAN_POINT('',(6.635583360465,-2.737845306628,
    6.781159756507));
#1471 = CARTESIAN_POINT('',(6.866961017099,-2.073800226103,
    6.827859198276));
#1472 = CARTESIAN_POINT('',(7.022375412538,-1.38929783242,6.874570560932
    ));
#1473 = CARTESIAN_POINT('',(7.1,-0.694436578482,6.92129820126));
#1474 = CARTESIAN_POINT('',(7.1,-2.6645352591E-15,6.967998006279));
#1475 = PCURVE('',#178,#1476);
#1476 = DEFINITIONAL_REPRESENTATION('',(#1477),#1522);
#1477 = B_SPLINE_CURVE_WITH_KNOTS('',8,(#1478,#1479,#1480,#1481,#1482,
    #1483,#1484,#1485,#1486,#1487,#1488,#1489,#1490,#1491,#1492,#1493,
    #1494,#1495,#1496,#1497,#1498,#1499,#1500,#1501,#1502,#1503,#1504,
    #1505,#1506,#1507,#1508,#1509,#1510,#1511,#1512,#1513,#1514,#1515,
    #1516,#1517,#1518,#1519,#1520,#1521),.UNSPECIFIED.,.F.,.F.,(9,7,7,7,
    7,7,9),(0.,8.950665523625E-02,0.266726176579,0.435434901292,
    0.542382360103,0.750473050699,1.),.UNSPECIFIED.);
#1478 = CARTESIAN_POINT('',(3.147080329092,5.470622595307));
#1479 = CARTESIAN_POINT('',(3.182164594826,5.487374098225));
#1480 = CARTESIAN_POINT('',(3.217249194802,5.504127022436));
#1481 = CARTESIAN_POINT('',(3.25233363001,5.520880314322));
#1482 = CARTESIAN_POINT('',(3.28741786883,5.537633452034));
#1483 = CARTESIAN_POINT('',(3.322502112328,5.554386263249));
#1484 = CARTESIAN_POINT('',(3.357586559542,5.571138742937));
#1485 = CARTESIAN_POINT('',(3.392671172778,5.587890871121));
#1486 = CARTESIAN_POINT('',(3.497220864677,5.637809834245));
#1487 = CARTESIAN_POINT('',(3.566697009967,5.670980771277));
#1488 = CARTESIAN_POINT('',(3.636168396856,5.704148246767));
#1489 = CARTESIAN_POINT('',(3.705633815237,5.737312686919));
#1490 = CARTESIAN_POINT('',(3.775099233581,5.770477757912));
#1491 = CARTESIAN_POINT('',(3.844570645577,5.803646595202));
#1492 = CARTESIAN_POINT('',(3.914046856666,5.836818443346));
#1493 = CARTESIAN_POINT('',(4.049641557575,5.901560143494));
#1494 = CARTESIAN_POINT('',(4.115779333828,5.933139133393));
#1495 = CARTESIAN_POINT('',(4.181913351002,5.964716689684));
#1496 = CARTESIAN_POINT('',(4.248042673187,5.996292091859));
#1497 = CARTESIAN_POINT('',(4.314171993838,6.027867349575));
#1498 = CARTESIAN_POINT('',(4.380306009222,6.059444591229));
#1499 = CARTESIAN_POINT('',(4.446443788253,6.091023376767));
#1500 = CARTESIAN_POINT('',(4.55449370916,6.142613608179));
#1501 = CARTESIAN_POINT('',(4.596415168988,6.162629624981));
#1502 = CARTESIAN_POINT('',(4.638336242782,6.182645389688));
#1503 = CARTESIAN_POINT('',(4.68025683038,6.202660878022));
#1504 = CARTESIAN_POINT('',(4.72217742068,6.222676351008));
#1505 = CARTESIAN_POINT('',(4.764098503231,6.242692069068));
#1506 = CARTESIAN_POINT('',(4.806019977579,6.262708006072));
#1507 = CARTESIAN_POINT('',(4.929506622088,6.321668398348));
#1508 = CARTESIAN_POINT('',(5.011096846506,6.360624944435));
#1509 = CARTESIAN_POINT('',(5.092674656894,6.399575842139));
#1510 = CARTESIAN_POINT('',(5.174241474218,6.438521774598));
#1511 = CARTESIAN_POINT('',(5.255808287109,6.477467824222));
#1512 = CARTESIAN_POINT('',(5.337386086167,6.516419004874));
#1513 = CARTESIAN_POINT('',(5.418976297784,6.555375828626));
#1514 = CARTESIAN_POINT('',(5.598350326535,6.641020651722));
#1515 = CARTESIAN_POINT('',(5.696217996268,6.687748533315));
#1516 = CARTESIAN_POINT('',(5.794052990244,6.734460188146));
#1517 = CARTESIAN_POINT('',(5.891863806096,6.781159756507));
#1518 = CARTESIAN_POINT('',(5.989674633067,6.827859198276));
#1519 = CARTESIAN_POINT('',(6.087509626655,6.874570560932));
#1520 = CARTESIAN_POINT('',(6.185377338379,6.92129820126));
#1521 = CARTESIAN_POINT('',(6.28318530718,6.967998006279));
#1522 = ( GEOMETRIC_REPRESENTATION_CONTEXT(2) 
PARAMETRIC_REPRESENTATION_CONTEXT() REPRESENTATION_CONTEXT('2D SPACE',''
  ) );
#1523 = PCURVE('',#903,#1524);
#1524 = DEFINITIONAL_REPRESENTATION('',(#1525),#1570);
#1525 = B_SPLINE_CURVE_WITH_KNOTS('',8,(#1526,#1527,#1528,#1529,#1530,
    #1531,#1532,#1533,#1534,#1535,#1536,#1537,#1538,#1539,#1540,#1541,
    #1542,#1543,#1544,#1545,#1546,#1547,#1548,#1549,#1550,#1551,#1552,
    #1553,#1554,#1555,#1556,#1557,#1558,#1559,#1560,#1561,#1562,#1563,
    #1564,#1565,#1566,#1567,#1568,#1569),.UNSPECIFIED.,.F.,.F.,(9,7,7,7,
    7,7,9),(0.,8.950665523625E-02,0.266726176579,0.435434901292,
    0.542382360103,0.750473050699,1.),.UNSPECIFIED.);
#1526 = CARTESIAN_POINT('',(-0.98137201263,0.));
#1527 = CARTESIAN_POINT('',(-0.98137201269,3.887825295902E-02));
#1528 = CARTESIAN_POINT('',(-0.981369543418,7.775694551053E-02));
#1529 = CARTESIAN_POINT('',(-0.981366231082,0.116635515273));
#1530 = CARTESIAN_POINT('',(-0.981363071386,0.155513903947));
#1531 = CARTESIAN_POINT('',(-0.981360576579,0.194392304686));
#1532 = CARTESIAN_POINT('',(-0.981358922559,0.233270909473));
#1533 = CARTESIAN_POINT('',(-0.981358095982,0.272149656495));
#1534 = CARTESIAN_POINT('',(-0.981357933247,0.3880054651));
#1535 = CARTESIAN_POINT('',(-0.981360847781,0.46499465306));
#1536 = CARTESIAN_POINT('',(-0.981365918602,0.541978303793));
#1537 = CARTESIAN_POINT('',(-0.981371207903,0.618955162831));
#1538 = CARTESIAN_POINT('',(-0.981375205386,0.695931990273));
#1539 = CARTESIAN_POINT('',(-0.981377475179,0.772915558482));
#1540 = CARTESIAN_POINT('',(-0.981378450748,0.849904616043));
#1541 = CARTESIAN_POINT('',(-0.981378308336,1.00016226402));
#1542 = CARTESIAN_POINT('',(-0.981377318381,1.073452210646));
#1543 = CARTESIAN_POINT('',(-0.981375753388,1.146738164239));
#1544 = CARTESIAN_POINT('',(-0.981374126285,1.220019046473));
#1545 = CARTESIAN_POINT('',(-0.981372841228,1.293299989468));
#1546 = CARTESIAN_POINT('',(-0.981372062855,1.366586123597));
#1547 = CARTESIAN_POINT('',(-0.981371731042,1.439876357935));
#1548 = CARTESIAN_POINT('',(-0.981371714902,1.559611151889));
#1549 = CARTESIAN_POINT('',(-0.981371837064,1.606066096033));
#1550 = CARTESIAN_POINT('',(-0.981372053751,1.65252056454));
#1551 = CARTESIAN_POINT('',(-0.981372314462,1.698974442587));
#1552 = CARTESIAN_POINT('',(-0.981372564348,1.745428272481));
#1553 = CARTESIAN_POINT('',(-0.981372753854,1.791882601254));
#1554 = CARTESIAN_POINT('',(-0.981372845751,1.838337325155));
#1555 = CARTESIAN_POINT('',(-0.981372768603,1.975177318328));
#1556 = CARTESIAN_POINT('',(-0.981372270169,2.065590267571));
#1557 = CARTESIAN_POINT('',(-0.981371171154,2.155989412221));
#1558 = CARTESIAN_POINT('',(-0.981369541704,2.246376418973));
#1559 = CARTESIAN_POINT('',(-0.981367772871,2.336763536269));
#1560 = CARTESIAN_POINT('',(-0.981366355258,2.427162968729));
#1561 = CARTESIAN_POINT('',(-0.981365610172,2.51757627682));
#1562 = CARTESIAN_POINT('',(-0.981365686337,2.7163478488));
#1563 = CARTESIAN_POINT('',(-0.981366850501,2.824799070266));
#1564 = CARTESIAN_POINT('',(-0.981369312546,2.933214142481));
#1565 = CARTESIAN_POINT('',(-0.981372845571,3.041602380934));
#1566 = CARTESIAN_POINT('',(-0.981376502394,3.149990504275));
#1567 = CARTESIAN_POINT('',(-0.981379324819,3.258405293545));
#1568 = CARTESIAN_POINT('',(-0.981380766906,3.366856284216));
#1569 = CARTESIAN_POINT('',(-0.981380834626,3.475241075219));
#1570 = ( GEOMETRIC_REPRESENTATION_CONTEXT(2) 
PARAMETRIC_REPRESENTATION_CONTEXT() REPRESENTATION_CONTEXT('2D SPACE',''
  ) );
#1571 = ORIENTED_EDGE('',*,*,#934,.F.);
#1572 = ORIENTED_EDGE('',*,*,#162,.F.);
#1573 = ADVANCED_FACE('',(#1574),#131,.F.);
#1574 = FACE_BOUND('',#1575,.F.);
#1575 = EDGE_LOOP('',(#1576,#1632,#1651,#1652,#1653));
#1576 = ORIENTED_EDGE('',*,*,#1577,.F.);
#1577 = EDGE_CURVE('',#1578,#1580,#1582,.T.);
#1578 = VERTEX_POINT('',#1579);
#1579 = CARTESIAN_POINT('',(6.25,-6.038731789177E-03,3.139797181016));
#1580 = VERTEX_POINT('',#1581);
#1581 = CARTESIAN_POINT('',(6.25000000001,-6.038731795284E-03,
    6.139797181105));
#1582 = SURFACE_CURVE('',#1583,(#1596,#1603),.PCURVE_S1.);
#1583 = B_SPLINE_CURVE_WITH_KNOTS('',11,(#1584,#1585,#1586,#1587,#1588,
    #1589,#1590,#1591,#1592,#1593,#1594,#1595),.UNSPECIFIED.,.F.,.F.,(12
    ,12),(0.,6.962644440466),.PIECEWISE_BEZIER_KNOTS.);
#1584 = CARTESIAN_POINT('',(6.25,-6.03873178918E-03,3.139797181016));
#1585 = CARTESIAN_POINT('',(6.253449315664,3.563952910005,3.412524454317
    ));
#1586 = CARTESIAN_POINT('',(4.014289098382,7.136030525105,3.68525172486)
  );
#1587 = CARTESIAN_POINT('',(-0.47364528153,9.14514587261,3.957979003279)
  );
#1588 = CARTESIAN_POINT('',(-5.959803049362,8.018723566788,
    4.230706265257));
#1589 = CARTESIAN_POINT('',(-10.05416722068,3.314267367895,
    4.503433553405));
#1590 = CARTESIAN_POINT('',(-10.06055292385,-3.294832583893,
    4.776160808696));
#1591 = CARTESIAN_POINT('',(-5.975287234965,-8.007191917299,
    5.048888097179));
#1592 = CARTESIAN_POINT('',(-0.491316411039,-9.144213529441,
    5.321615358724));
#1593 = CARTESIAN_POINT('',(4.000491993769,-7.143774383251,
    5.594342637452));
#1594 = CARTESIAN_POINT('',(6.246550684345,-3.576030373595,
    5.867069907857));
#1595 = CARTESIAN_POINT('',(6.250000000019,-6.038731801404E-03,
    6.139797181195));
#1596 = PCURVE('',#131,#1597);
#1597 = DEFINITIONAL_REPRESENTATION('',(#1598),#1602);
#1598 = LINE('',#1599,#1600);
#1599 = CARTESIAN_POINT('',(-0.981495457622,0.));
#1600 = VECTOR('',#1601,1.);
#1601 = DIRECTION('',(0.,1.));
#1602 = ( GEOMETRIC_REPRESENTATION_CONTEXT(2) 
PARAMETRIC_REPRESENTATION_CONTEXT() REPRESENTATION_CONTEXT('2D SPACE',''
  ) );
#1603 = PCURVE('',#1604,#1627);
#1604 = B_SPLINE_SURFACE_WITH_KNOTS('',1,10,(
    (#1605,#1606,#1607,#1608,#1609,#1610,#1611,#1612,#1613,#1614,#1615)
    ,(#1616,#1617,#1618,#1619,#1620,#1621,#1622,#1623,#1624,#1625,#1626
    )),.UNSPECIFIED.,.F.,.F.,.F.,(2,2),(11,11),(-0.18,-0.),(0.,
    6.962644440466),.PIECEWISE_BEZIER_KNOTS.);
#1605 = CARTESIAN_POINT('',(6.25,6.038731789171E-03,2.960202818984));
#1606 = CARTESIAN_POINT('',(6.246205752771,3.933029537751,3.260202819614
    ));
#1607 = CARTESIAN_POINT('',(3.501441344431,7.860530329075,3.560202817488
    ));
#1608 = CARTESIAN_POINT('',(-1.988582393485,9.606785027246,
    3.860202821636));
#1609 = CARTESIAN_POINT('',(-8.253456218072,7.146880718174,
    4.160202817039));
#1610 = CARTESIAN_POINT('',(-11.56637411159,-1.117539689783E-02,
    4.460202818726));
#1611 = CARTESIAN_POINT('',(-8.239630231915,-7.162816290317,
    4.760202821687));
#1612 = CARTESIAN_POINT('',(-1.970014600956,-9.610609812083,
    5.060202816157));
#1613 = CARTESIAN_POINT('',(3.516624434814,-7.853749494386,
    5.360202820799));
#1614 = CARTESIAN_POINT('',(6.253794247207,-3.920952074184,
    5.660202818491));
#1615 = CARTESIAN_POINT('',(6.249999999981,6.038731776992E-03,
    5.960202819163));
#1616 = CARTESIAN_POINT('',(6.25,-6.038731789177E-03,3.139797181016));
#1617 = CARTESIAN_POINT('',(6.253794247231,3.920952074185,3.439797181647
    ));
#1618 = CARTESIAN_POINT('',(3.516624434849,7.853749494396,3.739797179516
    ));
#1619 = CARTESIAN_POINT('',(-1.970014600968,9.610609812132,
    4.039797183677));
#1620 = CARTESIAN_POINT('',(-8.239630231879,7.162816290327,
    4.339797179054));
#1621 = CARTESIAN_POINT('',(-11.56637411169,1.117539695119E-02,
    4.639797180778));
#1622 = CARTESIAN_POINT('',(-8.253456218051,-7.146880718205,
    4.939797183702));
#1623 = CARTESIAN_POINT('',(-1.98858239355,-9.606785027255,
    5.239797178199));
#1624 = CARTESIAN_POINT('',(3.501441344444,-7.860530329111,
    5.539797182826));
#1625 = CARTESIAN_POINT('',(6.246205752777,-3.933029537774,
    5.839797180523));
#1626 = CARTESIAN_POINT('',(6.250000000019,-6.038731801409E-03,
    6.139797181195));
#1627 = DEFINITIONAL_REPRESENTATION('',(#1628),#1631);
#1628 = B_SPLINE_CURVE_WITH_KNOTS('',1,(#1629,#1630),.UNSPECIFIED.,.F.,
  .F.,(2,2),(0.,6.962644440466),.PIECEWISE_BEZIER_KNOTS.);
#1629 = CARTESIAN_POINT('',(0.,0.));
#1630 = CARTESIAN_POINT('',(0.,6.962644440466));
#1631 = ( GEOMETRIC_REPRESENTATION_CONTEXT(2) 
PARAMETRIC_REPRESENTATION_CONTEXT() REPRESENTATION_CONTEXT('2D SPACE',''
  ) );
#1632 = ORIENTED_EDGE('',*,*,#1633,.T.);
#1633 = EDGE_CURVE('',#1578,#86,#1634,.T.);
#1634 = SURFACE_CURVE('',#1635,(#1638,#1645),.PCURVE_S1.);
#1635 = B_SPLINE_CURVE_WITH_KNOTS('',1,(#1636,#1637),.UNSPECIFIED.,.F.,
  .F.,(2,2),(-0.981495457622,-0.),.PIECEWISE_BEZIER_KNOTS.);
#1636 = CARTESIAN_POINT('',(6.25,-6.03873178918E-03,3.139797181016));
#1637 = CARTESIAN_POINT('',(7.1,-3.896644190514E-02,3.629438988095));
#1638 = PCURVE('',#131,#1639);
#1639 = DEFINITIONAL_REPRESENTATION('',(#1640),#1644);
#1640 = LINE('',#1641,#1642);
#1641 = CARTESIAN_POINT('',(0.,0.));
#1642 = VECTOR('',#1643,1.);
#1643 = DIRECTION('',(1.,0.));
#1644 = ( GEOMETRIC_REPRESENTATION_CONTEXT(2) 
PARAMETRIC_REPRESENTATION_CONTEXT() REPRESENTATION_CONTEXT('2D SPACE',''
  ) );
#1645 = PCURVE('',#105,#1646);
#1646 = DEFINITIONAL_REPRESENTATION('',(#1647),#1650);
#1647 = B_SPLINE_CURVE_WITH_KNOTS('',1,(#1648,#1649),.UNSPECIFIED.,.F.,
  .F.,(2,2),(-0.981495457622,-0.),.PIECEWISE_BEZIER_KNOTS.);
#1648 = CARTESIAN_POINT('',(9.E-02,-0.551233103249));
#1649 = CARTESIAN_POINT('',(0.580747728811,0.298766896751));
#1650 = ( GEOMETRIC_REPRESENTATION_CONTEXT(2) 
PARAMETRIC_REPRESENTATION_CONTEXT() REPRESENTATION_CONTEXT('2D SPACE',''
  ) );
#1651 = ORIENTED_EDGE('',*,*,#117,.T.);
#1652 = ORIENTED_EDGE('',*,*,#1083,.T.);
#1653 = ORIENTED_EDGE('',*,*,#1654,.F.);
#1654 = EDGE_CURVE('',#1580,#1084,#1655,.T.);
#1655 = SURFACE_CURVE('',#1656,(#1659,#1666),.PCURVE_S1.);
#1656 = B_SPLINE_CURVE_WITH_KNOTS('',1,(#1657,#1658),.UNSPECIFIED.,.F.,
  .F.,(2,2),(-0.981495457622,-0.),.PIECEWISE_BEZIER_KNOTS.);
#1657 = CARTESIAN_POINT('',(6.250000000019,-6.038731801404E-03,
    6.139797181195));
#1658 = CARTESIAN_POINT('',(7.100000000123,-3.896644190526E-02,
    6.629438988095));
#1659 = PCURVE('',#131,#1660);
#1660 = DEFINITIONAL_REPRESENTATION('',(#1661),#1665);
#1661 = LINE('',#1662,#1663);
#1662 = CARTESIAN_POINT('',(0.,6.962644440466));
#1663 = VECTOR('',#1664,1.);
#1664 = DIRECTION('',(1.,0.));
#1665 = ( GEOMETRIC_REPRESENTATION_CONTEXT(2) 
PARAMETRIC_REPRESENTATION_CONTEXT() REPRESENTATION_CONTEXT('2D SPACE',''
  ) );
#1666 = PCURVE('',#1369,#1667);
#1667 = DEFINITIONAL_REPRESENTATION('',(#1668),#1671);
#1668 = B_SPLINE_CURVE_WITH_KNOTS('',1,(#1669,#1670),.UNSPECIFIED.,.F.,
  .F.,(2,2),(-0.981495457622,-0.),.PIECEWISE_BEZIER_KNOTS.);
#1669 = CARTESIAN_POINT('',(-0.981495457622,0.));
#1670 = CARTESIAN_POINT('',(0.,0.));
#1671 = ( GEOMETRIC_REPRESENTATION_CONTEXT(2) 
PARAMETRIC_REPRESENTATION_CONTEXT() REPRESENTATION_CONTEXT('2D SPACE',''
  ) );
#1672 = ADVANCED_FACE('',(#1673),#105,.T.);
#1673 = FACE_BOUND('',#1674,.T.);
#1674 = EDGE_LOOP('',(#1675,#1696,#1697,#1698,#1723,#1744));
#1675 = ORIENTED_EDGE('',*,*,#1676,.T.);
#1676 = EDGE_CURVE('',#1677,#1578,#1679,.T.);
#1677 = VERTEX_POINT('',#1678);
#1678 = CARTESIAN_POINT('',(6.25,6.038731789171E-03,2.960202818984));
#1679 = SURFACE_CURVE('',#1680,(#1683,#1689),.PCURVE_S1.);
#1680 = B_SPLINE_CURVE_WITH_KNOTS('',1,(#1681,#1682),.UNSPECIFIED.,.F.,
  .F.,(2,2),(-0.18,-0.),.PIECEWISE_BEZIER_KNOTS.);
#1681 = CARTESIAN_POINT('',(6.25,6.038731789171E-03,2.960202818984));
#1682 = CARTESIAN_POINT('',(6.25,-6.038731789177E-03,3.139797181016));
#1683 = PCURVE('',#105,#1684);
#1684 = DEFINITIONAL_REPRESENTATION('',(#1685),#1688);
#1685 = B_SPLINE_CURVE_WITH_KNOTS('',1,(#1686,#1687),.UNSPECIFIED.,.F.,
  .F.,(2,2),(-0.18,-0.),.PIECEWISE_BEZIER_KNOTS.);
#1686 = CARTESIAN_POINT('',(-9.E-02,-0.551233103249));
#1687 = CARTESIAN_POINT('',(9.E-02,-0.551233103249));
#1688 = ( GEOMETRIC_REPRESENTATION_CONTEXT(2) 
PARAMETRIC_REPRESENTATION_CONTEXT() REPRESENTATION_CONTEXT('2D SPACE',''
  ) );
#1689 = PCURVE('',#1604,#1690);
#1690 = DEFINITIONAL_REPRESENTATION('',(#1691),#1695);
#1691 = LINE('',#1692,#1693);
#1692 = CARTESIAN_POINT('',(0.,0.));
#1693 = VECTOR('',#1694,1.);
#1694 = DIRECTION('',(1.,0.));
#1695 = ( GEOMETRIC_REPRESENTATION_CONTEXT(2) 
PARAMETRIC_REPRESENTATION_CONTEXT() REPRESENTATION_CONTEXT('2D SPACE',''
  ) );
#1696 = ORIENTED_EDGE('',*,*,#1633,.T.);
#1697 = ORIENTED_EDGE('',*,*,#85,.T.);
#1698 = ORIENTED_EDGE('',*,*,#1699,.T.);
#1699 = EDGE_CURVE('',#58,#352,#1700,.T.);
#1700 = SURFACE_CURVE('',#1701,(#1706,#1713),.PCURVE_S1.);
#1701 = ELLIPSE('',#1702,105.81692022579,7.1);
#1702 = AXIS2_PLACEMENT_3D('',#1703,#1704,#1705);
#1703 = CARTESIAN_POINT('',(0.,0.,3.049999999999));
#1704 = DIRECTION('',(-5.150892864051E-15,0.997746455731,
    6.709701987971E-02));
#1705 = DIRECTION('',(3.463901664721E-16,-6.709701987971E-02,
    0.997746455731));
#1706 = PCURVE('',#105,#1707);
#1707 = DEFINITIONAL_REPRESENTATION('',(#1708),#1712);
#1708 = ELLIPSE('',#1709,105.81692022579,7.1);
#1709 = AXIS2_PLACEMENT_2D('',#1710,#1711);
#1710 = CARTESIAN_POINT('',(-5.459967199124E-13,-6.801233103249));
#1711 = DIRECTION('',(1.,3.463901664721E-16));
#1712 = ( GEOMETRIC_REPRESENTATION_CONTEXT(2) 
PARAMETRIC_REPRESENTATION_CONTEXT() REPRESENTATION_CONTEXT('2D SPACE',''
  ) );
#1713 = PCURVE('',#73,#1714);
#1714 = DEFINITIONAL_REPRESENTATION('',(#1715),#1722);
#1715 = B_SPLINE_CURVE_WITH_KNOTS('',5,(#1716,#1717,#1718,#1719,#1720,
    #1721),.UNSPECIFIED.,.F.,.F.,(6,6),(1.570796326795,1.571269913957),
  .PIECEWISE_BEZIER_KNOTS.);
#1716 = CARTESIAN_POINT('',(0.,3.05));
#1717 = CARTESIAN_POINT('',(9.471743239478E-05,3.039999879626));
#1718 = CARTESIAN_POINT('',(1.894348647879E-04,3.029999759252));
#1719 = CARTESIAN_POINT('',(2.841522971846E-04,3.019999639066));
#1720 = CARTESIAN_POINT('',(3.788697295789E-04,3.009999519252));
#1721 = CARTESIAN_POINT('',(4.735871619736E-04,2.9999994));
#1722 = ( GEOMETRIC_REPRESENTATION_CONTEXT(2) 
PARAMETRIC_REPRESENTATION_CONTEXT() REPRESENTATION_CONTEXT('2D SPACE',''
  ) );
#1723 = ORIENTED_EDGE('',*,*,#1724,.T.);
#1724 = EDGE_CURVE('',#352,#1725,#1727,.T.);
#1725 = VERTEX_POINT('',#1726);
#1726 = CARTESIAN_POINT('',(7.1,3.896644190514E-02,2.470561011905));
#1727 = SURFACE_CURVE('',#1728,(#1731,#1737),.PCURVE_S1.);
#1728 = B_SPLINE_CURVE_WITH_KNOTS('',1,(#1729,#1730),.UNSPECIFIED.,.F.,
  .F.,(2,2),(-1.161495457622,-0.),.PIECEWISE_BEZIER_KNOTS.);
#1729 = CARTESIAN_POINT('',(7.1,-3.896644190514E-02,3.629438988095));
#1730 = CARTESIAN_POINT('',(7.1,3.896644190514E-02,2.470561011905));
#1731 = PCURVE('',#105,#1732);
#1732 = DEFINITIONAL_REPRESENTATION('',(#1733),#1736);
#1733 = B_SPLINE_CURVE_WITH_KNOTS('',1,(#1734,#1735),.UNSPECIFIED.,.F.,
  .F.,(2,2),(-1.161495457622,-0.),.PIECEWISE_BEZIER_KNOTS.);
#1734 = CARTESIAN_POINT('',(0.580747728811,0.298766896751));
#1735 = CARTESIAN_POINT('',(-0.580747728811,0.298766896751));
#1736 = ( GEOMETRIC_REPRESENTATION_CONTEXT(2) 
PARAMETRIC_REPRESENTATION_CONTEXT() REPRESENTATION_CONTEXT('2D SPACE',''
  ) );
#1737 = PCURVE('',#723,#1738);
#1738 = DEFINITIONAL_REPRESENTATION('',(#1739),#1743);
#1739 = LINE('',#1740,#1741);
#1740 = CARTESIAN_POINT('',(0.,0.));
#1741 = VECTOR('',#1742,1.);
#1742 = DIRECTION('',(1.,0.));
#1743 = ( GEOMETRIC_REPRESENTATION_CONTEXT(2) 
PARAMETRIC_REPRESENTATION_CONTEXT() REPRESENTATION_CONTEXT('2D SPACE',''
  ) );
#1744 = ORIENTED_EDGE('',*,*,#1745,.T.);
#1745 = EDGE_CURVE('',#1725,#1677,#1746,.T.);
#1746 = SURFACE_CURVE('',#1747,(#1750,#1756),.PCURVE_S1.);
#1747 = B_SPLINE_CURVE_WITH_KNOTS('',1,(#1748,#1749),.UNSPECIFIED.,.F.,
  .F.,(2,2),(-0.981495457622,-0.),.PIECEWISE_BEZIER_KNOTS.);
#1748 = CARTESIAN_POINT('',(7.1,3.896644190514E-02,2.470561011905));
#1749 = CARTESIAN_POINT('',(6.25,6.038731789171E-03,2.960202818984));
#1750 = PCURVE('',#105,#1751);
#1751 = DEFINITIONAL_REPRESENTATION('',(#1752),#1755);
#1752 = B_SPLINE_CURVE_WITH_KNOTS('',1,(#1753,#1754),.UNSPECIFIED.,.F.,
  .F.,(2,2),(-0.981495457622,-0.),.PIECEWISE_BEZIER_KNOTS.);
#1753 = CARTESIAN_POINT('',(-0.580747728811,0.298766896751));
#1754 = CARTESIAN_POINT('',(-9.E-02,-0.551233103249));
#1755 = ( GEOMETRIC_REPRESENTATION_CONTEXT(2) 
PARAMETRIC_REPRESENTATION_CONTEXT() REPRESENTATION_CONTEXT('2D SPACE',''
  ) );
#1756 = PCURVE('',#624,#1757);
#1757 = DEFINITIONAL_REPRESENTATION('',(#1758),#1762);
#1758 = LINE('',#1759,#1760);
#1759 = CARTESIAN_POINT('',(0.,0.));
#1760 = VECTOR('',#1761,1.);
#1761 = DIRECTION('',(1.,0.));
#1762 = ( GEOMETRIC_REPRESENTATION_CONTEXT(2) 
PARAMETRIC_REPRESENTATION_CONTEXT() REPRESENTATION_CONTEXT('2D SPACE',''
  ) );
#1763 = ADVANCED_FACE('',(#1764),#73,.T.);
#1764 = FACE_BOUND('',#1765,.T.);
#1765 = EDGE_LOOP('',(#1766,#1767,#1768));
#1766 = ORIENTED_EDGE('',*,*,#351,.T.);
#1767 = ORIENTED_EDGE('',*,*,#1699,.F.);
#1768 = ORIENTED_EDGE('',*,*,#57,.F.);
#1769 = ADVANCED_FACE('',(#1770),#337,.T.);
#1770 = FACE_BOUND('',#1771,.T.);
#1771 = EDGE_LOOP('',(#1772,#1773,#1796,#1823));
#1772 = ORIENTED_EDGE('',*,*,#320,.F.);
#1773 = ORIENTED_EDGE('',*,*,#1774,.F.);
#1774 = EDGE_CURVE('',#1775,#321,#1777,.T.);
#1775 = VERTEX_POINT('',#1776);
#1776 = CARTESIAN_POINT('',(10.,-2.449293598295E-15,0.));
#1777 = SEAM_CURVE('',#1778,(#1782,#1789),.PCURVE_S1.);
#1778 = LINE('',#1779,#1780);
#1779 = CARTESIAN_POINT('',(10.,-2.449293598295E-15,0.));
#1780 = VECTOR('',#1781,1.);
#1781 = DIRECTION('',(0.,0.,1.));
#1782 = PCURVE('',#337,#1783);
#1783 = DEFINITIONAL_REPRESENTATION('',(#1784),#1788);
#1784 = LINE('',#1785,#1786);
#1785 = CARTESIAN_POINT('',(6.28318530718,-0.));
#1786 = VECTOR('',#1787,1.);
#1787 = DIRECTION('',(0.,1.));
#1788 = ( GEOMETRIC_REPRESENTATION_CONTEXT(2) 
PARAMETRIC_REPRESENTATION_CONTEXT() REPRESENTATION_CONTEXT('2D SPACE',''
  ) );
#1789 = PCURVE('',#337,#1790);
#1790 = DEFINITIONAL_REPRESENTATION('',(#1791),#1795);
#1791 = LINE('',#1792,#1793);
#1792 = CARTESIAN_POINT('',(0.,-0.));
#1793 = VECTOR('',#1794,1.);
#1794 = DIRECTION('',(0.,1.));
#1795 = ( GEOMETRIC_REPRESENTATION_CONTEXT(2) 
PARAMETRIC_REPRESENTATION_CONTEXT() REPRESENTATION_CONTEXT('2D SPACE',''
  ) );
#1796 = ORIENTED_EDGE('',*,*,#1797,.T.);
#1797 = EDGE_CURVE('',#1775,#1775,#1798,.T.);
#1798 = SURFACE_CURVE('',#1799,(#1804,#1811),.PCURVE_S1.);
#1799 = CIRCLE('',#1800,10.);
#1800 = AXIS2_PLACEMENT_3D('',#1801,#1802,#1803);
#1801 = CARTESIAN_POINT('',(0.,0.,0.));
#1802 = DIRECTION('',(0.,0.,1.));
#1803 = DIRECTION('',(1.,0.,0.));
#1804 = PCURVE('',#337,#1805);
#1805 = DEFINITIONAL_REPRESENTATION('',(#1806),#1810);
#1806 = LINE('',#1807,#1808);
#1807 = CARTESIAN_POINT('',(0.,0.));
#1808 = VECTOR('',#1809,1.);
#1809 = DIRECTION('',(1.,0.));
#1810 = ( GEOMETRIC_REPRESENTATION_CONTEXT(2) 
PARAMETRIC_REPRESENTATION_CONTEXT() REPRESENTATION_CONTEXT('2D SPACE',''
  ) );
#1811 = PCURVE('',#1812,#1817);
#1812 = PLANE('',#1813);
#1813 = AXIS2_PLACEMENT_3D('',#1814,#1815,#1816);
#1814 = CARTESIAN_POINT('',(0.,0.,0.));
#1815 = DIRECTION('',(0.,0.,1.));
#1816 = DIRECTION('',(1.,0.,0.));
#1817 = DEFINITIONAL_REPRESENTATION('',(#1818),#1822);
#1818 = CIRCLE('',#1819,10.);
#1819 = AXIS2_PLACEMENT_2D('',#1820,#1821);
#1820 = CARTESIAN_POINT('',(0.,0.));
#1821 = DIRECTION('',(1.,0.));
#1822 = ( GEOMETRIC_REPRESENTATION_CONTEXT(2) 
PARAMETRIC_REPRESENTATION_CONTEXT() REPRESENTATION_CONTEXT('2D SPACE',''
  ) );
#1823 = ORIENTED_EDGE('',*,*,#1774,.T.);
#1824 = ADVANCED_FACE('',(#1825),#723,.F.);
#1825 = FACE_BOUND('',#1826,.F.);
#1826 = EDGE_LOOP('',(#1827,#1828,#1829));
#1827 = ORIENTED_EDGE('',*,*,#671,.F.);
#1828 = ORIENTED_EDGE('',*,*,#1724,.T.);
#1829 = ORIENTED_EDGE('',*,*,#1830,.T.);
#1830 = EDGE_CURVE('',#1725,#579,#1831,.T.);
#1831 = SURFACE_CURVE('',#1832,(#1845,#1852),.PCURVE_S1.);
#1832 = B_SPLINE_CURVE_WITH_KNOTS('',11,(#1833,#1834,#1835,#1836,#1837,
    #1838,#1839,#1840,#1841,#1842,#1843,#1844),.UNSPECIFIED.,.F.,.F.,(12
    ,12),(0.,6.962644440466),.PIECEWISE_BEZIER_KNOTS.);
#1833 = CARTESIAN_POINT('',(7.1,3.896644190514E-02,2.470561011905));
#1834 = CARTESIAN_POINT('',(7.077742419582,4.094476958323,2.74328828463)
  );
#1835 = CARTESIAN_POINT('',(4.50788100942,8.135913726087,3.016015557368)
  );
#1836 = CARTESIAN_POINT('',(-0.605111954451,10.38534823305,3.28874283007
    ));
#1837 = CARTESIAN_POINT('',(-6.829089089985,9.065514198145,
    3.561470102828));
#1838 = CARTESIAN_POINT('',(-11.44576372331,3.691265338729,
    3.834197375548));
#1839 = CARTESIAN_POINT('',(-11.40455836121,-3.816673190446,
    4.106924648237));
#1840 = CARTESIAN_POINT('',(-6.729173471937,-9.1399250787,4.379651921038
    ));
#1841 = CARTESIAN_POINT('',(-0.49108452876,-10.39136441272,
    4.652379193692));
#1842 = CARTESIAN_POINT('',(4.596910311217,-8.085944525828,
    4.925106466464));
#1843 = CARTESIAN_POINT('',(7.122257580321,-4.016544074511,
    5.197833739174));
#1844 = CARTESIAN_POINT('',(7.099999999877,3.896644190528E-02,
    5.470561011905));
#1845 = PCURVE('',#723,#1846);
#1846 = DEFINITIONAL_REPRESENTATION('',(#1847),#1851);
#1847 = LINE('',#1848,#1849);
#1848 = CARTESIAN_POINT('',(-0.,0.));
#1849 = VECTOR('',#1850,1.);
#1850 = DIRECTION('',(0.,1.));
#1851 = ( GEOMETRIC_REPRESENTATION_CONTEXT(2) 
PARAMETRIC_REPRESENTATION_CONTEXT() REPRESENTATION_CONTEXT('2D SPACE',''
  ) );
#1852 = PCURVE('',#624,#1853);
#1853 = DEFINITIONAL_REPRESENTATION('',(#1854),#1857);
#1854 = B_SPLINE_CURVE_WITH_KNOTS('',1,(#1855,#1856),.UNSPECIFIED.,.F.,
  .F.,(2,2),(0.,6.962644440466),.PIECEWISE_BEZIER_KNOTS.);
#1855 = CARTESIAN_POINT('',(-0.981495457622,0.));
#1856 = CARTESIAN_POINT('',(-0.981495457622,6.962644440466));
#1857 = ( GEOMETRIC_REPRESENTATION_CONTEXT(2) 
PARAMETRIC_REPRESENTATION_CONTEXT() REPRESENTATION_CONTEXT('2D SPACE',''
  ) );
#1858 = ADVANCED_FACE('',(#1859),#624,.F.);
#1859 = FACE_BOUND('',#1860,.F.);
#1860 = EDGE_LOOP('',(#1861,#1862,#1863,#1894,#1940,#1974,#2202));
#1861 = ORIENTED_EDGE('',*,*,#1830,.F.);
#1862 = ORIENTED_EDGE('',*,*,#1745,.T.);
#1863 = ORIENTED_EDGE('',*,*,#1864,.T.);
#1864 = EDGE_CURVE('',#1677,#1865,#1867,.T.);
#1865 = VERTEX_POINT('',#1866);
#1866 = CARTESIAN_POINT('',(6.24999999999,6.038731783073E-03,
    5.960202819074));
#1867 = SURFACE_CURVE('',#1868,(#1881,#1888),.PCURVE_S1.);
#1868 = B_SPLINE_CURVE_WITH_KNOTS('',11,(#1869,#1870,#1871,#1872,#1873,
    #1874,#1875,#1876,#1877,#1878,#1879,#1880),.UNSPECIFIED.,.F.,.F.,(12
    ,12),(0.,6.962644440466),.PIECEWISE_BEZIER_KNOTS.);
#1869 = CARTESIAN_POINT('',(6.25,6.038731789171E-03,2.960202818984));
#1870 = CARTESIAN_POINT('',(6.246550684337,3.576030373573,3.232930092285
    ));
#1871 = CARTESIAN_POINT('',(4.000491993756,7.143774383219,3.505657362831
    ));
#1872 = CARTESIAN_POINT('',(-0.491316410989,9.144213529422,
    3.778384641242));
#1873 = CARTESIAN_POINT('',(-5.975287234976,8.007191917281,
    4.051111903233));
#1874 = CARTESIAN_POINT('',(-10.06055292377,3.294832583903,
    4.323839191371));
#1875 = CARTESIAN_POINT('',(-10.05416722068,-3.314267367857,
    4.596566446661));
#1876 = CARTESIAN_POINT('',(-5.959803049359,-8.018723566765,
    4.869293735155));
#1877 = CARTESIAN_POINT('',(-0.473645281537,-9.145145872572,
    5.142020996686));
#1878 = CARTESIAN_POINT('',(4.014289098349,-7.136030525096,
    5.414748275423));
#1879 = CARTESIAN_POINT('',(6.253449315642,-3.563952910006,
    5.687475545825));
#1880 = CARTESIAN_POINT('',(6.249999999981,6.038731776989E-03,
    5.960202819163));
#1881 = PCURVE('',#624,#1882);
#1882 = DEFINITIONAL_REPRESENTATION('',(#1883),#1887);
#1883 = LINE('',#1884,#1885);
#1884 = CARTESIAN_POINT('',(-0.,0.));
#1885 = VECTOR('',#1886,1.);
#1886 = DIRECTION('',(0.,1.));
#1887 = ( GEOMETRIC_REPRESENTATION_CONTEXT(2) 
PARAMETRIC_REPRESENTATION_CONTEXT() REPRESENTATION_CONTEXT('2D SPACE',''
  ) );
#1888 = PCURVE('',#1604,#1889);
#1889 = DEFINITIONAL_REPRESENTATION('',(#1890),#1893);
#1890 = B_SPLINE_CURVE_WITH_KNOTS('',1,(#1891,#1892),.UNSPECIFIED.,.F.,
  .F.,(2,2),(0.,6.962644440466),.PIECEWISE_BEZIER_KNOTS.);
#1891 = CARTESIAN_POINT('',(-0.18,0.));
#1892 = CARTESIAN_POINT('',(-0.18,6.962644440466));
#1893 = ( GEOMETRIC_REPRESENTATION_CONTEXT(2) 
PARAMETRIC_REPRESENTATION_CONTEXT() REPRESENTATION_CONTEXT('2D SPACE',''
  ) );
#1894 = ORIENTED_EDGE('',*,*,#1895,.F.);
#1895 = EDGE_CURVE('',#1896,#1865,#1898,.T.);
#1896 = VERTEX_POINT('',#1897);
#1897 = CARTESIAN_POINT('',(7.099893093501,3.896230051448E-02,
    5.470622595236));
#1898 = SURFACE_CURVE('',#1899,(#1902,#1909),.PCURVE_S1.);
#1899 = B_SPLINE_CURVE_WITH_KNOTS('',1,(#1900,#1901),.UNSPECIFIED.,.F.,
  .F.,(2,2),(-0.981495457622,-0.),.PIECEWISE_BEZIER_KNOTS.);
#1900 = CARTESIAN_POINT('',(7.099999999877,3.896644190528E-02,
    5.470561011905));
#1901 = CARTESIAN_POINT('',(6.249999999981,6.038731776989E-03,
    5.960202819163));
#1902 = PCURVE('',#624,#1903);
#1903 = DEFINITIONAL_REPRESENTATION('',(#1904),#1908);
#1904 = LINE('',#1905,#1906);
#1905 = CARTESIAN_POINT('',(0.,6.962644440466));
#1906 = VECTOR('',#1907,1.);
#1907 = DIRECTION('',(1.,0.));
#1908 = ( GEOMETRIC_REPRESENTATION_CONTEXT(2) 
PARAMETRIC_REPRESENTATION_CONTEXT() REPRESENTATION_CONTEXT('2D SPACE',''
  ) );
#1909 = PCURVE('',#1910,#1935);
#1910 = B_SPLINE_SURFACE_WITH_KNOTS('',1,11,(
    (#1911,#1912,#1913,#1914,#1915,#1916,#1917,#1918,#1919,#1920,#1921
      ,#1922)
    ,(#1923,#1924,#1925,#1926,#1927,#1928,#1929,#1930,#1931,#1932,#1933
      ,#1934
    )),.UNSPECIFIED.,.F.,.F.,.F.,(2,2),(12,12),(-0.981495457622,-0.),(0.
    ,6.962644440466),.PIECEWISE_BEZIER_KNOTS.);
#1911 = CARTESIAN_POINT('',(7.1,3.896644190514E-02,5.470561011905));
#1912 = CARTESIAN_POINT('',(7.07774241958,4.094476958323,5.74328828463)
  );
#1913 = CARTESIAN_POINT('',(4.507881009416,8.135913726082,6.01601555737)
  );
#1914 = CARTESIAN_POINT('',(-0.605111954411,10.38534823307,
    6.288742830064));
#1915 = CARTESIAN_POINT('',(-6.829089090121,9.06551419809,6.561470102843
    ));
#1916 = CARTESIAN_POINT('',(-11.44576372304,3.691265338823,
    6.834197375522));
#1917 = CARTESIAN_POINT('',(-11.40455836157,-3.816673190557,
    7.106924648268));
#1918 = CARTESIAN_POINT('',(-6.729173471602,-9.139925078608,
    7.379651921011));
#1919 = CARTESIAN_POINT('',(-0.49108452898,-10.39136441277,
    7.652379193708));
#1920 = CARTESIAN_POINT('',(4.596910311316,-8.085944525809,
    7.925106466458));
#1921 = CARTESIAN_POINT('',(7.122257580292,-4.016544074514,
    8.197833739176));
#1922 = CARTESIAN_POINT('',(7.099999999881,3.896644190508E-02,
    8.470561011905));
#1923 = CARTESIAN_POINT('',(6.25,6.038731789181E-03,5.960202818984));
#1924 = CARTESIAN_POINT('',(6.246550684337,3.576030373573,6.232930092288
    ));
#1925 = CARTESIAN_POINT('',(4.000491993756,7.143774383213,6.505657362834
    ));
#1926 = CARTESIAN_POINT('',(-0.491316410984,9.144213529445,
    6.778384641188));
#1927 = CARTESIAN_POINT('',(-5.975287234991,8.00719191722,7.051111903431
    ));
#1928 = CARTESIAN_POINT('',(-10.06055292374,3.294832584005,
    7.323839190962));
#1929 = CARTESIAN_POINT('',(-10.05416722072,-3.314267367978,
    7.596566447217));
#1930 = CARTESIAN_POINT('',(-5.95980304932,-8.018723566665,
    7.869293734634));
#1931 = CARTESIAN_POINT('',(-0.473645281564,-9.145145872629,
    8.142020997026));
#1932 = CARTESIAN_POINT('',(4.014289098362,-7.136030525074,
    8.414748275272));
#1933 = CARTESIAN_POINT('',(6.253449315638,-3.56395291001,8.687475545868
    ));
#1934 = CARTESIAN_POINT('',(6.249999999982,6.038731777253E-03,
    8.960202819158));
#1935 = DEFINITIONAL_REPRESENTATION('',(#1936),#1939);
#1936 = B_SPLINE_CURVE_WITH_KNOTS('',1,(#1937,#1938),.UNSPECIFIED.,.F.,
  .F.,(2,2),(-0.981495457622,-0.),.PIECEWISE_BEZIER_KNOTS.);
#1937 = CARTESIAN_POINT('',(-0.981495457622,0.));
#1938 = CARTESIAN_POINT('',(0.,0.));
#1939 = ( GEOMETRIC_REPRESENTATION_CONTEXT(2) 
PARAMETRIC_REPRESENTATION_CONTEXT() REPRESENTATION_CONTEXT('2D SPACE',''
  ) );
#1940 = ORIENTED_EDGE('',*,*,#1941,.F.);
#1941 = EDGE_CURVE('',#1942,#1896,#1944,.T.);
#1942 = VERTEX_POINT('',#1943);
#1943 = CARTESIAN_POINT('',(7.1,-1.738998454789E-15,5.468002435884));
#1944 = SURFACE_CURVE('',#1945,(#1951,#1960),.PCURVE_S1.);
#1945 = B_SPLINE_CURVE_WITH_KNOTS('',3,(#1946,#1947,#1948,#1949,#1950),
  .UNSPECIFIED.,.F.,.F.,(4,1,4),(0.,6.939761259541E-02,1.),
  .UNSPECIFIED.);
#1946 = CARTESIAN_POINT('',(7.1,7.381248390281E-16,5.468002435884));
#1947 = CARTESIAN_POINT('',(7.1,9.013005704512E-04,5.468063046477));
#1948 = CARTESIAN_POINT('',(7.099997526988,1.388878597317E-02,
    5.468936428196));
#1949 = CARTESIAN_POINT('',(7.099959418228,2.687629770378E-02,
    5.469809816623));
#1950 = CARTESIAN_POINT('',(7.099893093501,3.896230051456E-02,
    5.470622595236));
#1951 = PCURVE('',#624,#1952);
#1952 = DEFINITIONAL_REPRESENTATION('',(#1953),#1959);
#1953 = B_SPLINE_CURVE_WITH_KNOTS('',3,(#1954,#1955,#1956,#1957,#1958),
  .UNSPECIFIED.,.F.,.F.,(4,1,4),(0.,6.939761259541E-02,1.),
  .UNSPECIFIED.);
#1954 = CARTESIAN_POINT('',(-0.981371986904,6.9565633312));
#1955 = CARTESIAN_POINT('',(-0.981371988085,6.95670400257));
#1956 = CARTESIAN_POINT('',(-0.981372004533,6.958731037071));
#1957 = CARTESIAN_POINT('',(-0.981372012769,6.960758077634));
#1958 = CARTESIAN_POINT('',(-0.981372012772,6.962644440466));
#1959 = ( GEOMETRIC_REPRESENTATION_CONTEXT(2) 
PARAMETRIC_REPRESENTATION_CONTEXT() REPRESENTATION_CONTEXT('2D SPACE',''
  ) );
#1960 = PCURVE('',#1961,#1966);
#1961 = CYLINDRICAL_SURFACE('',#1962,7.1);
#1962 = AXIS2_PLACEMENT_3D('',#1963,#1964,#1965);
#1963 = CARTESIAN_POINT('',(0.,0.,0.));
#1964 = DIRECTION('',(0.,0.,1.));
#1965 = DIRECTION('',(1.,0.,0.));
#1966 = DEFINITIONAL_REPRESENTATION('',(#1967),#1973);
#1967 = B_SPLINE_CURVE_WITH_KNOTS('',3,(#1968,#1969,#1970,#1971,#1972),
  .UNSPECIFIED.,.F.,.F.,(4,1,4),(0.,6.939761259541E-02,1.),
  .UNSPECIFIED.);
#1968 = CARTESIAN_POINT('',(0.,5.468002435884));
#1969 = CARTESIAN_POINT('',(1.26943742317E-04,5.468063046477));
#1970 = CARTESIAN_POINT('',(1.956167038472E-03,5.468936428196));
#1971 = CARTESIAN_POINT('',(3.785395954266E-03,5.469809816623));
#1972 = CARTESIAN_POINT('',(5.487675502932E-03,5.470622595236));
#1973 = ( GEOMETRIC_REPRESENTATION_CONTEXT(2) 
PARAMETRIC_REPRESENTATION_CONTEXT() REPRESENTATION_CONTEXT('2D SPACE',''
  ) );
#1974 = ORIENTED_EDGE('',*,*,#1975,.F.);
#1975 = EDGE_CURVE('',#550,#1942,#1976,.T.);
#1976 = SURFACE_CURVE('',#1977,(#2050,#2126),.PCURVE_S1.);
#1977 = B_SPLINE_CURVE_WITH_KNOTS('',8,(#1978,#1979,#1980,#1981,#1982,
    #1983,#1984,#1985,#1986,#1987,#1988,#1989,#1990,#1991,#1992,#1993,
    #1994,#1995,#1996,#1997,#1998,#1999,#2000,#2001,#2002,#2003,#2004,
    #2005,#2006,#2007,#2008,#2009,#2010,#2011,#2012,#2013,#2014,#2015,
    #2016,#2017,#2018,#2019,#2020,#2021,#2022,#2023,#2024,#2025,#2026,
    #2027,#2028,#2029,#2030,#2031,#2032,#2033,#2034,#2035,#2036,#2037,
    #2038,#2039,#2040,#2041,#2042,#2043,#2044,#2045,#2046,#2047,#2048,
    #2049),.UNSPECIFIED.,.F.,.F.,(9,7,7,7,7,7,7,7,7,7,9),(0.,
    4.968102617088E-02,0.114595264319,0.240863049148,0.395417600191,
    0.545997208519,0.675148211482,0.737312070157,0.842364396016,
    0.945503069285,1.),.UNSPECIFIED.);
#1978 = CARTESIAN_POINT('',(3.13026613256,6.372710093779,2.9999994));
#1979 = CARTESIAN_POINT('',(2.925725784547,6.47318002174,3.015324625296)
  );
#1980 = CARTESIAN_POINT('',(2.717498540938,6.566147736094,3.0306499415)
  );
#1981 = CARTESIAN_POINT('',(2.505907635757,6.651454596306,3.045975173217
    ));
#1982 = CARTESIAN_POINT('',(2.29128242979,6.728959306857,3.061300296212)
  );
#1983 = CARTESIAN_POINT('',(2.07395830975,6.798537950372,3.076625364358)
  );
#1984 = CARTESIAN_POINT('',(1.854276587437,6.860084020739,3.091950436579
    ));
#1985 = CARTESIAN_POINT('',(1.632584398893,6.91350845624,3.107275503795)
  );
#1986 = CARTESIAN_POINT('',(1.117401223274,7.017839699024,3.142624257338
    ));
#1987 = CARTESIAN_POINT('',(0.822729006866,7.062953770295,3.162648442992
    ));
#1988 = CARTESIAN_POINT('',(0.526008954833,7.093920630064,3.182672376125
    ));
#1989 = CARTESIAN_POINT('',(0.228034597196,7.110635597869,3.202696032382
    ));
#1990 = CARTESIAN_POINT('',(-7.039848400743E-02,7.113047129017,
    3.222719673301));
#1991 = CARTESIAN_POINT('',(-0.368493043195,7.101155677105,
    3.242743559817));
#1992 = CARTESIAN_POINT('',(-0.665450470662,7.07501485926,3.262767665742
    ));
#1993 = CARTESIAN_POINT('',(-1.534329530088,6.956384498534,
    3.321740495929));
#1994 = CARTESIAN_POINT('',(-2.101053465576,6.824510301578,
    3.360701318082));
#1995 = CARTESIAN_POINT('',(-2.654559609213,6.639889856724,
    3.399656488553));
#1996 = CARTESIAN_POINT('',(-3.18913748436,6.404147150628,3.438606691081
    ));
#1997 = CARTESIAN_POINT('',(-3.699401452748,6.119579457227,
    3.477557010502));
#1998 = CARTESIAN_POINT('',(-4.180272889278,5.789100525812,
    3.516512463188));
#1999 = CARTESIAN_POINT('',(-4.627014759426,5.416289020755,
    3.555473561995));
#2000 = CARTESIAN_POINT('',(-5.535141187064,4.502754354873,
    3.642097454549));
#2001 = CARTESIAN_POINT('',(-5.977899133985,3.942609882909,
    3.689803198756));
#2002 = CARTESIAN_POINT('',(-6.355372128461,3.333124564098,
    3.737490871579));
#2003 = CARTESIAN_POINT('',(-6.661403888913,2.683322012809,
    3.785165373144));
#2004 = CARTESIAN_POINT('',(-6.891238124403,2.00282581197,3.832839771232
    ));
#2005 = CARTESIAN_POINT('',(-7.041632432051,1.301869473668,
    3.880527216681));
#2006 = CARTESIAN_POINT('',(-7.110769213585,0.591224065446,
    3.928232810527));
#2007 = CARTESIAN_POINT('',(-7.087584467708,-0.808215255228,
    4.022356099837));
#2008 = CARTESIAN_POINT('',(-6.999355488895,-1.49796066394,
    4.068833105238));
#2009 = CARTESIAN_POINT('',(-6.83435469953,-2.176243234473,4.11529562463
    ));
#2010 = CARTESIAN_POINT('',(-6.59453123213,-2.833156448689,
    4.161747324249));
#2011 = CARTESIAN_POINT('',(-6.283119270783,-3.459313646779,
    4.208198987302));
#2012 = CARTESIAN_POINT('',(-5.904701226024,-4.045907408866,
    4.254661421516));
#2013 = CARTESIAN_POINT('',(-5.465121158964,-4.584704591545,
    4.301138358796));
#2014 = CARTESIAN_POINT('',(-4.549164588109,-5.483251617607,
    4.387425552861));
#2015 = CARTESIAN_POINT('',(-4.086572744899,-5.85791613414,
    4.427276584756));
#2016 = CARTESIAN_POINT('',(-3.588935621278,-6.187741256729,
    4.467120551393));
#2017 = CARTESIAN_POINT('',(-3.061386185573,-6.468978514836,
    4.506958474011));
#2018 = CARTESIAN_POINT('',(-2.509416622595,-6.698613963179,
    4.54679643939));
#2019 = CARTESIAN_POINT('',(-1.938839699504,-6.874311687477,
    4.586640516122));
#2020 = CARTESIAN_POINT('',(-1.355808217619,-6.994478538561,
    4.626491637855));
#2021 = CARTESIAN_POINT('',(-0.483393664401,-7.0892620343,4.68550536259)
  );
#2022 = CARTESIAN_POINT('',(-0.198501637925,-7.107049692925,
    4.704681079071));
#2023 = CARTESIAN_POINT('',(8.710501658322E-02,-7.111749728767,
    4.723856702823));
#2024 = CARTESIAN_POINT('',(0.372724157681,-7.103332216725,
    4.743032178209));
#2025 = CARTESIAN_POINT('',(0.657655740026,-7.081811937955,
    4.762207672461));
#2026 = CARTESIAN_POINT('',(0.941202041281,-7.047247468474,
    4.781383351141));
#2027 = CARTESIAN_POINT('',(1.222667977748,-6.999742044444,
    4.800559154659));
#2028 = CARTESIAN_POINT('',(1.972332974377,-6.837550691234,
    4.852139620144));
#2029 = CARTESIAN_POINT('',(2.435468697693,-6.699109791275,
    4.884549116985));
#2030 = CARTESIAN_POINT('',(2.887357669624,-6.524843323956,
    4.916956371648));
#2031 = CARTESIAN_POINT('',(3.324774658738,-6.315848773339,
    4.949360816973));
#2032 = CARTESIAN_POINT('',(3.744657410488,-6.073545567931,
    4.981765061768));
#2033 = CARTESIAN_POINT('',(4.144102439195,-5.79965472641,5.014171852558
    ));
#2034 = CARTESIAN_POINT('',(4.520379412734,-5.496213868998,
    5.046580948692));
#2035 = CARTESIAN_POINT('',(5.215162531112,-4.841063340664,
    5.110800578108));
#2036 = CARTESIAN_POINT('',(5.534690790285,-4.490244448664,
    5.142619867923));
#2037 = CARTESIAN_POINT('',(5.827140379189,-4.115420176215,
    5.174437846151));
#2038 = CARTESIAN_POINT('',(6.090429564054,-3.719051432325,
    5.206254227124));
#2039 = CARTESIAN_POINT('',(6.322760223345,-3.303778306704,
    5.238071166253));
#2040 = CARTESIAN_POINT('',(6.522605233545,-2.872406307141,
    5.269890381757));
#2041 = CARTESIAN_POINT('',(6.68872642297,-2.427911304844,5.301710605426
    ));
#2042 = CARTESIAN_POINT('',(6.88970396555,-1.733339606867,5.350335803711
    ));
#2043 = CARTESIAN_POINT('',(6.949523495157,-1.490417701663,
    5.367146060942));
#2044 = CARTESIAN_POINT('',(6.999549600779,-1.245154652464,
    5.383955847891));
#2045 = CARTESIAN_POINT('',(7.039676522634,-0.998011719011,
    5.400765119917));
#2046 = CARTESIAN_POINT('',(7.069824850625,-0.749454077651,
    5.417574034946));
#2047 = CARTESIAN_POINT('',(7.089941552166,-0.499950658543,
    5.434382914426));
#2048 = CARTESIAN_POINT('',(7.099999999995,-0.249973982862,
    5.451192204285));
#2049 = CARTESIAN_POINT('',(7.1,-1.7763568394E-15,5.468002435884));
#2050 = PCURVE('',#624,#2051);
#2051 = DEFINITIONAL_REPRESENTATION('',(#2052),#2125);
#2052 = B_SPLINE_CURVE_WITH_KNOTS('',8,(#2053,#2054,#2055,#2056,#2057,
    #2058,#2059,#2060,#2061,#2062,#2063,#2064,#2065,#2066,#2067,#2068,
    #2069,#2070,#2071,#2072,#2073,#2074,#2075,#2076,#2077,#2078,#2079,
    #2080,#2081,#2082,#2083,#2084,#2085,#2086,#2087,#2088,#2089,#2090,
    #2091,#2092,#2093,#2094,#2095,#2096,#2097,#2098,#2099,#2100,#2101,
    #2102,#2103,#2104,#2105,#2106,#2107,#2108,#2109,#2110,#2111,#2112,
    #2113,#2114,#2115,#2116,#2117,#2118,#2119,#2120,#2121,#2122,#2123,
    #2124),.UNSPECIFIED.,.F.,.F.,(9,7,7,7,7,7,7,7,7,7,9),(0.,
    4.968102617088E-02,0.114595264319,0.240863049148,0.395417600191,
    0.545997208519,0.675148211482,0.737312070157,0.842364396016,
    0.945503069285,1.),.UNSPECIFIED.);
#2053 = CARTESIAN_POINT('',(-0.9813742417,1.228623402911));
#2054 = CARTESIAN_POINT('',(-0.981373643385,1.264190741734));
#2055 = CARTESIAN_POINT('',(-0.98137309446,1.299758348731));
#2056 = CARTESIAN_POINT('',(-0.981372623884,1.335325850357));
#2057 = CARTESIAN_POINT('',(-0.981372249038,1.370893210491));
#2058 = CARTESIAN_POINT('',(-0.981371977005,1.406460562367));
#2059 = CARTESIAN_POINT('',(-0.98137180586,1.44202804051));
#2060 = CARTESIAN_POINT('',(-0.981371725946,1.477595612668));
#2061 = CARTESIAN_POINT('',(-0.981371714912,1.559635867336));
#2062 = CARTESIAN_POINT('',(-0.981371837187,1.606109770549));
#2063 = CARTESIAN_POINT('',(-0.981372054046,1.652583197202));
#2064 = CARTESIAN_POINT('',(-0.981372314919,1.699056032219));
#2065 = CARTESIAN_POINT('',(-0.981372564885,1.745528819011));
#2066 = CARTESIAN_POINT('',(-0.981372754337,1.792002105739));
#2067 = CARTESIAN_POINT('',(-0.981372846022,1.838475788493));
#2068 = CARTESIAN_POINT('',(-0.981372767826,1.975344647367));
#2069 = CARTESIAN_POINT('',(-0.981372268406,2.065767519714));
#2070 = CARTESIAN_POINT('',(-0.9813711683,2.156176579686));
#2071 = CARTESIAN_POINT('',(-0.981369538029,2.24657349581));
#2072 = CARTESIAN_POINT('',(-0.98136776905,2.33697052263));
#2073 = CARTESIAN_POINT('',(-0.98136635215,2.427379870798));
#2074 = CARTESIAN_POINT('',(-0.981365608474,2.517803102419));
#2075 = CARTESIAN_POINT('',(-0.981365689483,2.718846984181));
#2076 = CARTESIAN_POINT('',(-0.981366903155,2.829567767628));
#2077 = CARTESIAN_POINT('',(-0.981369480467,2.940248188394));
#2078 = CARTESIAN_POINT('',(-0.981373142452,3.050899296089));
#2079 = CARTESIAN_POINT('',(-0.981376902,3.161550276596));
#2080 = CARTESIAN_POINT('',(-0.981379671976,3.272230392719));
#2081 = CARTESIAN_POINT('',(-0.981380968911,3.382950923602));
#2082 = CARTESIAN_POINT('',(-0.981380693491,3.601399603725));
#2083 = CARTESIAN_POINT('',(-0.981379193972,3.70926548863));
#2084 = CARTESIAN_POINT('',(-0.981376365008,3.817096213964));
#2085 = CARTESIAN_POINT('',(-0.981372710791,3.924900872382));
#2086 = CARTESIAN_POINT('',(-0.981369234098,4.032705651483));
#2087 = CARTESIAN_POINT('',(-0.981366806965,4.140536644374));
#2088 = CARTESIAN_POINT('',(-0.981365671947,4.248402793208));
#2089 = CARTESIAN_POINT('',(-0.981365620637,4.44866508448));
#2090 = CARTESIAN_POINT('',(-0.981366411409,4.541155521947));
#2091 = CARTESIAN_POINT('',(-0.981367899658,4.633630369344));
#2092 = CARTESIAN_POINT('',(-0.981369733899,4.726091589888));
#2093 = CARTESIAN_POINT('',(-0.981371380824,4.818552692793));
#2094 = CARTESIAN_POINT('',(-0.98137243205,4.911027289713));
#2095 = CARTESIAN_POINT('',(-0.981372848012,5.003517501717));
#2096 = CARTESIAN_POINT('',(-0.98137280955,5.140481317999));
#2097 = CARTESIAN_POINT('',(-0.98137269477,5.184985750352));
#2098 = CARTESIAN_POINT('',(-0.981372499077,5.229489873811));
#2099 = CARTESIAN_POINT('',(-0.981372257393,5.273993599679));
#2100 = CARTESIAN_POINT('',(-0.981372014098,5.318497367467));
#2101 = CARTESIAN_POINT('',(-0.981371817061,5.363001616851));
#2102 = CARTESIAN_POINT('',(-0.981371709785,5.407506259896));
#2103 = CARTESIAN_POINT('',(-0.981371741742,5.527218443979));
#2104 = CARTESIAN_POINT('',(-0.981372104635,5.602437465145));
#2105 = CARTESIAN_POINT('',(-0.981372942593,5.677651832523));
#2106 = CARTESIAN_POINT('',(-0.981374314927,5.752860298478));
#2107 = CARTESIAN_POINT('',(-0.981376025642,5.828068690809));
#2108 = CARTESIAN_POINT('',(-0.981377612543,5.90328284874));
#2109 = CARTESIAN_POINT('',(-0.981378507827,5.978501556329));
#2110 = CARTESIAN_POINT('',(-0.981378234969,6.127547388981));
#2111 = CARTESIAN_POINT('',(-0.981377079158,6.201394851196));
#2112 = CARTESIAN_POINT('',(-0.981374696185,6.275237848535));
#2113 = CARTESIAN_POINT('',(-0.981370787358,6.349075372161));
#2114 = CARTESIAN_POINT('',(-0.981365789942,6.422912930805));
#2115 = CARTESIAN_POINT('',(-0.981361025769,6.496756042699));
#2116 = CARTESIAN_POINT('',(-0.981358170358,6.570603704438));
#2117 = CARTESIAN_POINT('',(-0.981357974969,6.683456800381));
#2118 = CARTESIAN_POINT('',(-0.981358670776,6.722472221736));
#2119 = CARTESIAN_POINT('',(-0.981360199399,6.761487514432));
#2120 = CARTESIAN_POINT('',(-0.981362592489,6.800502611895));
#2121 = CARTESIAN_POINT('',(-0.981365698636,6.839517707012));
#2122 = CARTESIAN_POINT('',(-0.981369038117,6.878532991757));
#2123 = CARTESIAN_POINT('',(-0.981371657646,6.917548396807));
#2124 = CARTESIAN_POINT('',(-0.981371985125,6.956563331163));
#2125 = ( GEOMETRIC_REPRESENTATION_CONTEXT(2) 
PARAMETRIC_REPRESENTATION_CONTEXT() REPRESENTATION_CONTEXT('2D SPACE',''
  ) );
#2126 = PCURVE('',#566,#2127);
#2127 = DEFINITIONAL_REPRESENTATION('',(#2128),#2201);
#2128 = B_SPLINE_CURVE_WITH_KNOTS('',8,(#2129,#2130,#2131,#2132,#2133,
    #2134,#2135,#2136,#2137,#2138,#2139,#2140,#2141,#2142,#2143,#2144,
    #2145,#2146,#2147,#2148,#2149,#2150,#2151,#2152,#2153,#2154,#2155,
    #2156,#2157,#2158,#2159,#2160,#2161,#2162,#2163,#2164,#2165,#2166,
    #2167,#2168,#2169,#2170,#2171,#2172,#2173,#2174,#2175,#2176,#2177,
    #2178,#2179,#2180,#2181,#2182,#2183,#2184,#2185,#2186,#2187,#2188,
    #2189,#2190,#2191,#2192,#2193,#2194,#2195,#2196,#2197,#2198,#2199,
    #2200),.UNSPECIFIED.,.F.,.F.,(9,7,7,7,7,7,7,7,7,7,9),(0.,
    4.968102617088E-02,0.114595264319,0.240863049148,0.395417600191,
    0.545997208519,0.675148211482,0.737312070157,0.842364396016,
    0.945503069285,1.),.UNSPECIFIED.);
#2129 = CARTESIAN_POINT('',(1.114214614631,2.9999994));
#2130 = CARTESIAN_POINT('',(1.146310904121,3.015324625296));
#2131 = CARTESIAN_POINT('',(1.178407424492,3.0306499415));
#2132 = CARTESIAN_POINT('',(1.210503844896,3.045975173217));
#2133 = CARTESIAN_POINT('',(1.242600139238,3.061300296212));
#2134 = CARTESIAN_POINT('',(1.274696434055,3.076625364358));
#2135 = CARTESIAN_POINT('',(1.306792856387,3.091950436579));
#2136 = CARTESIAN_POINT('',(1.338889381655,3.107275503795));
#2137 = CARTESIAN_POINT('',(1.41292335905,3.142624257338));
#2138 = CARTESIAN_POINT('',(1.454861927773,3.162648442992));
#2139 = CARTESIAN_POINT('',(1.496800109667,3.182672376125));
#2140 = CARTESIAN_POINT('',(1.538737804345,3.202696032382));
#2141 = CARTESIAN_POINT('',(1.580675501696,3.222719673301));
#2142 = CARTESIAN_POINT('',(1.62261369228,3.242743559817));
#2143 = CARTESIAN_POINT('',(1.664552275486,3.262767665742));
#2144 = CARTESIAN_POINT('',(1.788064969112,3.321740495929));
#2145 = CARTESIAN_POINT('',(1.869664148401,3.360701318082));
#2146 = CARTESIAN_POINT('',(1.951250906541,3.399656488553));
#2147 = CARTESIAN_POINT('',(2.032826666126,3.438606691081));
#2148 = CARTESIAN_POINT('',(2.114402421313,3.477557010502));
#2149 = CARTESIAN_POINT('',(2.195989168201,3.516512463188));
#2150 = CARTESIAN_POINT('',(2.277588334714,3.555473561995));
#2151 = CARTESIAN_POINT('',(2.459012924711,3.642097454549));
#2152 = CARTESIAN_POINT('',(2.558928671657,3.689803198756));
#2153 = CARTESIAN_POINT('',(2.658807939634,3.737490871579));
#2154 = CARTESIAN_POINT('',(2.758660797899,3.785165373144));
#2155 = CARTESIAN_POINT('',(2.858513666268,3.832839771232));
#2156 = CARTESIAN_POINT('',(2.958392933016,3.880527216681));
#2157 = CARTESIAN_POINT('',(3.058308716016,3.928232810527));
#2158 = CARTESIAN_POINT('',(3.25543989352,4.022356099837));
#2159 = CARTESIAN_POINT('',(3.352779583179,4.068833105238));
#2160 = CARTESIAN_POINT('',(3.450087482697,4.11529562463));
#2161 = CARTESIAN_POINT('',(3.547371750013,4.161747324249));
#2162 = CARTESIAN_POINT('',(3.644656015561,4.208198987302));
#2163 = CARTESIAN_POINT('',(3.741963910488,4.254661421516));
#2164 = CARTESIAN_POINT('',(3.839303595885,4.301138358796));
#2165 = CARTESIAN_POINT('',(4.020022871038,4.387425552861));
#2166 = CARTESIAN_POINT('',(4.103487522579,4.427276584756));
#2167 = CARTESIAN_POINT('',(4.186938226074,4.467120551393));
#2168 = CARTESIAN_POINT('',(4.27037676932,4.506958474011));
#2169 = CARTESIAN_POINT('',(4.353815311521,4.54679643939));
#2170 = CARTESIAN_POINT('',(4.437266060095,4.586640516122));
#2171 = CARTESIAN_POINT('',(4.520730838469,4.626491637855));
#2172 = CARTESIAN_POINT('',(4.644329194185,4.68550536259));
#2173 = CARTESIAN_POINT('',(4.684490683499,4.704681079071));
#2174 = CARTESIAN_POINT('',(4.724651859567,4.723856702823));
#2175 = CARTESIAN_POINT('',(4.764812637109,4.743032178209));
#2176 = CARTESIAN_POINT('',(4.804973409991,4.762207672461));
#2177 = CARTESIAN_POINT('',(4.845134575353,4.781383351141));
#2178 = CARTESIAN_POINT('',(4.885296057495,4.800559154659));
#2179 = CARTESIAN_POINT('',(4.993325570885,4.852139620144));
#2180 = CARTESIAN_POINT('',(5.061203903459,4.884549116985));
#2181 = CARTESIAN_POINT('',(5.12907797501,4.916956371648));
#2182 = CARTESIAN_POINT('',(5.196946719458,4.949360816973));
#2183 = CARTESIAN_POINT('',(5.264815467206,4.981765061768));
#2184 = CARTESIAN_POINT('',(5.332689549937,5.014171852558));
#2185 = CARTESIAN_POINT('',(5.400567901884,5.046580948692));
#2186 = CARTESIAN_POINT('',(5.535069103465,5.110800578108));
#2187 = CARTESIAN_POINT('',(5.601710300023,5.142619867923));
#2188 = CARTESIAN_POINT('',(5.668347591099,5.174437846151));
#2189 = CARTESIAN_POINT('',(5.73498000149,5.206254227124));
#2190 = CARTESIAN_POINT('',(5.801612401609,5.238071166253));
#2191 = CARTESIAN_POINT('',(5.868249668516,5.269890381757));
#2192 = CARTESIAN_POINT('',(5.934890843318,5.301710605426));
#2193 = CARTESIAN_POINT('',(6.036730869435,5.350335803711));
#2194 = CARTESIAN_POINT('',(6.071938830569,5.367146060942));
#2195 = CARTESIAN_POINT('',(6.107146642568,5.383955847891));
#2196 = CARTESIAN_POINT('',(6.142354262954,5.400765119917));
#2197 = CARTESIAN_POINT('',(6.177561889918,5.417574034946));
#2198 = CARTESIAN_POINT('',(6.212769719697,5.434382914426));
#2199 = CARTESIAN_POINT('',(6.24797770396,5.451192204285));
#2200 = CARTESIAN_POINT('',(6.28318530718,5.468002435884));
#2201 = ( GEOMETRIC_REPRESENTATION_CONTEXT(2) 
PARAMETRIC_REPRESENTATION_CONTEXT() REPRESENTATION_CONTEXT('2D SPACE',''
  ) );
#2202 = ORIENTED_EDGE('',*,*,#578,.T.);
#2203 = ADVANCED_FACE('',(#2204),#566,.T.);
#2204 = FACE_BOUND('',#2205,.T.);
#2205 = EDGE_LOOP('',(#2206,#2207,#2208,#2235,#2262,#2454));
#2206 = ORIENTED_EDGE('',*,*,#1975,.F.);
#2207 = ORIENTED_EDGE('',*,*,#549,.T.);
#2208 = ORIENTED_EDGE('',*,*,#2209,.F.);
#2209 = EDGE_CURVE('',#2210,#445,#2212,.T.);
#2210 = VERTEX_POINT('',#2211);
#2211 = CARTESIAN_POINT('',(-7.1,-8.065006995572E-13,3.049999999988));
#2212 = SURFACE_CURVE('',#2213,(#2218,#2228),.PCURVE_S1.);
#2213 = ELLIPSE('',#2214,105.81692022579,7.1);
#2214 = AXIS2_PLACEMENT_3D('',#2215,#2216,#2217);
#2215 = CARTESIAN_POINT('',(0.,0.,3.05));
#2216 = DIRECTION('',(9.259979562824E-16,-0.997746455731,
    6.709701987971E-02));
#2217 = DIRECTION('',(-6.227203607127E-17,6.709701987971E-02,
    0.997746455731));
#2218 = PCURVE('',#566,#2219);
#2219 = DEFINITIONAL_REPRESENTATION('',(#2220),#2227);
#2220 = B_SPLINE_CURVE_WITH_KNOTS('',5,(#2221,#2222,#2223,#2224,#2225,
    #2226),.UNSPECIFIED.,.F.,.F.,(6,6),(1.56421040168,1.571269913957),
  .PIECEWISE_BEZIER_KNOTS.);
#2221 = CARTESIAN_POINT('',(3.135006728475,3.745326785714));
#2222 = CARTESIAN_POINT('',(3.13641863093,3.596263535703));
#2223 = CARTESIAN_POINT('',(3.137830533386,3.447198553052));
#2224 = CARTESIAN_POINT('',(3.139242435841,3.298132456829));
#2225 = CARTESIAN_POINT('',(3.140654338296,3.149065866118));
#2226 = CARTESIAN_POINT('',(3.142066240752,2.9999994));
#2227 = ( GEOMETRIC_REPRESENTATION_CONTEXT(2) 
PARAMETRIC_REPRESENTATION_CONTEXT() REPRESENTATION_CONTEXT('2D SPACE',''
  ) );
#2228 = PCURVE('',#823,#2229);
#2229 = DEFINITIONAL_REPRESENTATION('',(#2230),#2234);
#2230 = ELLIPSE('',#2231,105.81692022579,7.1);
#2231 = AXIS2_PLACEMENT_2D('',#2232,#2233);
#2232 = CARTESIAN_POINT('',(1.255379075531E-13,6.801233103249));
#2233 = DIRECTION('',(-1.,-6.227203607127E-17));
#2234 = ( GEOMETRIC_REPRESENTATION_CONTEXT(2) 
PARAMETRIC_REPRESENTATION_CONTEXT() REPRESENTATION_CONTEXT('2D SPACE',''
  ) );
#2235 = ORIENTED_EDGE('',*,*,#2236,.F.);
#2236 = EDGE_CURVE('',#2237,#2210,#2239,.T.);
#2237 = VERTEX_POINT('',#2238);
#2238 = CARTESIAN_POINT('',(-7.099893093501,3.896230050958E-02,
    3.629377404693));
#2239 = SURFACE_CURVE('',#2240,(#2245,#2255),.PCURVE_S1.);
#2240 = ELLIPSE('',#2241,105.81692022579,7.1);
#2241 = AXIS2_PLACEMENT_3D('',#2242,#2243,#2244);
#2242 = CARTESIAN_POINT('',(0.,0.,3.05));
#2243 = DIRECTION('',(9.259979562824E-16,-0.997746455731,
    6.709701987971E-02));
#2244 = DIRECTION('',(-6.227203607127E-17,6.709701987971E-02,
    0.997746455731));
#2245 = PCURVE('',#566,#2246);
#2246 = DEFINITIONAL_REPRESENTATION('',(#2247),#2254);
#2247 = B_SPLINE_CURVE_WITH_KNOTS('',5,(#2248,#2249,#2250,#2251,#2252,
    #2253),.UNSPECIFIED.,.F.,.F.,(6,6),(1.56421040168,1.571269913957),
  .PIECEWISE_BEZIER_KNOTS.);
#2248 = CARTESIAN_POINT('',(3.135006728475,3.745326785714));
#2249 = CARTESIAN_POINT('',(3.13641863093,3.596263535703));
#2250 = CARTESIAN_POINT('',(3.137830533386,3.447198553052));
#2251 = CARTESIAN_POINT('',(3.139242435841,3.298132456829));
#2252 = CARTESIAN_POINT('',(3.140654338296,3.149065866118));
#2253 = CARTESIAN_POINT('',(3.142066240752,2.9999994));
#2254 = ( GEOMETRIC_REPRESENTATION_CONTEXT(2) 
PARAMETRIC_REPRESENTATION_CONTEXT() REPRESENTATION_CONTEXT('2D SPACE',''
  ) );
#2255 = PCURVE('',#823,#2256);
#2256 = DEFINITIONAL_REPRESENTATION('',(#2257),#2261);
#2257 = ELLIPSE('',#2258,105.81692022579,7.1);
#2258 = AXIS2_PLACEMENT_2D('',#2259,#2260);
#2259 = CARTESIAN_POINT('',(1.255379075531E-13,6.801233103249));
#2260 = DIRECTION('',(-1.,-6.227203607127E-17));
#2261 = ( GEOMETRIC_REPRESENTATION_CONTEXT(2) 
PARAMETRIC_REPRESENTATION_CONTEXT() REPRESENTATION_CONTEXT('2D SPACE',''
  ) );
#2262 = ORIENTED_EDGE('',*,*,#2263,.T.);
#2263 = EDGE_CURVE('',#2237,#2264,#2266,.T.);
#2264 = VERTEX_POINT('',#2265);
#2265 = CARTESIAN_POINT('',(7.1,-1.738998454789E-15,5.132001993652));
#2266 = SURFACE_CURVE('',#2267,(#2319,#2374),.PCURVE_S1.);
#2267 = B_SPLINE_CURVE_WITH_KNOTS('',8,(#2268,#2269,#2270,#2271,#2272,
    #2273,#2274,#2275,#2276,#2277,#2278,#2279,#2280,#2281,#2282,#2283,
    #2284,#2285,#2286,#2287,#2288,#2289,#2290,#2291,#2292,#2293,#2294,
    #2295,#2296,#2297,#2298,#2299,#2300,#2301,#2302,#2303,#2304,#2305,
    #2306,#2307,#2308,#2309,#2310,#2311,#2312,#2313,#2314,#2315,#2316,
    #2317,#2318),.UNSPECIFIED.,.F.,.F.,(9,7,7,7,7,7,7,9),(0.,
    9.14181896382E-02,0.263318936614,0.291365334921,0.536698032316,
    0.748760991735,0.942080897793,1.),.UNSPECIFIED.);
#2268 = CARTESIAN_POINT('',(-7.099893093501,3.896230050958E-02,
    3.629377404693));
#2269 = CARTESIAN_POINT('',(-7.101294128349,-0.216340839068,
    3.646546433597));
#2270 = CARTESIAN_POINT('',(-7.092203118582,-0.471704555493,
    3.663714393044));
#2271 = CARTESIAN_POINT('',(-7.072617494839,-0.726621620501,
    3.680881873531));
#2272 = CARTESIAN_POINT('',(-7.042563470112,-0.980588447051,
    3.698049368822));
#2273 = CARTESIAN_POINT('',(-7.002096003391,-1.233105280821,
    3.715217234121));
#2274 = CARTESIAN_POINT('',(-6.951298763315,-1.483676391717,
    3.732385644246));
#2275 = CARTESIAN_POINT('',(-6.890284091815,-1.731810265369,
    3.749554551795));
#2276 = CARTESIAN_POINT('',(-6.685514786477,-2.438106383782,
    3.799008030018));
#2277 = CARTESIAN_POINT('',(-6.516186878282,-2.88892807419,
    3.831298234462));
#2278 = CARTESIAN_POINT('',(-6.312152266653,-3.326169939912,
    3.863587305748));
#2279 = CARTESIAN_POINT('',(-6.074712352966,-3.746724810979,
    3.895873900307));
#2280 = CARTESIAN_POINT('',(-5.805474041596,-4.147667328747,
    3.928159891978));
#2281 = CARTESIAN_POINT('',(-5.50633016589,-4.526248486752,
    3.960447623975));
#2282 = CARTESIAN_POINT('',(-5.179473215006,-4.879910657087,
    3.992736804737));
#2283 = CARTESIAN_POINT('',(-4.770006907124,-5.259578795521,
    4.030288370531));
#2284 = CARTESIAN_POINT('',(-4.711899993591,-5.312110369672,
    4.035555683436));
#2285 = CARTESIAN_POINT('',(-4.653132279521,-5.363907940146,
    4.040822987235));
#2286 = CARTESIAN_POINT('',(-4.593714592035,-5.414961816191,
    4.046090282601));
#2287 = CARTESIAN_POINT('',(-4.533657926872,-5.465262500881,
    4.05135757002));
#2288 = CARTESIAN_POINT('',(-4.47297344839,-5.514800691114,4.05662484979
    ));
#2289 = CARTESIAN_POINT('',(-4.411672489566,-5.563567277617,
    4.061892122022));
#2290 = CARTESIAN_POINT('',(-3.808251364106,-6.031306042082,
    4.113234188213));
#2291 = CARTESIAN_POINT('',(-3.220129614582,-6.39158046365,
    4.159335192783));
#2292 = CARTESIAN_POINT('',(-2.593479219928,-6.685922185068,
    4.205421800919));
#2293 = CARTESIAN_POINT('',(-1.937024145703,-6.909750512464,
    4.251498281667));
#2294 = CARTESIAN_POINT('',(-1.259878984236,-7.059772978571,
    4.297575353706));
#2295 = CARTESIAN_POINT('',(-0.57154161998,-7.134064423985,4.34366337026
    ));
#2296 = CARTESIAN_POINT('',(0.118154216422,-7.132003271433,
    4.389765653664));
#2297 = CARTESIAN_POINT('',(1.387427971596,-6.988260721681,
    4.475667868871));
#2298 = CARTESIAN_POINT('',(1.969740193531,-6.865495722411,
    4.515507435686));
#2299 = CARTESIAN_POINT('',(2.539355308259,-6.687289039774,
    4.555340006736));
#2300 = CARTESIAN_POINT('',(3.09013267222,-6.45525972762,4.595166496007)
  );
#2301 = CARTESIAN_POINT('',(3.616274806978,-6.17176769275,4.634992950628
    ));
#2302 = CARTESIAN_POINT('',(4.112307832472,-5.839848674424,
    4.674825460466));
#2303 = CARTESIAN_POINT('',(4.573119639945,-5.463270161717,
    4.714665040335));
#2304 = CARTESIAN_POINT('',(5.377839157187,-4.66694005131,4.790799190351
    ));
#2305 = CARTESIAN_POINT('',(5.728679528401,-4.253748348502,
    4.827114600553));
#2306 = CARTESIAN_POINT('',(6.043067231701,-3.810571962742,
    4.863426843702));
#2307 = CARTESIAN_POINT('',(6.318059076882,-3.341201674632,
    4.899734960634));
#2308 = CARTESIAN_POINT('',(6.551207008151,-2.84970294527,4.936043253849
    ));
#2309 = CARTESIAN_POINT('',(6.740528895363,-2.340387622534,
    4.972355978433));
#2310 = CARTESIAN_POINT('',(6.884548351055,-1.817822154351,
    5.008672053114));
#2311 = CARTESIAN_POINT('',(7.011721229898,-1.127798476406,
    5.055857675939));
#2312 = CARTESIAN_POINT('',(7.036897173772,-0.967960994236,
    5.066735538124));
#2313 = CARTESIAN_POINT('',(7.05790815244,-0.807486126696,5.077613372714
    ));
#2314 = CARTESIAN_POINT('',(7.074735560122,-0.646500562941,
    5.088491175091));
#2315 = CARTESIAN_POINT('',(7.087365437742,-0.485131417013,
    5.099368941309));
#2316 = CARTESIAN_POINT('',(7.095788472925,-0.323506227849,
    5.110246668096));
#2317 = CARTESIAN_POINT('',(7.1,-0.161752959272,5.121124352853));
#2318 = CARTESIAN_POINT('',(7.1,-1.7763568394E-15,5.132001993652));
#2319 = PCURVE('',#566,#2320);
#2320 = DEFINITIONAL_REPRESENTATION('',(#2321),#2373);
#2321 = B_SPLINE_CURVE_WITH_KNOTS('',8,(#2322,#2323,#2324,#2325,#2326,
    #2327,#2328,#2329,#2330,#2331,#2332,#2333,#2334,#2335,#2336,#2337,
    #2338,#2339,#2340,#2341,#2342,#2343,#2344,#2345,#2346,#2347,#2348,
    #2349,#2350,#2351,#2352,#2353,#2354,#2355,#2356,#2357,#2358,#2359,
    #2360,#2361,#2362,#2363,#2364,#2365,#2366,#2367,#2368,#2369,#2370,
    #2371,#2372),.UNSPECIFIED.,.F.,.F.,(9,7,7,7,7,7,7,9),(0.,
    9.14181896382E-02,0.263318936614,0.291365334921,0.536698032316,
    0.748760991735,0.942080897793,1.),.UNSPECIFIED.);
#2322 = CARTESIAN_POINT('',(3.136104978088,3.629377404693));
#2323 = CARTESIAN_POINT('',(3.1720637082,3.646546433597));
#2324 = CARTESIAN_POINT('',(3.20802286274,3.663714393044));
#2325 = CARTESIAN_POINT('',(3.243981847266,3.680881873531));
#2326 = CARTESIAN_POINT('',(3.279940607235,3.698049368822));
#2327 = CARTESIAN_POINT('',(3.315899359927,3.715217234121));
#2328 = CARTESIAN_POINT('',(3.351858326361,3.732385644246));
#2329 = CARTESIAN_POINT('',(3.387817463218,3.749554551795));
#2330 = CARTESIAN_POINT('',(3.491392200251,3.799008030018));
#2331 = CARTESIAN_POINT('',(3.55901760017,3.831298234462));
#2332 = CARTESIAN_POINT('',(3.626638807526,3.863587305748));
#2333 = CARTESIAN_POINT('',(3.694254783299,3.895873900307));
#2334 = CARTESIAN_POINT('',(3.761870767123,3.928159891978));
#2335 = CARTESIAN_POINT('',(3.829491999815,3.960447623975));
#2336 = CARTESIAN_POINT('',(3.897117437728,3.992736804737));
#2337 = CARTESIAN_POINT('',(3.975765324123,4.030288370531));
#2338 = CARTESIAN_POINT('',(3.98679719226,4.035555683436));
#2339 = CARTESIAN_POINT('',(3.997829063435,4.040822987235));
#2340 = CARTESIAN_POINT('',(4.008860937277,4.046090282601));
#2341 = CARTESIAN_POINT('',(4.019892812967,4.05135757002));
#2342 = CARTESIAN_POINT('',(4.030924689244,4.05662484979));
#2343 = CARTESIAN_POINT('',(4.0419565644,4.061892122022));
#2344 = CARTESIAN_POINT('',(4.149488487981,4.113234188213));
#2345 = CARTESIAN_POINT('',(4.246044390315,4.159335192783));
#2346 = CARTESIAN_POINT('',(4.342569833726,4.205421800919));
#2347 = CARTESIAN_POINT('',(4.439072444856,4.251498281667));
#2348 = CARTESIAN_POINT('',(4.535575048447,4.297575353706));
#2349 = CARTESIAN_POINT('',(4.632100471341,4.34366337026));
#2350 = CARTESIAN_POINT('',(4.728656347234,4.389765653664));
#2351 = CARTESIAN_POINT('',(4.90857002235,4.475667868871));
#2352 = CARTESIAN_POINT('',(4.992010633275,4.515507435686));
#2353 = CARTESIAN_POINT('',(5.075437313381,4.555340006736));
#2354 = CARTESIAN_POINT('',(5.158851833081,4.595166496007));
#2355 = CARTESIAN_POINT('',(5.242266348843,4.634992950628));
#2356 = CARTESIAN_POINT('',(5.325693028596,4.674825460466));
#2357 = CARTESIAN_POINT('',(5.409133654935,4.714665040335));
#2358 = CARTESIAN_POINT('',(5.568588386037,4.790799190351));
#2359 = CARTESIAN_POINT('',(5.64464630063,4.827114600553));
#2360 = CARTESIAN_POINT('',(5.720696727789,4.863426843702));
#2361 = CARTESIAN_POINT('',(5.796737807944,4.899734960634));
#2362 = CARTESIAN_POINT('',(5.872778885204,4.936043253849));
#2363 = CARTESIAN_POINT('',(5.948829304597,4.972355978433));
#2364 = CARTESIAN_POINT('',(6.024887209245,5.008672053114));
#2365 = CARTESIAN_POINT('',(6.12371043977,5.055857675939));
#2366 = CARTESIAN_POINT('',(6.146492556876,5.066735538124));
#2367 = CARTESIAN_POINT('',(6.169274684125,5.077613372714));
#2368 = CARTESIAN_POINT('',(6.192056816826,5.088491175091));
#2369 = CARTESIAN_POINT('',(6.214838950256,5.099368941309));
#2370 = CARTESIAN_POINT('',(6.237621079658,5.110246668096));
#2371 = CARTESIAN_POINT('',(6.26040320024,5.121124352853));
#2372 = CARTESIAN_POINT('',(6.28318530718,5.132001993652));
#2373 = ( GEOMETRIC_REPRESENTATION_CONTEXT(2) 
PARAMETRIC_REPRESENTATION_CONTEXT() REPRESENTATION_CONTEXT('2D SPACE',''
  ) );
#2374 = PCURVE('',#2375,#2400);
#2375 = B_SPLINE_SURFACE_WITH_KNOTS('',1,11,(
    (#2376,#2377,#2378,#2379,#2380,#2381,#2382,#2383,#2384,#2385,#2386
      ,#2387)
    ,(#2388,#2389,#2390,#2391,#2392,#2393,#2394,#2395,#2396,#2397,#2398
      ,#2399
    )),.UNSPECIFIED.,.F.,.F.,.F.,(2,2),(12,12),(-0.981495457622,-0.),(0.
    ,6.962644440466),.PIECEWISE_BEZIER_KNOTS.);
#2376 = CARTESIAN_POINT('',(-6.25,6.038731789173E-03,3.139797181016));
#2377 = CARTESIAN_POINT('',(-6.253449315664,-3.563952910005,
    3.412524454317));
#2378 = CARTESIAN_POINT('',(-4.014289098382,-7.136030525105,
    3.68525172486));
#2379 = CARTESIAN_POINT('',(0.47364528153,-9.14514587261,3.95797900328)
  );
#2380 = CARTESIAN_POINT('',(5.959803049362,-8.018723566786,
    4.230706265256));
#2381 = CARTESIAN_POINT('',(10.054167220687,-3.314267367897,
    4.503433553407));
#2382 = CARTESIAN_POINT('',(10.060552923854,3.294832583895,
    4.776160808694));
#2383 = CARTESIAN_POINT('',(5.975287234964,8.007191917298,5.04888809718)
  );
#2384 = CARTESIAN_POINT('',(0.49131641104,9.144213529442,5.321615358723)
  );
#2385 = CARTESIAN_POINT('',(-4.000491993769,7.143774383251,
    5.594342637452));
#2386 = CARTESIAN_POINT('',(-6.246550684345,3.576030373595,
    5.867069907857));
#2387 = CARTESIAN_POINT('',(-6.250000000019,6.038731801401E-03,
    6.139797181195));
#2388 = CARTESIAN_POINT('',(-7.1,3.896644190513E-02,3.629438988095));
#2389 = CARTESIAN_POINT('',(-7.122257580419,-4.016544074581,
    3.902166260825));
#2390 = CARTESIAN_POINT('',(-4.596910311363,-8.085944525956,
    4.174893533539));
#2391 = CARTESIAN_POINT('',(0.491084528896,-10.39136441292,
    4.447620806301));
#2392 = CARTESIAN_POINT('',(6.729173471919,-9.139925078817,4.72034807897
    ));
#2393 = CARTESIAN_POINT('',(11.404558361454,-3.816673190546,
    4.993075351761));
#2394 = CARTESIAN_POINT('',(11.445763723593,3.691265338816,
    5.265802624446));
#2395 = CARTESIAN_POINT('',(6.829089089943,9.065514198291,5.538529897183
    ));
#2396 = CARTESIAN_POINT('',(0.605111954597,10.385348233224,
    5.811257169921));
#2397 = CARTESIAN_POINT('',(-4.507881009568,8.135913726226,
    6.083984442636));
#2398 = CARTESIAN_POINT('',(-7.07774241968,4.09447695839,6.356711715369)
  );
#2399 = CARTESIAN_POINT('',(-7.100000000123,3.896644190528E-02,
    6.629438988095));
#2400 = DEFINITIONAL_REPRESENTATION('',(#2401),#2453);
#2401 = B_SPLINE_CURVE_WITH_KNOTS('',8,(#2402,#2403,#2404,#2405,#2406,
    #2407,#2408,#2409,#2410,#2411,#2412,#2413,#2414,#2415,#2416,#2417,
    #2418,#2419,#2420,#2421,#2422,#2423,#2424,#2425,#2426,#2427,#2428,
    #2429,#2430,#2431,#2432,#2433,#2434,#2435,#2436,#2437,#2438,#2439,
    #2440,#2441,#2442,#2443,#2444,#2445,#2446,#2447,#2448,#2449,#2450,
    #2451,#2452),.UNSPECIFIED.,.F.,.F.,(9,7,7,7,7,7,7,9),(0.,
    9.14181896382E-02,0.263318936614,0.291365334921,0.536698032316,
    0.748760991735,0.942080897793,1.),.UNSPECIFIED.);
#2402 = CARTESIAN_POINT('',(-1.234449922943E-04,0.));
#2403 = CARTESIAN_POINT('',(-1.234450540782E-04,3.984728128496E-02));
#2404 = CARTESIAN_POINT('',(-1.260378789764E-04,7.969508245698E-02));
#2405 = CARTESIAN_POINT('',(-1.294753467816E-04,0.119542749968));
#2406 = CARTESIAN_POINT('',(-1.327018076563E-04,0.159390207529));
#2407 = CARTESIAN_POINT('',(-1.351896735729E-04,0.199237668671));
#2408 = CARTESIAN_POINT('',(-1.367750097528E-04,0.239085349316));
#2409 = CARTESIAN_POINT('',(-1.374931261071E-04,0.278933180335));
#2410 = CARTESIAN_POINT('',(-1.37265698864E-04,0.393708578751));
#2411 = CARTESIAN_POINT('',(-1.34310702323E-04,0.468646894865));
#2412 = CARTESIAN_POINT('',(-1.294183497578E-04,0.543580337934));
#2413 = CARTESIAN_POINT('',(-1.243433083022E-04,0.618507821289));
#2414 = CARTESIAN_POINT('',(-1.204486024937E-04,0.693435272036));
#2415 = CARTESIAN_POINT('',(-1.181533052342E-04,0.768368613712));
#2416 = CARTESIAN_POINT('',(-1.17105058735E-04,0.843306761665));
#2417 = CARTESIAN_POINT('',(-1.170729169493E-04,0.930459458052));
#2418 = CARTESIAN_POINT('',(-1.170948588924E-04,0.942684292429));
#2419 = CARTESIAN_POINT('',(-1.171416567443E-04,0.95490913445));
#2420 = CARTESIAN_POINT('',(-1.172116381367E-04,0.967133983742));
#2421 = CARTESIAN_POINT('',(-1.173030528656E-04,0.979358839405));
#2422 = CARTESIAN_POINT('',(-1.174140728909E-04,0.991583700016));
#2423 = CARTESIAN_POINT('',(-1.17542792337E-04,1.003808563625));
#2424 = CARTESIAN_POINT('',(-1.189506576784E-04,1.122969044263));
#2425 = CARTESIAN_POINT('',(-1.214181365598E-04,1.229966868897));
#2426 = CARTESIAN_POINT('',(-1.238178143059E-04,1.336931202611));
#2427 = CARTESIAN_POINT('',(-1.246958229716E-04,1.443870270029));
#2428 = CARTESIAN_POINT('',(-1.241627108187E-04,1.550809075934));
#2429 = CARTESIAN_POINT('',(-1.232483238535E-04,1.657772841312));
#2430 = CARTESIAN_POINT('',(-1.22640326939E-04,1.764770073102));
#2431 = CARTESIAN_POINT('',(-1.226301625933E-04,1.964138921711));
#2432 = CARTESIAN_POINT('',(-1.230748686546E-04,2.056602349403));
#2433 = CARTESIAN_POINT('',(-1.241541458716E-04,2.149050275473));
#2434 = CARTESIAN_POINT('',(-1.258169894945E-04,2.241484762126));
#2435 = CARTESIAN_POINT('',(-1.276480875028E-04,2.333919363167));
#2436 = CARTESIAN_POINT('',(-1.291147206367E-04,2.426367595665));
#2437 = CARTESIAN_POINT('',(-1.298721869158E-04,2.518831415773));
#2438 = CARTESIAN_POINT('',(-1.297556514961E-04,2.695529619625));
#2439 = CARTESIAN_POINT('',(-1.290229059942E-04,2.779812534215));
#2440 = CARTESIAN_POINT('',(-1.275169072169E-04,2.864087203158));
#2441 = CARTESIAN_POINT('',(-1.253399187947E-04,2.948351518752));
#2442 = CARTESIAN_POINT('',(-1.227742874446E-04,3.032615793497));
#2443 = CARTESIAN_POINT('',(-1.202148170813E-04,3.116890360058));
#2444 = CARTESIAN_POINT('',(-1.1805177903E-04,3.201173160797));
#2445 = CARTESIAN_POINT('',(-1.160410073589E-04,3.310683070817));
#2446 = CARTESIAN_POINT('',(-1.156328735389E-04,3.335928827162));
#2447 = CARTESIAN_POINT('',(-1.152867200034E-04,3.361174591224));
#2448 = CARTESIAN_POINT('',(-1.150077835667E-04,3.386420358345));
#2449 = CARTESIAN_POINT('',(-1.147999747386E-04,3.411666123895));
#2450 = CARTESIAN_POINT('',(-1.14665877724E-04,3.436911883273));
#2451 = CARTESIAN_POINT('',(-1.146067504236E-04,3.462157631906));
#2452 = CARTESIAN_POINT('',(-1.146225244334E-04,3.487403365248));
#2453 = ( GEOMETRIC_REPRESENTATION_CONTEXT(2) 
PARAMETRIC_REPRESENTATION_CONTEXT() REPRESENTATION_CONTEXT('2D SPACE',''
  ) );
#2454 = ORIENTED_EDGE('',*,*,#2455,.T.);
#2455 = EDGE_CURVE('',#2264,#1942,#2456,.T.);
#2456 = SURFACE_CURVE('',#2457,(#2461,#2468),.PCURVE_S1.);
#2457 = LINE('',#2458,#2459);
#2458 = CARTESIAN_POINT('',(7.1,-1.738998454789E-15,0.));
#2459 = VECTOR('',#2460,1.);
#2460 = DIRECTION('',(0.,0.,1.));
#2461 = PCURVE('',#566,#2462);
#2462 = DEFINITIONAL_REPRESENTATION('',(#2463),#2467);
#2463 = LINE('',#2464,#2465);
#2464 = CARTESIAN_POINT('',(6.28318530718,-0.));
#2465 = VECTOR('',#2466,1.);
#2466 = DIRECTION('',(0.,1.));
#2467 = ( GEOMETRIC_REPRESENTATION_CONTEXT(2) 
PARAMETRIC_REPRESENTATION_CONTEXT() REPRESENTATION_CONTEXT('2D SPACE',''
  ) );
#2468 = PCURVE('',#1961,#2469);
#2469 = DEFINITIONAL_REPRESENTATION('',(#2470),#2474);
#2470 = LINE('',#2471,#2472);
#2471 = CARTESIAN_POINT('',(0.,-0.));
#2472 = VECTOR('',#2473,1.);
#2473 = DIRECTION('',(0.,1.));
#2474 = ( GEOMETRIC_REPRESENTATION_CONTEXT(2) 
PARAMETRIC_REPRESENTATION_CONTEXT() REPRESENTATION_CONTEXT('2D SPACE',''
  ) );
#2475 = ADVANCED_FACE('',(#2476),#498,.F.);
#2476 = FACE_BOUND('',#2477,.F.);
#2477 = EDGE_LOOP('',(#2478,#2479,#2498));
#2478 = ORIENTED_EDGE('',*,*,#444,.F.);
#2479 = ORIENTED_EDGE('',*,*,#2480,.T.);
#2480 = EDGE_CURVE('',#445,#778,#2481,.T.);
#2481 = SURFACE_CURVE('',#2482,(#2485,#2492),.PCURVE_S1.);
#2482 = B_SPLINE_CURVE_WITH_KNOTS('',1,(#2483,#2484),.UNSPECIFIED.,.F.,
  .F.,(2,2),(-1.161495457622,-0.),.PIECEWISE_BEZIER_KNOTS.);
#2483 = CARTESIAN_POINT('',(-7.1,3.896644190515E-02,3.629438988095));
#2484 = CARTESIAN_POINT('',(-7.1,-3.896644190514E-02,2.470561011905));
#2485 = PCURVE('',#498,#2486);
#2486 = DEFINITIONAL_REPRESENTATION('',(#2487),#2491);
#2487 = LINE('',#2488,#2489);
#2488 = CARTESIAN_POINT('',(0.,0.));
#2489 = VECTOR('',#2490,1.);
#2490 = DIRECTION('',(1.,0.));
#2491 = ( GEOMETRIC_REPRESENTATION_CONTEXT(2) 
PARAMETRIC_REPRESENTATION_CONTEXT() REPRESENTATION_CONTEXT('2D SPACE',''
  ) );
#2492 = PCURVE('',#823,#2493);
#2493 = DEFINITIONAL_REPRESENTATION('',(#2494),#2497);
#2494 = B_SPLINE_CURVE_WITH_KNOTS('',1,(#2495,#2496),.UNSPECIFIED.,.F.,
  .F.,(2,2),(-1.161495457622,-0.),.PIECEWISE_BEZIER_KNOTS.);
#2495 = CARTESIAN_POINT('',(-0.580747728811,-0.298766896751));
#2496 = CARTESIAN_POINT('',(0.580747728811,-0.298766896751));
#2497 = ( GEOMETRIC_REPRESENTATION_CONTEXT(2) 
PARAMETRIC_REPRESENTATION_CONTEXT() REPRESENTATION_CONTEXT('2D SPACE',''
  ) );
#2498 = ORIENTED_EDGE('',*,*,#777,.T.);
#2499 = ADVANCED_FACE('',(#2500),#903,.F.);
#2500 = FACE_BOUND('',#2501,.F.);
#2501 = EDGE_LOOP('',(#2502,#2503,#2504,#2558,#2604));
#2502 = ORIENTED_EDGE('',*,*,#1428,.F.);
#2503 = ORIENTED_EDGE('',*,*,#888,.T.);
#2504 = ORIENTED_EDGE('',*,*,#2505,.T.);
#2505 = EDGE_CURVE('',#835,#2506,#2508,.T.);
#2506 = VERTEX_POINT('',#2507);
#2507 = CARTESIAN_POINT('',(-6.249999999982,-6.038731777255E-03,
    8.960202819158));
#2508 = SURFACE_CURVE('',#2509,(#2522,#2529),.PCURVE_S1.);
#2509 = B_SPLINE_CURVE_WITH_KNOTS('',11,(#2510,#2511,#2512,#2513,#2514,
    #2515,#2516,#2517,#2518,#2519,#2520,#2521),.UNSPECIFIED.,.F.,.F.,(12
    ,12),(0.,6.962644440466),.PIECEWISE_BEZIER_KNOTS.);
#2510 = CARTESIAN_POINT('',(-6.25,-6.03873178918E-03,5.960202818984));
#2511 = CARTESIAN_POINT('',(-6.246550684337,-3.576030373574,
    6.232930092288));
#2512 = CARTESIAN_POINT('',(-4.000491993756,-7.143774383212,
    6.505657362834));
#2513 = CARTESIAN_POINT('',(0.491316410985,-9.144213529447,
    6.778384641189));
#2514 = CARTESIAN_POINT('',(5.97528723499,-8.007191917217,7.051111903431
    ));
#2515 = CARTESIAN_POINT('',(10.060552923747,-3.29483258401,
    7.323839190963));
#2516 = CARTESIAN_POINT('',(10.054167220725,3.314267367982,
    7.596566447217));
#2517 = CARTESIAN_POINT('',(5.959803049322,8.018723566662,7.869293734634
    ));
#2518 = CARTESIAN_POINT('',(0.473645281563,9.145145872631,8.142020997027
    ));
#2519 = CARTESIAN_POINT('',(-4.014289098361,7.136030525073,
    8.414748275272));
#2520 = CARTESIAN_POINT('',(-6.253449315638,3.56395291001,8.687475545868
    ));
#2521 = CARTESIAN_POINT('',(-6.249999999982,-6.038731777255E-03,
    8.960202819158));
#2522 = PCURVE('',#903,#2523);
#2523 = DEFINITIONAL_REPRESENTATION('',(#2524),#2528);
#2524 = LINE('',#2525,#2526);
#2525 = CARTESIAN_POINT('',(-0.,0.));
#2526 = VECTOR('',#2527,1.);
#2527 = DIRECTION('',(0.,1.));
#2528 = ( GEOMETRIC_REPRESENTATION_CONTEXT(2) 
PARAMETRIC_REPRESENTATION_CONTEXT() REPRESENTATION_CONTEXT('2D SPACE',''
  ) );
#2529 = PCURVE('',#2530,#2553);
#2530 = B_SPLINE_SURFACE_WITH_KNOTS('',1,10,(
    (#2531,#2532,#2533,#2534,#2535,#2536,#2537,#2538,#2539,#2540,#2541)
    ,(#2542,#2543,#2544,#2545,#2546,#2547,#2548,#2549,#2550,#2551,#2552
    )),.UNSPECIFIED.,.F.,.F.,.F.,(2,2),(11,11),(-0.18,-0.),(0.,
    6.962644440466),.PIECEWISE_BEZIER_KNOTS.);
#2531 = CARTESIAN_POINT('',(-6.25,-6.038731789176E-03,5.960202818984));
#2532 = CARTESIAN_POINT('',(-6.24620575277,-3.933029537752,
    6.260202819619));
#2533 = CARTESIAN_POINT('',(-3.501441344434,-7.860530329074,
    6.560202817456));
#2534 = CARTESIAN_POINT('',(1.988582393496,-9.606785027239,
    6.860202821766));
#2535 = CARTESIAN_POINT('',(8.253456218049,-7.146880718203,
    7.160202816736));
#2536 = CARTESIAN_POINT('',(11.56637411163,1.117539695281E-02,
    7.460202819189));
#2537 = CARTESIAN_POINT('',(8.239630231879,7.162816290253,7.760202821209
    ));
#2538 = CARTESIAN_POINT('',(1.970014600982,9.610609812131,8.060202816499
    ));
#2539 = CARTESIAN_POINT('',(-3.516624434827,7.853749494363,
    8.360202820636));
#2540 = CARTESIAN_POINT('',(-6.253794247203,3.920952074189,
    8.660202818539));
#2541 = CARTESIAN_POINT('',(-6.249999999982,-6.038731777255E-03,
    8.960202819158));
#2542 = CARTESIAN_POINT('',(-6.25,6.038731789174E-03,6.139797181016));
#2543 = CARTESIAN_POINT('',(-6.253794247231,-3.920952074186,
    6.439797181651));
#2544 = CARTESIAN_POINT('',(-3.516624434847,-7.853749494394,
    6.739797179484));
#2545 = CARTESIAN_POINT('',(1.970014600955,-9.610609812127,
    7.039797183807));
#2546 = CARTESIAN_POINT('',(8.239630231913,-7.162816290353,
    7.339797178752));
#2547 = CARTESIAN_POINT('',(11.566374111638,-1.117539690131E-02,
    7.639797181238));
#2548 = CARTESIAN_POINT('',(8.253456218109,7.146880718147,7.939797183225
    ));
#2549 = CARTESIAN_POINT('',(1.988582393508,9.6067850273,8.23979717854));
#2550 = CARTESIAN_POINT('',(-3.501441344424,7.86053032909,8.539797182665
    ));
#2551 = CARTESIAN_POINT('',(-6.246205752783,3.933029537779,
    8.839797180571));
#2552 = CARTESIAN_POINT('',(-6.250000000018,6.03873180107E-03,
    9.139797181189));
#2553 = DEFINITIONAL_REPRESENTATION('',(#2554),#2557);
#2554 = B_SPLINE_CURVE_WITH_KNOTS('',1,(#2555,#2556),.UNSPECIFIED.,.F.,
  .F.,(2,2),(0.,6.962644440466),.PIECEWISE_BEZIER_KNOTS.);
#2555 = CARTESIAN_POINT('',(-0.18,0.));
#2556 = CARTESIAN_POINT('',(-0.18,6.962644440466));
#2557 = ( GEOMETRIC_REPRESENTATION_CONTEXT(2) 
PARAMETRIC_REPRESENTATION_CONTEXT() REPRESENTATION_CONTEXT('2D SPACE',''
  ) );
#2558 = ORIENTED_EDGE('',*,*,#2559,.F.);
#2559 = EDGE_CURVE('',#2560,#2506,#2562,.T.);
#2560 = VERTEX_POINT('',#2561);
#2561 = CARTESIAN_POINT('',(-7.099893093501,-3.896230051414E-02,
    8.470622595238));
#2562 = SURFACE_CURVE('',#2563,(#2566,#2573),.PCURVE_S1.);
#2563 = B_SPLINE_CURVE_WITH_KNOTS('',1,(#2564,#2565),.UNSPECIFIED.,.F.,
  .F.,(2,2),(-0.981495457622,-0.),.PIECEWISE_BEZIER_KNOTS.);
#2564 = CARTESIAN_POINT('',(-7.099999999881,-3.896644190509E-02,
    8.470561011905));
#2565 = CARTESIAN_POINT('',(-6.249999999982,-6.038731777255E-03,
    8.960202819158));
#2566 = PCURVE('',#903,#2567);
#2567 = DEFINITIONAL_REPRESENTATION('',(#2568),#2572);
#2568 = LINE('',#2569,#2570);
#2569 = CARTESIAN_POINT('',(0.,6.962644440466));
#2570 = VECTOR('',#2571,1.);
#2571 = DIRECTION('',(1.,0.));
#2572 = ( GEOMETRIC_REPRESENTATION_CONTEXT(2) 
PARAMETRIC_REPRESENTATION_CONTEXT() REPRESENTATION_CONTEXT('2D SPACE',''
  ) );
#2573 = PCURVE('',#2574,#2599);
#2574 = B_SPLINE_SURFACE_WITH_KNOTS('',1,11,(
    (#2575,#2576,#2577,#2578,#2579,#2580,#2581,#2582,#2583,#2584,#2585
      ,#2586)
    ,(#2587,#2588,#2589,#2590,#2591,#2592,#2593,#2594,#2595,#2596,#2597
      ,#2598
    )),.UNSPECIFIED.,.F.,.F.,.F.,(2,2),(12,12),(-0.981495457622,-0.),(0.
    ,6.962644440466),.PIECEWISE_BEZIER_KNOTS.);
#2575 = CARTESIAN_POINT('',(-7.1,-3.896644190514E-02,8.470561011905));
#2576 = CARTESIAN_POINT('',(-7.077742419582,-4.094476958323,
    8.743288284631));
#2577 = CARTESIAN_POINT('',(-4.50788100942,-8.135913726087,
    9.016015557366));
#2578 = CARTESIAN_POINT('',(0.605111954451,-10.38534823304,
    9.288742830076));
#2579 = CARTESIAN_POINT('',(6.829089089985,-9.065514198146,
    9.561470102817));
#2580 = CARTESIAN_POINT('',(11.445763723319,-3.691265338728,
    9.834197375562));
#2581 = CARTESIAN_POINT('',(11.404558361216,3.816673190445,
    10.106924648222));
#2582 = CARTESIAN_POINT('',(6.729173471937,9.139925078701,
    10.379651921049));
#2583 = CARTESIAN_POINT('',(0.49108452876,10.391364412727,
    10.652379193685));
#2584 = CARTESIAN_POINT('',(-4.596910311217,8.085944525829,
    10.925106466467));
#2585 = CARTESIAN_POINT('',(-7.122257580321,4.016544074511,
    11.197833739174));
#2586 = CARTESIAN_POINT('',(-7.099999999877,-3.896644190528E-02,
    11.470561011905));
#2587 = CARTESIAN_POINT('',(-6.25,-6.038731789163E-03,8.960202818984));
#2588 = CARTESIAN_POINT('',(-6.246550684337,-3.576030373573,
    9.232930092285));
#2589 = CARTESIAN_POINT('',(-4.000491993757,-7.143774383219,
    9.50565736283));
#2590 = CARTESIAN_POINT('',(0.491316410989,-9.144213529421,
    9.778384641246));
#2591 = CARTESIAN_POINT('',(5.975287234975,-8.007191917282,
    10.051111903225));
#2592 = CARTESIAN_POINT('',(10.060552923776,-3.294832583902,
    10.323839191382));
#2593 = CARTESIAN_POINT('',(10.054167220686,3.314267367856,
    10.59656644665));
#2594 = CARTESIAN_POINT('',(5.959803049359,8.018723566766,
    10.869293735163));
#2595 = CARTESIAN_POINT('',(0.473645281537,9.145145872571,
    11.142020996681));
#2596 = CARTESIAN_POINT('',(-4.014289098349,7.136030525096,
    11.414748275425));
#2597 = CARTESIAN_POINT('',(-6.253449315642,3.563952910006,
    11.687475545824));
#2598 = CARTESIAN_POINT('',(-6.249999999981,-6.038731776993E-03,
    11.960202819163));
#2599 = DEFINITIONAL_REPRESENTATION('',(#2600),#2603);
#2600 = B_SPLINE_CURVE_WITH_KNOTS('',1,(#2601,#2602),.UNSPECIFIED.,.F.,
  .F.,(2,2),(-0.981495457622,-0.),.PIECEWISE_BEZIER_KNOTS.);
#2601 = CARTESIAN_POINT('',(-0.981495457622,0.));
#2602 = CARTESIAN_POINT('',(0.,0.));
#2603 = ( GEOMETRIC_REPRESENTATION_CONTEXT(2) 
PARAMETRIC_REPRESENTATION_CONTEXT() REPRESENTATION_CONTEXT('2D SPACE',''
  ) );
#2604 = ORIENTED_EDGE('',*,*,#2605,.F.);
#2605 = EDGE_CURVE('',#1401,#2560,#2606,.T.);
#2606 = SURFACE_CURVE('',#2607,(#2652,#2700),.PCURVE_S1.);
#2607 = B_SPLINE_CURVE_WITH_KNOTS('',8,(#2608,#2609,#2610,#2611,#2612,
    #2613,#2614,#2615,#2616,#2617,#2618,#2619,#2620,#2621,#2622,#2623,
    #2624,#2625,#2626,#2627,#2628,#2629,#2630,#2631,#2632,#2633,#2634,
    #2635,#2636,#2637,#2638,#2639,#2640,#2641,#2642,#2643,#2644,#2645,
    #2646,#2647,#2648,#2649,#2650,#2651),.UNSPECIFIED.,.F.,.F.,(9,7,7,7,
    7,7,9),(0.,0.252374973851,0.465463972433,0.567118590386,
    0.738773716672,0.909563241501,1.),.UNSPECIFIED.);
#2608 = CARTESIAN_POINT('',(7.1,-2.22044604925E-15,6.967998006279));
#2609 = CARTESIAN_POINT('',(7.1,0.704817713751,7.015395926874));
#2610 = CARTESIAN_POINT('',(7.020037242617,1.410091312923,7.062825177128
    ));
#2611 = CARTESIAN_POINT('',(6.85993169959,2.104526072578,7.110238295943)
  );
#2612 = CARTESIAN_POINT('',(6.62162962926,2.77756643255,7.15763961436));
#2613 = CARTESIAN_POINT('',(6.308465150473,3.419204452123,7.20504094869)
  );
#2614 = CARTESIAN_POINT('',(5.925242148496,4.020048453635,7.252454056577
    ));
#2615 = CARTESIAN_POINT('',(5.478125445008,4.571313621688,7.299883433217
    ));
#2616 = CARTESIAN_POINT('',(4.550750758863,5.48222702571,7.387301166641)
  );
#2617 = CARTESIAN_POINT('',(4.086113085389,5.858710808,7.427333640386));
#2618 = CARTESIAN_POINT('',(3.586102605946,6.189947140574,7.4673588854)
  );
#2619 = CARTESIAN_POINT('',(3.05592359213,6.472136420125,7.507377963573)
  );
#2620 = CARTESIAN_POINT('',(2.501145396723,6.702227184437,7.547397086792
    ));
#2621 = CARTESIAN_POINT('',(1.927662869319,6.877858010462,7.58742244909)
  );
#2622 = CARTESIAN_POINT('',(1.341716345916,6.997423957104,7.627455022986
    ));
#2623 = CARTESIAN_POINT('',(0.467638660227,7.090268683003,7.686566034417
    ));
#2624 = CARTESIAN_POINT('',(0.183957324646,7.10735520829,7.705657866177)
  );
#2625 = CARTESIAN_POINT('',(-0.100404313989,7.111467040289,
    7.724749604962));
#2626 = CARTESIAN_POINT('',(-0.384753282589,7.102576103641,7.74384119853
    ));
#2627 = CARTESIAN_POINT('',(-0.668398724234,7.080698242443,
    7.762932811422));
#2628 = CARTESIAN_POINT('',(-0.950652117487,7.045892339517,
    7.782024605321));
#2629 = CARTESIAN_POINT('',(-1.230827589085,6.99826116534,7.801116520563
    ));
#2630 = CARTESIAN_POINT('',(-1.976687941343,6.836118528602,
    7.852446243975));
#2631 = CARTESIAN_POINT('',(-2.43734141395,6.698121034058,7.884688766247
    ));
#2632 = CARTESIAN_POINT('',(-2.886845954394,6.52467359015,7.916929098555
    ));
#2633 = CARTESIAN_POINT('',(-3.322026483142,6.316857813917,
    7.949166689144));
#2634 = CARTESIAN_POINT('',(-3.739867510378,6.076070784172,
    7.981404082057));
#2635 = CARTESIAN_POINT('',(-4.137509057221,5.804005301553,
    8.013643954969));
#2636 = CARTESIAN_POINT('',(-4.512260612342,5.502664446727,
    8.045886074326));
#2637 = CARTESIAN_POINT('',(-5.20924386268,4.847811705892,8.110199694921
    ));
#2638 = CARTESIAN_POINT('',(-5.531827592563,4.494479697205,
    8.142280022305));
#2639 = CARTESIAN_POINT('',(-5.826910430969,4.116715831606,
    8.174358968683));
#2640 = CARTESIAN_POINT('',(-6.092356803232,3.717040637247,
    8.206436238831));
#2641 = CARTESIAN_POINT('',(-6.326324115703,3.298159681818,8.23851408013
    ));
#2642 = CARTESIAN_POINT('',(-6.527249512487,2.862949130296,
    8.270594285467));
#2643 = CARTESIAN_POINT('',(-6.693868715906,2.414460928116,
    8.302675542421));
#2644 = CARTESIAN_POINT('',(-6.894845166513,1.71315486075,8.351735847564
    ));
#2645 = CARTESIAN_POINT('',(-6.954553359818,1.467530730404,
    8.368720379057));
#2646 = CARTESIAN_POINT('',(-7.004256499096,1.219547178615,
    8.385704426561));
#2647 = CARTESIAN_POINT('',(-7.043846998076,0.969680322595,
    8.402687947408));
#2648 = CARTESIAN_POINT('',(-7.073244745085,0.718410258183,
    8.419671113543));
#2649 = CARTESIAN_POINT('',(-7.092397132426,0.466220881139,
    8.436654272143));
#2650 = CARTESIAN_POINT('',(-7.101279085763,0.213599708422,
    8.453637906219));
#2651 = CARTESIAN_POINT('',(-7.099893093501,-3.89623005141E-02,
    8.470622595238));
#2652 = PCURVE('',#903,#2653);
#2653 = DEFINITIONAL_REPRESENTATION('',(#2654),#2699);
#2654 = B_SPLINE_CURVE_WITH_KNOTS('',8,(#2655,#2656,#2657,#2658,#2659,
    #2660,#2661,#2662,#2663,#2664,#2665,#2666,#2667,#2668,#2669,#2670,
    #2671,#2672,#2673,#2674,#2675,#2676,#2677,#2678,#2679,#2680,#2681,
    #2682,#2683,#2684,#2685,#2686,#2687,#2688,#2689,#2690,#2691,#2692,
    #2693,#2694,#2695,#2696,#2697,#2698),.UNSPECIFIED.,.F.,.F.,(9,7,7,7,
    7,7,9),(0.,0.252374973851,0.465463972433,0.567118590386,
    0.738773716672,0.909563241501,1.),.UNSPECIFIED.);
#2655 = CARTESIAN_POINT('',(-0.981380834626,3.475241075219));
#2656 = CARTESIAN_POINT('',(-0.981380903359,3.585246110908));
#2657 = CARTESIAN_POINT('',(-0.9813795563,3.695322213756));
#2658 = CARTESIAN_POINT('',(-0.981376752038,3.805359211707));
#2659 = CARTESIAN_POINT('',(-0.981373031067,3.915367725174));
#2660 = CARTESIAN_POINT('',(-0.981369400193,4.025376416197));
#2661 = CARTESIAN_POINT('',(-0.981366869323,4.135413682692));
#2662 = CARTESIAN_POINT('',(-0.981365679219,4.245490268094));
#2663 = CARTESIAN_POINT('',(-0.98136561524,4.448376392558));
#2664 = CARTESIAN_POINT('',(-0.981366408509,4.541287937944));
#2665 = CARTESIAN_POINT('',(-0.981367906919,4.634183522733));
#2666 = CARTESIAN_POINT('',(-0.981369753964,4.727065198674));
#2667 = CARTESIAN_POINT('',(-0.981371407363,4.819946754955));
#2668 = CARTESIAN_POINT('',(-0.98137245382,4.912842088663));
#2669 = CARTESIAN_POINT('',(-0.981372858328,5.005753416372));
#2670 = CARTESIAN_POINT('',(-0.981372803404,5.14294300448));
#2671 = CARTESIAN_POINT('',(-0.981372685245,5.187252746429));
#2672 = CARTESIAN_POINT('',(-0.981372488231,5.23156218129));
#2673 = CARTESIAN_POINT('',(-0.981372247157,5.275871228108));
#2674 = CARTESIAN_POINT('',(-0.981372005964,5.320180319634));
#2675 = CARTESIAN_POINT('',(-0.981371811855,5.364489885773));
#2676 = CARTESIAN_POINT('',(-0.981371707592,5.408799837561));
#2677 = CARTESIAN_POINT('',(-0.981371746305,5.527930086834));
#2678 = CARTESIAN_POINT('',(-0.98137211142,5.602761582386));
#2679 = CARTESIAN_POINT('',(-0.98137294677,5.677588539745));
#2680 = CARTESIAN_POINT('',(-0.981374309173,5.752409744133));
#2681 = CARTESIAN_POINT('',(-0.981376005926,5.827230876856));
#2682 = CARTESIAN_POINT('',(-0.981377584186,5.902057628171));
#2683 = CARTESIAN_POINT('',(-0.981378486645,5.976888810757));
#2684 = CARTESIAN_POINT('',(-0.981378260899,6.126152840344));
#2685 = CARTESIAN_POINT('',(-0.981377116459,6.200606152984));
#2686 = CARTESIAN_POINT('',(-0.981374728856,6.275054821108));
#2687 = CARTESIAN_POINT('',(-0.981370780144,6.349497791407));
#2688 = CARTESIAN_POINT('',(-0.98136571699,6.423940796952));
#2689 = CARTESIAN_POINT('',(-0.981360906434,6.498389581613));
#2690 = CARTESIAN_POINT('',(-0.981358076171,6.572843099787));
#2691 = CARTESIAN_POINT('',(-0.981358019854,6.6867061882));
#2692 = CARTESIAN_POINT('',(-0.981358786609,6.726126160559));
#2693 = CARTESIAN_POINT('',(-0.981360403223,6.765545993628));
#2694 = CARTESIAN_POINT('',(-0.981362895038,6.804965617715));
#2695 = CARTESIAN_POINT('',(-0.981366092536,6.844385235619));
#2696 = CARTESIAN_POINT('',(-0.981369474757,6.883805049909));
#2697 = CARTESIAN_POINT('',(-0.981372012707,6.923224990206));
#2698 = CARTESIAN_POINT('',(-0.981372012767,6.962644440466));
#2699 = ( GEOMETRIC_REPRESENTATION_CONTEXT(2) 
PARAMETRIC_REPRESENTATION_CONTEXT() REPRESENTATION_CONTEXT('2D SPACE',''
  ) );
#2700 = PCURVE('',#1416,#2701);
#2701 = DEFINITIONAL_REPRESENTATION('',(#2702),#2747);
#2702 = B_SPLINE_CURVE_WITH_KNOTS('',8,(#2703,#2704,#2705,#2706,#2707,
    #2708,#2709,#2710,#2711,#2712,#2713,#2714,#2715,#2716,#2717,#2718,
    #2719,#2720,#2721,#2722,#2723,#2724,#2725,#2726,#2727,#2728,#2729,
    #2730,#2731,#2732,#2733,#2734,#2735,#2736,#2737,#2738,#2739,#2740,
    #2741,#2742,#2743,#2744,#2745,#2746),.UNSPECIFIED.,.F.,.F.,(9,7,7,7,
    7,7,9),(0.,0.252374973851,0.465463972433,0.567118590386,
    0.738773716672,0.909563241501,1.),.UNSPECIFIED.);
#2703 = CARTESIAN_POINT('',(0.,6.967998006279));
#2704 = CARTESIAN_POINT('',(9.927010052834E-02,7.015395926874));
#2705 = CARTESIAN_POINT('',(0.198604329646,7.062825177128));
#2706 = CARTESIAN_POINT('',(0.29790321112,7.110238295943));
#2707 = CARTESIAN_POINT('',(0.397176274941,7.15763961436));
#2708 = CARTESIAN_POINT('',(0.496449377961,7.20504094869));
#2709 = CARTESIAN_POINT('',(0.595748236222,7.252454056577));
#2710 = CARTESIAN_POINT('',(0.695082642758,7.299883433217));
#2711 = CARTESIAN_POINT('',(0.878169697548,7.387301166641));
#2712 = CARTESIAN_POINT('',(0.962014362323,7.427333640386));
#2713 = CARTESIAN_POINT('',(1.045844745822,7.4673588854));
#2714 = CARTESIAN_POINT('',(1.129662716098,7.507377963573));
#2715 = CARTESIAN_POINT('',(1.213480684331,7.547397086792));
#2716 = CARTESIAN_POINT('',(1.297311114013,7.58742244909));
#2717 = CARTESIAN_POINT('',(1.381155913316,7.627455022986));
#2718 = CARTESIAN_POINT('',(1.504958004659,7.686566034417));
#2719 = CARTESIAN_POINT('',(1.544943800706,7.705657866177));
#2720 = CARTESIAN_POINT('',(1.584929285228,7.724749604962));
#2721 = CARTESIAN_POINT('',(1.624914380074,7.74384119853));
#2722 = CARTESIAN_POINT('',(1.664899473131,7.762932811422));
#2723 = CARTESIAN_POINT('',(1.704884952794,7.782024605321));
#2724 = CARTESIAN_POINT('',(1.744870742447,7.801116520563));
#2725 = CARTESIAN_POINT('',(1.852375110006,7.852446243975));
#2726 = CARTESIAN_POINT('',(1.91990373556,7.884688766247));
#2727 = CARTESIAN_POINT('',(1.987428205488,7.916929098555));
#2728 = CARTESIAN_POINT('',(2.054947482398,7.949166689144));
#2729 = CARTESIAN_POINT('',(2.122466763276,7.981404082057));
#2730 = CARTESIAN_POINT('',(2.189991244432,8.013643954969));
#2731 = CARTESIAN_POINT('',(2.257519885767,8.045886074326));
#2732 = CARTESIAN_POINT('',(2.392217984972,8.110199694921));
#2733 = CARTESIAN_POINT('',(2.459405909318,8.142280022305));
#2734 = CARTESIAN_POINT('',(2.526589769204,8.174358968683));
#2735 = CARTESIAN_POINT('',(2.593768547814,8.206436238831));
#2736 = CARTESIAN_POINT('',(2.660947315178,8.23851408013));
#2737 = CARTESIAN_POINT('',(2.728131149198,8.270594285467));
#2738 = CARTESIAN_POINT('',(2.795319052223,8.302675542421));
#2739 = CARTESIAN_POINT('',(2.898070500985,8.351735847564));
#2740 = CARTESIAN_POINT('',(2.933643531272,8.368720379057));
#2741 = CARTESIAN_POINT('',(2.969216402824,8.385704426561));
#2742 = CARTESIAN_POINT('',(3.004789071435,8.402687947408));
#2743 = CARTESIAN_POINT('',(3.04036174548,8.419671113543));
#2744 = CARTESIAN_POINT('',(3.075934631456,8.436654272143));
#2745 = CARTESIAN_POINT('',(3.111507679532,8.453637906219));
#2746 = CARTESIAN_POINT('',(3.147080329093,8.470622595238));
#2747 = ( GEOMETRIC_REPRESENTATION_CONTEXT(2) 
PARAMETRIC_REPRESENTATION_CONTEXT() REPRESENTATION_CONTEXT('2D SPACE',''
  ) );
#2748 = ADVANCED_FACE('',(#2749),#859,.F.);
#2749 = FACE_BOUND('',#2750,.F.);
#2750 = EDGE_LOOP('',(#2751,#2752,#2773,#2804));
#2751 = ORIENTED_EDGE('',*,*,#834,.F.);
#2752 = ORIENTED_EDGE('',*,*,#2753,.T.);
#2753 = EDGE_CURVE('',#809,#2754,#2756,.T.);
#2754 = VERTEX_POINT('',#2755);
#2755 = CARTESIAN_POINT('',(-6.25,6.038731789173E-03,3.139797181016));
#2756 = SURFACE_CURVE('',#2757,(#2760,#2767),.PCURVE_S1.);
#2757 = B_SPLINE_CURVE_WITH_KNOTS('',1,(#2758,#2759),.UNSPECIFIED.,.F.,
  .F.,(2,2),(-0.18,-0.),.PIECEWISE_BEZIER_KNOTS.);
#2758 = CARTESIAN_POINT('',(-6.25,-6.038731789174E-03,2.960202818984));
#2759 = CARTESIAN_POINT('',(-6.25,6.038731789173E-03,3.139797181016));
#2760 = PCURVE('',#859,#2761);
#2761 = DEFINITIONAL_REPRESENTATION('',(#2762),#2766);
#2762 = LINE('',#2763,#2764);
#2763 = CARTESIAN_POINT('',(0.,0.));
#2764 = VECTOR('',#2765,1.);
#2765 = DIRECTION('',(1.,0.));
#2766 = ( GEOMETRIC_REPRESENTATION_CONTEXT(2) 
PARAMETRIC_REPRESENTATION_CONTEXT() REPRESENTATION_CONTEXT('2D SPACE',''
  ) );
#2767 = PCURVE('',#823,#2768);
#2768 = DEFINITIONAL_REPRESENTATION('',(#2769),#2772);
#2769 = B_SPLINE_CURVE_WITH_KNOTS('',1,(#2770,#2771),.UNSPECIFIED.,.F.,
  .F.,(2,2),(-0.18,-0.),.PIECEWISE_BEZIER_KNOTS.);
#2770 = CARTESIAN_POINT('',(9.E-02,0.551233103249));
#2771 = CARTESIAN_POINT('',(-9.E-02,0.551233103249));
#2772 = ( GEOMETRIC_REPRESENTATION_CONTEXT(2) 
PARAMETRIC_REPRESENTATION_CONTEXT() REPRESENTATION_CONTEXT('2D SPACE',''
  ) );
#2773 = ORIENTED_EDGE('',*,*,#2774,.T.);
#2774 = EDGE_CURVE('',#2754,#2775,#2777,.T.);
#2775 = VERTEX_POINT('',#2776);
#2776 = CARTESIAN_POINT('',(-6.250000000019,6.038731801405E-03,
    6.139797181195));
#2777 = SURFACE_CURVE('',#2778,(#2791,#2797),.PCURVE_S1.);
#2778 = B_SPLINE_CURVE_WITH_KNOTS('',11,(#2779,#2780,#2781,#2782,#2783,
    #2784,#2785,#2786,#2787,#2788,#2789,#2790),.UNSPECIFIED.,.F.,.F.,(12
    ,12),(0.,6.962644440466),.PIECEWISE_BEZIER_KNOTS.);
#2779 = CARTESIAN_POINT('',(-6.25,6.038731789173E-03,3.139797181016));
#2780 = CARTESIAN_POINT('',(-6.253449315664,-3.563952910005,
    3.412524454317));
#2781 = CARTESIAN_POINT('',(-4.014289098382,-7.136030525105,
    3.68525172486));
#2782 = CARTESIAN_POINT('',(0.47364528153,-9.14514587261,3.95797900328)
  );
#2783 = CARTESIAN_POINT('',(5.959803049362,-8.018723566786,
    4.230706265256));
#2784 = CARTESIAN_POINT('',(10.054167220687,-3.314267367897,
    4.503433553407));
#2785 = CARTESIAN_POINT('',(10.060552923854,3.294832583895,
    4.776160808694));
#2786 = CARTESIAN_POINT('',(5.975287234964,8.007191917298,5.04888809718)
  );
#2787 = CARTESIAN_POINT('',(0.49131641104,9.144213529442,5.321615358723)
  );
#2788 = CARTESIAN_POINT('',(-4.000491993769,7.143774383251,
    5.594342637452));
#2789 = CARTESIAN_POINT('',(-6.246550684345,3.576030373595,
    5.867069907857));
#2790 = CARTESIAN_POINT('',(-6.250000000019,6.038731801401E-03,
    6.139797181195));
#2791 = PCURVE('',#859,#2792);
#2792 = DEFINITIONAL_REPRESENTATION('',(#2793),#2796);
#2793 = B_SPLINE_CURVE_WITH_KNOTS('',1,(#2794,#2795),.UNSPECIFIED.,.F.,
  .F.,(2,2),(0.,6.962644440466),.PIECEWISE_BEZIER_KNOTS.);
#2794 = CARTESIAN_POINT('',(0.,0.));
#2795 = CARTESIAN_POINT('',(0.,6.962644440466));
#2796 = ( GEOMETRIC_REPRESENTATION_CONTEXT(2) 
PARAMETRIC_REPRESENTATION_CONTEXT() REPRESENTATION_CONTEXT('2D SPACE',''
  ) );
#2797 = PCURVE('',#2375,#2798);
#2798 = DEFINITIONAL_REPRESENTATION('',(#2799),#2803);
#2799 = LINE('',#2800,#2801);
#2800 = CARTESIAN_POINT('',(-0.981495457622,0.));
#2801 = VECTOR('',#2802,1.);
#2802 = DIRECTION('',(0.,1.));
#2803 = ( GEOMETRIC_REPRESENTATION_CONTEXT(2) 
PARAMETRIC_REPRESENTATION_CONTEXT() REPRESENTATION_CONTEXT('2D SPACE',''
  ) );
#2804 = ORIENTED_EDGE('',*,*,#2805,.F.);
#2805 = EDGE_CURVE('',#835,#2775,#2806,.T.);
#2806 = SURFACE_CURVE('',#2807,(#2810,#2817),.PCURVE_S1.);
#2807 = B_SPLINE_CURVE_WITH_KNOTS('',1,(#2808,#2809),.UNSPECIFIED.,.F.,
  .F.,(2,2),(-0.18,-0.),.PIECEWISE_BEZIER_KNOTS.);
#2808 = CARTESIAN_POINT('',(-6.249999999981,-6.038731776981E-03,
    5.960202819163));
#2809 = CARTESIAN_POINT('',(-6.250000000019,6.038731801405E-03,
    6.139797181195));
#2810 = PCURVE('',#859,#2811);
#2811 = DEFINITIONAL_REPRESENTATION('',(#2812),#2816);
#2812 = LINE('',#2813,#2814);
#2813 = CARTESIAN_POINT('',(0.,6.962644440466));
#2814 = VECTOR('',#2815,1.);
#2815 = DIRECTION('',(1.,0.));
#2816 = ( GEOMETRIC_REPRESENTATION_CONTEXT(2) 
PARAMETRIC_REPRESENTATION_CONTEXT() REPRESENTATION_CONTEXT('2D SPACE',''
  ) );
#2817 = PCURVE('',#2530,#2818);
#2818 = DEFINITIONAL_REPRESENTATION('',(#2819),#2822);
#2819 = B_SPLINE_CURVE_WITH_KNOTS('',1,(#2820,#2821),.UNSPECIFIED.,.F.,
  .F.,(2,2),(-0.18,-0.),.PIECEWISE_BEZIER_KNOTS.);
#2820 = CARTESIAN_POINT('',(-0.18,0.));
#2821 = CARTESIAN_POINT('',(0.,0.));
#2822 = ( GEOMETRIC_REPRESENTATION_CONTEXT(2) 
PARAMETRIC_REPRESENTATION_CONTEXT() REPRESENTATION_CONTEXT('2D SPACE',''
  ) );
#2823 = ADVANCED_FACE('',(#2824),#823,.T.);
#2824 = FACE_BOUND('',#2825,.T.);
#2825 = EDGE_LOOP('',(#2826,#2827,#2846,#2847,#2848,#2849));
#2826 = ORIENTED_EDGE('',*,*,#2753,.T.);
#2827 = ORIENTED_EDGE('',*,*,#2828,.T.);
#2828 = EDGE_CURVE('',#2754,#2237,#2829,.T.);
#2829 = SURFACE_CURVE('',#2830,(#2833,#2839),.PCURVE_S1.);
#2830 = B_SPLINE_CURVE_WITH_KNOTS('',1,(#2831,#2832),.UNSPECIFIED.,.F.,
  .F.,(2,2),(-0.981495457622,-0.),.PIECEWISE_BEZIER_KNOTS.);
#2831 = CARTESIAN_POINT('',(-6.25,6.038731789173E-03,3.139797181016));
#2832 = CARTESIAN_POINT('',(-7.1,3.896644190513E-02,3.629438988095));
#2833 = PCURVE('',#823,#2834);
#2834 = DEFINITIONAL_REPRESENTATION('',(#2835),#2838);
#2835 = B_SPLINE_CURVE_WITH_KNOTS('',1,(#2836,#2837),.UNSPECIFIED.,.F.,
  .F.,(2,2),(-0.981495457622,-0.),.PIECEWISE_BEZIER_KNOTS.);
#2836 = CARTESIAN_POINT('',(-9.E-02,0.551233103249));
#2837 = CARTESIAN_POINT('',(-0.580747728811,-0.298766896751));
#2838 = ( GEOMETRIC_REPRESENTATION_CONTEXT(2) 
PARAMETRIC_REPRESENTATION_CONTEXT() REPRESENTATION_CONTEXT('2D SPACE',''
  ) );
#2839 = PCURVE('',#2375,#2840);
#2840 = DEFINITIONAL_REPRESENTATION('',(#2841),#2845);
#2841 = LINE('',#2842,#2843);
#2842 = CARTESIAN_POINT('',(0.,0.));
#2843 = VECTOR('',#2844,1.);
#2844 = DIRECTION('',(1.,0.));
#2845 = ( GEOMETRIC_REPRESENTATION_CONTEXT(2) 
PARAMETRIC_REPRESENTATION_CONTEXT() REPRESENTATION_CONTEXT('2D SPACE',''
  ) );
#2846 = ORIENTED_EDGE('',*,*,#2236,.T.);
#2847 = ORIENTED_EDGE('',*,*,#2209,.T.);
#2848 = ORIENTED_EDGE('',*,*,#2480,.T.);
#2849 = ORIENTED_EDGE('',*,*,#808,.T.);
#2850 = ADVANCED_FACE('',(#2851),#1416,.T.);
#2851 = FACE_BOUND('',#2852,.T.);
#2852 = EDGE_LOOP('',(#2853,#3146,#3191,#3219,#3363,#3364));
#2853 = ORIENTED_EDGE('',*,*,#2854,.T.);
#2854 = EDGE_CURVE('',#1356,#2855,#2857,.T.);
#2855 = VERTEX_POINT('',#2856);
#2856 = CARTESIAN_POINT('',(7.099893093501,-3.89623005049E-02,
    9.629377404625));
#2857 = SURFACE_CURVE('',#2858,(#2952,#3049),.PCURVE_S1.);
#2858 = B_SPLINE_CURVE_WITH_KNOTS('',8,(#2859,#2860,#2861,#2862,#2863,
    #2864,#2865,#2866,#2867,#2868,#2869,#2870,#2871,#2872,#2873,#2874,
    #2875,#2876,#2877,#2878,#2879,#2880,#2881,#2882,#2883,#2884,#2885,
    #2886,#2887,#2888,#2889,#2890,#2891,#2892,#2893,#2894,#2895,#2896,
    #2897,#2898,#2899,#2900,#2901,#2902,#2903,#2904,#2905,#2906,#2907,
    #2908,#2909,#2910,#2911,#2912,#2913,#2914,#2915,#2916,#2917,#2918,
    #2919,#2920,#2921,#2922,#2923,#2924,#2925,#2926,#2927,#2928,#2929,
    #2930,#2931,#2932,#2933,#2934,#2935,#2936,#2937,#2938,#2939,#2940,
    #2941,#2942,#2943,#2944,#2945,#2946,#2947,#2948,#2949,#2950,#2951),
  .UNSPECIFIED.,.F.,.F.,(9,7,7,7,7,7,7,7,7,7,7,7,7,9),(0.,
    4.495578926336E-02,0.131133615817,0.145194493387,0.268185710742,
    0.374501151155,0.491429984984,0.62688087883,0.73260522392,
    0.782591666985,0.787086281066,0.867163121931,0.955402631222,1.),
  .UNSPECIFIED.);
#2859 = CARTESIAN_POINT('',(7.1,-8.881784197001E-16,6.631997564046));
#2860 = CARTESIAN_POINT('',(7.1,0.250436789747,6.64883891844));
#2861 = CARTESIAN_POINT('',(7.08990427272,0.500876326542,6.665679330609)
  );
#2862 = CARTESIAN_POINT('',(7.069713006797,0.750839982081,6.682519332791
    ));
#2863 = CARTESIAN_POINT('',(7.039453029167,0.999852589386,6.699359371698
    ));
#2864 = CARTESIAN_POINT('',(6.99917777025,1.247442613832,6.716199769564)
  );
#2865 = CARTESIAN_POINT('',(6.948967229142,1.493142324165,6.733040685194
    ));
#2866 = CARTESIAN_POINT('',(6.888927938809,1.736487963534,6.749882075017
    ));
#2867 = CARTESIAN_POINT('',(6.685514677976,2.438106726204,6.799008054166
    ));
#2868 = CARTESIAN_POINT('',(6.516186664067,2.888928622842,6.831298273957
    ));
#2869 = CARTESIAN_POINT('',(6.312151914431,3.326170679669,6.863587360587
    ));
#2870 = CARTESIAN_POINT('',(6.074711832548,3.74672572237,6.895873970481)
  );
#2871 = CARTESIAN_POINT('',(5.80547332545,4.14766838834,6.928159977486)
  );
#2872 = CARTESIAN_POINT('',(5.506329229641,4.526249667521,6.960447724824
    ));
#2873 = CARTESIAN_POINT('',(5.179472037967,4.879911928814,6.992736920929
    ));
#2874 = CARTESIAN_POINT('',(4.770003109119,5.259582287707,7.030288717495
    ));
#2875 = CARTESIAN_POINT('',(4.711893777009,5.312115964835,7.035556245838
    ));
#2876 = CARTESIAN_POINT('',(4.653123590944,5.363915577656,7.040823765076
    ));
#2877 = CARTESIAN_POINT('',(4.59370337939,5.414971434234,7.046091275879)
  );
#2878 = CARTESIAN_POINT('',(4.533644139453,5.465274036494,7.051358778733
    ));
#2879 = CARTESIAN_POINT('',(4.472957036882,5.514814080223,7.056626273937
    ));
#2880 = CARTESIAN_POINT('',(4.411653406064,5.563582455073,7.061893761603
    ));
#2881 = CARTESIAN_POINT('',(3.808226560095,6.031321900699,7.113236159884
    ));
#2882 = CARTESIAN_POINT('',(3.220101801535,6.391594800559,7.159337281434
    ));
#2883 = CARTESIAN_POINT('',(2.593448478888,6.685934499392,7.20542400638)
  );
#2884 = CARTESIAN_POINT('',(1.936990644758,6.909760307083,7.251500603835
    ));
#2885 = CARTESIAN_POINT('',(1.259842975993,7.059779773759,7.297577792577
    ));
#2886 = CARTESIAN_POINT('',(0.571503438932,7.134067773571,7.343665925936
    ));
#2887 = CARTESIAN_POINT('',(-0.118194157292,7.132002776287,
    7.389768326329));
#2888 = CARTESIAN_POINT('',(-1.387487710187,6.98825047426,7.475671938208
    ));
#2889 = CARTESIAN_POINT('',(-1.969817750928,6.865476321346,
    7.515512787113));
#2890 = CARTESIAN_POINT('',(-2.539449332838,6.687257011598,
    7.555346639114));
#2891 = CARTESIAN_POINT('',(-3.090241234132,6.455211825127,7.59517440848
    ));
#2892 = CARTESIAN_POINT('',(-3.616395453891,6.171700983051,
    7.635002143231));
#2893 = CARTESIAN_POINT('',(-4.112437639898,5.839760615936,
    7.674835934102));
#2894 = CARTESIAN_POINT('',(-4.573255269516,5.463158691454,7.71467679614
    ));
#2895 = CARTESIAN_POINT('',(-5.45721030689,4.588371342345,7.798309642808
    ));
#2896 = CARTESIAN_POINT('',(-5.87237850955,4.081421699247,7.842135365707
    ));
#2897 = CARTESIAN_POINT('',(-6.233369153344,3.531841831725,
    7.885950555416));
#2898 = CARTESIAN_POINT('',(-6.535229757822,2.946488475333,
    7.929757455711));
#2899 = CARTESIAN_POINT('',(-6.774017813632,2.332698088135,
    7.973564444465));
#2900 = CARTESIAN_POINT('',(-6.946845894353,1.698282827809,
    8.017379856272));
#2901 = CARTESIAN_POINT('',(-7.051854803844,1.051494061039,
    8.061205838196));
#2902 = CARTESIAN_POINT('',(-7.131291411041,-0.352201645641,
    8.155753982784));
#2903 = CARTESIAN_POINT('',(-7.082458991828,-1.111375143404,8.2065396518
    ));
#2904 = CARTESIAN_POINT('',(-6.941100493548,-1.862407407302,
    8.257300088314));
#2905 = CARTESIAN_POINT('',(-6.709093172341,-2.592243420017,
    8.308043515511));
#2906 = CARTESIAN_POINT('',(-6.390101581512,-3.288470991048,
    8.358787031124));
#2907 = CARTESIAN_POINT('',(-5.989758605265,-3.9394387913,8.409547647392
    ));
#2908 = CARTESIAN_POINT('',(-5.515451853856,-4.534219965603,
    8.460333416604));
#2909 = CARTESIAN_POINT('',(-4.557352780127,-5.476076214969,
    8.550683370966));
#2910 = CARTESIAN_POINT('',(-4.09807377971,-5.849271920775,
    8.590303108654));
#2911 = CARTESIAN_POINT('',(-3.604083628193,-6.178212014745,
    8.629916654072));
#2912 = CARTESIAN_POINT('',(-3.080418299498,-6.459203577719,
    8.669524625058));
#2913 = CARTESIAN_POINT('',(-2.532466626524,-6.689270175368,
    8.709132441479));
#2914 = CARTESIAN_POINT('',(-1.965933310839,-6.866097664491,
    8.748745610129));
#2915 = CARTESIAN_POINT('',(-1.386857755558,-6.988097074735,
    8.788364963843));
#2916 = CARTESIAN_POINT('',(-0.524983020107,-7.086037902926,
    8.846697638441));
#2917 = CARTESIAN_POINT('',(-0.246889291685,-7.105077956757,
    8.865423924459));
#2918 = CARTESIAN_POINT('',(3.196318913663E-02,-7.111641856908,
    8.884150054544));
#2919 = CARTESIAN_POINT('',(0.310920796182,-7.105697470105,
    8.902876013481));
#2920 = CARTESIAN_POINT('',(0.589331446035,-7.087253343894,
    8.921601991192));
#2921 = CARTESIAN_POINT('',(0.866544803918,-7.056357924142,
    8.940328177885));
#2922 = CARTESIAN_POINT('',(1.141912556978,-7.013100314454,
    8.959054558607));
#2923 = CARTESIAN_POINT('',(1.439324871686,-6.952623305459,
    8.979464499958));
#2924 = CARTESIAN_POINT('',(1.463840876187,-6.947535146374,
    8.981148293024));
#2925 = CARTESIAN_POINT('',(1.488336312439,-6.942348192803,
    8.982832087021));
#2926 = CARTESIAN_POINT('',(1.512810721425,-6.937062540671,
    8.984515882329));
#2927 = CARTESIAN_POINT('',(1.537263641135,-6.931678289288,
    8.986199679085));
#2928 = CARTESIAN_POINT('',(1.561694606564,-6.926195541351,8.98788347718
    ));
#2929 = CARTESIAN_POINT('',(1.586103149714,-6.920614402941,
    8.989567276257));
#2930 = CARTESIAN_POINT('',(2.044947858691,-6.813749440896,
    9.021249945252));
#2931 = CARTESIAN_POINT('',(2.472187240293,-6.681356916245,
    9.051252136052));
#2932 = CARTESIAN_POINT('',(2.889522403911,-6.518371065964,
    9.081253158051));
#2933 = CARTESIAN_POINT('',(3.294402615013,-6.325678201062,9.11125264699
    ));
#2934 = CARTESIAN_POINT('',(3.684396622582,-6.104401904768,
    9.141252229574));
#2935 = CARTESIAN_POINT('',(4.057190030923,-5.855890118696,
    9.171253443715));
#2936 = CARTESIAN_POINT('',(4.410594365715,-5.581724697591,
    9.201255713859));
#2937 = CARTESIAN_POINT('',(5.108381166212,-4.955408334154,
    9.264310976474));
#2938 = CARTESIAN_POINT('',(5.448270915457,-4.598067671321,
    9.297371989549));
#2939 = CARTESIAN_POINT('',(5.759466834019,-4.214191227883,
    9.330430046869));
#2940 = CARTESIAN_POINT('',(6.039578693694,-3.806494209283,
    9.363484412852));
#2941 = CARTESIAN_POINT('',(6.286542969187,-3.377905447066,
    9.396538173583));
#2942 = CARTESIAN_POINT('',(6.498607425326,-2.931549917013,
    9.429594956348));
#2943 = CARTESIAN_POINT('',(6.67435360838,-2.470755570997,9.462655185242
    ));
#2944 = CARTESIAN_POINT('',(6.882708195613,-1.760695923525,
    9.512419142603));
#2945 = CARTESIAN_POINT('',(6.943126476122,-1.519507522772,
    9.529126987115));
#2946 = CARTESIAN_POINT('',(6.993880727289,-1.275967601146,9.54583518546
    ));
#2947 = CARTESIAN_POINT('',(7.034865284144,-1.030528565119,
    9.562543713017));
#2948 = CARTESIAN_POINT('',(7.066000184049,-0.783646726394,9.5792525613)
  );
#2949 = CARTESIAN_POINT('',(7.08723117826,-0.535782121475,9.595961557814
    ));
#2950 = CARTESIAN_POINT('',(7.098529743495,-0.287398331237,
    9.612670185907));
#2951 = CARTESIAN_POINT('',(7.099893093501,-3.896230050492E-02,
    9.629377404625));
#2952 = PCURVE('',#1416,#2953);
#2953 = DEFINITIONAL_REPRESENTATION('',(#2954),#3048);
#2954 = B_SPLINE_CURVE_WITH_KNOTS('',8,(#2955,#2956,#2957,#2958,#2959,
    #2960,#2961,#2962,#2963,#2964,#2965,#2966,#2967,#2968,#2969,#2970,
    #2971,#2972,#2973,#2974,#2975,#2976,#2977,#2978,#2979,#2980,#2981,
    #2982,#2983,#2984,#2985,#2986,#2987,#2988,#2989,#2990,#2991,#2992,
    #2993,#2994,#2995,#2996,#2997,#2998,#2999,#3000,#3001,#3002,#3003,
    #3004,#3005,#3006,#3007,#3008,#3009,#3010,#3011,#3012,#3013,#3014,
    #3015,#3016,#3017,#3018,#3019,#3020,#3021,#3022,#3023,#3024,#3025,
    #3026,#3027,#3028,#3029,#3030,#3031,#3032,#3033,#3034,#3035,#3036,
    #3037,#3038,#3039,#3040,#3041,#3042,#3043,#3044,#3045,#3046,#3047),
  .UNSPECIFIED.,.F.,.F.,(9,7,7,7,7,7,7,7,7,7,7,7,7,9),(0.,
    4.495578926336E-02,0.131133615817,0.145194493387,0.268185710742,
    0.374501151155,0.491429984984,0.62688087883,0.73260522392,
    0.782591666985,0.787086281066,0.867163121931,0.955402631222,1.),
  .UNSPECIFIED.);
#2955 = CARTESIAN_POINT('',(0.,6.631997564046));
#2956 = CARTESIAN_POINT('',(3.527278728837E-02,6.64883891844));
#2957 = CARTESIAN_POINT('',(7.054596321314E-02,6.665679330609));
#2958 = CARTESIAN_POINT('',(0.105818985149,6.682519332791));
#2959 = CARTESIAN_POINT('',(0.141091802146,6.699359371698));
#2960 = CARTESIAN_POINT('',(0.176364611168,6.716199769564));
#2961 = CARTESIAN_POINT('',(0.211637613324,6.733040685194));
#2962 = CARTESIAN_POINT('',(0.246910770107,6.749882075017));
#2963 = CARTESIAN_POINT('',(0.349799597237,6.799008054166));
#2964 = CARTESIAN_POINT('',(0.417425029296,6.831298273957));
#2965 = CARTESIAN_POINT('',(0.485046268782,6.863587360587));
#2966 = CARTESIAN_POINT('',(0.552662276672,6.895873970481));
#2967 = CARTESIAN_POINT('',(0.620278292613,6.928159977486));
#2968 = CARTESIAN_POINT('',(0.687899557435,6.960447724824));
#2969 = CARTESIAN_POINT('',(0.755525027488,6.992736920929));
#2970 = CARTESIAN_POINT('',(0.834173397214,7.030288717495));
#2971 = CARTESIAN_POINT('',(0.845205716567,7.035556245838));
#2972 = CARTESIAN_POINT('',(0.856238038959,7.040823765076));
#2973 = CARTESIAN_POINT('',(0.867270364016,7.046091275879));
#2974 = CARTESIAN_POINT('',(0.878302690921,7.051358778733));
#2975 = CARTESIAN_POINT('',(0.889335018411,7.056626273937));
#2976 = CARTESIAN_POINT('',(0.900367344781,7.061893761603));
#2977 = CARTESIAN_POINT('',(1.007899963936,7.113236159884));
#2978 = CARTESIAN_POINT('',(1.104456111274,7.159337281434));
#2979 = CARTESIAN_POINT('',(1.200981799292,7.20542400638));
#2980 = CARTESIAN_POINT('',(1.297484654793,7.251500603835));
#2981 = CARTESIAN_POINT('',(1.393987502762,7.297577792577));
#2982 = CARTESIAN_POINT('',(1.490513170292,7.343665925936));
#2983 = CARTESIAN_POINT('',(1.587069291235,7.389768326329));
#2984 = CARTESIAN_POINT('',(1.766985891619,7.475671938208));
#2985 = CARTESIAN_POINT('',(1.850429187834,7.515512787113));
#2986 = CARTESIAN_POINT('',(1.933858550895,7.555346639114));
#2987 = CARTESIAN_POINT('',(2.017275751757,7.59517440848));
#2988 = CARTESIAN_POINT('',(2.100692948687,7.635002143231));
#2989 = CARTESIAN_POINT('',(2.184122311361,7.674835934102));
#2990 = CARTESIAN_POINT('',(2.267565622875,7.71467679614));
#2991 = CARTESIAN_POINT('',(2.442725561366,7.798309642808));
#2992 = CARTESIAN_POINT('',(2.534512652272,7.842135365707));
#2993 = CARTESIAN_POINT('',(2.626276438212,7.885950555416));
#2994 = CARTESIAN_POINT('',(2.718021900552,7.929757455711));
#2995 = CARTESIAN_POINT('',(2.809767362807,7.973564444465));
#2996 = CARTESIAN_POINT('',(2.901531147965,8.017379856272));
#2997 = CARTESIAN_POINT('',(2.993318239109,8.061205838196));
#2998 = CARTESIAN_POINT('',(3.191338184219,8.155753982784));
#2999 = CARTESIAN_POINT('',(3.297704476944,8.2065396518));
#3000 = CARTESIAN_POINT('',(3.404019763461,8.257300088314));
#3001 = CARTESIAN_POINT('',(3.510300721163,8.308043515511));
#3002 = CARTESIAN_POINT('',(3.616581722383,8.358787031124));
#3003 = CARTESIAN_POINT('',(3.722897160545,8.409547647392));
#3004 = CARTESIAN_POINT('',(3.829263696526,8.460333416604));
#3005 = CARTESIAN_POINT('',(4.018491920009,8.550683370966));
#3006 = CARTESIAN_POINT('',(4.101470436055,8.590303108654));
#3007 = CARTESIAN_POINT('',(4.184435406443,8.629916654072));
#3008 = CARTESIAN_POINT('',(4.2673885151,8.669524625058));
#3009 = CARTESIAN_POINT('',(4.350341628289,8.709132441479));
#3010 = CARTESIAN_POINT('',(4.433306610458,8.748745610129));
#3011 = CARTESIAN_POINT('',(4.516285140648,8.788364963843));
#3012 = CARTESIAN_POINT('',(4.638457215926,8.846697638441));
#3013 = CARTESIAN_POINT('',(4.677677661306,8.865423924459));
#3014 = CARTESIAN_POINT('',(4.716897824818,8.884150054544));
#3015 = CARTESIAN_POINT('',(4.756117634993,8.902876013481));
#3016 = CARTESIAN_POINT('',(4.795337443542,8.921601991192));
#3017 = CARTESIAN_POINT('',(4.834557602525,8.940328177885));
#3018 = CARTESIAN_POINT('',(4.873778041553,8.959054558607));
#3019 = CARTESIAN_POINT('',(4.916524358827,8.979464499958));
#3020 = CARTESIAN_POINT('',(4.920050872046,8.981148293024));
#3021 = CARTESIAN_POINT('',(4.923577385988,8.982832087021));
#3022 = CARTESIAN_POINT('',(4.927103901436,8.984515882329));
#3023 = CARTESIAN_POINT('',(4.930630418661,8.986199679085));
#3024 = CARTESIAN_POINT('',(4.934156937418,8.98788347718));
#3025 = CARTESIAN_POINT('',(4.937683456951,8.989567276257));
#3026 = CARTESIAN_POINT('',(5.004039064064,9.021249945252));
#3027 = CARTESIAN_POINT('',(5.066874696232,9.051252136052));
#3028 = CARTESIAN_POINT('',(5.129707407159,9.081253158051));
#3029 = CARTESIAN_POINT('',(5.192536471883,9.11125264699));
#3030 = CARTESIAN_POINT('',(5.255365536575,9.141252229574));
#3031 = CARTESIAN_POINT('',(5.318198248576,9.171253443715));
#3032 = CARTESIAN_POINT('',(5.381033885718,9.201255713859));
#3033 = CARTESIAN_POINT('',(5.513096596326,9.264310976474));
#3034 = CARTESIAN_POINT('',(5.582340717337,9.297371989549));
#3035 = CARTESIAN_POINT('',(5.65158014987,9.330430046869));
#3036 = CARTESIAN_POINT('',(5.720813722942,9.363484412852));
#3037 = CARTESIAN_POINT('',(5.790047317195,9.396538173583));
#3038 = CARTESIAN_POINT('',(5.859286826704,9.429594956348));
#3039 = CARTESIAN_POINT('',(5.928531058082,9.462655185242));
#3040 = CARTESIAN_POINT('',(6.032756061601,9.512419142603));
#3041 = CARTESIAN_POINT('',(6.0677479154,9.529126987115));
#3042 = CARTESIAN_POINT('',(6.102739612975,9.54583518546));
#3043 = CARTESIAN_POINT('',(6.137731109127,9.562543713017));
#3044 = CARTESIAN_POINT('',(6.172722596664,9.5792525613));
#3045 = CARTESIAN_POINT('',(6.207714274299,9.595961557814));
#3046 = CARTESIAN_POINT('',(6.242706114558,9.612670185907));
#3047 = CARTESIAN_POINT('',(6.277697631678,9.629377404625));
#3048 = ( GEOMETRIC_REPRESENTATION_CONTEXT(2) 
PARAMETRIC_REPRESENTATION_CONTEXT() REPRESENTATION_CONTEXT('2D SPACE',''
  ) );
#3049 = PCURVE('',#1369,#3050);
#3050 = DEFINITIONAL_REPRESENTATION('',(#3051),#3145);
#3051 = B_SPLINE_CURVE_WITH_KNOTS('',8,(#3052,#3053,#3054,#3055,#3056,
    #3057,#3058,#3059,#3060,#3061,#3062,#3063,#3064,#3065,#3066,#3067,
    #3068,#3069,#3070,#3071,#3072,#3073,#3074,#3075,#3076,#3077,#3078,
    #3079,#3080,#3081,#3082,#3083,#3084,#3085,#3086,#3087,#3088,#3089,
    #3090,#3091,#3092,#3093,#3094,#3095,#3096,#3097,#3098,#3099,#3100,
    #3101,#3102,#3103,#3104,#3105,#3106,#3107,#3108,#3109,#3110,#3111,
    #3112,#3113,#3114,#3115,#3116,#3117,#3118,#3119,#3120,#3121,#3122,
    #3123,#3124,#3125,#3126,#3127,#3128,#3129,#3130,#3131,#3132,#3133,
    #3134,#3135,#3136,#3137,#3138,#3139,#3140,#3141,#3142,#3143,#3144),
  .UNSPECIFIED.,.F.,.F.,(9,7,7,7,7,7,7,7,7,7,7,7,7,9),(0.,
    4.495578926336E-02,0.131133615817,0.145194493387,0.268185710742,
    0.374501151155,0.491429984984,0.62688087883,0.73260522392,
    0.782591666985,0.787086281066,0.867163121931,0.955402631222,1.),
  .UNSPECIFIED.);
#3052 = CARTESIAN_POINT('',(-1.234708593641E-04,6.081109265188E-03));
#3053 = CARTESIAN_POINT('',(-1.237989489354E-04,4.516827665151E-02));
#3054 = CARTESIAN_POINT('',(-1.264297682661E-04,8.425592340074E-02));
#3055 = CARTESIAN_POINT('',(-1.297791064786E-04,0.123343450541));
#3056 = CARTESIAN_POINT('',(-1.32889032917E-04,0.162430785719));
#3057 = CARTESIAN_POINT('',(-1.352800106096E-04,0.201518121579));
#3058 = CARTESIAN_POINT('',(-1.368030097298E-04,0.240605654141));
#3059 = CARTESIAN_POINT('',(-1.374916210584E-04,0.279693321173));
#3060 = CARTESIAN_POINT('',(-1.372656988743E-04,0.393708634797));
#3061 = CARTESIAN_POINT('',(-1.343106989173E-04,0.468646986526));
#3062 = CARTESIAN_POINT('',(-1.294183420016E-04,0.543580465199));
#3063 = CARTESIAN_POINT('',(-1.243432979307E-04,0.618507984143));
#3064 = CARTESIAN_POINT('',(-1.204485926061E-04,0.693435470481));
#3065 = CARTESIAN_POINT('',(-1.181532982787E-04,0.768368847761));
#3066 = CARTESIAN_POINT('',(-1.171050553278E-04,0.843307031329));
#3067 = CARTESIAN_POINT('',(-1.170729174643E-04,0.930460263315));
#3068 = CARTESIAN_POINT('',(-1.170948619406E-04,0.942685597701));
#3069 = CARTESIAN_POINT('',(-1.171416642622E-04,0.954910939734));
#3070 = CARTESIAN_POINT('',(-1.172116518479E-04,0.967136289037));
#3071 = CARTESIAN_POINT('',(-1.173030742711E-04,0.979361644709));
#3072 = CARTESIAN_POINT('',(-1.174141032594E-04,0.991587005327));
#3073 = CARTESIAN_POINT('',(-1.175428326951E-04,1.003812368946));
#3074 = CARTESIAN_POINT('',(-1.189507544844E-04,1.12297362039));
#3075 = CARTESIAN_POINT('',(-1.214182463769E-04,1.229971716533));
#3076 = CARTESIAN_POINT('',(-1.23817891966E-04,1.336936321315));
#3077 = CARTESIAN_POINT('',(-1.246958384227E-04,1.443875659523));
#3078 = CARTESIAN_POINT('',(-1.241626778857E-04,1.550814736227));
#3079 = CARTESIAN_POINT('',(-1.232482763417E-04,1.657778772677));
#3080 = CARTESIAN_POINT('',(-1.226402951158E-04,1.764776276004));
#3081 = CARTESIAN_POINT('',(-1.2263018996E-04,1.964148366191));
#3082 = CARTESIAN_POINT('',(-1.230749620132E-04,2.056614769537));
#3083 = CARTESIAN_POINT('',(-1.24154351496E-04,2.149065668675));
#3084 = CARTESIAN_POINT('',(-1.258173261229E-04,2.241503126426));
#3085 = CARTESIAN_POINT('',(-1.276485009716E-04,2.333940698589));
#3086 = CARTESIAN_POINT('',(-1.291150943764E-04,2.426391904165));
#3087 = CARTESIAN_POINT('',(-1.298724038145E-04,2.518858699854));
#3088 = CARTESIAN_POINT('',(-1.29743898368E-04,2.712960476033));
#3089 = CARTESIAN_POINT('',(-1.286863943895E-04,2.814673560256));
#3090 = CARTESIAN_POINT('',(-1.264937085234E-04,2.916360883854));
#3091 = CARTESIAN_POINT('',(-1.233639662202E-04,3.018027883756));
#3092 = CARTESIAN_POINT('',(-1.199735890738E-04,3.119694787192));
#3093 = CARTESIAN_POINT('',(-1.171439997288E-04,3.221381888828));
#3094 = CARTESIAN_POINT('',(-1.153707467938E-04,3.323094745508));
#3095 = CARTESIAN_POINT('',(-1.141050724323E-04,3.542528317835));
#3096 = CARTESIAN_POINT('',(-1.15017975459E-04,3.660396893495));
#3097 = CARTESIAN_POINT('',(-1.177251001336E-04,3.778208984902));
#3098 = CARTESIAN_POINT('',(-1.217834027417E-04,3.895983164132));
#3099 = CARTESIAN_POINT('',(-1.258562443067E-04,4.013757565393));
#3100 = CARTESIAN_POINT('',(-1.286617547653E-04,4.131570187906));
#3101 = CARTESIAN_POINT('',(-1.298883575552E-04,4.249439359317));
#3102 = CARTESIAN_POINT('',(-1.297510409152E-04,4.459130736139));
#3103 = CARTESIAN_POINT('',(-1.2889694355E-04,4.551082462692));
#3104 = CARTESIAN_POINT('',(-1.273808312581E-04,4.643019051223));
#3105 = CARTESIAN_POINT('',(-1.25560478879E-04,4.7349423499));
#3106 = CARTESIAN_POINT('',(-1.239572641023E-04,4.826865541257));
#3107 = CARTESIAN_POINT('',(-1.229580764313E-04,4.918801853863));
#3108 = CARTESIAN_POINT('',(-1.225852809078E-04,5.010753246521));
#3109 = CARTESIAN_POINT('',(-1.226638050457E-04,5.146136561601));
#3110 = CARTESIAN_POINT('',(-1.227841694522E-04,5.189598191372));
#3111 = CARTESIAN_POINT('',(-1.229786517732E-04,5.233059545059));
#3112 = CARTESIAN_POINT('',(-1.232141225186E-04,5.276520548987));
#3113 = CARTESIAN_POINT('',(-1.234491354975E-04,5.319981595958));
#3114 = CARTESIAN_POINT('',(-1.236393086291E-04,5.363443076037));
#3115 = CARTESIAN_POINT('',(-1.237443113671E-04,5.406904907819));
#3116 = CARTESIAN_POINT('',(-1.237357526529E-04,5.454273952802));
#3117 = CARTESIAN_POINT('',(-1.237341336609E-04,5.458181835071));
#3118 = CARTESIAN_POINT('',(-1.237315813349E-04,5.462089718419));
#3119 = CARTESIAN_POINT('',(-1.237280760999E-04,5.465997603708));
#3120 = CARTESIAN_POINT('',(-1.237235992299E-04,5.469905491232));
#3121 = CARTESIAN_POINT('',(-1.237181328484E-04,5.473813380717));
#3122 = CARTESIAN_POINT('',(-1.23711659928E-04,5.477721271318));
#3123 = CARTESIAN_POINT('',(-1.235706206865E-04,5.55125282773));
#3124 = CARTESIAN_POINT('',(-1.23111189045E-04,5.620883824781));
#3125 = CARTESIAN_POINT('',(-1.222410371174E-04,5.690511633641));
#3126 = CARTESIAN_POINT('',(-1.209500287348E-04,5.760135397171));
#3127 = CARTESIAN_POINT('',(-1.194127984989E-04,5.829759092958));
#3128 = CARTESIAN_POINT('',(-1.179889912175E-04,5.899386706719));
#3129 = CARTESIAN_POINT('',(-1.171136660864E-04,5.969017406385));
#3130 = CARTESIAN_POINT('',(-1.170384158106E-04,6.115361110487));
#3131 = CARTESIAN_POINT('',(-1.180510618879E-04,6.192092975917));
#3132 = CARTESIAN_POINT('',(-1.203556380482E-04,6.268819477217));
#3133 = CARTESIAN_POINT('',(-1.243689002585E-04,6.345539389724));
#3134 = CARTESIAN_POINT('',(-1.296450645802E-04,6.422259359732));
#3135 = CARTESIAN_POINT('',(-1.346788007802E-04,6.498986062834));
#3136 = CARTESIAN_POINT('',(-1.375506812256E-04,6.57571826094));
#3137 = CARTESIAN_POINT('',(-1.373465530401E-04,6.691214271612));
#3138 = CARTESIAN_POINT('',(-1.365088467718E-04,6.729990228596));
#3139 = CARTESIAN_POINT('',(-1.348480008498E-04,6.768766053732));
#3140 = CARTESIAN_POINT('',(-1.323528717694E-04,6.807541676975));
#3141 = CARTESIAN_POINT('',(-1.292004898805E-04,6.846317283602));
#3142 = CARTESIAN_POINT('',(-1.259014113377E-04,6.885093064405));
#3143 = CARTESIAN_POINT('',(-1.234450700517E-04,6.92386896589));
#3144 = CARTESIAN_POINT('',(-1.234451296395E-04,6.962644440466));
#3145 = ( GEOMETRIC_REPRESENTATION_CONTEXT(2) 
PARAMETRIC_REPRESENTATION_CONTEXT() REPRESENTATION_CONTEXT('2D SPACE',''
  ) );
#3146 = ORIENTED_EDGE('',*,*,#3147,.T.);
#3147 = EDGE_CURVE('',#2855,#3148,#3150,.T.);
#3148 = VERTEX_POINT('',#3149);
#3149 = CARTESIAN_POINT('',(7.1,-1.738998454789E-15,9.631997564046));
#3150 = SURFACE_CURVE('',#3151,(#3154,#3160),.PCURVE_S1.);
#3151 = B_SPLINE_CURVE_WITH_KNOTS('',1,(#3152,#3153),.UNSPECIFIED.,.F.,
  .F.,(2,2),(0.,1.),.PIECEWISE_BEZIER_KNOTS.);
#3152 = CARTESIAN_POINT('',(7.099893093501,-3.896230050959E-02,
    9.629377404693));
#3153 = CARTESIAN_POINT('',(7.1,-2.553512956638E-15,9.631997564046));
#3154 = PCURVE('',#1416,#3155);
#3155 = DEFINITIONAL_REPRESENTATION('',(#3156),#3159);
#3156 = B_SPLINE_CURVE_WITH_KNOTS('',1,(#3157,#3158),.UNSPECIFIED.,.F.,
  .F.,(2,2),(0.,1.),.PIECEWISE_BEZIER_KNOTS.);
#3157 = CARTESIAN_POINT('',(6.277697631677,9.629377404693));
#3158 = CARTESIAN_POINT('',(6.28318530718,9.631997564046));
#3159 = ( GEOMETRIC_REPRESENTATION_CONTEXT(2) 
PARAMETRIC_REPRESENTATION_CONTEXT() REPRESENTATION_CONTEXT('2D SPACE',''
  ) );
#3160 = PCURVE('',#3161,#3186);
#3161 = B_SPLINE_SURFACE_WITH_KNOTS('',1,11,(
    (#3162,#3163,#3164,#3165,#3166,#3167,#3168,#3169,#3170,#3171,#3172
      ,#3173)
    ,(#3174,#3175,#3176,#3177,#3178,#3179,#3180,#3181,#3182,#3183,#3184
      ,#3185
    )),.UNSPECIFIED.,.F.,.F.,.F.,(2,2),(12,12),(-0.981495457622,-0.),(0.
    ,6.962644440466),.PIECEWISE_BEZIER_KNOTS.);
#3162 = CARTESIAN_POINT('',(6.25,-6.03873178917E-03,9.139797181016));
#3163 = CARTESIAN_POINT('',(6.253449315664,3.563952910005,9.412524454317
    ));
#3164 = CARTESIAN_POINT('',(4.014289098382,7.136030525105,9.685251724859
    ));
#3165 = CARTESIAN_POINT('',(-0.47364528153,9.145145872609,9.957979003281
    ));
#3166 = CARTESIAN_POINT('',(-5.959803049362,8.018723566789,
    10.230706265254));
#3167 = CARTESIAN_POINT('',(-10.05416722068,3.314267367894,
    10.503433553409));
#3168 = CARTESIAN_POINT('',(-10.06055292385,-3.294832583892,
    10.776160808692));
#3169 = CARTESIAN_POINT('',(-5.975287234963,-8.0071919173,
    11.048888097181));
#3170 = CARTESIAN_POINT('',(-0.49131641104,-9.144213529441,
    11.321615358722));
#3171 = CARTESIAN_POINT('',(4.000491993769,-7.143774383251,
    11.594342637452));
#3172 = CARTESIAN_POINT('',(6.246550684345,-3.576030373595,
    11.867069907857));
#3173 = CARTESIAN_POINT('',(6.250000000019,-6.038731801412E-03,
    12.139797181195));
#3174 = CARTESIAN_POINT('',(7.1,-3.896644190514E-02,9.629438988095));
#3175 = CARTESIAN_POINT('',(7.122257580419,4.016544074581,9.902166260825
    ));
#3176 = CARTESIAN_POINT('',(4.596910311364,8.085944525956,
    10.174893533537));
#3177 = CARTESIAN_POINT('',(-0.491084528897,10.391364412925,
    10.447620806305));
#3178 = CARTESIAN_POINT('',(-6.729173471916,9.139925078819,
    10.720348078963));
#3179 = CARTESIAN_POINT('',(-11.40455836145,3.816673190543,
    10.993075351771));
#3180 = CARTESIAN_POINT('',(-11.44576372359,-3.691265338814,
    11.265802624436));
#3181 = CARTESIAN_POINT('',(-6.829089089946,-9.065514198293,
    11.53852989719));
#3182 = CARTESIAN_POINT('',(-0.605111954595,-10.38534823322,
    11.811257169917));
#3183 = CARTESIAN_POINT('',(4.507881009567,-8.135913726226,
    12.083984442637));
#3184 = CARTESIAN_POINT('',(7.07774241968,-4.09447695839,12.356711715369
    ));
#3185 = CARTESIAN_POINT('',(7.100000000123,-3.896644190527E-02,
    12.629438988095));
#3186 = DEFINITIONAL_REPRESENTATION('',(#3187),#3190);
#3187 = B_SPLINE_CURVE_WITH_KNOTS('',1,(#3188,#3189),.UNSPECIFIED.,.F.,
  .F.,(2,2),(0.,1.),.PIECEWISE_BEZIER_KNOTS.);
#3188 = CARTESIAN_POINT('',(-1.234449922912E-04,0.));
#3189 = CARTESIAN_POINT('',(-1.234744948379E-04,6.081109424643E-03));
#3190 = ( GEOMETRIC_REPRESENTATION_CONTEXT(2) 
PARAMETRIC_REPRESENTATION_CONTEXT() REPRESENTATION_CONTEXT('2D SPACE',''
  ) );
#3191 = ORIENTED_EDGE('',*,*,#3192,.T.);
#3192 = EDGE_CURVE('',#3148,#3193,#3195,.T.);
#3193 = VERTEX_POINT('',#3194);
#3194 = CARTESIAN_POINT('',(7.1,-1.738998454789E-15,9.967998006279));
#3195 = SURFACE_CURVE('',#3196,(#3200,#3207),.PCURVE_S1.);
#3196 = LINE('',#3197,#3198);
#3197 = CARTESIAN_POINT('',(7.1,-1.738998454789E-15,0.));
#3198 = VECTOR('',#3199,1.);
#3199 = DIRECTION('',(0.,0.,1.));
#3200 = PCURVE('',#1416,#3201);
#3201 = DEFINITIONAL_REPRESENTATION('',(#3202),#3206);
#3202 = LINE('',#3203,#3204);
#3203 = CARTESIAN_POINT('',(6.28318530718,-0.));
#3204 = VECTOR('',#3205,1.);
#3205 = DIRECTION('',(0.,1.));
#3206 = ( GEOMETRIC_REPRESENTATION_CONTEXT(2) 
PARAMETRIC_REPRESENTATION_CONTEXT() REPRESENTATION_CONTEXT('2D SPACE',''
  ) );
#3207 = PCURVE('',#3208,#3213);
#3208 = CYLINDRICAL_SURFACE('',#3209,7.1);
#3209 = AXIS2_PLACEMENT_3D('',#3210,#3211,#3212);
#3210 = CARTESIAN_POINT('',(0.,0.,0.));
#3211 = DIRECTION('',(0.,0.,1.));
#3212 = DIRECTION('',(1.,0.,0.));
#3213 = DEFINITIONAL_REPRESENTATION('',(#3214),#3218);
#3214 = LINE('',#3215,#3216);
#3215 = CARTESIAN_POINT('',(0.,-0.));
#3216 = VECTOR('',#3217,1.);
#3217 = DIRECTION('',(0.,1.));
#3218 = ( GEOMETRIC_REPRESENTATION_CONTEXT(2) 
PARAMETRIC_REPRESENTATION_CONTEXT() REPRESENTATION_CONTEXT('2D SPACE',''
  ) );
#3219 = ORIENTED_EDGE('',*,*,#3220,.F.);
#3220 = EDGE_CURVE('',#2560,#3193,#3221,.T.);
#3221 = SURFACE_CURVE('',#3222,(#3267,#3315),.PCURVE_S1.);
#3222 = B_SPLINE_CURVE_WITH_KNOTS('',8,(#3223,#3224,#3225,#3226,#3227,
    #3228,#3229,#3230,#3231,#3232,#3233,#3234,#3235,#3236,#3237,#3238,
    #3239,#3240,#3241,#3242,#3243,#3244,#3245,#3246,#3247,#3248,#3249,
    #3250,#3251,#3252,#3253,#3254,#3255,#3256,#3257,#3258,#3259,#3260,
    #3261,#3262,#3263,#3264,#3265,#3266),.UNSPECIFIED.,.F.,.F.,(9,7,7,7,
    7,7,9),(0.,8.950665109787E-02,0.266726516742,0.43543678752,
    0.542434611398,0.750551596083,1.),.UNSPECIFIED.);
#3223 = CARTESIAN_POINT('',(-7.099893093501,-3.896230050958E-02,
    8.470622595307));
#3224 = CARTESIAN_POINT('',(-7.09852612977,-0.288056841212,
    8.487374098543));
#3225 = CARTESIAN_POINT('',(-7.087171210254,-0.537098931252,
    8.504127023072));
#3226 = CARTESIAN_POINT('',(-7.065831137501,-0.785617834457,
    8.520880315276));
#3227 = CARTESIAN_POINT('',(-7.034534736939,-1.033146247061,
    8.537633453306));
#3228 = CARTESIAN_POINT('',(-6.993336834929,-1.279220481948,
    8.554386264839));
#3229 = CARTESIAN_POINT('',(-6.942318236797,-1.523380652881,
    8.571138744845));
#3230 = CARTESIAN_POINT('',(-6.881585704891,-1.765170858745,
    8.587890873346));
#3231 = CARTESIAN_POINT('',(-6.672053270583,-2.477288195771,
    8.637809903389));
#3232 = CARTESIAN_POINT('',(-6.49524961832,-2.939458908853,
    8.670980907066));
#3233 = CARTESIAN_POINT('',(-6.281898006319,-3.387054958516,
    8.704148449173));
#3234 = CARTESIAN_POINT('',(-6.033435198006,-3.816716455608,
    8.737312955919));
#3235 = CARTESIAN_POINT('',(-5.751635782438,-4.2252894223,8.770478093512
    ));
#3236 = CARTESIAN_POINT('',(-5.438589253614,-4.609819263326,
    8.803646997436));
#3237 = CARTESIAN_POINT('',(-5.096716080383,-4.967568456507,
    8.83681891224));
#3238 = CARTESIAN_POINT('',(-4.378594646102,-5.608775310981,
    8.901560970413));
#3239 = CARTESIAN_POINT('',(-4.00468680758,-5.895063360717,
    8.933140251922));
#3240 = CARTESIAN_POINT('',(-3.609490988799,-6.152766627733,
    8.964718099741));
#3241 = CARTESIAN_POINT('',(-3.19557654476,-6.380061726212,
    8.996293793335));
#3242 = CARTESIAN_POINT('',(-2.76566298673,-6.575414103007,
    9.027869342461));
#3243 = CARTESIAN_POINT('',(-2.322607898665,-6.73756491593,
    9.059446875616));
#3244 = CARTESIAN_POINT('',(-1.869410231376,-6.865548555855,
    9.091025952732));
#3245 = CARTESIAN_POINT('',(-1.117377192937,-7.017844319705,
    9.142625902872));
#3246 = CARTESIAN_POINT('',(-0.822686228351,-7.062960110427,
    9.16265134795));
#3247 = CARTESIAN_POINT('',(-0.525947231704,-7.09392689816,
    9.182676540439));
#3248 = CARTESIAN_POINT('',(-0.227953883609,-7.110639986875,
    9.202701455976));
#3249 = CARTESIAN_POINT('',(7.049808337713E-02,-7.113047829663,
    9.222726356176));
#3250 = CARTESIAN_POINT('',(0.368611273357,-7.101150890819,
    9.242751502054));
#3251 = CARTESIAN_POINT('',(0.665586926644,-7.075002811502,
    9.262776867413));
#3252 = CARTESIAN_POINT('',(1.534491579883,-6.956349564182,
    9.321751611202));
#3253 = CARTESIAN_POINT('',(2.101222033661,-6.82445983504,9.360713088608
    ));
#3254 = CARTESIAN_POINT('',(2.654732992955,-6.639822386256,
    9.399668913828));
#3255 = CARTESIAN_POINT('',(3.189313731419,-6.404061427519,9.43861977069
    ));
#3256 = CARTESIAN_POINT('',(3.699578401023,-6.119474491603,
    9.477570744402));
#3257 = CARTESIAN_POINT('',(4.180448203294,-5.788975617482,
    9.516526851724));
#3258 = CARTESIAN_POINT('',(4.627185971217,-5.416143794001,
    9.555488605629));
#3259 = CARTESIAN_POINT('',(5.524916098707,-4.513007957838,
    9.641123653282));
#3260 = CARTESIAN_POINT('',(5.959606654024,-3.965660432286,
    9.687836794368));
#3261 = CARTESIAN_POINT('',(6.331865985174,-3.370846804574,
    9.734533734076));
#3262 = CARTESIAN_POINT('',(6.635874914755,-2.737008506377,
    9.781218604278));
#3263 = CARTESIAN_POINT('',(6.867107869597,-2.073153256915,
    9.827903347541));
#3264 = CARTESIAN_POINT('',(7.022424251877,-1.388860112322,9.87459999641
    ));
#3265 = CARTESIAN_POINT('',(7.1,-0.694218085917,9.921312894556));
#3266 = CARTESIAN_POINT('',(7.1,-1.7763568394E-15,9.967998006279));
#3267 = PCURVE('',#1416,#3268);
#3268 = DEFINITIONAL_REPRESENTATION('',(#3269),#3314);
#3269 = B_SPLINE_CURVE_WITH_KNOTS('',8,(#3270,#3271,#3272,#3273,#3274,
    #3275,#3276,#3277,#3278,#3279,#3280,#3281,#3282,#3283,#3284,#3285,
    #3286,#3287,#3288,#3289,#3290,#3291,#3292,#3293,#3294,#3295,#3296,
    #3297,#3298,#3299,#3300,#3301,#3302,#3303,#3304,#3305,#3306,#3307,
    #3308,#3309,#3310,#3311,#3312,#3313),.UNSPECIFIED.,.F.,.F.,(9,7,7,7,
    7,7,9),(0.,8.950665109787E-02,0.266726516742,0.43543678752,
    0.542434611398,0.750551596083,1.),.UNSPECIFIED.);
#3270 = CARTESIAN_POINT('',(3.147080329092,8.470622595307));
#3271 = CARTESIAN_POINT('',(3.182164595492,8.487374098543));
#3272 = CARTESIAN_POINT('',(3.217249196134,8.504127023072));
#3273 = CARTESIAN_POINT('',(3.252333632007,8.520880315276));
#3274 = CARTESIAN_POINT('',(3.287417871493,8.537633453306));
#3275 = CARTESIAN_POINT('',(3.322502115657,8.554386264839));
#3276 = CARTESIAN_POINT('',(3.357586563537,8.571138744845));
#3277 = CARTESIAN_POINT('',(3.392671177439,8.587890873346));
#3278 = CARTESIAN_POINT('',(3.49722100949,8.637809903389));
#3279 = CARTESIAN_POINT('',(3.566697294373,8.670980907066));
#3280 = CARTESIAN_POINT('',(3.636168820808,8.704148449173));
#3281 = CARTESIAN_POINT('',(3.705634378677,8.737312955919));
#3282 = CARTESIAN_POINT('',(3.775099936508,8.770478093512));
#3283 = CARTESIAN_POINT('',(3.84457148805,8.803646997436));
#3284 = CARTESIAN_POINT('',(3.914047838731,8.83681891224));
#3285 = CARTESIAN_POINT('',(4.049643289454,8.901560970413));
#3286 = CARTESIAN_POINT('',(4.115781676419,8.933140251922));
#3287 = CARTESIAN_POINT('',(4.181916304132,8.964718099741));
#3288 = CARTESIAN_POINT('',(4.248046236643,8.996293793335));
#3289 = CARTESIAN_POINT('',(4.31417616762,9.027869342461));
#3290 = CARTESIAN_POINT('',(4.380310793545,9.059446875616));
#3291 = CARTESIAN_POINT('',(4.446449183287,9.091025952732));
#3292 = CARTESIAN_POINT('',(4.554519459029,9.142625902872));
#3293 = CARTESIAN_POINT('',(4.596460665495,9.16265134795));
#3294 = CARTESIAN_POINT('',(4.63840148501,9.182676540439));
#3295 = CARTESIAN_POINT('',(4.680341817151,9.202701455976));
#3296 = CARTESIAN_POINT('',(4.722282151961,9.222726356176));
#3297 = CARTESIAN_POINT('',(4.764222980156,9.242751502054));
#3298 = CARTESIAN_POINT('',(4.806164201098,9.262776867413));
#3299 = CARTESIAN_POINT('',(4.929680902444,9.321751611202));
#3300 = CARTESIAN_POINT('',(5.011281453953,9.360713088608));
#3301 = CARTESIAN_POINT('',(5.092869583224,9.399668913828));
#3302 = CARTESIAN_POINT('',(5.174446713096,9.43861977069));
#3303 = CARTESIAN_POINT('',(5.256023838576,9.477570744402));
#3304 = CARTESIAN_POINT('',(5.337611956607,9.516526851724));
#3305 = CARTESIAN_POINT('',(5.419212495345,9.555488605629));
#3306 = CARTESIAN_POINT('',(5.598566054755,9.641123653282));
#3307 = CARTESIAN_POINT('',(5.6964028542,9.687836794368));
#3308 = CARTESIAN_POINT('',(5.79420702992,9.734533734076));
#3309 = CARTESIAN_POINT('',(5.891987061332,9.781218604278));
#3310 = CARTESIAN_POINT('',(5.98976710182,9.827903347541));
#3311 = CARTESIAN_POINT('',(6.087571277183,9.87459999641));
#3312 = CARTESIAN_POINT('',(6.18540811198,9.921312894556));
#3313 = CARTESIAN_POINT('',(6.28318530718,9.967998006279));
#3314 = ( GEOMETRIC_REPRESENTATION_CONTEXT(2) 
PARAMETRIC_REPRESENTATION_CONTEXT() REPRESENTATION_CONTEXT('2D SPACE',''
  ) );
#3315 = PCURVE('',#2574,#3316);
#3316 = DEFINITIONAL_REPRESENTATION('',(#3317),#3362);
#3317 = B_SPLINE_CURVE_WITH_KNOTS('',8,(#3318,#3319,#3320,#3321,#3322,
    #3323,#3324,#3325,#3326,#3327,#3328,#3329,#3330,#3331,#3332,#3333,
    #3334,#3335,#3336,#3337,#3338,#3339,#3340,#3341,#3342,#3343,#3344,
    #3345,#3346,#3347,#3348,#3349,#3350,#3351,#3352,#3353,#3354,#3355,
    #3356,#3357,#3358,#3359,#3360,#3361),.UNSPECIFIED.,.F.,.F.,(9,7,7,7,
    7,7,9),(0.,8.950665109787E-02,0.266726516742,0.43543678752,
    0.542434611398,0.750551596083,1.),.UNSPECIFIED.);
#3318 = CARTESIAN_POINT('',(-0.98137201263,0.));
#3319 = CARTESIAN_POINT('',(-0.98137201269,3.887825369677E-02));
#3320 = CARTESIAN_POINT('',(-0.981369543418,7.775694698606E-02));
#3321 = CARTESIAN_POINT('',(-0.981366231081,0.116635517487));
#3322 = CARTESIAN_POINT('',(-0.981363071386,0.155513906898));
#3323 = CARTESIAN_POINT('',(-0.981360576578,0.194392308375));
#3324 = CARTESIAN_POINT('',(-0.981358922558,0.2332709139));
#3325 = CARTESIAN_POINT('',(-0.981358095982,0.27214966166));
#3326 = CARTESIAN_POINT('',(-0.981357933246,0.388005625574));
#3327 = CARTESIAN_POINT('',(-0.981360847793,0.464994968222));
#3328 = CARTESIAN_POINT('',(-0.981365918632,0.54197877359));
#3329 = CARTESIAN_POINT('',(-0.981371207945,0.618955787196));
#3330 = CARTESIAN_POINT('',(-0.981375205426,0.695932769208));
#3331 = CARTESIAN_POINT('',(-0.981377475207,0.772916492054));
#3332 = CARTESIAN_POINT('',(-0.981378450762,0.849905704305));
#3333 = CARTESIAN_POINT('',(-0.98137830832,1.000164183183));
#3334 = CARTESIAN_POINT('',(-0.981377318338,1.073454806567));
#3335 = CARTESIAN_POINT('',(-0.981375753317,1.146741436732));
#3336 = CARTESIAN_POINT('',(-0.9813741262,1.2200229953));
#3337 = CARTESIAN_POINT('',(-0.98137284115,1.293304614629));
#3338 = CARTESIAN_POINT('',(-0.9813720628,1.366591425324));
#3339 = CARTESIAN_POINT('',(-0.981371731016,1.439882336414));
#3340 = CARTESIAN_POINT('',(-0.981371714914,1.559639686428));
#3341 = CARTESIAN_POINT('',(-0.981371837206,1.606116512634));
#3342 = CARTESIAN_POINT('',(-0.981372054092,1.652592862135));
#3343 = CARTESIAN_POINT('',(-0.98137231499,1.69906861982));
#3344 = CARTESIAN_POINT('',(-0.981372564968,1.745544329268));
#3345 = CARTESIAN_POINT('',(-0.981372754412,1.792020538817));
#3346 = CARTESIAN_POINT('',(-0.981372846064,1.838497144529));
#3347 = CARTESIAN_POINT('',(-0.981372767706,1.975370444459));
#3348 = CARTESIAN_POINT('',(-0.981372268135,2.065794837396));
#3349 = CARTESIAN_POINT('',(-0.98137116786,2.156205416767));
#3350 = CARTESIAN_POINT('',(-0.981369537463,2.246603851376));
#3351 = CARTESIAN_POINT('',(-0.981367768461,2.337002396706));
#3352 = CARTESIAN_POINT('',(-0.981366351672,2.427413264332));
#3353 = CARTESIAN_POINT('',(-0.981365608213,2.517838016608));
#3354 = CARTESIAN_POINT('',(-0.981365688902,2.716586906184));
#3355 = CARTESIAN_POINT('',(-0.981366854269,2.825003919114));
#3356 = CARTESIAN_POINT('',(-0.981369321582,2.933384840269));
#3357 = CARTESIAN_POINT('',(-0.981372843945,3.041738965017));
#3358 = CARTESIAN_POINT('',(-0.981376511268,3.150092972539));
#3359 = CARTESIAN_POINT('',(-0.981379322449,3.258473610865));
#3360 = CARTESIAN_POINT('',(-0.98138076738,3.366890385637));
#3361 = CARTESIAN_POINT('',(-0.98138083508,3.475241075218));
#3362 = ( GEOMETRIC_REPRESENTATION_CONTEXT(2) 
PARAMETRIC_REPRESENTATION_CONTEXT() REPRESENTATION_CONTEXT('2D SPACE',''
  ) );
#3363 = ORIENTED_EDGE('',*,*,#2605,.F.);
#3364 = ORIENTED_EDGE('',*,*,#1400,.F.);
#3365 = ADVANCED_FACE('',(#3366),#1369,.F.);
#3366 = FACE_BOUND('',#3367,.F.);
#3367 = EDGE_LOOP('',(#3368,#3422,#3423,#3424,#3425));
#3368 = ORIENTED_EDGE('',*,*,#3369,.F.);
#3369 = EDGE_CURVE('',#1580,#3370,#3372,.T.);
#3370 = VERTEX_POINT('',#3371);
#3371 = CARTESIAN_POINT('',(6.250000000018,-6.038731801069E-03,
    9.139797181189));
#3372 = SURFACE_CURVE('',#3373,(#3386,#3393),.PCURVE_S1.);
#3373 = B_SPLINE_CURVE_WITH_KNOTS('',11,(#3374,#3375,#3376,#3377,#3378,
    #3379,#3380,#3381,#3382,#3383,#3384,#3385),.UNSPECIFIED.,.F.,.F.,(12
    ,12),(0.,6.962644440466),.PIECEWISE_BEZIER_KNOTS.);
#3374 = CARTESIAN_POINT('',(6.25,-6.038731789173E-03,6.139797181016));
#3375 = CARTESIAN_POINT('',(6.253449315665,3.563952910006,6.41252445432)
  );
#3376 = CARTESIAN_POINT('',(4.014289098381,7.136030525099,6.685251724863
    ));
#3377 = CARTESIAN_POINT('',(-0.473645281535,9.145145872634,
    6.957979003225));
#3378 = CARTESIAN_POINT('',(-5.959803049338,8.018723566727,
    7.230706265458));
#3379 = CARTESIAN_POINT('',(-10.05416722073,3.314267367996,
    7.503433552994));
#3380 = CARTESIAN_POINT('',(-10.06055292378,-3.29483258401,
    7.776160809255));
#3381 = CARTESIAN_POINT('',(-5.975287235028,-8.007191917203,
    8.048888096656));
#3382 = CARTESIAN_POINT('',(-0.491316410999,-9.144213529497,
    8.321615359065));
#3383 = CARTESIAN_POINT('',(4.000491993751,-7.14377438323,8.5943426373)
  );
#3384 = CARTESIAN_POINT('',(6.24655068435,-3.576030373599,8.8670699079)
  );
#3385 = CARTESIAN_POINT('',(6.250000000018,-6.038731801073E-03,
    9.139797181189));
#3386 = PCURVE('',#1369,#3387);
#3387 = DEFINITIONAL_REPRESENTATION('',(#3388),#3392);
#3388 = LINE('',#3389,#3390);
#3389 = CARTESIAN_POINT('',(-0.981495457622,0.));
#3390 = VECTOR('',#3391,1.);
#3391 = DIRECTION('',(0.,1.));
#3392 = ( GEOMETRIC_REPRESENTATION_CONTEXT(2) 
PARAMETRIC_REPRESENTATION_CONTEXT() REPRESENTATION_CONTEXT('2D SPACE',''
  ) );
#3393 = PCURVE('',#3394,#3417);
#3394 = B_SPLINE_SURFACE_WITH_KNOTS('',1,10,(
    (#3395,#3396,#3397,#3398,#3399,#3400,#3401,#3402,#3403,#3404,#3405)
    ,(#3406,#3407,#3408,#3409,#3410,#3411,#3412,#3413,#3414,#3415,#3416
    )),.UNSPECIFIED.,.F.,.F.,.F.,(2,2),(11,11),(-0.18,-0.),(0.,
    6.962644440466),.PIECEWISE_BEZIER_KNOTS.);
#3395 = CARTESIAN_POINT('',(6.25,6.03873178917E-03,5.960202818984));
#3396 = CARTESIAN_POINT('',(6.24620575277,3.933029537752,6.260202819619)
  );
#3397 = CARTESIAN_POINT('',(3.501441344434,7.860530329074,6.560202817456
    ));
#3398 = CARTESIAN_POINT('',(-1.988582393496,9.606785027239,
    6.860202821766));
#3399 = CARTESIAN_POINT('',(-8.253456218049,7.146880718203,
    7.160202816736));
#3400 = CARTESIAN_POINT('',(-11.56637411163,-1.117539695197E-02,
    7.460202819189));
#3401 = CARTESIAN_POINT('',(-8.239630231879,-7.162816290254,
    7.760202821209));
#3402 = CARTESIAN_POINT('',(-1.970014600982,-9.61060981213,
    8.060202816499));
#3403 = CARTESIAN_POINT('',(3.516624434828,-7.853749494364,
    8.360202820636));
#3404 = CARTESIAN_POINT('',(6.253794247203,-3.920952074189,
    8.660202818539));
#3405 = CARTESIAN_POINT('',(6.249999999982,6.038731777256E-03,
    8.960202819158));
#3406 = CARTESIAN_POINT('',(6.25,-6.03873178917E-03,6.139797181016));
#3407 = CARTESIAN_POINT('',(6.253794247231,3.920952074186,6.439797181651
    ));
#3408 = CARTESIAN_POINT('',(3.516624434847,7.853749494394,6.739797179484
    ));
#3409 = CARTESIAN_POINT('',(-1.970014600955,9.610609812126,
    7.039797183807));
#3410 = CARTESIAN_POINT('',(-8.239630231913,7.162816290354,
    7.339797178753));
#3411 = CARTESIAN_POINT('',(-11.56637411163,1.117539690044E-02,
    7.639797181238));
#3412 = CARTESIAN_POINT('',(-8.253456218108,-7.146880718146,
    7.939797183226));
#3413 = CARTESIAN_POINT('',(-1.988582393509,-9.6067850273,8.239797178539
    ));
#3414 = CARTESIAN_POINT('',(3.501441344424,-7.86053032909,8.539797182665
    ));
#3415 = CARTESIAN_POINT('',(6.246205752783,-3.933029537779,
    8.839797180571));
#3416 = CARTESIAN_POINT('',(6.250000000018,-6.038731801069E-03,
    9.139797181189));
#3417 = DEFINITIONAL_REPRESENTATION('',(#3418),#3421);
#3418 = B_SPLINE_CURVE_WITH_KNOTS('',1,(#3419,#3420),.UNSPECIFIED.,.F.,
  .F.,(2,2),(0.,6.962644440466),.PIECEWISE_BEZIER_KNOTS.);
#3419 = CARTESIAN_POINT('',(0.,0.));
#3420 = CARTESIAN_POINT('',(0.,6.962644440466));
#3421 = ( GEOMETRIC_REPRESENTATION_CONTEXT(2) 
PARAMETRIC_REPRESENTATION_CONTEXT() REPRESENTATION_CONTEXT('2D SPACE',''
  ) );
#3422 = ORIENTED_EDGE('',*,*,#1654,.T.);
#3423 = ORIENTED_EDGE('',*,*,#1355,.T.);
#3424 = ORIENTED_EDGE('',*,*,#2854,.T.);
#3425 = ORIENTED_EDGE('',*,*,#3426,.F.);
#3426 = EDGE_CURVE('',#3370,#2855,#3427,.T.);
#3427 = SURFACE_CURVE('',#3428,(#3431,#3438),.PCURVE_S1.);
#3428 = B_SPLINE_CURVE_WITH_KNOTS('',1,(#3429,#3430),.UNSPECIFIED.,.F.,
  .F.,(2,2),(-0.981495457622,-0.),.PIECEWISE_BEZIER_KNOTS.);
#3429 = CARTESIAN_POINT('',(6.250000000018,-6.038731801073E-03,
    9.139797181189));
#3430 = CARTESIAN_POINT('',(7.100000000119,-3.896644190506E-02,
    9.629438988095));
#3431 = PCURVE('',#1369,#3432);
#3432 = DEFINITIONAL_REPRESENTATION('',(#3433),#3437);
#3433 = LINE('',#3434,#3435);
#3434 = CARTESIAN_POINT('',(0.,6.962644440466));
#3435 = VECTOR('',#3436,1.);
#3436 = DIRECTION('',(1.,0.));
#3437 = ( GEOMETRIC_REPRESENTATION_CONTEXT(2) 
PARAMETRIC_REPRESENTATION_CONTEXT() REPRESENTATION_CONTEXT('2D SPACE',''
  ) );
#3438 = PCURVE('',#3161,#3439);
#3439 = DEFINITIONAL_REPRESENTATION('',(#3440),#3443);
#3440 = B_SPLINE_CURVE_WITH_KNOTS('',1,(#3441,#3442),.UNSPECIFIED.,.F.,
  .F.,(2,2),(-0.981495457622,-0.),.PIECEWISE_BEZIER_KNOTS.);
#3441 = CARTESIAN_POINT('',(-0.981495457622,0.));
#3442 = CARTESIAN_POINT('',(0.,0.));
#3443 = ( GEOMETRIC_REPRESENTATION_CONTEXT(2) 
PARAMETRIC_REPRESENTATION_CONTEXT() REPRESENTATION_CONTEXT('2D SPACE',''
  ) );
#3444 = ADVANCED_FACE('',(#3445),#1604,.F.);
#3445 = FACE_BOUND('',#3446,.F.);
#3446 = EDGE_LOOP('',(#3447,#3448,#3449,#3450));
#3447 = ORIENTED_EDGE('',*,*,#1864,.F.);
#3448 = ORIENTED_EDGE('',*,*,#1676,.T.);
#3449 = ORIENTED_EDGE('',*,*,#1577,.T.);
#3450 = ORIENTED_EDGE('',*,*,#3451,.F.);
#3451 = EDGE_CURVE('',#1865,#1580,#3452,.T.);
#3452 = SURFACE_CURVE('',#3453,(#3456,#3463),.PCURVE_S1.);
#3453 = B_SPLINE_CURVE_WITH_KNOTS('',1,(#3454,#3455),.UNSPECIFIED.,.F.,
  .F.,(2,2),(-0.18,-0.),.PIECEWISE_BEZIER_KNOTS.);
#3454 = CARTESIAN_POINT('',(6.249999999981,6.038731776992E-03,
    5.960202819163));
#3455 = CARTESIAN_POINT('',(6.250000000019,-6.038731801409E-03,
    6.139797181195));
#3456 = PCURVE('',#1604,#3457);
#3457 = DEFINITIONAL_REPRESENTATION('',(#3458),#3462);
#3458 = LINE('',#3459,#3460);
#3459 = CARTESIAN_POINT('',(0.,6.962644440466));
#3460 = VECTOR('',#3461,1.);
#3461 = DIRECTION('',(1.,0.));
#3462 = ( GEOMETRIC_REPRESENTATION_CONTEXT(2) 
PARAMETRIC_REPRESENTATION_CONTEXT() REPRESENTATION_CONTEXT('2D SPACE',''
  ) );
#3463 = PCURVE('',#3394,#3464);
#3464 = DEFINITIONAL_REPRESENTATION('',(#3465),#3468);
#3465 = B_SPLINE_CURVE_WITH_KNOTS('',1,(#3466,#3467),.UNSPECIFIED.,.F.,
  .F.,(2,2),(-0.18,-0.),.PIECEWISE_BEZIER_KNOTS.);
#3466 = CARTESIAN_POINT('',(-0.18,0.));
#3467 = CARTESIAN_POINT('',(0.,0.));
#3468 = ( GEOMETRIC_REPRESENTATION_CONTEXT(2) 
PARAMETRIC_REPRESENTATION_CONTEXT() REPRESENTATION_CONTEXT('2D SPACE',''
  ) );
#3469 = ADVANCED_FACE('',(#3470),#1812,.F.);
#3470 = FACE_BOUND('',#3471,.F.);
#3471 = EDGE_LOOP('',(#3472));
#3472 = ORIENTED_EDGE('',*,*,#1797,.T.);
#3473 = ADVANCED_FACE('',(#3474),#1961,.T.);
#3474 = FACE_BOUND('',#3475,.T.);
#3475 = EDGE_LOOP('',(#3476,#3477,#3478,#3624,#3816,#3844));
#3476 = ORIENTED_EDGE('',*,*,#1941,.F.);
#3477 = ORIENTED_EDGE('',*,*,#2455,.F.);
#3478 = ORIENTED_EDGE('',*,*,#3479,.T.);
#3479 = EDGE_CURVE('',#2264,#3480,#3482,.T.);
#3480 = VERTEX_POINT('',#3481);
#3481 = CARTESIAN_POINT('',(-7.099893093501,3.896230050498E-02,
    6.629377404623));
#3482 = SURFACE_CURVE('',#3483,(#3528,#3576),.PCURVE_S1.);
#3483 = B_SPLINE_CURVE_WITH_KNOTS('',8,(#3484,#3485,#3486,#3487,#3488,
    #3489,#3490,#3491,#3492,#3493,#3494,#3495,#3496,#3497,#3498,#3499,
    #3500,#3501,#3502,#3503,#3504,#3505,#3506,#3507,#3508,#3509,#3510,
    #3511,#3512,#3513,#3514,#3515,#3516,#3517,#3518,#3519,#3520,#3521,
    #3522,#3523,#3524,#3525,#3526,#3527),.UNSPECIFIED.,.F.,.F.,(9,7,7,7,
    7,7,9),(0.,0.253039681659,0.464388806801,0.568026813201,
    0.734326642209,0.913646647876,1.),.UNSPECIFIED.);
#3484 = CARTESIAN_POINT('',(7.1,-1.438488527515E-15,5.132001993652));
#3485 = CARTESIAN_POINT('',(7.1,0.704208644054,5.179358955232));
#3486 = CARTESIAN_POINT('',(7.020175376583,1.408872285193,5.22674576726)
  );
#3487 = CARTESIAN_POINT('',(6.860346656847,2.10272551217,5.274115093055)
  );
#3488 = CARTESIAN_POINT('',(6.62245304167,2.775240297133,5.321471778009)
  );
#3489 = CARTESIAN_POINT('',(6.309817314105,3.416433215725,5.368828620274
    ));
#3490 = CARTESIAN_POINT('',(5.92722695337,4.016934653786,5.416198292584)
  );
#3491 = CARTESIAN_POINT('',(5.480827710542,4.567979574995,5.463585432012
    ));
#3492 = CARTESIAN_POINT('',(4.559443524277,5.474252012605,5.550497106431
    ));
#3493 = CARTESIAN_POINT('',(4.100927397858,5.847135822063,5.590064503822
    ));
#3494 = CARTESIAN_POINT('',(3.607773394813,6.17589663481,5.629625753115)
  );
#3495 = CARTESIAN_POINT('',(3.084995603915,6.456853728871,5.669181462803
    ));
#3496 = CARTESIAN_POINT('',(2.537959647331,6.687038891075,5.70873701976)
  );
#3497 = CARTESIAN_POINT('',(1.972345913932,6.864142674962,5.748297896893
    ));
#3498 = CARTESIAN_POINT('',(1.394168272865,6.986576791223,5.78786491542)
  );
#3499 = CARTESIAN_POINT('',(0.523280804378,7.086562337476,5.84681537343)
  );
#3500 = CARTESIAN_POINT('',(0.235206117386,7.106157369083,5.866211753046
    ));
#3501 = CARTESIAN_POINT('',(-5.36729447312E-02,7.112365405554,
    5.885607949822));
#3502 = CARTESIAN_POINT('',(-0.342629876228,7.105151624351,
    5.905003944305));
#3503 = CARTESIAN_POINT('',(-0.630940137017,7.084527998275,
    5.924399961053));
#3504 = CARTESIAN_POINT('',(-0.917881398714,7.050552330366,
    5.943796224633));
#3505 = CARTESIAN_POINT('',(-1.202733882319,7.003329189624,
    5.963192714917));
#3506 = CARTESIAN_POINT('',(-1.937359467289,6.846227655427,
    6.013712502515));
#3507 = CARTESIAN_POINT('',(-2.382783315615,6.715714896236,
    6.044840034214));
#3508 = CARTESIAN_POINT('',(-2.818036163677,6.552105181784,
    6.075966139002));
#3509 = CARTESIAN_POINT('',(-3.240254857065,6.356349296111,
    6.107090396572));
#3510 = CARTESIAN_POINT('',(-3.646711842149,6.129673961249,
    6.138214777609));
#3511 = CARTESIAN_POINT('',(-4.034812043771,5.873565755821,
    6.169341145297));
#3512 = CARTESIAN_POINT('',(-4.402104034261,5.589783086506,
    6.200468824845));
#3513 = CARTESIAN_POINT('',(-5.117455650988,4.946786392333,
    6.265152414785));
#3514 = CARTESIAN_POINT('',(-5.461868193702,4.583307046618,
    6.298717402321));
#3515 = CARTESIAN_POINT('',(-5.776642412306,4.192536213359,
    6.332279239952));
#3516 = CARTESIAN_POINT('',(-6.059284237303,3.777322405694,
    6.365837133367));
#3517 = CARTESIAN_POINT('',(-6.307647581753,3.340739480744,
    6.399394411996));
#3518 = CARTESIAN_POINT('',(-6.519917322615,2.886067620975,
    6.432954984487));
#3519 = CARTESIAN_POINT('',(-6.694633921028,2.416800427953,
    6.466519295285));
#3520 = CARTESIAN_POINT('',(-6.896312410483,1.70547040664,6.516241172317
    ));
#3521 = CARTESIAN_POINT('',(-6.952921645429,1.471724886588,
    6.532403082833));
#3522 = CARTESIAN_POINT('',(-7.000472284921,1.235848162297,
    6.548565325472));
#3523 = CARTESIAN_POINT('',(-7.038871716315,0.998250305695,
    6.564727869985));
#3524 = CARTESIAN_POINT('',(-7.068049831434,0.759344716256,
    6.580890690829));
#3525 = CARTESIAN_POINT('',(-7.087959042241,0.519547970605,6.59705361374
    ));
#3526 = CARTESIAN_POINT('',(-7.09857429651,0.279279672114,6.613216162322
    ));
#3527 = CARTESIAN_POINT('',(-7.099893093501,3.896230050503E-02,
    6.629377404623));
#3528 = PCURVE('',#1961,#3529);
#3529 = DEFINITIONAL_REPRESENTATION('',(#3530),#3575);
#3530 = B_SPLINE_CURVE_WITH_KNOTS('',8,(#3531,#3532,#3533,#3534,#3535,
    #3536,#3537,#3538,#3539,#3540,#3541,#3542,#3543,#3544,#3545,#3546,
    #3547,#3548,#3549,#3550,#3551,#3552,#3553,#3554,#3555,#3556,#3557,
    #3558,#3559,#3560,#3561,#3562,#3563,#3564,#3565,#3566,#3567,#3568,
    #3569,#3570,#3571,#3572,#3573,#3574),.UNSPECIFIED.,.F.,.F.,(9,7,7,7,
    7,7,9),(0.,0.253039681659,0.464388806801,0.568026813201,
    0.734326642209,0.913646647876,1.),.UNSPECIFIED.);
#3531 = CARTESIAN_POINT('',(0.,5.132001993652));
#3532 = CARTESIAN_POINT('',(9.91843160639E-02,5.179358955232));
#3533 = CARTESIAN_POINT('',(0.198432636499,5.22674576726));
#3534 = CARTESIAN_POINT('',(0.297645745487,5.274115093055));
#3535 = CARTESIAN_POINT('',(0.39683318652,5.321471778009));
#3536 = CARTESIAN_POINT('',(0.496020624665,5.368828620274));
#3537 = CARTESIAN_POINT('',(0.595233717741,5.416198292584));
#3538 = CARTESIAN_POINT('',(0.69448203541,5.463585432012));
#3539 = CARTESIAN_POINT('',(0.876509157666,5.550497106431));
#3540 = CARTESIAN_POINT('',(0.959378056352,5.590064503822));
#3541 = CARTESIAN_POINT('',(1.042233502322,5.629625753115));
#3542 = CARTESIAN_POINT('',(1.125077157745,5.669181462803));
#3543 = CARTESIAN_POINT('',(1.20792081757,5.70873701976));
#3544 = CARTESIAN_POINT('',(1.290776275283,5.748297896893));
#3545 = CARTESIAN_POINT('',(1.373645188622,5.78786491542));
#3546 = CARTESIAN_POINT('',(1.49711114481,5.84681537343));
#3547 = CARTESIAN_POINT('',(1.537735039631,5.866211753046));
#3548 = CARTESIAN_POINT('',(1.578358599333,5.885607949822));
#3549 = CARTESIAN_POINT('',(1.618981738823,5.905003944305));
#3550 = CARTESIAN_POINT('',(1.659604876755,5.924399961053));
#3551 = CARTESIAN_POINT('',(1.700228431971,5.943796224633));
#3552 = CARTESIAN_POINT('',(1.740852319963,5.963192714917));
#3553 = CARTESIAN_POINT('',(1.846660218015,6.013712502515));
#3554 = CARTESIAN_POINT('',(1.911852835322,6.044840034214));
#3555 = CARTESIAN_POINT('',(1.977041949124,6.075966139002));
#3556 = CARTESIAN_POINT('',(2.042226689721,6.107090396572));
#3557 = CARTESIAN_POINT('',(2.107411429792,6.138214777609));
#3558 = CARTESIAN_POINT('',(2.172600543448,6.169341145297));
#3559 = CARTESIAN_POINT('',(2.23779316441,6.200468824845));
#3560 = CARTESIAN_POINT('',(2.373266259223,6.265152414785));
#3561 = CARTESIAN_POINT('',(2.443565958284,6.298717402321));
#3562 = CARTESIAN_POINT('',(2.513860605474,6.332279239952));
#3563 = CARTESIAN_POINT('',(2.584148933868,6.365837133367));
#3564 = CARTESIAN_POINT('',(2.654437274179,6.399394411996));
#3565 = CARTESIAN_POINT('',(2.724731960155,6.432954984487));
#3566 = CARTESIAN_POINT('',(2.795031709816,6.466519295285));
#3567 = CARTESIAN_POINT('',(2.899168007165,6.516241172317));
#3568 = CARTESIAN_POINT('',(2.933016319146,6.532403082833));
#3569 = CARTESIAN_POINT('',(2.966864491261,6.548565325472));
#3570 = CARTESIAN_POINT('',(3.000712491807,6.564727869985));
#3571 = CARTESIAN_POINT('',(3.034560488006,6.580890690829));
#3572 = CARTESIAN_POINT('',(3.068408649411,6.59705361374));
#3573 = CARTESIAN_POINT('',(3.102256951302,6.613216162322));
#3574 = CARTESIAN_POINT('',(3.136104978088,6.629377404623));
#3575 = ( GEOMETRIC_REPRESENTATION_CONTEXT(2) 
PARAMETRIC_REPRESENTATION_CONTEXT() REPRESENTATION_CONTEXT('2D SPACE',''
  ) );
#3576 = PCURVE('',#2375,#3577);
#3577 = DEFINITIONAL_REPRESENTATION('',(#3578),#3623);
#3578 = B_SPLINE_CURVE_WITH_KNOTS('',8,(#3579,#3580,#3581,#3582,#3583,
    #3584,#3585,#3586,#3587,#3588,#3589,#3590,#3591,#3592,#3593,#3594,
    #3595,#3596,#3597,#3598,#3599,#3600,#3601,#3602,#3603,#3604,#3605,
    #3606,#3607,#3608,#3609,#3610,#3611,#3612,#3613,#3614,#3615,#3616,
    #3617,#3618,#3619,#3620,#3621,#3622),.UNSPECIFIED.,.F.,.F.,(9,7,7,7,
    7,7,9),(0.,0.253039681659,0.464388806801,0.568026813201,
    0.734326642209,0.913646647876,1.),.UNSPECIFIED.);
#3579 = CARTESIAN_POINT('',(-1.146225244334E-04,3.487403365248));
#3580 = CARTESIAN_POINT('',(-1.146911982563E-04,3.597313339849));
#3581 = CARTESIAN_POINT('',(-1.161784006116E-04,3.707294236313));
#3582 = CARTESIAN_POINT('',(-1.190663800563E-04,3.817236170787));
#3583 = CARTESIAN_POINT('',(-1.22829012449E-04,3.927149780684));
#3584 = CARTESIAN_POINT('',(-1.263876761951E-04,4.037063518892));
#3585 = CARTESIAN_POINT('',(-1.288139879885E-04,4.147005723447));
#3586 = CARTESIAN_POINT('',(-1.298805999715E-04,4.256986892669));
#3587 = CARTESIAN_POINT('',(-1.297536669189E-04,4.45869844127));
#3588 = CARTESIAN_POINT('',(-1.289037540721E-04,4.550528697041));
#3589 = CARTESIAN_POINT('',(-1.273926035918E-04,4.642343918209));
#3590 = CARTESIAN_POINT('',(-1.255758788332E-04,4.734145928808));
#3591 = CARTESIAN_POINT('',(-1.239725109148E-04,4.825947831965));
#3592 = CARTESIAN_POINT('',(-1.229688772235E-04,4.91776277701));
#3593 = CARTESIAN_POINT('',(-1.225898465231E-04,5.009592698684));
#3594 = CARTESIAN_POINT('',(-1.226614481584E-04,5.146409807826));
#3595 = CARTESIAN_POINT('',(-1.227875846724E-04,5.191426652103));
#3596 = CARTESIAN_POINT('',(-1.229932030431E-04,5.236443164056));
#3597 = CARTESIAN_POINT('',(-1.232411495642E-04,5.28145925552));
#3598 = CARTESIAN_POINT('',(-1.234847984543E-04,5.326475393683));
#3599 = CARTESIAN_POINT('',(-1.236745380189E-04,5.371492042295));
#3600 = CARTESIAN_POINT('',(-1.237661574178E-04,5.416509103455));
#3601 = CARTESIAN_POINT('',(-1.236749347484E-04,5.533759437253));
#3602 = CARTESIAN_POINT('',(-1.232906442086E-04,5.606002304154));
#3603 = CARTESIAN_POINT('',(-1.224675050014E-04,5.678241351254));
#3604 = CARTESIAN_POINT('',(-1.211653838021E-04,5.750475556604));
#3605 = CARTESIAN_POINT('',(-1.19557998564E-04,5.82270969506));
#3606 = CARTESIAN_POINT('',(-1.180411646621E-04,5.894948549144));
#3607 = CARTESIAN_POINT('',(-1.171060599956E-04,5.967191121439));
#3608 = CARTESIAN_POINT('',(-1.170467227502E-04,6.117313998698));
#3609 = CARTESIAN_POINT('',(-1.181064399112E-04,6.195215583619));
#3610 = CARTESIAN_POINT('',(-1.204949169517E-04,6.273111396457));
#3611 = CARTESIAN_POINT('',(-1.246598062131E-04,6.351000112013));
#3612 = CARTESIAN_POINT('',(-1.301055360239E-04,6.428888883712));
#3613 = CARTESIAN_POINT('',(-1.351891065773E-04,6.506784880759));
#3614 = CARTESIAN_POINT('',(-1.378643016208E-04,6.584686765493));
#3615 = CARTESIAN_POINT('',(-1.371383584315E-04,6.700084508539));
#3616 = CARTESIAN_POINT('',(-1.361694373271E-04,6.737593265499));
#3617 = CARTESIAN_POINT('',(-1.344317083875E-04,6.775101903129));
#3618 = CARTESIAN_POINT('',(-1.319391523514E-04,6.812610367418));
#3619 = CARTESIAN_POINT('',(-1.288805925799E-04,6.850118817702));
#3620 = CARTESIAN_POINT('',(-1.257447126853E-04,6.88762741535));
#3621 = CARTESIAN_POINT('',(-1.234450741594E-04,6.925136112444));
#3622 = CARTESIAN_POINT('',(-1.23445134002E-04,6.962644440466));
#3623 = ( GEOMETRIC_REPRESENTATION_CONTEXT(2) 
PARAMETRIC_REPRESENTATION_CONTEXT() REPRESENTATION_CONTEXT('2D SPACE',''
  ) );
#3624 = ORIENTED_EDGE('',*,*,#3625,.T.);
#3625 = EDGE_CURVE('',#3480,#3626,#3628,.T.);
#3626 = VERTEX_POINT('',#3627);
#3627 = CARTESIAN_POINT('',(7.1,-1.738998454789E-15,8.132001993652));
#3628 = SURFACE_CURVE('',#3629,(#3681,#3736),.PCURVE_S1.);
#3629 = B_SPLINE_CURVE_WITH_KNOTS('',8,(#3630,#3631,#3632,#3633,#3634,
    #3635,#3636,#3637,#3638,#3639,#3640,#3641,#3642,#3643,#3644,#3645,
    #3646,#3647,#3648,#3649,#3650,#3651,#3652,#3653,#3654,#3655,#3656,
    #3657,#3658,#3659,#3660,#3661,#3662,#3663,#3664,#3665,#3666,#3667,
    #3668,#3669,#3670,#3671,#3672,#3673,#3674,#3675,#3676,#3677,#3678,
    #3679,#3680),.UNSPECIFIED.,.F.,.F.,(9,7,7,7,7,7,7,9),(0.,
    9.141811833163E-02,0.263318763025,0.291365679326,0.536698471906,
    0.748764473979,0.940093605062,1.),.UNSPECIFIED.);
#3630 = CARTESIAN_POINT('',(-7.099893093501,3.896230050958E-02,
    6.629377404693));
#3631 = CARTESIAN_POINT('',(-7.101294128393,-0.216340847106,
    6.646546434137));
#3632 = CARTESIAN_POINT('',(-7.09220311801,-0.471704571572,
    6.663714394124));
#3633 = CARTESIAN_POINT('',(-7.072617492989,-0.726621644578,
    6.680881875152));
#3634 = CARTESIAN_POINT('',(-7.042563466327,-0.980588479034,
    6.698049370983));
#3635 = CARTESIAN_POINT('',(-7.00209599702,-1.233105320572,
    6.715217236823));
#3636 = CARTESIAN_POINT('',(-6.951298753719,-1.48367643905,
    6.732385647488));
#3637 = CARTESIAN_POINT('',(-6.890284078369,-1.731810320053,
    6.749554555578));
#3638 = CARTESIAN_POINT('',(-6.685514735457,-2.438106544147,
    6.799008041331));
#3639 = CARTESIAN_POINT('',(-6.516186778793,-2.888928328434,
    6.831298252769));
#3640 = CARTESIAN_POINT('',(-6.312152103986,-3.32617028112,
    6.863587331048));
#3641 = CARTESIAN_POINT('',(-6.074712113373,-3.746725230257,
    6.895873932596));
#3642 = CARTESIAN_POINT('',(-5.805473712542,-4.147667815393,
    6.928159931255));
#3643 = CARTESIAN_POINT('',(-5.506329736281,-4.526249028431,
    6.960447670244));
#3644 = CARTESIAN_POINT('',(-5.17947267543,-4.879911240009,
    6.992736857999));
#3645 = CARTESIAN_POINT('',(-4.770005136036,-5.259580424241,
    7.030288532338));
#3646 = CARTESIAN_POINT('',(-4.711897082581,-5.312112989948,
    7.035555946801));
#3647 = CARTESIAN_POINT('',(-4.653128203405,-5.3639115234,7.040823352158
    ));
#3648 = CARTESIAN_POINT('',(-4.593709326263,-5.414966333286,
    7.046090749081));
#3649 = CARTESIAN_POINT('',(-4.533651447539,-5.465267922139,
    7.051358138055));
#3650 = CARTESIAN_POINT('',(-4.472965732245,-5.514806986333,
    7.056625519381));
#3651 = CARTESIAN_POINT('',(-4.411663514026,-5.563574416089,
    7.061892893169));
#3652 = CARTESIAN_POINT('',(-3.808239690464,-6.031313506331,
    7.113235116177));
#3653 = CARTESIAN_POINT('',(-3.220116520072,-6.391587214493,
    7.159336176162));
#3654 = CARTESIAN_POINT('',(-2.593464742129,-6.685927985723,
    7.205422839632));
#3655 = CARTESIAN_POINT('',(-1.937008363301,-6.909755127806,
    7.251499375666));
#3656 = CARTESIAN_POINT('',(-1.259862016017,-7.059776181624,
    7.297576502988));
#3657 = CARTESIAN_POINT('',(-0.571523623392,-7.13406600352,
    7.343664574876));
#3658 = CARTESIAN_POINT('',(0.118173046686,-7.1320030384,7.389766913699)
  );
#3659 = CARTESIAN_POINT('',(1.387456143356,-6.988255889349,
    7.475669787903));
#3660 = CARTESIAN_POINT('',(1.969776769861,-6.865486573077,
    7.515509959433));
#3661 = CARTESIAN_POINT('',(2.539399651687,-6.687273935142,
    7.555343134659));
#3662 = CARTESIAN_POINT('',(3.090183872572,-6.455237136092,
    7.595170227704));
#3663 = CARTESIAN_POINT('',(3.616331707633,-6.171736230982,
    7.634997286115));
#3664 = CARTESIAN_POINT('',(4.112369054101,-5.839807143632,
    7.674830400169));
#3665 = CARTESIAN_POINT('',(4.573183608031,-5.463217588829,7.71467058479
    ));
#3666 = CARTESIAN_POINT('',(5.373947753382,-4.670781205413,
    7.790431484376));
#3667 = CARTESIAN_POINT('',(5.721503153985,-4.262182971944,
    7.826372634699));
#3668 = CARTESIAN_POINT('',(6.033388821192,-3.824180624346,
    7.862310786759));
#3669 = CARTESIAN_POINT('',(6.306746495476,-3.36044420528,7.898245029016
    ));
#3670 = CARTESIAN_POINT('',(6.539192459091,-2.874908691866,
    7.934179448866));
#3671 = CARTESIAN_POINT('',(6.728790131201,-2.371747300351,7.97011808704
    ));
#3672 = CARTESIAN_POINT('',(6.874087500197,-1.855379341804,
    8.006059911536));
#3673 = CARTESIAN_POINT('',(7.00557133994,-1.166173448423,8.053244948697
    ));
#3674 = CARTESIAN_POINT('',(7.032497673962,-1.000989585331,
    8.064496063904));
#3675 = CARTESIAN_POINT('',(7.054971788438,-0.835100624264,
    8.075747150542));
#3676 = CARTESIAN_POINT('',(7.072972393273,-0.668646652572,
    8.086998203212));
#3677 = CARTESIAN_POINT('',(7.086483515109,-0.501768260275,
    8.098249217298));
#3678 = CARTESIAN_POINT('',(7.095494497316,-0.334606540063,
    8.109500188968));
#3679 = CARTESIAN_POINT('',(7.1,-0.167303087295,8.120751115174));
#3680 = CARTESIAN_POINT('',(7.1,-1.7763568394E-15,8.132001993652));
#3681 = PCURVE('',#1961,#3682);
#3682 = DEFINITIONAL_REPRESENTATION('',(#3683),#3735);
#3683 = B_SPLINE_CURVE_WITH_KNOTS('',8,(#3684,#3685,#3686,#3687,#3688,
    #3689,#3690,#3691,#3692,#3693,#3694,#3695,#3696,#3697,#3698,#3699,
    #3700,#3701,#3702,#3703,#3704,#3705,#3706,#3707,#3708,#3709,#3710,
    #3711,#3712,#3713,#3714,#3715,#3716,#3717,#3718,#3719,#3720,#3721,
    #3722,#3723,#3724,#3725,#3726,#3727,#3728,#3729,#3730,#3731,#3732,
    #3733,#3734),.UNSPECIFIED.,.F.,.F.,(9,7,7,7,7,7,7,9),(0.,
    9.141811833163E-02,0.263318763025,0.291365679326,0.536698471906,
    0.748764473979,0.940093605062,1.),.UNSPECIFIED.);
#3684 = CARTESIAN_POINT('',(3.136104978088,6.629377404693));
#3685 = CARTESIAN_POINT('',(3.172063709332,6.646546434137));
#3686 = CARTESIAN_POINT('',(3.208022865005,6.663714394124));
#3687 = CARTESIAN_POINT('',(3.243981850662,6.680881875152));
#3688 = CARTESIAN_POINT('',(3.279940611764,6.698049370983));
#3689 = CARTESIAN_POINT('',(3.315899365587,6.715217236823));
#3690 = CARTESIAN_POINT('',(3.351858333153,6.732385647488));
#3691 = CARTESIAN_POINT('',(3.387817471142,6.749554555578));
#3692 = CARTESIAN_POINT('',(3.491392223945,6.799008041331));
#3693 = CARTESIAN_POINT('',(3.559017638512,6.831298252769));
#3694 = CARTESIAN_POINT('',(3.626638860511,6.863587331048));
#3695 = CARTESIAN_POINT('',(3.694254850921,6.895873932596));
#3696 = CARTESIAN_POINT('',(3.761870849382,6.928159931255));
#3697 = CARTESIAN_POINT('',(3.829492096717,6.960447670244));
#3698 = CARTESIAN_POINT('',(3.897117549278,6.992736857999));
#3699 = CARTESIAN_POINT('',(3.975765663012,7.030288532338));
#3700 = CARTESIAN_POINT('',(3.986797743852,7.035555946801));
#3701 = CARTESIAN_POINT('',(3.997829827731,7.040823352158));
#3702 = CARTESIAN_POINT('',(4.008861914275,7.046090749081));
#3703 = CARTESIAN_POINT('',(4.019894002668,7.051358138055));
#3704 = CARTESIAN_POINT('',(4.030926091646,7.056625519381));
#3705 = CARTESIAN_POINT('',(4.041958179504,7.061892893169));
#3706 = CARTESIAN_POINT('',(4.149490431544,7.113235116177));
#3707 = CARTESIAN_POINT('',(4.246046449941,7.159336176162));
#3708 = CARTESIAN_POINT('',(4.342572009223,7.205422839632));
#3709 = CARTESIAN_POINT('',(4.43907473612,7.251499375666));
#3710 = CARTESIAN_POINT('',(4.535577455471,7.297576502988));
#3711 = CARTESIAN_POINT('',(4.632102994256,7.343664574876));
#3712 = CARTESIAN_POINT('',(4.728658986232,7.389766913699));
#3713 = CARTESIAN_POINT('',(4.90857404159,7.475669787903));
#3714 = CARTESIAN_POINT('',(4.992015919068,7.515509959433));
#3715 = CARTESIAN_POINT('',(5.075443864623,7.555343134659));
#3716 = CARTESIAN_POINT('',(5.158859648929,7.595170227704));
#3717 = CARTESIAN_POINT('',(5.242275429299,7.634997286115));
#3718 = CARTESIAN_POINT('',(5.325703374485,7.674830400169));
#3719 = CARTESIAN_POINT('',(5.409145267323,7.71467058479));
#3720 = CARTESIAN_POINT('',(5.567818265586,7.790431484376));
#3721 = CARTESIAN_POINT('',(5.643092349052,7.826372634699));
#3722 = CARTESIAN_POINT('',(5.718359317372,7.862310786759));
#3723 = CARTESIAN_POINT('',(5.793617403247,7.898245029016));
#3724 = CARTESIAN_POINT('',(5.868875486167,7.934179448866));
#3725 = CARTESIAN_POINT('',(5.944142446533,7.97011808704));
#3726 = CARTESIAN_POINT('',(6.019416519737,8.006059911536));
#3727 = CARTESIAN_POINT('',(6.118238460161,8.053244948697));
#3728 = CARTESIAN_POINT('',(6.141802287643,8.064496063904));
#3729 = CARTESIAN_POINT('',(6.165366127052,8.075747150542));
#3730 = CARTESIAN_POINT('',(6.188929972795,8.086998203212));
#3731 = CARTESIAN_POINT('',(6.212493819276,8.098249217298));
#3732 = CARTESIAN_POINT('',(6.2360576609,8.109500188968));
#3733 = CARTESIAN_POINT('',(6.259621492068,8.120751115174));
#3734 = CARTESIAN_POINT('',(6.28318530718,8.132001993652));
#3735 = ( GEOMETRIC_REPRESENTATION_CONTEXT(2) 
PARAMETRIC_REPRESENTATION_CONTEXT() REPRESENTATION_CONTEXT('2D SPACE',''
  ) );
#3736 = PCURVE('',#3737,#3762);
#3737 = B_SPLINE_SURFACE_WITH_KNOTS('',1,11,(
    (#3738,#3739,#3740,#3741,#3742,#3743,#3744,#3745,#3746,#3747,#3748
      ,#3749)
    ,(#3750,#3751,#3752,#3753,#3754,#3755,#3756,#3757,#3758,#3759,#3760
      ,#3761
    )),.UNSPECIFIED.,.F.,.F.,.F.,(2,2),(12,12),(-0.981495457622,-0.),(0.
    ,6.962644440466),.PIECEWISE_BEZIER_KNOTS.);
#3738 = CARTESIAN_POINT('',(-6.25,6.03873178917E-03,6.139797181016));
#3739 = CARTESIAN_POINT('',(-6.253449315665,-3.563952910006,
    6.412524454321));
#3740 = CARTESIAN_POINT('',(-4.014289098382,-7.1360305251,6.685251724862
    ));
#3741 = CARTESIAN_POINT('',(0.473645281537,-9.145145872633,
    6.957979003227));
#3742 = CARTESIAN_POINT('',(5.959803049337,-8.01872356673,7.230706265454
    ));
#3743 = CARTESIAN_POINT('',(10.05416722074,-3.314267367993,
    7.503433552999));
#3744 = CARTESIAN_POINT('',(10.060552923784,3.294832584008,7.77616080925
    ));
#3745 = CARTESIAN_POINT('',(5.975287235029,8.007191917205,8.04888809666)
  );
#3746 = CARTESIAN_POINT('',(0.491316410998,9.144213529495,8.321615359063
    ));
#3747 = CARTESIAN_POINT('',(-4.000491993751,7.143774383231,
    8.594342637301));
#3748 = CARTESIAN_POINT('',(-6.24655068435,3.576030373599,8.8670699079)
  );
#3749 = CARTESIAN_POINT('',(-6.250000000018,6.038731801074E-03,
    9.139797181189));
#3750 = CARTESIAN_POINT('',(-7.1,3.896644190513E-02,6.629438988095));
#3751 = CARTESIAN_POINT('',(-7.122257580422,-4.016544074581,
    6.902166260824));
#3752 = CARTESIAN_POINT('',(-4.596910311362,-8.085944525954,
    7.174893533541));
#3753 = CARTESIAN_POINT('',(0.491084528929,-10.39136441293,
    7.447620806294));
#3754 = CARTESIAN_POINT('',(6.72917347179,-9.139925078787,7.720348078987
    ));
#3755 = CARTESIAN_POINT('',(11.404558361723,-3.8166731906,7.993075351734
    ));
#3756 = CARTESIAN_POINT('',(11.445763723232,3.691265338882,
    8.265802624477));
#3757 = CARTESIAN_POINT('',(6.829089090282,9.065514198237,8.538529897157
    ));
#3758 = CARTESIAN_POINT('',(0.605111954374,10.385348233256,
    8.811257169937));
#3759 = CARTESIAN_POINT('',(-4.507881009468,8.135913726214,
    9.083984442629));
#3760 = CARTESIAN_POINT('',(-7.077742419708,4.094476958393,9.35671171537
    ));
#3761 = CARTESIAN_POINT('',(-7.100000000119,3.896644190507E-02,
    9.629438988095));
#3762 = DEFINITIONAL_REPRESENTATION('',(#3763),#3815);
#3763 = B_SPLINE_CURVE_WITH_KNOTS('',8,(#3764,#3765,#3766,#3767,#3768,
    #3769,#3770,#3771,#3772,#3773,#3774,#3775,#3776,#3777,#3778,#3779,
    #3780,#3781,#3782,#3783,#3784,#3785,#3786,#3787,#3788,#3789,#3790,
    #3791,#3792,#3793,#3794,#3795,#3796,#3797,#3798,#3799,#3800,#3801,
    #3802,#3803,#3804,#3805,#3806,#3807,#3808,#3809,#3810,#3811,#3812,
    #3813,#3814),.UNSPECIFIED.,.F.,.F.,(9,7,7,7,7,7,7,9),(0.,
    9.141811833163E-02,0.263318763025,0.291365679326,0.536698471906,
    0.748764473979,0.940093605062,1.),.UNSPECIFIED.);
#3764 = CARTESIAN_POINT('',(-1.234449922871E-04,0.));
#3765 = CARTESIAN_POINT('',(-1.234450543075E-04,3.984728253948E-02));
#3766 = CARTESIAN_POINT('',(-1.260378795554E-04,7.969508496607E-02));
#3767 = CARTESIAN_POINT('',(-1.294753476773E-04,0.119542753732));
#3768 = CARTESIAN_POINT('',(-1.32701808758E-04,0.159390212547));
#3769 = CARTESIAN_POINT('',(-1.351896747451E-04,0.199237674944));
#3770 = CARTESIAN_POINT('',(-1.367750108731E-04,0.239085356843));
#3771 = CARTESIAN_POINT('',(-1.374931270871E-04,0.278933189117));
#3772 = CARTESIAN_POINT('',(-1.372656992732E-04,0.393708605008));
#3773 = CARTESIAN_POINT('',(-1.343107011014E-04,0.468646937353));
#3774 = CARTESIAN_POINT('',(-1.294183464691E-04,0.543580396649));
#3775 = CARTESIAN_POINT('',(-1.243433037544E-04,0.618507896223));
#3776 = CARTESIAN_POINT('',(-1.204485981281E-04,0.693435363191));
#3777 = CARTESIAN_POINT('',(-1.18153302188E-04,0.768368721093));
#3778 = CARTESIAN_POINT('',(-1.171050572978E-04,0.843306885278));
#3779 = CARTESIAN_POINT('',(-1.170729173087E-04,0.930459833588));
#3780 = CARTESIAN_POINT('',(-1.17094860441E-04,0.942684903669));
#3781 = CARTESIAN_POINT('',(-1.171416603959E-04,0.954909981396));
#3782 = CARTESIAN_POINT('',(-1.172116447039E-04,0.967135066393));
#3783 = CARTESIAN_POINT('',(-1.173030630555E-04,0.97936015776));
#3784 = CARTESIAN_POINT('',(-1.174140873016E-04,0.991585254073));
#3785 = CARTESIAN_POINT('',(-1.175428114528E-04,1.003810353387));
#3786 = CARTESIAN_POINT('',(-1.189507033892E-04,1.122971198009));
#3787 = CARTESIAN_POINT('',(-1.214181884644E-04,1.229969151262));
#3788 = CARTESIAN_POINT('',(-1.23817851115E-04,1.336933613382));
#3789 = CARTESIAN_POINT('',(-1.246958305164E-04,1.443872809081));
#3790 = CARTESIAN_POINT('',(-1.241626955255E-04,1.550811743264));
#3791 = CARTESIAN_POINT('',(-1.232483016638E-04,1.657775637055));
#3792 = CARTESIAN_POINT('',(-1.226403121202E-04,1.764772997476));
#3793 = CARTESIAN_POINT('',(-1.226301756694E-04,1.964143375573));
#3794 = CARTESIAN_POINT('',(-1.230749128493E-04,2.056608206771));
#3795 = CARTESIAN_POINT('',(-1.241542430274E-04,2.149057535126));
#3796 = CARTESIAN_POINT('',(-1.258171484588E-04,2.241493423136));
#3797 = CARTESIAN_POINT('',(-1.276482827418E-04,2.333929425546));
#3798 = CARTESIAN_POINT('',(-1.291148971804E-04,2.426379060334));
#3799 = CARTESIAN_POINT('',(-1.298722895172E-04,2.518844283915));
#3800 = CARTESIAN_POINT('',(-1.297561152122E-04,2.694676218174));
#3801 = CARTESIAN_POINT('',(-1.290375450275E-04,2.778090536355));
#3802 = CARTESIAN_POINT('',(-1.275629869182E-04,2.861497020622));
#3803 = CARTESIAN_POINT('',(-1.25429003605E-04,2.944893667198));
#3804 = CARTESIAN_POINT('',(-1.229054791533E-04,3.028290274928));
#3805 = CARTESIAN_POINT('',(-1.203722967728E-04,3.111696661705));
#3806 = CARTESIAN_POINT('',(-1.182084546686E-04,3.195110871188));
#3807 = CARTESIAN_POINT('',(-1.161405289482E-04,3.304619355778));
#3808 = CARTESIAN_POINT('',(-1.157052991689E-04,3.330731356774));
#3809 = CARTESIAN_POINT('',(-1.153354131703E-04,3.356843367121));
#3810 = CARTESIAN_POINT('',(-1.150368462007E-04,3.382955381206));
#3811 = CARTESIAN_POINT('',(-1.148140661892E-04,3.409067393489));
#3812 = CARTESIAN_POINT('',(-1.146700337458E-04,3.435179398505));
#3813 = CARTESIAN_POINT('',(-1.146062021613E-04,3.461291390864));
#3814 = CARTESIAN_POINT('',(-1.146225174072E-04,3.487403365248));
#3815 = ( GEOMETRIC_REPRESENTATION_CONTEXT(2) 
PARAMETRIC_REPRESENTATION_CONTEXT() REPRESENTATION_CONTEXT('2D SPACE',''
  ) );
#3816 = ORIENTED_EDGE('',*,*,#3817,.T.);
#3817 = EDGE_CURVE('',#3626,#3818,#3820,.T.);
#3818 = VERTEX_POINT('',#3819);
#3819 = CARTESIAN_POINT('',(7.1,-1.738998454789E-15,8.468002435886));
#3820 = SURFACE_CURVE('',#3821,(#3825,#3832),.PCURVE_S1.);
#3821 = LINE('',#3822,#3823);
#3822 = CARTESIAN_POINT('',(7.1,-1.738998454789E-15,0.));
#3823 = VECTOR('',#3824,1.);
#3824 = DIRECTION('',(0.,0.,1.));
#3825 = PCURVE('',#1961,#3826);
#3826 = DEFINITIONAL_REPRESENTATION('',(#3827),#3831);
#3827 = LINE('',#3828,#3829);
#3828 = CARTESIAN_POINT('',(6.28318530718,-0.));
#3829 = VECTOR('',#3830,1.);
#3830 = DIRECTION('',(0.,1.));
#3831 = ( GEOMETRIC_REPRESENTATION_CONTEXT(2) 
PARAMETRIC_REPRESENTATION_CONTEXT() REPRESENTATION_CONTEXT('2D SPACE',''
  ) );
#3832 = PCURVE('',#3833,#3838);
#3833 = CYLINDRICAL_SURFACE('',#3834,7.1);
#3834 = AXIS2_PLACEMENT_3D('',#3835,#3836,#3837);
#3835 = CARTESIAN_POINT('',(0.,0.,0.));
#3836 = DIRECTION('',(0.,0.,1.));
#3837 = DIRECTION('',(1.,0.,0.));
#3838 = DEFINITIONAL_REPRESENTATION('',(#3839),#3843);
#3839 = LINE('',#3840,#3841);
#3840 = CARTESIAN_POINT('',(0.,-0.));
#3841 = VECTOR('',#3842,1.);
#3842 = DIRECTION('',(0.,1.));
#3843 = ( GEOMETRIC_REPRESENTATION_CONTEXT(2) 
PARAMETRIC_REPRESENTATION_CONTEXT() REPRESENTATION_CONTEXT('2D SPACE',''
  ) );
#3844 = ORIENTED_EDGE('',*,*,#3845,.F.);
#3845 = EDGE_CURVE('',#1896,#3818,#3846,.T.);
#3846 = SURFACE_CURVE('',#3847,(#3934,#4024),.PCURVE_S1.);
#3847 = B_SPLINE_CURVE_WITH_KNOTS('',8,(#3848,#3849,#3850,#3851,#3852,
    #3853,#3854,#3855,#3856,#3857,#3858,#3859,#3860,#3861,#3862,#3863,
    #3864,#3865,#3866,#3867,#3868,#3869,#3870,#3871,#3872,#3873,#3874,
    #3875,#3876,#3877,#3878,#3879,#3880,#3881,#3882,#3883,#3884,#3885,
    #3886,#3887,#3888,#3889,#3890,#3891,#3892,#3893,#3894,#3895,#3896,
    #3897,#3898,#3899,#3900,#3901,#3902,#3903,#3904,#3905,#3906,#3907,
    #3908,#3909,#3910,#3911,#3912,#3913,#3914,#3915,#3916,#3917,#3918,
    #3919,#3920,#3921,#3922,#3923,#3924,#3925,#3926,#3927,#3928,#3929,
    #3930,#3931,#3932,#3933),.UNSPECIFIED.,.F.,.F.,(9,7,7,7,7,7,7,7,7,7,
    7,7,9),(0.,4.471434411174E-02,0.133247042351,0.217528474078,
    0.270973380183,0.374937383892,0.502099082894,0.626030837865,
    0.732888873192,0.783840978966,0.869661403387,0.955769608178,1.),
  .UNSPECIFIED.);
#3848 = CARTESIAN_POINT('',(7.099893093501,3.89623005096E-02,
    5.470622595307));
#3849 = CARTESIAN_POINT('',(7.098526129788,0.288056837962,5.487374098325
    ));
#3850 = CARTESIAN_POINT('',(7.087171210551,0.537098924753,5.504127022634
    ));
#3851 = CARTESIAN_POINT('',(7.065831138336,0.785617824729,5.52088031462)
  );
#3852 = CARTESIAN_POINT('',(7.034534738573,1.033146234143,5.537633452431
    ));
#3853 = CARTESIAN_POINT('',(6.993336837616,1.279220465894,5.554386263746
    ));
#3854 = CARTESIAN_POINT('',(6.942318240791,1.523380633767,5.571138743533
    ));
#3855 = CARTESIAN_POINT('',(6.881585710438,1.765170836662,5.587890871816
    ));
#3856 = CARTESIAN_POINT('',(6.672053364462,2.477287883111,5.637809881436
    ));
#3857 = CARTESIAN_POINT('',(6.495249844531,2.939458321854,5.670980864894
    ));
#3858 = CARTESIAN_POINT('',(6.281898408736,3.387054117275,5.704148386792
    ));
#3859 = CARTESIAN_POINT('',(6.033435817588,3.816715386269,5.737312873336
    ));
#3860 = CARTESIAN_POINT('',(5.751636656444,4.225288156506,5.770477990724
    ));
#3861 = CARTESIAN_POINT('',(5.438590414895,4.609817837697,5.803646874434
    ));
#3862 = CARTESIAN_POINT('',(5.096717556628,4.967566912053,5.836818769015
    ));
#3863 = CARTESIAN_POINT('',(4.378597517552,5.608772962532,5.901560721186
    ));
#3864 = CARTESIAN_POINT('',(4.004690857694,5.895060433852,5.933139916843
    ));
#3865 = CARTESIAN_POINT('',(3.609496317048,6.152763291034,5.964717678834
    ));
#3866 = CARTESIAN_POINT('',(3.195583228354,6.380058161448,5.996293286632
    ));
#3867 = CARTESIAN_POINT('',(2.765671079282,6.575410501873,6.027868749965
    ));
#3868 = CARTESIAN_POINT('',(2.322617429036,6.737561477007,6.0594461973)
  );
#3869 = CARTESIAN_POINT('',(1.86942120248,6.865545481292,6.091025188573)
  );
#3870 = CARTESIAN_POINT('',(1.117430130409,7.017834139979,6.142622277844
    ));
#3871 = CARTESIAN_POINT('',(0.822780480561,7.062946140667,6.162644947563
    ));
#3872 = CARTESIAN_POINT('',(0.526083231567,7.093913086061,6.182667364839
    ));
#3873 = CARTESIAN_POINT('',(0.228131732208,7.110630314441,6.202689505334
    ));
#3874 = CARTESIAN_POINT('',(-7.027861662485E-02,7.113046283784,
    6.222711630488));
#3875 = CARTESIAN_POINT('',(-0.368350750255,7.101161434815,
    6.242734001143));
#3876 = CARTESIAN_POINT('',(-0.665286239491,7.07502935575,6.262756591119
    ));
#3877 = CARTESIAN_POINT('',(-1.534134470475,6.956426542129,
    6.321727116543));
#3878 = CARTESIAN_POINT('',(-2.100850538931,6.824571045655,
    6.360687148574));
#3879 = CARTESIAN_POINT('',(-2.654350865896,6.639971076639,
    6.399641529533));
#3880 = CARTESIAN_POINT('',(-3.188925275888,6.404250353093,
    6.438590943046));
#3881 = CARTESIAN_POINT('',(-3.699188383702,6.119705837135,
    6.477540473504));
#3882 = CARTESIAN_POINT('',(-4.180061773456,5.789250929033,
    6.516495136813));
#3883 = CARTESIAN_POINT('',(-4.626808570556,5.416463902145,
    6.555455445686));
#3884 = CARTESIAN_POINT('',(-5.534589339336,4.503349266619,
    6.642042918297));
#3885 = CARTESIAN_POINT('',(-5.977080398961,3.943684544771,6.68971291478
    ));
#3886 = CARTESIAN_POINT('',(-6.354392534525,3.334744336985,
    6.737364910372));
#3887 = CARTESIAN_POINT('',(-6.66038140641,2.685530565238,6.785003775374
    ));
#3888 = CARTESIAN_POINT('',(-6.890298721083,2.005643955769,
    6.832642535948));
#3889 = CARTESIAN_POINT('',(-7.040905243313,1.305293814134,
    6.880294301335));
#3890 = CARTESIAN_POINT('',(-7.110382525986,0.5952260614,6.927964143814)
  );
#3891 = CARTESIAN_POINT('',(-7.088102756693,-0.803407347794,
    7.02203224716));
#3892 = CARTESIAN_POINT('',(-7.000382642273,-1.492918397418,
    7.068489644081));
#3893 = CARTESIAN_POINT('',(-6.835948225301,-2.171029661516,
    7.114932589376));
#3894 = CARTESIAN_POINT('',(-6.596738913858,-2.827845785408,
    7.161364737012));
#3895 = CARTESIAN_POINT('',(-6.285977616068,-3.453989466384,
    7.207796851141));
#3896 = CARTESIAN_POINT('',(-5.908233621952,-4.040660572357,
    7.254239718931));
#3897 = CARTESIAN_POINT('',(-5.469336409016,-4.579631349353,
    7.300697057435));
#3898 = CARTESIAN_POINT('',(-4.552396983899,-5.480880902936,
    7.387158756164));
#3899 = CARTESIAN_POINT('',(-4.087718935431,-5.857624370279,
    7.427204159732));
#3900 = CARTESIAN_POINT('',(-3.587631987657,-6.189101100201,
    7.467242322585));
#3901 = CARTESIAN_POINT('',(-3.057344532988,-6.471506430596,
    7.507274305956));
#3902 = CARTESIAN_POINT('',(-2.502430551987,-6.701784615808,
    7.547306334113));
#3903 = CARTESIAN_POINT('',(-1.928790195761,-6.877570736276,
    7.587344603939));
#3904 = CARTESIAN_POINT('',(-1.342669787765,-6.997257405674,
    7.627390081244));
#3905 = CARTESIAN_POINT('',(-0.468457452109,-7.090212773378,
    7.686510882809));
#3906 = CARTESIAN_POINT('',(-0.18482459655,-7.107329521279,
    7.705599592201));
#3907 = CARTESIAN_POINT('',(9.948986692245E-02,-7.111475905672,
    7.724688208775));
#3908 = CARTESIAN_POINT('',(0.383793308621,-7.102623781771,
    7.743776680311));
#3909 = CARTESIAN_POINT('',(0.667395208028,-7.080788896006,7.7628651712)
  );
#3910 = CARTESIAN_POINT('',(0.949607373035,-7.046030006084,
    7.781953842995));
#3911 = CARTESIAN_POINT('',(1.229744252217,-6.998449729032,
    7.801042636082));
#3912 = CARTESIAN_POINT('',(1.974322697063,-6.836711523294,
    7.852282343865));
#3913 = CARTESIAN_POINT('',(2.433777136015,-6.699257407181,
    7.884437914352));
#3914 = CARTESIAN_POINT('',(2.882157394589,-6.526540615655,
    7.916591322732));
#3915 = CARTESIAN_POINT('',(3.316313565774,-6.319632430614,
    7.948742023885));
#3916 = CARTESIAN_POINT('',(3.733253383319,-6.079916362725,
    7.980892527632));
#3917 = CARTESIAN_POINT('',(4.130138224653,-5.809068719176,
    8.013045476073));
#3918 = CARTESIAN_POINT('',(4.504296831341,-5.509072945534,8.04520063943
    ));
#3919 = CARTESIAN_POINT('',(5.203386825003,-4.854366666803,
    8.109610833467));
#3920 = CARTESIAN_POINT('',(5.528247355968,-4.499383885071,
    8.141874764398));
#3921 = CARTESIAN_POINT('',(5.825316920575,-4.119657061532,8.1741372639)
  );
#3922 = CARTESIAN_POINT('',(6.09242061257,-3.717748464093,8.206398030175
    ));
#3923 = CARTESIAN_POINT('',(6.327683167211,-3.296409707698,
    8.238659378178));
#3924 = CARTESIAN_POINT('',(6.529515266694,-2.858566810792,
    8.270923156446));
#3925 = CARTESIAN_POINT('',(6.696633022627,-2.407325564111,
    8.303188021485));
#3926 = CARTESIAN_POINT('',(6.895645504648,-1.709031015248,
    8.352017271648));
#3927 = CARTESIAN_POINT('',(6.953782258219,-1.469383855154,
    8.368587279762));
#3928 = CARTESIAN_POINT('',(7.002396194466,-1.227493967901,
    8.385156831449));
#3929 = CARTESIAN_POINT('',(7.041387458964,-0.983803401076,
    8.401725890822));
#3930 = CARTESIAN_POINT('',(7.070681073796,-0.738757858437,
    8.418294613232));
#3931 = CARTESIAN_POINT('',(7.090226966661,-0.492806544876,
    8.434863309797));
#3932 = CARTESIAN_POINT('',(7.099999999978,-0.246402011381,
    8.451432411934));
#3933 = CARTESIAN_POINT('',(7.1,-3.552713678801E-15,8.468002435886));
#3934 = PCURVE('',#1961,#3935);
#3935 = DEFINITIONAL_REPRESENTATION('',(#3936),#4023);
#3936 = B_SPLINE_CURVE_WITH_KNOTS('',8,(#3937,#3938,#3939,#3940,#3941,
    #3942,#3943,#3944,#3945,#3946,#3947,#3948,#3949,#3950,#3951,#3952,
    #3953,#3954,#3955,#3956,#3957,#3958,#3959,#3960,#3961,#3962,#3963,
    #3964,#3965,#3966,#3967,#3968,#3969,#3970,#3971,#3972,#3973,#3974,
    #3975,#3976,#3977,#3978,#3979,#3980,#3981,#3982,#3983,#3984,#3985,
    #3986,#3987,#3988,#3989,#3990,#3991,#3992,#3993,#3994,#3995,#3996,
    #3997,#3998,#3999,#4000,#4001,#4002,#4003,#4004,#4005,#4006,#4007,
    #4008,#4009,#4010,#4011,#4012,#4013,#4014,#4015,#4016,#4017,#4018,
    #4019,#4020,#4021,#4022),.UNSPECIFIED.,.F.,.F.,(9,7,7,7,7,7,7,7,7,7,
    7,7,9),(0.,4.471434411174E-02,0.133247042351,0.217528474078,
    0.270973380183,0.374937383892,0.502099082894,0.626030837865,
    0.732888873192,0.783840978966,0.869661403387,0.955769608178,1.),
  .UNSPECIFIED.);
#3937 = CARTESIAN_POINT('',(5.487675502233E-03,5.470622595307));
#3938 = CARTESIAN_POINT('',(4.057194144421E-02,5.487374098325));
#3939 = CARTESIAN_POINT('',(7.565654162818E-02,5.504127022634));
#3940 = CARTESIAN_POINT('',(0.110740977044,5.52088031462));
#3941 = CARTESIAN_POINT('',(0.145825216072,5.537633452431));
#3942 = CARTESIAN_POINT('',(0.180909459778,5.554386263746));
#3943 = CARTESIAN_POINT('',(0.2159939072,5.571138743533));
#3944 = CARTESIAN_POINT('',(0.251078520645,5.587890871816));
#3945 = CARTESIAN_POINT('',(0.355628309922,5.637809881436));
#3946 = CARTESIAN_POINT('',(0.425104552457,5.670980864894));
#3947 = CARTESIAN_POINT('',(0.494576036558,5.704148386792));
#3948 = CARTESIAN_POINT('',(0.564041552111,5.737312873336));
#3949 = CARTESIAN_POINT('',(0.633507067625,5.770477990724));
#3950 = CARTESIAN_POINT('',(0.702978576834,5.803646874434));
#3951 = CARTESIAN_POINT('',(0.772454885167,5.836818769015));
#3952 = CARTESIAN_POINT('',(0.908050113889,5.901560721186));
#3953 = CARTESIAN_POINT('',(0.974188321056,5.933139916843));
#3954 = CARTESIAN_POINT('',(1.040322769022,5.964717678834));
#3955 = CARTESIAN_POINT('',(1.106452521849,5.996293286632));
#3956 = CARTESIAN_POINT('',(1.172582273142,6.027868749965));
#3957 = CARTESIAN_POINT('',(1.23871671932,6.0594461973));
#3958 = CARTESIAN_POINT('',(1.304854929264,6.091025188573));
#3959 = CARTESIAN_POINT('',(1.412919213221,6.142622277844));
#3960 = CARTESIAN_POINT('',(1.454854606959,6.162644947563));
#3961 = CARTESIAN_POINT('',(1.496789614016,6.182667364839));
#3962 = CARTESIAN_POINT('',(1.538724134047,6.202689505334));
#3963 = CARTESIAN_POINT('',(1.580658656756,6.222711630488));
#3964 = CARTESIAN_POINT('',(1.622593672516,6.242734001143));
#3965 = CARTESIAN_POINT('',(1.664529080744,6.262756591119));
#3966 = CARTESIAN_POINT('',(1.788036947432,6.321727116543));
#3967 = CARTESIAN_POINT('',(1.86963447206,6.360687148574));
#3968 = CARTESIAN_POINT('',(1.951219576854,6.399641529533));
#3969 = CARTESIAN_POINT('',(2.032793684108,6.438590943046));
#3970 = CARTESIAN_POINT('',(2.114367786958,6.477540473504));
#3971 = CARTESIAN_POINT('',(2.195952880485,6.516495136813));
#3972 = CARTESIAN_POINT('',(2.277550392332,6.555455445686));
#3973 = CARTESIAN_POINT('',(2.458898703912,6.642042918297));
#3974 = CARTESIAN_POINT('',(2.558739578908,6.68971291478));
#3975 = CARTESIAN_POINT('',(2.65854412038,6.737364910372));
#3976 = CARTESIAN_POINT('',(2.758322336004,6.785003775374));
#3977 = CARTESIAN_POINT('',(2.858100561919,6.832642535948));
#3978 = CARTESIAN_POINT('',(2.957905102152,6.880294301335));
#3979 = CARTESIAN_POINT('',(3.05774601382,6.927964143814));
#3980 = CARTESIAN_POINT('',(3.254761626866,7.02203224716));
#3981 = CARTESIAN_POINT('',(3.352060258173,7.068489644081));
#3982 = CARTESIAN_POINT('',(3.449327170599,7.114932589376));
#3983 = CARTESIAN_POINT('',(3.546570493466,7.161364737012));
#3984 = CARTESIAN_POINT('',(3.64381381441,7.207796851141));
#3985 = CARTESIAN_POINT('',(3.741080721807,7.254239718931));
#3986 = CARTESIAN_POINT('',(3.838379348635,7.300697057435));
#3987 = CARTESIAN_POINT('',(4.019464084476,7.387158756164));
#3988 = CARTESIAN_POINT('',(4.103335827025,7.427204159732));
#3989 = CARTESIAN_POINT('',(4.187193264636,7.467242322585));
#3990 = CARTESIAN_POINT('',(4.271038264148,7.507274305956));
#3991 = CARTESIAN_POINT('',(4.354883262041,7.547306334113));
#3992 = CARTESIAN_POINT('',(4.438740726881,7.587344603939));
#3993 = CARTESIAN_POINT('',(4.522612552269,7.627390081244));
#3994 = CARTESIAN_POINT('',(4.646435149048,7.686510882809));
#3995 = CARTESIAN_POINT('',(4.686414405935,7.705599592201));
#3996 = CARTESIAN_POINT('',(4.726393351605,7.724688208775));
#3997 = CARTESIAN_POINT('',(4.766371907908,7.743776680311));
#3998 = CARTESIAN_POINT('',(4.806350462384,7.7628651712));
#3999 = CARTESIAN_POINT('',(4.846329403114,7.781953842995));
#4000 = CARTESIAN_POINT('',(4.886308653579,7.801042636082));
#4001 = CARTESIAN_POINT('',(4.993624492588,7.852282343865));
#4002 = CARTESIAN_POINT('',(5.060971005024,7.884437914352));
#4003 = CARTESIAN_POINT('',(5.128313417274,7.916591322732));
#4004 = CARTESIAN_POINT('',(5.195650705218,7.948742023885));
#4005 = CARTESIAN_POINT('',(5.262987996905,7.980892527632));
#4006 = CARTESIAN_POINT('',(5.330330420124,8.013045476073));
#4007 = CARTESIAN_POINT('',(5.397676948837,8.04520063943));
#4008 = CARTESIAN_POINT('',(5.5325773493,8.109610833467));
#4009 = CARTESIAN_POINT('',(5.600149826205,8.141874764398));
#4010 = CARTESIAN_POINT('',(5.667718124396,8.1741372639));
#4011 = CARTESIAN_POINT('',(5.735281196418,8.206398030175));
#4012 = CARTESIAN_POINT('',(5.802844256352,8.238659378178));
#4013 = CARTESIAN_POINT('',(5.870412527728,8.270923156446));
#4014 = CARTESIAN_POINT('',(5.937984985149,8.303188021485));
#4015 = CARTESIAN_POINT('',(6.040252594175,8.352017271648));
#4016 = CARTESIAN_POINT('',(6.074957441794,8.368587279762));
#4017 = CARTESIAN_POINT('',(6.109662148065,8.385156831449));
#4018 = CARTESIAN_POINT('',(6.144366675852,8.401725890822));
#4019 = CARTESIAN_POINT('',(6.17907121018,8.418294613232));
#4020 = CARTESIAN_POINT('',(6.213775933096,8.434863309797));
#4021 = CARTESIAN_POINT('',(6.248480798534,8.451432411934));
#4022 = CARTESIAN_POINT('',(6.28318530718,8.468002435886));
#4023 = ( GEOMETRIC_REPRESENTATION_CONTEXT(2) 
PARAMETRIC_REPRESENTATION_CONTEXT() REPRESENTATION_CONTEXT('2D SPACE',''
  ) );
#4024 = PCURVE('',#1910,#4025);
#4025 = DEFINITIONAL_REPRESENTATION('',(#4026),#4113);
#4026 = B_SPLINE_CURVE_WITH_KNOTS('',8,(#4027,#4028,#4029,#4030,#4031,
    #4032,#4033,#4034,#4035,#4036,#4037,#4038,#4039,#4040,#4041,#4042,
    #4043,#4044,#4045,#4046,#4047,#4048,#4049,#4050,#4051,#4052,#4053,
    #4054,#4055,#4056,#4057,#4058,#4059,#4060,#4061,#4062,#4063,#4064,
    #4065,#4066,#4067,#4068,#4069,#4070,#4071,#4072,#4073,#4074,#4075,
    #4076,#4077,#4078,#4079,#4080,#4081,#4082,#4083,#4084,#4085,#4086,
    #4087,#4088,#4089,#4090,#4091,#4092,#4093,#4094,#4095,#4096,#4097,
    #4098,#4099,#4100,#4101,#4102,#4103,#4104,#4105,#4106,#4107,#4108,
    #4109,#4110,#4111,#4112),.UNSPECIFIED.,.F.,.F.,(9,7,7,7,7,7,7,7,7,7,
    7,7,9),(0.,4.471434411174E-02,0.133247042351,0.217528474078,
    0.270973380183,0.374937383892,0.502099082894,0.626030837865,
    0.732888873192,0.783840978966,0.869661403387,0.955769608178,1.),
  .UNSPECIFIED.);
#4027 = CARTESIAN_POINT('',(-0.98137201263,0.));
#4028 = CARTESIAN_POINT('',(-0.98137201269,3.887825318948E-02));
#4029 = CARTESIAN_POINT('',(-0.981369543418,7.775694597151E-02));
#4030 = CARTESIAN_POINT('',(-0.981366231082,0.116635515965));
#4031 = CARTESIAN_POINT('',(-0.981363071386,0.155513904869));
#4032 = CARTESIAN_POINT('',(-0.981360576579,0.194392305838));
#4033 = CARTESIAN_POINT('',(-0.981358922559,0.233270910856));
#4034 = CARTESIAN_POINT('',(-0.981358095982,0.272149658109));
#4035 = CARTESIAN_POINT('',(-0.981357933246,0.388005574623));
#4036 = CARTESIAN_POINT('',(-0.98136084779,0.464994870344));
#4037 = CARTESIAN_POINT('',(-0.981365918623,0.5419786288));
#4038 = CARTESIAN_POINT('',(-0.981371207932,0.618955595515));
#4039 = CARTESIAN_POINT('',(-0.981375205414,0.695932530635));
#4040 = CARTESIAN_POINT('',(-0.981377475198,0.772916206569));
#4041 = CARTESIAN_POINT('',(-0.981378450758,0.849905371892));
#4042 = CARTESIAN_POINT('',(-0.981378308325,1.000163604762));
#4043 = CARTESIAN_POINT('',(-0.981377318351,1.073454028904));
#4044 = CARTESIAN_POINT('',(-0.981375753338,1.146740459881));
#4045 = CARTESIAN_POINT('',(-0.981374126225,1.220021819332));
#4046 = CARTESIAN_POINT('',(-0.981372841173,1.293303239543));
#4047 = CARTESIAN_POINT('',(-0.981372062817,1.366589851052));
#4048 = CARTESIAN_POINT('',(-0.981371731024,1.439880562902));
#4049 = CARTESIAN_POINT('',(-0.98137171491,1.559631273164));
#4050 = CARTESIAN_POINT('',(-0.981371837165,1.606101658047));
#4051 = CARTESIAN_POINT('',(-0.981372053992,1.65257156654));
#4052 = CARTESIAN_POINT('',(-0.981372314835,1.699040883616));
#4053 = CARTESIAN_POINT('',(-0.981372564786,1.74551015248));
#4054 = CARTESIAN_POINT('',(-0.981372754248,1.791979921085));
#4055 = CARTESIAN_POINT('',(-0.981372845972,1.838450085548));
#4056 = CARTESIAN_POINT('',(-0.98137276797,1.975313595567));
#4057 = CARTESIAN_POINT('',(-0.981372268734,2.065734634345));
#4058 = CARTESIAN_POINT('',(-0.98137116883,2.156141862185));
#4059 = CARTESIAN_POINT('',(-0.981369538711,2.246536947278));
#4060 = CARTESIAN_POINT('',(-0.981367769758,2.33693214304));
#4061 = CARTESIAN_POINT('',(-0.981366352727,2.427339659004));
#4062 = CARTESIAN_POINT('',(-0.981365608789,2.517761056977));
#4063 = CARTESIAN_POINT('',(-0.981365689028,2.718720411477));
#4064 = CARTESIAN_POINT('',(-0.981366900453,2.829358226092));
#4065 = CARTESIAN_POINT('',(-0.981369473406,2.939955839187));
#4066 = CARTESIAN_POINT('',(-0.981373130002,3.050524232404));
#4067 = CARTESIAN_POINT('',(-0.981376886616,3.161092499064));
#4068 = CARTESIAN_POINT('',(-0.981379658575,3.271689808291));
#4069 = CARTESIAN_POINT('',(-0.981380961657,3.382327371605));
#4070 = CARTESIAN_POINT('',(-0.981380702225,3.600647990158));
#4071 = CARTESIAN_POINT('',(-0.981379211565,3.708468376362));
#4072 = CARTESIAN_POINT('',(-0.981376390446,3.816253681616));
#4073 = CARTESIAN_POINT('',(-0.981372740351,3.924012966977));
#4074 = CARTESIAN_POINT('',(-0.981369261601,4.031772372956));
#4075 = CARTESIAN_POINT('',(-0.98136682693,4.139557945772));
#4076 = CARTESIAN_POINT('',(-0.98136568187,4.247378596542));
#4077 = CARTESIAN_POINT('',(-0.981365612556,4.448045871612));
#4078 = CARTESIAN_POINT('',(-0.981366403892,4.540987423348));
#4079 = CARTESIAN_POINT('',(-0.981367901709,4.633912988222));
#4080 = CARTESIAN_POINT('',(-0.981369749554,4.726824616525));
#4081 = CARTESIAN_POINT('',(-0.981371404496,4.819736125422));
#4082 = CARTESIAN_POINT('',(-0.981372452407,4.912661417657));
#4083 = CARTESIAN_POINT('',(-0.981372857886,5.005602693773));
#4084 = CARTESIAN_POINT('',(-0.981372803694,5.142815004471));
#4085 = CARTESIAN_POINT('',(-0.981372685766,5.18711750004));
#4086 = CARTESIAN_POINT('',(-0.98137248894,5.231419688839));
#4087 = CARTESIAN_POINT('',(-0.981372247972,5.275721489911));
#4088 = CARTESIAN_POINT('',(-0.98137200677,5.320023335631));
#4089 = CARTESIAN_POINT('',(-0.981371812513,5.364325655563));
#4090 = CARTESIAN_POINT('',(-0.981371707956,5.408628360859));
#4091 = CARTESIAN_POINT('',(-0.981371745477,5.527549693145));
#4092 = CARTESIAN_POINT('',(-0.981372107727,5.602179380593));
#4093 = CARTESIAN_POINT('',(-0.981372937258,5.676804591078));
#4094 = CARTESIAN_POINT('',(-0.981374290882,5.751424125218));
#4095 = CARTESIAN_POINT('',(-0.981375979132,5.826043588641));
#4096 = CARTESIAN_POINT('',(-0.981377555243,5.900668596074));
#4097 = CARTESIAN_POINT('',(-0.981378467644,5.975297975601));
#4098 = CARTESIAN_POINT('',(-0.981378283936,6.124786189372));
#4099 = CARTESIAN_POINT('',(-0.981377153578,6.19966564039));
#4100 = CARTESIAN_POINT('',(-0.981374769466,6.274540317603));
#4101 = CARTESIAN_POINT('',(-0.981370798342,6.349409134717));
#4102 = CARTESIAN_POINT('',(-0.981365691156,6.424277986591));
#4103 = CARTESIAN_POINT('',(-0.981360844765,6.499152780777));
#4104 = CARTESIAN_POINT('',(-0.98135802329,6.574032441729));
#4105 = CARTESIAN_POINT('',(-0.981358047254,6.68735937187));
#4106 = CARTESIAN_POINT('',(-0.981358801459,6.725817274769));
#4107 = CARTESIAN_POINT('',(-0.981360370603,6.764275055425));
#4108 = CARTESIAN_POINT('',(-0.981362773171,6.802732653669));
#4109 = CARTESIAN_POINT('',(-0.981365846106,6.841190248755));
#4110 = CARTESIAN_POINT('',(-0.981369113642,6.879648018028));
#4111 = CARTESIAN_POINT('',(-0.981371656137,6.918105895603));
#4112 = CARTESIAN_POINT('',(-0.981371978915,6.95656333104));
#4113 = ( GEOMETRIC_REPRESENTATION_CONTEXT(2) 
PARAMETRIC_REPRESENTATION_CONTEXT() REPRESENTATION_CONTEXT('2D SPACE',''
  ) );
#4114 = ADVANCED_FACE('',(#4115),#1910,.F.);
#4115 = FACE_BOUND('',#4116,.F.);
#4116 = EDGE_LOOP('',(#4117,#4118,#4119,#4150,#4196));
#4117 = ORIENTED_EDGE('',*,*,#3845,.F.);
#4118 = ORIENTED_EDGE('',*,*,#1895,.T.);
#4119 = ORIENTED_EDGE('',*,*,#4120,.T.);
#4120 = EDGE_CURVE('',#1865,#4121,#4123,.T.);
#4121 = VERTEX_POINT('',#4122);
#4122 = CARTESIAN_POINT('',(6.249999999982,6.038731777256E-03,
    8.960202819158));
#4123 = SURFACE_CURVE('',#4124,(#4137,#4144),.PCURVE_S1.);
#4124 = B_SPLINE_CURVE_WITH_KNOTS('',11,(#4125,#4126,#4127,#4128,#4129,
    #4130,#4131,#4132,#4133,#4134,#4135,#4136),.UNSPECIFIED.,.F.,.F.,(12
    ,12),(0.,6.962644440466),.PIECEWISE_BEZIER_KNOTS.);
#4125 = CARTESIAN_POINT('',(6.25,6.038731789181E-03,5.960202818984));
#4126 = CARTESIAN_POINT('',(6.246550684337,3.576030373573,6.232930092288
    ));
#4127 = CARTESIAN_POINT('',(4.000491993756,7.143774383213,6.505657362834
    ));
#4128 = CARTESIAN_POINT('',(-0.491316410984,9.144213529445,
    6.778384641188));
#4129 = CARTESIAN_POINT('',(-5.975287234991,8.00719191722,7.051111903431
    ));
#4130 = CARTESIAN_POINT('',(-10.06055292374,3.294832584005,
    7.323839190962));
#4131 = CARTESIAN_POINT('',(-10.05416722072,-3.314267367978,
    7.596566447217));
#4132 = CARTESIAN_POINT('',(-5.95980304932,-8.018723566665,
    7.869293734634));
#4133 = CARTESIAN_POINT('',(-0.473645281564,-9.145145872629,
    8.142020997026));
#4134 = CARTESIAN_POINT('',(4.014289098362,-7.136030525074,
    8.414748275272));
#4135 = CARTESIAN_POINT('',(6.253449315638,-3.56395291001,8.687475545868
    ));
#4136 = CARTESIAN_POINT('',(6.249999999982,6.038731777253E-03,
    8.960202819158));
#4137 = PCURVE('',#1910,#4138);
#4138 = DEFINITIONAL_REPRESENTATION('',(#4139),#4143);
#4139 = LINE('',#4140,#4141);
#4140 = CARTESIAN_POINT('',(-0.,0.));
#4141 = VECTOR('',#4142,1.);
#4142 = DIRECTION('',(0.,1.));
#4143 = ( GEOMETRIC_REPRESENTATION_CONTEXT(2) 
PARAMETRIC_REPRESENTATION_CONTEXT() REPRESENTATION_CONTEXT('2D SPACE',''
  ) );
#4144 = PCURVE('',#3394,#4145);
#4145 = DEFINITIONAL_REPRESENTATION('',(#4146),#4149);
#4146 = B_SPLINE_CURVE_WITH_KNOTS('',1,(#4147,#4148),.UNSPECIFIED.,.F.,
  .F.,(2,2),(0.,6.962644440466),.PIECEWISE_BEZIER_KNOTS.);
#4147 = CARTESIAN_POINT('',(-0.18,0.));
#4148 = CARTESIAN_POINT('',(-0.18,6.962644440466));
#4149 = ( GEOMETRIC_REPRESENTATION_CONTEXT(2) 
PARAMETRIC_REPRESENTATION_CONTEXT() REPRESENTATION_CONTEXT('2D SPACE',''
  ) );
#4150 = ORIENTED_EDGE('',*,*,#4151,.F.);
#4151 = EDGE_CURVE('',#4152,#4121,#4154,.T.);
#4152 = VERTEX_POINT('',#4153);
#4153 = CARTESIAN_POINT('',(7.099893093501,3.896230051414E-02,
    8.470622595238));
#4154 = SURFACE_CURVE('',#4155,(#4158,#4165),.PCURVE_S1.);
#4155 = B_SPLINE_CURVE_WITH_KNOTS('',1,(#4156,#4157),.UNSPECIFIED.,.F.,
  .F.,(2,2),(-0.981495457622,-0.),.PIECEWISE_BEZIER_KNOTS.);
#4156 = CARTESIAN_POINT('',(7.099999999881,3.896644190508E-02,
    8.470561011905));
#4157 = CARTESIAN_POINT('',(6.249999999982,6.038731777253E-03,
    8.960202819158));
#4158 = PCURVE('',#1910,#4159);
#4159 = DEFINITIONAL_REPRESENTATION('',(#4160),#4164);
#4160 = LINE('',#4161,#4162);
#4161 = CARTESIAN_POINT('',(0.,6.962644440466));
#4162 = VECTOR('',#4163,1.);
#4163 = DIRECTION('',(1.,0.));
#4164 = ( GEOMETRIC_REPRESENTATION_CONTEXT(2) 
PARAMETRIC_REPRESENTATION_CONTEXT() REPRESENTATION_CONTEXT('2D SPACE',''
  ) );
#4165 = PCURVE('',#4166,#4191);
#4166 = B_SPLINE_SURFACE_WITH_KNOTS('',1,11,(
    (#4167,#4168,#4169,#4170,#4171,#4172,#4173,#4174,#4175,#4176,#4177
      ,#4178)
    ,(#4179,#4180,#4181,#4182,#4183,#4184,#4185,#4186,#4187,#4188,#4189
      ,#4190
    )),.UNSPECIFIED.,.F.,.F.,.F.,(2,2),(12,12),(-0.981495457622,-0.),(0.
    ,6.962644440466),.PIECEWISE_BEZIER_KNOTS.);
#4167 = CARTESIAN_POINT('',(7.1,3.896644190513E-02,8.470561011905));
#4168 = CARTESIAN_POINT('',(7.077742419582,4.094476958323,8.743288284631
    ));
#4169 = CARTESIAN_POINT('',(4.507881009421,8.135913726087,9.016015557366
    ));
#4170 = CARTESIAN_POINT('',(-0.605111954453,10.38534823305,
    9.288742830076));
#4171 = CARTESIAN_POINT('',(-6.829089089982,9.065514198145,
    9.561470102817));
#4172 = CARTESIAN_POINT('',(-11.44576372332,3.691265338729,
    9.834197375562));
#4173 = CARTESIAN_POINT('',(-11.40455836121,-3.816673190446,
    10.106924648222));
#4174 = CARTESIAN_POINT('',(-6.729173471939,-9.1399250787,
    10.379651921049));
#4175 = CARTESIAN_POINT('',(-0.491084528759,-10.39136441272,
    10.652379193685));
#4176 = CARTESIAN_POINT('',(4.596910311217,-8.085944525828,
    10.925106466467));
#4177 = CARTESIAN_POINT('',(7.122257580321,-4.016544074511,
    11.197833739174));
#4178 = CARTESIAN_POINT('',(7.099999999877,3.896644190529E-02,
    11.470561011905));
#4179 = CARTESIAN_POINT('',(6.25,6.038731789174E-03,8.960202818984));
#4180 = CARTESIAN_POINT('',(6.246550684337,3.576030373573,9.232930092285
    ));
#4181 = CARTESIAN_POINT('',(4.000491993757,7.143774383219,9.50565736283)
  );
#4182 = CARTESIAN_POINT('',(-0.491316410991,9.144213529421,
    9.778384641246));
#4183 = CARTESIAN_POINT('',(-5.975287234972,8.007191917282,
    10.051111903225));
#4184 = CARTESIAN_POINT('',(-10.06055292378,3.294832583902,
    10.323839191381));
#4185 = CARTESIAN_POINT('',(-10.05416722068,-3.314267367857,
    10.596566446651));
#4186 = CARTESIAN_POINT('',(-5.959803049363,-8.018723566765,
    10.869293735162));
#4187 = CARTESIAN_POINT('',(-0.473645281535,-9.145145872572,
    11.142020996682));
#4188 = CARTESIAN_POINT('',(4.014289098348,-7.136030525096,
    11.414748275425));
#4189 = CARTESIAN_POINT('',(6.253449315642,-3.563952910006,
    11.687475545824));
#4190 = CARTESIAN_POINT('',(6.249999999981,6.038731776986E-03,
    11.960202819163));
#4191 = DEFINITIONAL_REPRESENTATION('',(#4192),#4195);
#4192 = B_SPLINE_CURVE_WITH_KNOTS('',1,(#4193,#4194),.UNSPECIFIED.,.F.,
  .F.,(2,2),(-0.981495457622,-0.),.PIECEWISE_BEZIER_KNOTS.);
#4193 = CARTESIAN_POINT('',(-0.981495457622,0.));
#4194 = CARTESIAN_POINT('',(0.,0.));
#4195 = ( GEOMETRIC_REPRESENTATION_CONTEXT(2) 
PARAMETRIC_REPRESENTATION_CONTEXT() REPRESENTATION_CONTEXT('2D SPACE',''
  ) );
#4196 = ORIENTED_EDGE('',*,*,#4197,.F.);
#4197 = EDGE_CURVE('',#3818,#4152,#4198,.T.);
#4198 = SURFACE_CURVE('',#4199,(#4205,#4214),.PCURVE_S1.);
#4199 = B_SPLINE_CURVE_WITH_KNOTS('',3,(#4200,#4201,#4202,#4203,#4204),
  .UNSPECIFIED.,.F.,.F.,(4,1,4),(0.,0.625486977484,1.),.UNSPECIFIED.);
#4200 = CARTESIAN_POINT('',(7.1,-2.83280343627E-15,8.468002435886));
#4201 = CARTESIAN_POINT('',(7.1,8.123508466773E-03,8.468548724972));
#4202 = CARTESIAN_POINT('',(7.099977710365,2.111101582514E-02,
    8.469422110393));
#4203 = CARTESIAN_POINT('',(7.099919785341,3.409838828499E-02,
    8.470295499184));
#4204 = CARTESIAN_POINT('',(7.099893093501,3.896230051429E-02,
    8.470622595238));
#4205 = PCURVE('',#1910,#4206);
#4206 = DEFINITIONAL_REPRESENTATION('',(#4207),#4213);
#4207 = B_SPLINE_CURVE_WITH_KNOTS('',3,(#4208,#4209,#4210,#4211,#4212),
  .UNSPECIFIED.,.F.,.F.,(4,1,4),(0.,0.625486977484,1.),.UNSPECIFIED.);
#4208 = CARTESIAN_POINT('',(-0.9813719869,6.9565633312));
#4209 = CARTESIAN_POINT('',(-0.981371997543,6.957831215745));
#4210 = CARTESIAN_POINT('',(-0.981372009449,6.959858253581));
#4211 = CARTESIAN_POINT('',(-0.981372012766,6.96188528929));
#4212 = CARTESIAN_POINT('',(-0.981372012767,6.962644440466));
#4213 = ( GEOMETRIC_REPRESENTATION_CONTEXT(2) 
PARAMETRIC_REPRESENTATION_CONTEXT() REPRESENTATION_CONTEXT('2D SPACE',''
  ) );
#4214 = PCURVE('',#3833,#4215);
#4215 = DEFINITIONAL_REPRESENTATION('',(#4216),#4222);
#4216 = B_SPLINE_CURVE_WITH_KNOTS('',3,(#4217,#4218,#4219,#4220,#4221),
  .UNSPECIFIED.,.F.,.F.,(4,1,4),(0.,0.625486977484,1.),.UNSPECIFIED.);
#4217 = CARTESIAN_POINT('',(0.,8.468002435886));
#4218 = CARTESIAN_POINT('',(1.144156122081E-03,8.468548724972));
#4219 = CARTESIAN_POINT('',(2.97338251059E-03,8.469422110393));
#4220 = CARTESIAN_POINT('',(4.80260712718E-03,8.470295499184));
#4221 = CARTESIAN_POINT('',(5.487675502893E-03,8.470622595238));
#4222 = ( GEOMETRIC_REPRESENTATION_CONTEXT(2) 
PARAMETRIC_REPRESENTATION_CONTEXT() REPRESENTATION_CONTEXT('2D SPACE',''
  ) );
#4223 = ADVANCED_FACE('',(#4224),#2375,.F.);
#4224 = FACE_BOUND('',#4225,.F.);
#4225 = EDGE_LOOP('',(#4226,#4227,#4228,#4229,#4230));
#4226 = ORIENTED_EDGE('',*,*,#2774,.F.);
#4227 = ORIENTED_EDGE('',*,*,#2828,.T.);
#4228 = ORIENTED_EDGE('',*,*,#2263,.T.);
#4229 = ORIENTED_EDGE('',*,*,#3479,.T.);
#4230 = ORIENTED_EDGE('',*,*,#4231,.F.);
#4231 = EDGE_CURVE('',#2775,#3480,#4232,.T.);
#4232 = SURFACE_CURVE('',#4233,(#4236,#4243),.PCURVE_S1.);
#4233 = B_SPLINE_CURVE_WITH_KNOTS('',1,(#4234,#4235),.UNSPECIFIED.,.F.,
  .F.,(2,2),(-0.981495457622,-0.),.PIECEWISE_BEZIER_KNOTS.);
#4234 = CARTESIAN_POINT('',(-6.250000000019,6.038731801401E-03,
    6.139797181195));
#4235 = CARTESIAN_POINT('',(-7.100000000123,3.896644190528E-02,
    6.629438988095));
#4236 = PCURVE('',#2375,#4237);
#4237 = DEFINITIONAL_REPRESENTATION('',(#4238),#4242);
#4238 = LINE('',#4239,#4240);
#4239 = CARTESIAN_POINT('',(0.,6.962644440466));
#4240 = VECTOR('',#4241,1.);
#4241 = DIRECTION('',(1.,0.));
#4242 = ( GEOMETRIC_REPRESENTATION_CONTEXT(2) 
PARAMETRIC_REPRESENTATION_CONTEXT() REPRESENTATION_CONTEXT('2D SPACE',''
  ) );
#4243 = PCURVE('',#3737,#4244);
#4244 = DEFINITIONAL_REPRESENTATION('',(#4245),#4248);
#4245 = B_SPLINE_CURVE_WITH_KNOTS('',1,(#4246,#4247),.UNSPECIFIED.,.F.,
  .F.,(2,2),(-0.981495457622,-0.),.PIECEWISE_BEZIER_KNOTS.);
#4246 = CARTESIAN_POINT('',(-0.981495457622,0.));
#4247 = CARTESIAN_POINT('',(0.,0.));
#4248 = ( GEOMETRIC_REPRESENTATION_CONTEXT(2) 
PARAMETRIC_REPRESENTATION_CONTEXT() REPRESENTATION_CONTEXT('2D SPACE',''
  ) );
#4249 = ADVANCED_FACE('',(#4250),#2574,.F.);
#4250 = FACE_BOUND('',#4251,.F.);
#4251 = EDGE_LOOP('',(#4252,#4253,#4254,#4308,#4352));
#4252 = ORIENTED_EDGE('',*,*,#3220,.F.);
#4253 = ORIENTED_EDGE('',*,*,#2559,.T.);
#4254 = ORIENTED_EDGE('',*,*,#4255,.T.);
#4255 = EDGE_CURVE('',#2506,#4256,#4258,.T.);
#4256 = VERTEX_POINT('',#4257);
#4257 = CARTESIAN_POINT('',(-6.249999999981,-6.038731776971E-03,
    11.960202819163));
#4258 = SURFACE_CURVE('',#4259,(#4272,#4279),.PCURVE_S1.);
#4259 = B_SPLINE_CURVE_WITH_KNOTS('',11,(#4260,#4261,#4262,#4263,#4264,
    #4265,#4266,#4267,#4268,#4269,#4270,#4271),.UNSPECIFIED.,.F.,.F.,(12
    ,12),(0.,6.962644440466),.PIECEWISE_BEZIER_KNOTS.);
#4260 = CARTESIAN_POINT('',(-6.25,-6.038731789163E-03,8.960202818984));
#4261 = CARTESIAN_POINT('',(-6.246550684337,-3.576030373573,
    9.232930092285));
#4262 = CARTESIAN_POINT('',(-4.000491993757,-7.143774383219,
    9.50565736283));
#4263 = CARTESIAN_POINT('',(0.491316410989,-9.144213529421,
    9.778384641246));
#4264 = CARTESIAN_POINT('',(5.975287234975,-8.007191917282,
    10.051111903225));
#4265 = CARTESIAN_POINT('',(10.060552923776,-3.294832583902,
    10.323839191382));
#4266 = CARTESIAN_POINT('',(10.054167220686,3.314267367856,
    10.59656644665));
#4267 = CARTESIAN_POINT('',(5.959803049359,8.018723566766,
    10.869293735163));
#4268 = CARTESIAN_POINT('',(0.473645281537,9.145145872571,
    11.142020996681));
#4269 = CARTESIAN_POINT('',(-4.014289098349,7.136030525096,
    11.414748275425));
#4270 = CARTESIAN_POINT('',(-6.253449315642,3.563952910006,
    11.687475545824));
#4271 = CARTESIAN_POINT('',(-6.249999999981,-6.038731776993E-03,
    11.960202819163));
#4272 = PCURVE('',#2574,#4273);
#4273 = DEFINITIONAL_REPRESENTATION('',(#4274),#4278);
#4274 = LINE('',#4275,#4276);
#4275 = CARTESIAN_POINT('',(-0.,0.));
#4276 = VECTOR('',#4277,1.);
#4277 = DIRECTION('',(0.,1.));
#4278 = ( GEOMETRIC_REPRESENTATION_CONTEXT(2) 
PARAMETRIC_REPRESENTATION_CONTEXT() REPRESENTATION_CONTEXT('2D SPACE',''
  ) );
#4279 = PCURVE('',#4280,#4303);
#4280 = B_SPLINE_SURFACE_WITH_KNOTS('',1,10,(
    (#4281,#4282,#4283,#4284,#4285,#4286,#4287,#4288,#4289,#4290,#4291)
    ,(#4292,#4293,#4294,#4295,#4296,#4297,#4298,#4299,#4300,#4301,#4302
    )),.UNSPECIFIED.,.F.,.F.,.F.,(2,2),(11,11),(-0.18,-0.),(0.,
    6.962644440466),.PIECEWISE_BEZIER_KNOTS.);
#4281 = CARTESIAN_POINT('',(-6.25,-6.038731789178E-03,8.960202818984));
#4282 = CARTESIAN_POINT('',(-6.246205752771,-3.933029537751,
    9.260202819614));
#4283 = CARTESIAN_POINT('',(-3.501441344431,-7.860530329075,
    9.560202817488));
#4284 = CARTESIAN_POINT('',(1.988582393486,-9.606785027246,
    9.860202821636));
#4285 = CARTESIAN_POINT('',(8.253456218071,-7.146880718176,
    10.16020281704));
#4286 = CARTESIAN_POINT('',(11.566374111597,1.117539689952E-02,
    10.460202818725));
#4287 = CARTESIAN_POINT('',(8.239630231913,7.162816290315,
    10.760202821689));
#4288 = CARTESIAN_POINT('',(1.970014600957,9.610609812084,
    11.060202816156));
#4289 = CARTESIAN_POINT('',(-3.516624434815,7.853749494386,
    11.360202820799));
#4290 = CARTESIAN_POINT('',(-6.253794247207,3.920952074184,
    11.660202818491));
#4291 = CARTESIAN_POINT('',(-6.249999999981,-6.038731776971E-03,
    11.960202819163));
#4292 = CARTESIAN_POINT('',(-6.25,6.038731789177E-03,9.139797181016));
#4293 = CARTESIAN_POINT('',(-6.253794247231,-3.920952074185,
    9.439797181647));
#4294 = CARTESIAN_POINT('',(-3.51662443485,-7.853749494396,
    9.739797179515));
#4295 = CARTESIAN_POINT('',(1.970014600969,-9.610609812132,
    10.039797183679));
#4296 = CARTESIAN_POINT('',(8.239630231878,-7.162816290328,
    10.339797179052));
#4297 = CARTESIAN_POINT('',(11.566374111694,-1.117539695068E-02,
    10.63979718078));
#4298 = CARTESIAN_POINT('',(8.25345621805,7.146880718205,10.939797183701
    ));
#4299 = CARTESIAN_POINT('',(1.988582393551,9.606785027256,11.2397971782)
  );
#4300 = CARTESIAN_POINT('',(-3.501441344445,7.860530329111,
    11.539797182826));
#4301 = CARTESIAN_POINT('',(-6.246205752777,3.933029537774,
    11.839797180524));
#4302 = CARTESIAN_POINT('',(-6.250000000019,6.038731801405E-03,
    12.139797181195));
#4303 = DEFINITIONAL_REPRESENTATION('',(#4304),#4307);
#4304 = B_SPLINE_CURVE_WITH_KNOTS('',1,(#4305,#4306),.UNSPECIFIED.,.F.,
  .F.,(2,2),(0.,6.962644440466),.PIECEWISE_BEZIER_KNOTS.);
#4305 = CARTESIAN_POINT('',(-0.18,0.));
#4306 = CARTESIAN_POINT('',(-0.18,6.962644440466));
#4307 = ( GEOMETRIC_REPRESENTATION_CONTEXT(2) 
PARAMETRIC_REPRESENTATION_CONTEXT() REPRESENTATION_CONTEXT('2D SPACE',''
  ) );
#4308 = ORIENTED_EDGE('',*,*,#4309,.F.);
#4309 = EDGE_CURVE('',#4310,#4256,#4312,.T.);
#4310 = VERTEX_POINT('',#4311);
#4311 = CARTESIAN_POINT('',(-7.099893093501,-3.896230051448E-02,
    11.470622595236));
#4312 = SURFACE_CURVE('',#4313,(#4316,#4323),.PCURVE_S1.);
#4313 = B_SPLINE_CURVE_WITH_KNOTS('',1,(#4314,#4315),.UNSPECIFIED.,.F.,
  .F.,(2,2),(-0.981495457622,-0.),.PIECEWISE_BEZIER_KNOTS.);
#4314 = CARTESIAN_POINT('',(-7.099999999877,-3.896644190528E-02,
    11.470561011905));
#4315 = CARTESIAN_POINT('',(-6.249999999981,-6.038731776993E-03,
    11.960202819163));
#4316 = PCURVE('',#2574,#4317);
#4317 = DEFINITIONAL_REPRESENTATION('',(#4318),#4322);
#4318 = LINE('',#4319,#4320);
#4319 = CARTESIAN_POINT('',(0.,6.962644440466));
#4320 = VECTOR('',#4321,1.);
#4321 = DIRECTION('',(1.,0.));
#4322 = ( GEOMETRIC_REPRESENTATION_CONTEXT(2) 
PARAMETRIC_REPRESENTATION_CONTEXT() REPRESENTATION_CONTEXT('2D SPACE',''
  ) );
#4323 = PCURVE('',#4324,#4347);
#4324 = B_SPLINE_SURFACE_WITH_KNOTS('',1,10,(
    (#4325,#4326,#4327,#4328,#4329,#4330,#4331,#4332,#4333,#4334,#4335)
    ,(#4336,#4337,#4338,#4339,#4340,#4341,#4342,#4343,#4344,#4345,#4346
    )),.UNSPECIFIED.,.F.,.F.,.F.,(2,2),(11,11),(-0.981495457622,-0.),(0.
    ,6.730556292451),.PIECEWISE_BEZIER_KNOTS.);
#4325 = CARTESIAN_POINT('',(-7.1,-3.896644190513E-02,11.470561011905));
#4326 = CARTESIAN_POINT('',(-7.076332772505,-4.351325957691,
    11.760561011902));
#4327 = CARTESIAN_POINT('',(-4.143123174337,-8.650168520812,
    12.050561011919));
#4328 = CARTESIAN_POINT('',(1.694643150003,-10.70386493941,
    12.340561011868));
#4329 = CARTESIAN_POINT('',(8.470372555788,-8.410998760895,
    12.630561011971));
#4330 = CARTESIAN_POINT('',(12.483971843587,-1.242886444665,
    12.920561011824));
#4331 = CARTESIAN_POINT('',(9.96244226949,6.575853979266,13.210561011975
    ));
#4332 = CARTESIAN_POINT('',(3.771783489892,10.159635295348,
    13.500561011863));
#4333 = CARTESIAN_POINT('',(-2.356304522225,9.297242279596,
    13.790561011921));
#4334 = CARTESIAN_POINT('',(-6.079509627367,5.661102880274,
    14.080561011901));
#4335 = CARTESIAN_POINT('',(-6.952949543895,1.438058073118,
    14.370561011905));
#4336 = CARTESIAN_POINT('',(-6.25,-6.03873178918E-03,11.960202818984));
#4337 = CARTESIAN_POINT('',(-6.246332227629,-3.802129847488,
    12.250202820279));
#4338 = CARTESIAN_POINT('',(-3.681457331611,-7.597904135764,
    12.540202815183));
#4339 = CARTESIAN_POINT('',(1.449119099715,-9.428928035947,
    12.830202825669));
#4340 = CARTESIAN_POINT('',(7.422648491453,-7.437581188504,
    13.120202813597));
#4341 = CARTESIAN_POINT('',(10.984191722312,-1.143756026537,
    13.410202818806));
#4342 = CARTESIAN_POINT('',(8.795713371889,5.748804298555,
    13.700202825043));
#4343 = CARTESIAN_POINT('',(3.360590411221,8.928105182927,
    13.990202812218));
#4344 = CARTESIAN_POINT('',(-2.037152165494,8.193368439514,
    14.280202823102));
#4345 = CARTESIAN_POINT('',(-5.329013927877,5.007441286349,
    14.57020281786));
#4346 = CARTESIAN_POINT('',(-6.114678027499,1.293541296609,
    14.860202819189));
#4347 = DEFINITIONAL_REPRESENTATION('',(#4348),#4351);
#4348 = B_SPLINE_CURVE_WITH_KNOTS('',1,(#4349,#4350),.UNSPECIFIED.,.F.,
  .F.,(2,2),(-0.981495457622,-0.),.PIECEWISE_BEZIER_KNOTS.);
#4349 = CARTESIAN_POINT('',(-0.981495457622,0.));
#4350 = CARTESIAN_POINT('',(0.,0.));
#4351 = ( GEOMETRIC_REPRESENTATION_CONTEXT(2) 
PARAMETRIC_REPRESENTATION_CONTEXT() REPRESENTATION_CONTEXT('2D SPACE',''
  ) );
#4352 = ORIENTED_EDGE('',*,*,#4353,.F.);
#4353 = EDGE_CURVE('',#3193,#4310,#4354,.T.);
#4354 = SURFACE_CURVE('',#4355,(#4400,#4448),.PCURVE_S1.);
#4355 = B_SPLINE_CURVE_WITH_KNOTS('',8,(#4356,#4357,#4358,#4359,#4360,
    #4361,#4362,#4363,#4364,#4365,#4366,#4367,#4368,#4369,#4370,#4371,
    #4372,#4373,#4374,#4375,#4376,#4377,#4378,#4379,#4380,#4381,#4382,
    #4383,#4384,#4385,#4386,#4387,#4388,#4389,#4390,#4391,#4392,#4393,
    #4394,#4395,#4396,#4397,#4398,#4399),.UNSPECIFIED.,.F.,.F.,(9,7,7,7,
    7,7,9),(0.,0.25281506372,0.466495193272,0.566140693811,
    0.737799849793,0.909924960094,1.),.UNSPECIFIED.);
#4356 = CARTESIAN_POINT('',(7.1,-2.067790383364E-15,9.967998006279));
#4357 = CARTESIAN_POINT('',(7.1,0.706044853797,10.015478450176));
#4358 = CARTESIAN_POINT('',(7.019758550234,1.412550286723,
    10.062990541414));
#4359 = CARTESIAN_POINT('',(6.859093507808,2.108158787146,
    10.110486324505));
#4360 = CARTESIAN_POINT('',(6.619965900232,2.782260423478,
    10.157970234867));
#4361 = CARTESIAN_POINT('',(6.305732788362,3.424796475161,
    10.205454141494));
#4362 = CARTESIAN_POINT('',(5.921230879792,4.026330061204,
    10.252949913034));
#4363 = CARTESIAN_POINT('',(5.472667147655,4.57803597562,10.300462048174
    ));
#4364 = CARTESIAN_POINT('',(4.541976012185,5.489678135519,
    10.388073302906));
#4365 = CARTESIAN_POINT('',(4.07541502362,5.866448731102,10.428216933203
    ));
#4366 = CARTESIAN_POINT('',(3.573360624778,6.197657756978,
    10.468353235752));
#4367 = CARTESIAN_POINT('',(3.041068010582,6.479483478593,10.50848329501
    ));
#4368 = CARTESIAN_POINT('',(2.484159563154,6.708861236344,10.54861340567
    ));
#4369 = CARTESIAN_POINT('',(1.908585153329,6.883424449374,
    10.588749828303));
#4370 = CARTESIAN_POINT('',(1.320642275733,7.001572381797,
    10.628893542075));
#4371 = CARTESIAN_POINT('',(0.450207790517,7.091174402259,
    10.687738214773));
#4372 = CARTESIAN_POINT('',(0.172106605729,7.107270677606,
    10.706452676261));
#4373 = CARTESIAN_POINT('',(-0.106620985644,7.110899437622,
    10.725167055993));
#4374 = CARTESIAN_POINT('',(-0.385322310346,7.102035483906,
    10.743881305913));
#4375 = CARTESIAN_POINT('',(-0.663346661046,7.080694176331,
    10.762595574258));
#4376 = CARTESIAN_POINT('',(-0.94004549261,7.046930650779,
    10.781310006679));
#4377 = CARTESIAN_POINT('',(-1.214772701394,7.000840572576,
    10.800024548375));
#4378 = CARTESIAN_POINT('',(-1.955652419278,6.842166748337,
    10.850977669848));
#4379 = CARTESIAN_POINT('',(-2.41673867633,6.705583554489,
    10.883220932831));
#4380 = CARTESIAN_POINT('',(-2.866784587868,6.533514658426,
    10.915462009286));
#4381 = CARTESIAN_POINT('',(-3.302611527058,6.327031998241,
    10.947700343083));
#4382 = CARTESIAN_POINT('',(-3.72119951241,6.087523478414,10.97993847453
    ));
#4383 = CARTESIAN_POINT('',(-4.119683201146,5.816673206909,
    11.012179080039));
#4384 = CARTESIAN_POINT('',(-4.495365774562,5.516476126736,
    11.044421925789));
#4385 = CARTESIAN_POINT('',(-5.197086746663,4.861209830024,
    11.108987054493));
#4386 = CARTESIAN_POINT('',(-5.523087344761,4.50590076437,11.14131834698
    ));
#4387 = CARTESIAN_POINT('',(-5.821211482613,4.125708713263,
    11.17364818877));
#4388 = CARTESIAN_POINT('',(-6.08926749442,3.723209504051,
    11.205976276553));
#4389 = CARTESIAN_POINT('',(-6.325365664145,3.30117016449,
    11.238304953159));
#4390 = CARTESIAN_POINT('',(-6.527904377705,2.862533776468,
    11.270636091803));
#4391 = CARTESIAN_POINT('',(-6.695589838851,2.410424942197,
    11.302968339189));
#4392 = CARTESIAN_POINT('',(-6.89651387167,1.706275629932,
    11.352211481124));
#4393 = CARTESIAN_POINT('',(-6.955743974697,1.461577836478,
    11.369128053368));
#4394 = CARTESIAN_POINT('',(-7.005046788447,1.214548899794,
    11.386044145499));
#4395 = CARTESIAN_POINT('',(-7.044316446559,0.965659320628,
    11.402959718041));
#4396 = CARTESIAN_POINT('',(-7.07347411771,0.715383507896,
    11.419874942337));
#4397 = CARTESIAN_POINT('',(-7.092468037599,0.464199603422,
    11.43679016216));
#4398 = CARTESIAN_POINT('',(-7.10127354095,0.212589306669,
    11.453705855311));
#4399 = CARTESIAN_POINT('',(-7.099893093501,-3.896230051459E-02,
    11.470622595236));
#4400 = PCURVE('',#2574,#4401);
#4401 = DEFINITIONAL_REPRESENTATION('',(#4402),#4447);
#4402 = B_SPLINE_CURVE_WITH_KNOTS('',8,(#4403,#4404,#4405,#4406,#4407,
    #4408,#4409,#4410,#4411,#4412,#4413,#4414,#4415,#4416,#4417,#4418,
    #4419,#4420,#4421,#4422,#4423,#4424,#4425,#4426,#4427,#4428,#4429,
    #4430,#4431,#4432,#4433,#4434,#4435,#4436,#4437,#4438,#4439,#4440,
    #4441,#4442,#4443,#4444,#4445,#4446),.UNSPECIFIED.,.F.,.F.,(9,7,7,7,
    7,7,9),(0.,0.25281506372,0.466495193272,0.566140693811,
    0.737799849793,0.909924960094,1.),.UNSPECIFIED.);
#4403 = CARTESIAN_POINT('',(-0.98138083508,3.475241075218));
#4404 = CARTESIAN_POINT('',(-0.981380903932,3.585437637848));
#4405 = CARTESIAN_POINT('',(-0.981379548225,3.695705999208));
#4406 = CARTESIAN_POINT('',(-0.981376743865,3.805934839698));
#4407 = CARTESIAN_POINT('',(-0.981372998436,3.916135025933));
#4408 = CARTESIAN_POINT('',(-0.981369372355,4.026335351265));
#4409 = CARTESIAN_POINT('',(-0.981366841883,4.136564476077));
#4410 = CARTESIAN_POINT('',(-0.9813656648,4.246833148137));
#4411 = CARTESIAN_POINT('',(-0.981365626685,4.450168442568));
#4412 = CARTESIAN_POINT('',(-0.981366434866,4.543337986403));
#4413 = CARTESIAN_POINT('',(-0.981367947849,4.636491339441));
#4414 = CARTESIAN_POINT('',(-0.981369803377,4.729630599148));
#4415 = CARTESIAN_POINT('',(-0.981371453695,4.822769740556));
#4416 = CARTESIAN_POINT('',(-0.98137248559,4.915922815279));
#4417 = CARTESIAN_POINT('',(-0.981372871603,5.009092064052));
#4418 = CARTESIAN_POINT('',(-0.981372795078,5.145663486521));
#4419 = CARTESIAN_POINT('',(-0.981372675542,5.189097395198));
#4420 = CARTESIAN_POINT('',(-0.981372481734,5.232531028134));
#4421 = CARTESIAN_POINT('',(-0.98137224665,5.275964312003));
#4422 = CARTESIAN_POINT('',(-0.981372011612,5.319397638686));
#4423 = CARTESIAN_POINT('',(-0.981371820913,5.362831397507));
#4424 = CARTESIAN_POINT('',(-0.981371714856,5.406265507943));
#4425 = CARTESIAN_POINT('',(-0.981371732098,5.524521683891));
#4426 = CARTESIAN_POINT('',(-0.981372079042,5.599354877507));
#4427 = CARTESIAN_POINT('',(-0.981372894127,5.674183538478));
#4428 = CARTESIAN_POINT('',(-0.981374239951,5.749006448568));
#4429 = CARTESIAN_POINT('',(-0.981375930835,5.823829288546));
#4430 = CARTESIAN_POINT('',(-0.981377519724,5.898657752439));
#4431 = CARTESIAN_POINT('',(-0.981378450792,5.973490654021));
#4432 = CARTESIAN_POINT('',(-0.981378304434,6.123338496036));
#4433 = CARTESIAN_POINT('',(-0.981377193777,6.198374308052));
#4434 = CARTESIAN_POINT('',(-0.981374826923,6.273405298716));
#4435 = CARTESIAN_POINT('',(-0.981370861792,6.34843036801));
#4436 = CARTESIAN_POINT('',(-0.981365745005,6.423455470474));
#4437 = CARTESIAN_POINT('',(-0.981360877643,6.49848657583));
#4438 = CARTESIAN_POINT('',(-0.981358034822,6.573522598509));
#4439 = CARTESIAN_POINT('',(-0.981358041297,6.687810102149));
#4440 = CARTESIAN_POINT('',(-0.981358825681,6.727072369558));
#4441 = CARTESIAN_POINT('',(-0.981360453443,6.766334499165));
#4442 = CARTESIAN_POINT('',(-0.981362946358,6.805596424565));
#4443 = CARTESIAN_POINT('',(-0.981366132976,6.844858344915));
#4444 = CARTESIAN_POINT('',(-0.981369494841,6.884120457786));
#4445 = CARTESIAN_POINT('',(-0.981372012709,6.923382691999));
#4446 = CARTESIAN_POINT('',(-0.981372012772,6.962644440466));
#4447 = ( GEOMETRIC_REPRESENTATION_CONTEXT(2) 
PARAMETRIC_REPRESENTATION_CONTEXT() REPRESENTATION_CONTEXT('2D SPACE',''
  ) );
#4448 = PCURVE('',#3208,#4449);
#4449 = DEFINITIONAL_REPRESENTATION('',(#4450),#4495);
#4450 = B_SPLINE_CURVE_WITH_KNOTS('',8,(#4451,#4452,#4453,#4454,#4455,
    #4456,#4457,#4458,#4459,#4460,#4461,#4462,#4463,#4464,#4465,#4466,
    #4467,#4468,#4469,#4470,#4471,#4472,#4473,#4474,#4475,#4476,#4477,
    #4478,#4479,#4480,#4481,#4482,#4483,#4484,#4485,#4486,#4487,#4488,
    #4489,#4490,#4491,#4492,#4493,#4494),.UNSPECIFIED.,.F.,.F.,(9,7,7,7,
    7,7,9),(0.,0.25281506372,0.466495193272,0.566140693811,
    0.737799849793,0.909924960094,1.),.UNSPECIFIED.);
#4451 = CARTESIAN_POINT('',(0.,9.967998006279));
#4452 = CARTESIAN_POINT('',(9.944293715457E-02,10.015478450176));
#4453 = CARTESIAN_POINT('',(0.19895066303,10.062990541414));
#4454 = CARTESIAN_POINT('',(0.29842266568,10.110486324505));
#4455 = CARTESIAN_POINT('',(0.397868696735,10.157970234867));
#4456 = CARTESIAN_POINT('',(0.497314731972,10.205454141494));
#4457 = CARTESIAN_POINT('',(0.596786725019,10.252949913034));
#4458 = CARTESIAN_POINT('',(0.696294473521,10.300462048174));
#4459 = CARTESIAN_POINT('',(0.879786867873,10.388073302906));
#4460 = CARTESIAN_POINT('',(0.963864355976,10.428216933203));
#4461 = CARTESIAN_POINT('',(1.047927356038,10.468353235752));
#4462 = CARTESIAN_POINT('',(1.1319777771,10.50848329501));
#4463 = CARTESIAN_POINT('',(1.216028196963,10.54861340567));
#4464 = CARTESIAN_POINT('',(1.300091217164,10.588749828303));
#4465 = CARTESIAN_POINT('',(1.384168766809,10.628893542075));
#4466 = CARTESIAN_POINT('',(1.507413009381,10.687738214773));
#4467 = CARTESIAN_POINT('',(1.546608438151,10.706452676261));
#4468 = CARTESIAN_POINT('',(1.585803584844,10.725167055993));
#4469 = CARTESIAN_POINT('',(1.624998378573,10.743881305913));
#4470 = CARTESIAN_POINT('',(1.664193170537,10.762595574258));
#4471 = CARTESIAN_POINT('',(1.703388312463,10.781310006679));
#4472 = CARTESIAN_POINT('',(1.742583735051,10.800024548375));
#4473 = CARTESIAN_POINT('',(1.849299335497,10.850977669848));
#4474 = CARTESIAN_POINT('',(1.916829495921,10.883220932831));
#4475 = CARTESIAN_POINT('',(1.984355504026,10.915462009286));
#4476 = CARTESIAN_POINT('',(2.051876318731,10.947700343083));
#4477 = CARTESIAN_POINT('',(2.119397136461,10.97993847453));
#4478 = CARTESIAN_POINT('',(2.186923157516,11.012179080039));
#4479 = CARTESIAN_POINT('',(2.254453343898,11.044421925789));
#4480 = CARTESIAN_POINT('',(2.389678272954,11.108987054493));
#4481 = CARTESIAN_POINT('',(2.457391850552,11.14131834698));
#4482 = CARTESIAN_POINT('',(2.525101207875,11.17364818877));
#4483 = CARTESIAN_POINT('',(2.5928052852,11.205976276553));
#4484 = CARTESIAN_POINT('',(2.660509349946,11.238304953159));
#4485 = CARTESIAN_POINT('',(2.728218680736,11.270636091803));
#4486 = CARTESIAN_POINT('',(2.795932242228,11.302968339189));
#4487 = CARTESIAN_POINT('',(2.899066685402,11.352211481124));
#4488 = CARTESIAN_POINT('',(2.93449740022,11.369128053368));
#4489 = CARTESIAN_POINT('',(2.969927958258,11.386044145499));
#4490 = CARTESIAN_POINT('',(3.005358318134,11.402959718041));
#4491 = CARTESIAN_POINT('',(3.040788684643,11.419874942337));
#4492 = CARTESIAN_POINT('',(3.076219259452,11.43679016216));
#4493 = CARTESIAN_POINT('',(3.11164999178,11.453705855311));
#4494 = CARTESIAN_POINT('',(3.147080329093,11.470622595236));
#4495 = ( GEOMETRIC_REPRESENTATION_CONTEXT(2) 
PARAMETRIC_REPRESENTATION_CONTEXT() REPRESENTATION_CONTEXT('2D SPACE',''
  ) );
#4496 = ADVANCED_FACE('',(#4497),#2530,.F.);
#4497 = FACE_BOUND('',#4498,.F.);
#4498 = EDGE_LOOP('',(#4499,#4500,#4501,#4532));
#4499 = ORIENTED_EDGE('',*,*,#2505,.F.);
#4500 = ORIENTED_EDGE('',*,*,#2805,.T.);
#4501 = ORIENTED_EDGE('',*,*,#4502,.T.);
#4502 = EDGE_CURVE('',#2775,#4503,#4505,.T.);
#4503 = VERTEX_POINT('',#4504);
#4504 = CARTESIAN_POINT('',(-6.250000000018,6.03873180107E-03,
    9.139797181189));
#4505 = SURFACE_CURVE('',#4506,(#4519,#4525),.PCURVE_S1.);
#4506 = B_SPLINE_CURVE_WITH_KNOTS('',11,(#4507,#4508,#4509,#4510,#4511,
    #4512,#4513,#4514,#4515,#4516,#4517,#4518),.UNSPECIFIED.,.F.,.F.,(12
    ,12),(0.,6.962644440466),.PIECEWISE_BEZIER_KNOTS.);
#4507 = CARTESIAN_POINT('',(-6.25,6.03873178917E-03,6.139797181016));
#4508 = CARTESIAN_POINT('',(-6.253449315665,-3.563952910006,
    6.412524454321));
#4509 = CARTESIAN_POINT('',(-4.014289098382,-7.1360305251,6.685251724862
    ));
#4510 = CARTESIAN_POINT('',(0.473645281537,-9.145145872633,
    6.957979003227));
#4511 = CARTESIAN_POINT('',(5.959803049337,-8.01872356673,7.230706265454
    ));
#4512 = CARTESIAN_POINT('',(10.05416722074,-3.314267367993,
    7.503433552999));
#4513 = CARTESIAN_POINT('',(10.060552923784,3.294832584008,7.77616080925
    ));
#4514 = CARTESIAN_POINT('',(5.975287235029,8.007191917205,8.04888809666)
  );
#4515 = CARTESIAN_POINT('',(0.491316410998,9.144213529495,8.321615359063
    ));
#4516 = CARTESIAN_POINT('',(-4.000491993751,7.143774383231,
    8.594342637301));
#4517 = CARTESIAN_POINT('',(-6.24655068435,3.576030373599,8.8670699079)
  );
#4518 = CARTESIAN_POINT('',(-6.250000000018,6.038731801074E-03,
    9.139797181189));
#4519 = PCURVE('',#2530,#4520);
#4520 = DEFINITIONAL_REPRESENTATION('',(#4521),#4524);
#4521 = B_SPLINE_CURVE_WITH_KNOTS('',1,(#4522,#4523),.UNSPECIFIED.,.F.,
  .F.,(2,2),(0.,6.962644440466),.PIECEWISE_BEZIER_KNOTS.);
#4522 = CARTESIAN_POINT('',(0.,0.));
#4523 = CARTESIAN_POINT('',(0.,6.962644440466));
#4524 = ( GEOMETRIC_REPRESENTATION_CONTEXT(2) 
PARAMETRIC_REPRESENTATION_CONTEXT() REPRESENTATION_CONTEXT('2D SPACE',''
  ) );
#4525 = PCURVE('',#3737,#4526);
#4526 = DEFINITIONAL_REPRESENTATION('',(#4527),#4531);
#4527 = LINE('',#4528,#4529);
#4528 = CARTESIAN_POINT('',(-0.981495457622,0.));
#4529 = VECTOR('',#4530,1.);
#4530 = DIRECTION('',(0.,1.));
#4531 = ( GEOMETRIC_REPRESENTATION_CONTEXT(2) 
PARAMETRIC_REPRESENTATION_CONTEXT() REPRESENTATION_CONTEXT('2D SPACE',''
  ) );
#4532 = ORIENTED_EDGE('',*,*,#4533,.F.);
#4533 = EDGE_CURVE('',#2506,#4503,#4534,.T.);
#4534 = SURFACE_CURVE('',#4535,(#4538,#4545),.PCURVE_S1.);
#4535 = B_SPLINE_CURVE_WITH_KNOTS('',1,(#4536,#4537),.UNSPECIFIED.,.F.,
  .F.,(2,2),(-0.18,-0.),.PIECEWISE_BEZIER_KNOTS.);
#4536 = CARTESIAN_POINT('',(-6.249999999982,-6.038731777255E-03,
    8.960202819158));
#4537 = CARTESIAN_POINT('',(-6.250000000018,6.03873180107E-03,
    9.139797181189));
#4538 = PCURVE('',#2530,#4539);
#4539 = DEFINITIONAL_REPRESENTATION('',(#4540),#4544);
#4540 = LINE('',#4541,#4542);
#4541 = CARTESIAN_POINT('',(0.,6.962644440466));
#4542 = VECTOR('',#4543,1.);
#4543 = DIRECTION('',(1.,0.));
#4544 = ( GEOMETRIC_REPRESENTATION_CONTEXT(2) 
PARAMETRIC_REPRESENTATION_CONTEXT() REPRESENTATION_CONTEXT('2D SPACE',''
  ) );
#4545 = PCURVE('',#4280,#4546);
#4546 = DEFINITIONAL_REPRESENTATION('',(#4547),#4550);
#4547 = B_SPLINE_CURVE_WITH_KNOTS('',1,(#4548,#4549),.UNSPECIFIED.,.F.,
  .F.,(2,2),(-0.18,-0.),.PIECEWISE_BEZIER_KNOTS.);
#4548 = CARTESIAN_POINT('',(-0.18,0.));
#4549 = CARTESIAN_POINT('',(0.,0.));
#4550 = ( GEOMETRIC_REPRESENTATION_CONTEXT(2) 
PARAMETRIC_REPRESENTATION_CONTEXT() REPRESENTATION_CONTEXT('2D SPACE',''
  ) );
#4551 = ADVANCED_FACE('',(#4552),#3208,.T.);
#4552 = FACE_BOUND('',#4553,.T.);
#4553 = EDGE_LOOP('',(#4554,#4763,#4792,#4855,#4856));
#4554 = ORIENTED_EDGE('',*,*,#4555,.T.);
#4555 = EDGE_CURVE('',#3148,#4556,#4558,.T.);
#4556 = VERTEX_POINT('',#4557);
#4557 = CARTESIAN_POINT('',(1.736917668193,-6.884265902325,12.));
#4558 = SURFACE_CURVE('',#4559,(#4625,#4694),.PCURVE_S1.);
#4559 = B_SPLINE_CURVE_WITH_KNOTS('',8,(#4560,#4561,#4562,#4563,#4564,
    #4565,#4566,#4567,#4568,#4569,#4570,#4571,#4572,#4573,#4574,#4575,
    #4576,#4577,#4578,#4579,#4580,#4581,#4582,#4583,#4584,#4585,#4586,
    #4587,#4588,#4589,#4590,#4591,#4592,#4593,#4594,#4595,#4596,#4597,
    #4598,#4599,#4600,#4601,#4602,#4603,#4604,#4605,#4606,#4607,#4608,
    #4609,#4610,#4611,#4612,#4613,#4614,#4615,#4616,#4617,#4618,#4619,
    #4620,#4621,#4622,#4623,#4624),.UNSPECIFIED.,.F.,.F.,(9,7,7,7,7,7,7,
    7,7,9),(0.,5.69056440067E-02,0.165990613219,0.183787701711,
    0.339470923396,0.47403837464,0.622035199211,0.793407832926,
    0.926871964941,1.),.UNSPECIFIED.);
#4560 = CARTESIAN_POINT('',(7.1,-1.7763568394E-15,9.631997564046));
#4561 = CARTESIAN_POINT('',(7.1,0.25043676205,9.648838916578));
#4562 = CARTESIAN_POINT('',(7.089904274953,0.500876271147,9.665679326884
    ));
#4563 = CARTESIAN_POINT('',(7.069713013497,0.750839899145,9.682519327204
    ));
#4564 = CARTESIAN_POINT('',(7.039453042554,0.999852479226,9.699359364249
    ));
#4565 = CARTESIAN_POINT('',(6.999177792521,1.247442476919,9.716199760252
    ));
#4566 = CARTESIAN_POINT('',(6.948967262461,1.493142161124,9.733040674019
    ));
#4567 = CARTESIAN_POINT('',(6.88892798529,1.736487775142,9.749882061979)
  );
#4568 = CARTESIAN_POINT('',(6.68551487329,2.438106106325,9.799008010471)
  );
#4569 = CARTESIAN_POINT('',(6.51618705632,2.888927615146,9.831298201446)
  );
#4570 = CARTESIAN_POINT('',(6.312152564306,3.32616931244,9.863587259266)
  );
#4571 = CARTESIAN_POINT('',(6.074712796786,3.746724032051,9.895873840365
    ));
#4572 = CARTESIAN_POINT('',(5.805474655816,4.147666418816,9.928159818577
    ));
#4573 = CARTESIAN_POINT('',(5.506330971981,4.526247469437,9.960447537112
    ));
#4574 = CARTESIAN_POINT('',(5.179474231209,4.879909558813,9.992736704408
    ));
#4575 = CARTESIAN_POINT('',(4.770010206193,5.25957576199,10.030288069142
    ));
#4576 = CARTESIAN_POINT('',(4.711905398646,5.312105504797,
    10.035555194446));
#4577 = CARTESIAN_POINT('',(4.653139837078,5.363901296722,
    10.040822310644));
#4578 = CARTESIAN_POINT('',(4.593724347438,5.41495344804,10.04608941841)
  );
#4579 = CARTESIAN_POINT('',(4.533669924274,5.465252462827,10.05135651823
    ));
#4580 = CARTESIAN_POINT('',(4.472987730734,5.514789038949,
    10.056623610401));
#4581 = CARTESIAN_POINT('',(4.411689098567,5.56355406807,10.061890695036
    ));
#4582 = CARTESIAN_POINT('',(3.808272949519,6.031292241678,
    10.113232472405));
#4583 = CARTESIAN_POINT('',(3.22015381473,6.391567989752,10.15933337547)
  );
#4584 = CARTESIAN_POINT('',(2.593505963817,6.68591147266,10.205419882245
    ));
#4585 = CARTESIAN_POINT('',(1.937053286741,6.909741993286,
    10.251496261726));
#4586 = CARTESIAN_POINT('',(1.259910302476,7.059767069024,
    10.297573232497));
#4587 = CARTESIAN_POINT('',(0.571574824392,7.134061511394,
    10.343661147699));
#4588 = CARTESIAN_POINT('',(-0.118119484981,7.132003702125,
    10.389763329589));
#4589 = CARTESIAN_POINT('',(-1.387376049788,6.98826962905,
    10.475664332001));
#4590 = CARTESIAN_POINT('',(-1.969672798532,6.865512582276,
    10.515502785447));
#4591 = CARTESIAN_POINT('',(-2.53927361408,6.68731686835,10.555334244113
    ));
#4592 = CARTESIAN_POINT('',(-3.090038355,6.455301344604,10.595159621747)
  );
#4593 = CARTESIAN_POINT('',(-3.616169996532,6.171825644878,
    10.634984964698));
#4594 = CARTESIAN_POINT('',(-4.112195068587,5.839925168619,
    10.674816362084));
#4595 = CARTESIAN_POINT('',(-4.573001821803,5.463366989288,
    10.714654828514));
#4596 = CARTESIAN_POINT('',(-5.456934645932,4.588690881866,
    10.798281350891));
#4597 = CARTESIAN_POINT('',(-5.872095676414,4.081812358964,
    10.84210313214));
#4598 = CARTESIAN_POINT('',(-6.233091645569,3.532307966376,
    10.885914385457));
#4599 = CARTESIAN_POINT('',(-6.534970938727,2.947032238002,
    10.92971735284));
#4600 = CARTESIAN_POINT('',(-6.773791538661,2.333319353003,
    10.97352040893));
#4601 = CARTESIAN_POINT('',(-6.946666089655,1.698979106425,
    11.017331884966));
#4602 = CARTESIAN_POINT('',(-7.051735086038,1.052260444192,
    11.061153926184));
#4603 = CARTESIAN_POINT('',(-7.13131188569,-0.351003104528,
    11.155673589787));
#4604 = CARTESIAN_POINT('',(-7.082636010562,-1.109811102301,
    11.206434595557));
#4605 = CARTESIAN_POINT('',(-6.941523587528,-1.860503358942,
    11.257170429764));
#4606 = CARTESIAN_POINT('',(-6.709845926205,-2.590043540424,
    11.307889287589));
#4607 = CARTESIAN_POINT('',(-6.391258811872,-3.286036489792,
    11.358608234559));
#4608 = CARTESIAN_POINT('',(-5.991382617579,-3.936845759825,
    11.409344252863));
#4609 = CARTESIAN_POINT('',(-5.517589690347,-4.53155742811,
    11.46010536636));
#4610 = CARTESIAN_POINT('',(-4.561388779072,-5.472543020702,
    11.550323253076));
#4611 = CARTESIAN_POINT('',(-4.103660720156,-5.845074452647,
    11.589835322272));
#4612 = CARTESIAN_POINT('',(-3.61137434646,-6.173621153289,
    11.629341289692));
#4613 = CARTESIAN_POINT('',(-3.089520862827,-6.454515515754,
    11.668841754019));
#4614 = CARTESIAN_POINT('',(-2.543441573129,-6.684798273858,
    11.708342067447));
#4615 = CARTESIAN_POINT('',(-1.978791352227,-6.862165232361,
    11.747847667296));
#4616 = CARTESIAN_POINT('',(-1.401557231024,-6.985029142408,
    11.787359362688));
#4617 = CARTESIAN_POINT('',(-0.498421225375,-7.089791985185,
    11.848501017202));
#4618 = CARTESIAN_POINT('',(-0.176805135084,-7.110315431148,
    11.870144088594));
#4619 = CARTESIAN_POINT('',(0.145726963619,-7.114159771316,
    11.891786857817));
#4620 = CARTESIAN_POINT('',(0.468164764039,-7.101283560901,
    11.913429282932));
#4621 = CARTESIAN_POINT('',(0.789502216138,-7.071717731501,
    11.935071743218));
#4622 = CARTESIAN_POINT('',(1.108737946377,-7.025563719272,
    11.956714618315));
#4623 = CARTESIAN_POINT('',(1.424875916197,-6.962995241223,
    11.978357866198));
#4624 = CARTESIAN_POINT('',(1.736926319146,-6.884263719662,12.0000006));
#4625 = PCURVE('',#3208,#4626);
#4626 = DEFINITIONAL_REPRESENTATION('',(#4627),#4693);
#4627 = B_SPLINE_CURVE_WITH_KNOTS('',8,(#4628,#4629,#4630,#4631,#4632,
    #4633,#4634,#4635,#4636,#4637,#4638,#4639,#4640,#4641,#4642,#4643,
    #4644,#4645,#4646,#4647,#4648,#4649,#4650,#4651,#4652,#4653,#4654,
    #4655,#4656,#4657,#4658,#4659,#4660,#4661,#4662,#4663,#4664,#4665,
    #4666,#4667,#4668,#4669,#4670,#4671,#4672,#4673,#4674,#4675,#4676,
    #4677,#4678,#4679,#4680,#4681,#4682,#4683,#4684,#4685,#4686,#4687,
    #4688,#4689,#4690,#4691,#4692),.UNSPECIFIED.,.F.,.F.,(9,7,7,7,7,7,7,
    7,7,9),(0.,5.69056440067E-02,0.165990613219,0.183787701711,
    0.339470923396,0.47403837464,0.622035199211,0.793407832926,
    0.926871964941,1.),.UNSPECIFIED.);
#4628 = CARTESIAN_POINT('',(0.,9.631997564046));
#4629 = CARTESIAN_POINT('',(3.527278338737E-02,9.648838916578));
#4630 = CARTESIAN_POINT('',(7.054595541095E-02,9.665679326884));
#4631 = CARTESIAN_POINT('',(0.105818973446,9.682519327204));
#4632 = CARTESIAN_POINT('',(0.141091786542,9.699359364249));
#4633 = CARTESIAN_POINT('',(0.176364591663,9.716199760252));
#4634 = CARTESIAN_POINT('',(0.211637589918,9.733040674019));
#4635 = CARTESIAN_POINT('',(0.2469107428,9.749882061979));
#4636 = CARTESIAN_POINT('',(0.349799505723,9.799008010471));
#4637 = CARTESIAN_POINT('',(0.417424877435,9.831298201446));
#4638 = CARTESIAN_POINT('',(0.485046056592,9.863587259267));
#4639 = CARTESIAN_POINT('',(0.552662004176,9.895873840365));
#4640 = CARTESIAN_POINT('',(0.620277959812,9.928159818577));
#4641 = CARTESIAN_POINT('',(0.687899164305,9.960447537112));
#4642 = CARTESIAN_POINT('',(0.755524574011,9.992736704408));
#4643 = CARTESIAN_POINT('',(0.834172039305,10.030288069142));
#4644 = CARTESIAN_POINT('',(0.845203514527,10.035555194446));
#4645 = CARTESIAN_POINT('',(0.856234992788,10.040822310644));
#4646 = CARTESIAN_POINT('',(0.867266473716,10.04608941841));
#4647 = CARTESIAN_POINT('',(0.878297956494,10.05135651823));
#4648 = CARTESIAN_POINT('',(0.889329439859,10.056623610401));
#4649 = CARTESIAN_POINT('',(0.900360922103,10.061890695036));
#4650 = CARTESIAN_POINT('',(1.007892240735,10.113232472405));
#4651 = CARTESIAN_POINT('',(1.104447930475,10.15933337547));
#4652 = CARTESIAN_POINT('',(1.200973161633,10.205419882245));
#4653 = CARTESIAN_POINT('',(1.297475560722,10.251496261726));
#4654 = CARTESIAN_POINT('',(1.393977952255,10.297573232497));
#4655 = CARTESIAN_POINT('',(1.490503162877,10.343661147699));
#4656 = CARTESIAN_POINT('',(1.587058826135,10.389763329589));
#4657 = CARTESIAN_POINT('',(1.766969961105,10.475664332001));
#4658 = CARTESIAN_POINT('',(1.850408240119,10.515502785447));
#4659 = CARTESIAN_POINT('',(1.933832590337,10.555334244113));
#4660 = CARTESIAN_POINT('',(2.017244781707,10.595159621747));
#4661 = CARTESIAN_POINT('',(2.100656969135,10.634984964698));
#4662 = CARTESIAN_POINT('',(2.184081319032,10.674816362084));
#4663 = CARTESIAN_POINT('',(2.267519613557,10.714654828514));
#4664 = CARTESIAN_POINT('',(2.442666307563,10.798281350891));
#4665 = CARTESIAN_POINT('',(2.534445143914,10.84210313214));
#4666 = CARTESIAN_POINT('',(2.626200686452,10.885914385457));
#4667 = CARTESIAN_POINT('',(2.717937912548,10.929717352841));
#4668 = CARTESIAN_POINT('',(2.809675138554,10.97352040893));
#4669 = CARTESIAN_POINT('',(2.901430680219,11.017331884966));
#4670 = CARTESIAN_POINT('',(2.993209516927,11.061153926184));
#4671 = CARTESIAN_POINT('',(3.191169808933,11.155673589787));
#4672 = CARTESIAN_POINT('',(3.297484443998,11.206434595557));
#4673 = CARTESIAN_POINT('',(3.403748199019,11.257170429763));
#4674 = CARTESIAN_POINT('',(3.509977694314,11.30788928759));
#4675 = CARTESIAN_POINT('',(3.616207238135,11.358608234558));
#4676 = CARTESIAN_POINT('',(3.722471161823,11.409344252863));
#4677 = CARTESIAN_POINT('',(3.828786064562,11.46010536636));
#4678 = CARTESIAN_POINT('',(4.017737696117,11.550323253076));
#4679 = CARTESIAN_POINT('',(4.100490719517,11.589835322272));
#4680 = CARTESIAN_POINT('',(4.183230387829,11.629341289692));
#4681 = CARTESIAN_POINT('',(4.265958340425,11.668841754019));
#4682 = CARTESIAN_POINT('',(4.34868629727,11.708342067447));
#4683 = CARTESIAN_POINT('',(4.431425977204,11.747847667296));
#4684 = CARTESIAN_POINT('',(4.514179015681,11.787359362688));
#4685 = CARTESIAN_POINT('',(4.64223421185,11.848501017202));
#4686 = CARTESIAN_POINT('',(4.687563600258,11.870144088594));
#4687 = CARTESIAN_POINT('',(4.732892412202,11.891786857817));
#4688 = CARTESIAN_POINT('',(4.778220496027,11.913429282932));
#4689 = CARTESIAN_POINT('',(4.823548572063,11.935071743218));
#4690 = CARTESIAN_POINT('',(4.868877364514,11.956714618315));
#4691 = CARTESIAN_POINT('',(4.91420673324,11.978357866198));
#4692 = CARTESIAN_POINT('',(4.959534805442,12.0000006));
#4693 = ( GEOMETRIC_REPRESENTATION_CONTEXT(2) 
PARAMETRIC_REPRESENTATION_CONTEXT() REPRESENTATION_CONTEXT('2D SPACE',''
  ) );
#4694 = PCURVE('',#3161,#4695);
#4695 = DEFINITIONAL_REPRESENTATION('',(#4696),#4762);
#4696 = B_SPLINE_CURVE_WITH_KNOTS('',8,(#4697,#4698,#4699,#4700,#4701,
    #4702,#4703,#4704,#4705,#4706,#4707,#4708,#4709,#4710,#4711,#4712,
    #4713,#4714,#4715,#4716,#4717,#4718,#4719,#4720,#4721,#4722,#4723,
    #4724,#4725,#4726,#4727,#4728,#4729,#4730,#4731,#4732,#4733,#4734,
    #4735,#4736,#4737,#4738,#4739,#4740,#4741,#4742,#4743,#4744,#4745,
    #4746,#4747,#4748,#4749,#4750,#4751,#4752,#4753,#4754,#4755,#4756,
    #4757,#4758,#4759,#4760,#4761),.UNSPECIFIED.,.F.,.F.,(9,7,7,7,7,7,7,
    7,7,9),(0.,5.69056440067E-02,0.165990613219,0.183787701711,
    0.339470923396,0.47403837464,0.622035199211,0.793407832926,
    0.926871964941,1.),.UNSPECIFIED.);
#4697 = CARTESIAN_POINT('',(-1.234708593183E-04,6.08110926519E-03));
#4698 = CARTESIAN_POINT('',(-1.237989486186E-04,4.516827232867E-02));
#4699 = CARTESIAN_POINT('',(-1.264297672144E-04,8.425591475482E-02));
#4700 = CARTESIAN_POINT('',(-1.297791047417E-04,0.123343437572));
#4701 = CARTESIAN_POINT('',(-1.32889030796E-04,0.162430768427));
#4702 = CARTESIAN_POINT('',(-1.35280008466E-04,0.201518099965));
#4703 = CARTESIAN_POINT('',(-1.36803007868E-04,0.240605628203));
#4704 = CARTESIAN_POINT('',(-1.3749161968E-04,0.279693290912));
#4705 = CARTESIAN_POINT('',(-1.372656993875E-04,0.393708533387));
#4706 = CARTESIAN_POINT('',(-1.343107056634E-04,0.468646818242));
#4707 = CARTESIAN_POINT('',(-1.294183567673E-04,0.543580230063));
#4708 = CARTESIAN_POINT('',(-1.243433175211E-04,0.618507682182));
#4709 = CARTESIAN_POINT('',(-1.204486112653E-04,0.693435101693));
#4710 = CARTESIAN_POINT('',(-1.181533114532E-04,0.76836841212));
#4711 = CARTESIAN_POINT('',(-1.171050618796E-04,0.843306528815));
#4712 = CARTESIAN_POINT('',(-1.17072916707E-04,0.930458758564));
#4713 = CARTESIAN_POINT('',(-1.170948564471E-04,0.942683157537));
#4714 = CARTESIAN_POINT('',(-1.171416504101E-04,0.954907564154));
#4715 = CARTESIAN_POINT('',(-1.172116264141E-04,0.967131978043));
#4716 = CARTESIAN_POINT('',(-1.173030344491E-04,0.979356398303));
#4717 = CARTESIAN_POINT('',(-1.174140466771E-04,0.991580823511));
#4718 = CARTESIAN_POINT('',(-1.17542757432E-04,1.003805251718));
#4719 = CARTESIAN_POINT('',(-1.189505736839E-04,1.122965061978));
#4720 = CARTESIAN_POINT('',(-1.214180413194E-04,1.229962651018));
#4721 = CARTESIAN_POINT('',(-1.238177471139E-04,1.33692674952));
#4722 = CARTESIAN_POINT('',(-1.246958099573E-04,1.443865581969));
#4723 = CARTESIAN_POINT('',(-1.241627397849E-04,1.550804152896));
#4724 = CARTESIAN_POINT('',(-1.232483655294E-04,1.657767683058));
#4725 = CARTESIAN_POINT('',(-1.226403549075E-04,1.764764679231));
#4726 = CARTESIAN_POINT('',(-1.226301390741E-04,1.964130713028));
#4727 = CARTESIAN_POINT('',(-1.230747878046E-04,2.056591556654));
#4728 = CARTESIAN_POINT('',(-1.241539674862E-04,2.149036900901));
#4729 = CARTESIAN_POINT('',(-1.258166973698E-04,2.241468807444));
#4730 = CARTESIAN_POINT('',(-1.276477287119E-04,2.333900828355));
#4731 = CARTESIAN_POINT('',(-1.291143963927E-04,2.426346479024));
#4732 = CARTESIAN_POINT('',(-1.298719989489E-04,2.518807715129));
#4733 = CARTESIAN_POINT('',(-1.297444227151E-04,2.712894814453));
#4734 = CARTESIAN_POINT('',(-1.286876450977E-04,2.814598751418));
#4735 = CARTESIAN_POINT('',(-1.264958414707E-04,2.916276940135));
#4736 = CARTESIAN_POINT('',(-1.233669060525E-04,3.017934813153));
#4737 = CARTESIAN_POINT('',(-1.199768772388E-04,3.11959258974));
#4738 = CARTESIAN_POINT('',(-1.171469514261E-04,3.221270556531));
#4739 = CARTESIAN_POINT('',(-1.153727653912E-04,3.322974266218));
#4740 = CARTESIAN_POINT('',(-1.141046170828E-04,3.54234173469));
#4741 = CARTESIAN_POINT('',(-1.150146050612E-04,3.660153066503));
#4742 = CARTESIAN_POINT('',(-1.177172830688E-04,3.777908053725));
#4743 = CARTESIAN_POINT('',(-1.217710245401E-04,3.895625205069));
#4744 = CARTESIAN_POINT('',(-1.258424487415E-04,4.013342583786));
#4745 = CARTESIAN_POINT('',(-1.286509256579E-04,4.13109812077));
#4746 = CARTESIAN_POINT('',(-1.298830141392E-04,4.248910075542));
#4747 = CARTESIAN_POINT('',(-1.297559934226E-04,4.458294950933));
#4748 = CARTESIAN_POINT('',(-1.289101522506E-04,4.549996801234));
#4749 = CARTESIAN_POINT('',(-1.274040380806E-04,4.641683725559));
#4750 = CARTESIAN_POINT('',(-1.255911568187E-04,4.733357522673));
#4751 = CARTESIAN_POINT('',(-1.239878531617E-04,4.825031212221));
#4752 = CARTESIAN_POINT('',(-1.229798691493E-04,4.916717860202));
#4753 = CARTESIAN_POINT('',(-1.225945714278E-04,5.008419376181));
#4754 = CARTESIAN_POINT('',(-1.226606283973E-04,5.15032198629));
#4755 = CARTESIAN_POINT('',(-1.228125388534E-04,5.200553165743));
#4756 = CARTESIAN_POINT('',(-1.230605617474E-04,5.25078375518));
#4757 = CARTESIAN_POINT('',(-1.233517223423E-04,5.301013595928));
#4758 = CARTESIAN_POINT('',(-1.236187054123E-04,5.351243490311));
#4759 = CARTESIAN_POINT('',(-1.237909209489E-04,5.401474237696));
#4760 = CARTESIAN_POINT('',(-1.238104169677E-04,5.451705673452));
#4761 = CARTESIAN_POINT('',(-1.236526394131E-04,5.501935710833));
#4762 = ( GEOMETRIC_REPRESENTATION_CONTEXT(2) 
PARAMETRIC_REPRESENTATION_CONTEXT() REPRESENTATION_CONTEXT('2D SPACE',''
  ) );
#4763 = ORIENTED_EDGE('',*,*,#4764,.F.);
#4764 = EDGE_CURVE('',#4765,#4556,#4767,.T.);
#4765 = VERTEX_POINT('',#4766);
#4766 = CARTESIAN_POINT('',(-3.129974809534,-6.372853182969,12.));
#4767 = SURFACE_CURVE('',#4768,(#4773,#4780),.PCURVE_S1.);
#4768 = CIRCLE('',#4769,7.1);
#4769 = AXIS2_PLACEMENT_3D('',#4770,#4771,#4772);
#4770 = CARTESIAN_POINT('',(0.,0.,12.));
#4771 = DIRECTION('',(0.,0.,1.));
#4772 = DIRECTION('',(1.,0.,0.));
#4773 = PCURVE('',#3208,#4774);
#4774 = DEFINITIONAL_REPRESENTATION('',(#4775),#4779);
#4775 = LINE('',#4776,#4777);
#4776 = CARTESIAN_POINT('',(0.,12.));
#4777 = VECTOR('',#4778,1.);
#4778 = DIRECTION('',(1.,0.));
#4779 = ( GEOMETRIC_REPRESENTATION_CONTEXT(2) 
PARAMETRIC_REPRESENTATION_CONTEXT() REPRESENTATION_CONTEXT('2D SPACE',''
  ) );
#4780 = PCURVE('',#4781,#4786);
#4781 = PLANE('',#4782);
#4782 = AXIS2_PLACEMENT_3D('',#4783,#4784,#4785);
#4783 = CARTESIAN_POINT('',(0.,0.,12.));
#4784 = DIRECTION('',(0.,0.,1.));
#4785 = DIRECTION('',(1.,0.,0.));
#4786 = DEFINITIONAL_REPRESENTATION('',(#4787),#4791);
#4787 = CIRCLE('',#4788,7.1);
#4788 = AXIS2_PLACEMENT_2D('',#4789,#4790);
#4789 = CARTESIAN_POINT('',(0.,0.));
#4790 = DIRECTION('',(1.,0.));
#4791 = ( GEOMETRIC_REPRESENTATION_CONTEXT(2) 
PARAMETRIC_REPRESENTATION_CONTEXT() REPRESENTATION_CONTEXT('2D SPACE',''
  ) );
#4792 = ORIENTED_EDGE('',*,*,#4793,.F.);
#4793 = EDGE_CURVE('',#4310,#4765,#4794,.T.);
#4794 = SURFACE_CURVE('',#4795,(#4813,#4834),.PCURVE_S1.);
#4795 = B_SPLINE_CURVE_WITH_KNOTS('',6,(#4796,#4797,#4798,#4799,#4800,
    #4801,#4802,#4803,#4804,#4805,#4806,#4807,#4808,#4809,#4810,#4811,
    #4812),.UNSPECIFIED.,.F.,.F.,(7,5,5,7),(0.,0.337691521292,
    0.904652831064,1.),.UNSPECIFIED.);
#4796 = CARTESIAN_POINT('',(-7.099893093501,-3.896230050958E-02,
    11.470622595307));
#4797 = CARTESIAN_POINT('',(-7.097461838717,-0.481996947372,
    11.500416489204));
#4798 = CARTESIAN_POINT('',(-7.061855916335,-0.924870213691,
    11.530214597523));
#4799 = CARTESIAN_POINT('',(-6.993086998998,-1.364431081755,
    11.560014675119));
#4800 = CARTESIAN_POINT('',(-6.891575657904,-1.797603370417,
    11.589813789408));
#4801 = CARTESIAN_POINT('',(-6.758088775099,-2.221378307233,
    11.619612149484));
#4802 = CARTESIAN_POINT('',(-6.31796913206,-3.323636327595,
    11.699428913172));
#4803 = CARTESIAN_POINT('',(-5.955191213725,-3.980011804832,
    11.749461369833));
#4804 = CARTESIAN_POINT('',(-5.511032452263,-4.587702227861,
    11.79946349438));
#4805 = CARTESIAN_POINT('',(-4.993963574077,-5.134698202097,
    11.849468229528));
#4806 = CARTESIAN_POINT('',(-4.414258345074,-5.610491612234,
    11.899501244969));
#4807 = CARTESIAN_POINT('',(-3.679092492691,-6.073707814025,
    11.957935930296));
#4808 = CARTESIAN_POINT('',(-3.571846733188,-6.138155668113,
    11.966348494246));
#4809 = CARTESIAN_POINT('',(-3.463250262413,-6.200328607057,
    11.974761252756));
#4810 = CARTESIAN_POINT('',(-3.353363493453,-6.260191477262,
    11.983174198565));
#4811 = CARTESIAN_POINT('',(-3.242248057152,-6.317711268866,
    11.991587319805));
#4812 = CARTESIAN_POINT('',(-3.129966802107,-6.372857115746,12.0000006)
  );
#4813 = PCURVE('',#3208,#4814);
#4814 = DEFINITIONAL_REPRESENTATION('',(#4815),#4833);
#4815 = B_SPLINE_CURVE_WITH_KNOTS('',6,(#4816,#4817,#4818,#4819,#4820,
    #4821,#4822,#4823,#4824,#4825,#4826,#4827,#4828,#4829,#4830,#4831,
    #4832),.UNSPECIFIED.,.F.,.F.,(7,5,5,7),(0.,0.337691521292,
    0.904652831064,1.),.UNSPECIFIED.);
#4816 = CARTESIAN_POINT('',(3.147080329092,11.470622595307));
#4817 = CARTESIAN_POINT('',(3.209480514704,11.500416489204));
#4818 = CARTESIAN_POINT('',(3.271883587689,11.530214597523));
#4819 = CARTESIAN_POINT('',(3.334283259148,11.560014675119));
#4820 = CARTESIAN_POINT('',(3.396682911743,11.589813789408));
#4821 = CARTESIAN_POINT('',(3.459085894836,11.619612149484));
#4822 = CARTESIAN_POINT('',(3.626251730629,11.699428913172));
#4823 = CARTESIAN_POINT('',(3.731054313907,11.749461369833));
#4824 = CARTESIAN_POINT('',(3.835814030683,11.79946349438));
#4825 = CARTESIAN_POINT('',(3.940573756667,11.849468229528));
#4826 = CARTESIAN_POINT('',(4.045376427259,11.899501244969));
#4827 = CARTESIAN_POINT('',(4.167760831796,11.957935930296));
#4828 = CARTESIAN_POINT('',(4.185379518519,11.966348494246));
#4829 = CARTESIAN_POINT('',(4.202998205109,11.974761252756));
#4830 = CARTESIAN_POINT('',(4.220616890256,11.983174198565));
#4831 = CARTESIAN_POINT('',(4.238235570123,11.991587319805));
#4832 = CARTESIAN_POINT('',(4.255854238348,12.0000006));
#4833 = ( GEOMETRIC_REPRESENTATION_CONTEXT(2) 
PARAMETRIC_REPRESENTATION_CONTEXT() REPRESENTATION_CONTEXT('2D SPACE',''
  ) );
#4834 = PCURVE('',#4324,#4835);
#4835 = DEFINITIONAL_REPRESENTATION('',(#4836),#4854);
#4836 = B_SPLINE_CURVE_WITH_KNOTS('',6,(#4837,#4838,#4839,#4840,#4841,
    #4842,#4843,#4844,#4845,#4846,#4847,#4848,#4849,#4850,#4851,#4852,
    #4853),.UNSPECIFIED.,.F.,.F.,(7,5,5,7),(0.,0.337691521292,
    0.904652831064,1.),.UNSPECIFIED.);
#4837 = CARTESIAN_POINT('',(-0.98137201263,0.));
#4838 = CARTESIAN_POINT('',(-0.981372012775,6.914809673708E-02));
#4839 = CARTESIAN_POINT('',(-0.98136259837,0.13829507424));
#4840 = CARTESIAN_POINT('',(-0.981346730848,0.207439150613));
#4841 = CARTESIAN_POINT('',(-0.981334295584,0.276584965225));
#4842 = CARTESIAN_POINT('',(-0.981327889813,0.345736010498));
#4843 = CARTESIAN_POINT('',(-0.981327996641,0.530981382834));
#4844 = CARTESIAN_POINT('',(-0.981346021003,0.647121653974));
#4845 = CARTESIAN_POINT('',(-0.981383987456,0.763214617337));
#4846 = CARTESIAN_POINT('',(-0.981413976218,0.879304402819));
#4847 = CARTESIAN_POINT('',(-0.981427228655,0.995440445764));
#4848 = CARTESIAN_POINT('',(-0.981425777216,1.131058744225));
#4849 = CARTESIAN_POINT('',(-0.981425158592,1.150582591838));
#4850 = CARTESIAN_POINT('',(-0.981424136939,1.170106424366));
#4851 = CARTESIAN_POINT('',(-0.981422728381,1.189630243624));
#4852 = CARTESIAN_POINT('',(-0.981420958526,1.209154051715));
#4853 = CARTESIAN_POINT('',(-0.981418862464,1.228677851034));
#4854 = ( GEOMETRIC_REPRESENTATION_CONTEXT(2) 
PARAMETRIC_REPRESENTATION_CONTEXT() REPRESENTATION_CONTEXT('2D SPACE',''
  ) );
#4855 = ORIENTED_EDGE('',*,*,#4353,.F.);
#4856 = ORIENTED_EDGE('',*,*,#3192,.F.);
#4857 = ADVANCED_FACE('',(#4858),#3161,.F.);
#4858 = FACE_BOUND('',#4859,.F.);
#4859 = EDGE_LOOP('',(#4860,#4914,#4915,#4916,#4917));
#4860 = ORIENTED_EDGE('',*,*,#4861,.F.);
#4861 = EDGE_CURVE('',#3370,#4862,#4864,.T.);
#4862 = VERTEX_POINT('',#4863);
#4863 = CARTESIAN_POINT('',(5.982282252621,-1.809687399594,12.));
#4864 = SURFACE_CURVE('',#4865,(#4878,#4885),.PCURVE_S1.);
#4865 = B_SPLINE_CURVE_WITH_KNOTS('',11,(#4866,#4867,#4868,#4869,#4870,
    #4871,#4872,#4873,#4874,#4875,#4876,#4877),.UNSPECIFIED.,.F.,.F.,(12
    ,12),(0.,6.962644440466),.PIECEWISE_BEZIER_KNOTS.);
#4866 = CARTESIAN_POINT('',(6.25,-6.03873178917E-03,9.139797181016));
#4867 = CARTESIAN_POINT('',(6.253449315664,3.563952910005,9.412524454317
    ));
#4868 = CARTESIAN_POINT('',(4.014289098382,7.136030525105,9.685251724859
    ));
#4869 = CARTESIAN_POINT('',(-0.47364528153,9.145145872609,9.957979003281
    ));
#4870 = CARTESIAN_POINT('',(-5.959803049362,8.018723566789,
    10.230706265254));
#4871 = CARTESIAN_POINT('',(-10.05416722068,3.314267367894,
    10.503433553409));
#4872 = CARTESIAN_POINT('',(-10.06055292385,-3.294832583892,
    10.776160808692));
#4873 = CARTESIAN_POINT('',(-5.975287234963,-8.0071919173,
    11.048888097181));
#4874 = CARTESIAN_POINT('',(-0.49131641104,-9.144213529441,
    11.321615358722));
#4875 = CARTESIAN_POINT('',(4.000491993769,-7.143774383251,
    11.594342637452));
#4876 = CARTESIAN_POINT('',(6.246550684345,-3.576030373595,
    11.867069907857));
#4877 = CARTESIAN_POINT('',(6.250000000019,-6.038731801412E-03,
    12.139797181195));
#4878 = PCURVE('',#3161,#4879);
#4879 = DEFINITIONAL_REPRESENTATION('',(#4880),#4884);
#4880 = LINE('',#4881,#4882);
#4881 = CARTESIAN_POINT('',(-0.981495457622,0.));
#4882 = VECTOR('',#4883,1.);
#4883 = DIRECTION('',(0.,1.));
#4884 = ( GEOMETRIC_REPRESENTATION_CONTEXT(2) 
PARAMETRIC_REPRESENTATION_CONTEXT() REPRESENTATION_CONTEXT('2D SPACE',''
  ) );
#4885 = PCURVE('',#4886,#4909);
#4886 = B_SPLINE_SURFACE_WITH_KNOTS('',1,10,(
    (#4887,#4888,#4889,#4890,#4891,#4892,#4893,#4894,#4895,#4896,#4897)
    ,(#4898,#4899,#4900,#4901,#4902,#4903,#4904,#4905,#4906,#4907,#4908
    )),.UNSPECIFIED.,.F.,.F.,.F.,(2,2),(11,11),(-0.18,-0.),(0.,
    6.962644440466),.PIECEWISE_BEZIER_KNOTS.);
#4887 = CARTESIAN_POINT('',(6.25,6.038731789171E-03,8.960202818984));
#4888 = CARTESIAN_POINT('',(6.246205752771,3.933029537751,9.260202819614
    ));
#4889 = CARTESIAN_POINT('',(3.50144134443,7.860530329075,9.560202817488)
  );
#4890 = CARTESIAN_POINT('',(-1.988582393485,9.606785027246,
    9.860202821636));
#4891 = CARTESIAN_POINT('',(-8.253456218073,7.146880718175,
    10.16020281704));
#4892 = CARTESIAN_POINT('',(-11.56637411159,-1.117539689871E-02,
    10.460202818725));
#4893 = CARTESIAN_POINT('',(-8.239630231915,-7.162816290316,
    10.760202821689));
#4894 = CARTESIAN_POINT('',(-1.970014600956,-9.610609812084,
    11.060202816156));
#4895 = CARTESIAN_POINT('',(3.516624434815,-7.853749494386,
    11.360202820799));
#4896 = CARTESIAN_POINT('',(6.253794247207,-3.920952074184,
    11.660202818491));
#4897 = CARTESIAN_POINT('',(6.249999999981,6.038731776985E-03,
    11.960202819163));
#4898 = CARTESIAN_POINT('',(6.25,-6.038731789177E-03,9.139797181016));
#4899 = CARTESIAN_POINT('',(6.253794247231,3.920952074185,9.439797181647
    ));
#4900 = CARTESIAN_POINT('',(3.516624434849,7.853749494396,9.739797179515
    ));
#4901 = CARTESIAN_POINT('',(-1.970014600968,9.610609812132,
    10.039797183679));
#4902 = CARTESIAN_POINT('',(-8.23963023188,7.162816290327,
    10.339797179052));
#4903 = CARTESIAN_POINT('',(-11.56637411169,1.117539695131E-02,
    10.63979718078));
#4904 = CARTESIAN_POINT('',(-8.253456218052,-7.146880718205,
    10.939797183701));
#4905 = CARTESIAN_POINT('',(-1.98858239355,-9.606785027255,11.2397971782
    ));
#4906 = CARTESIAN_POINT('',(3.501441344444,-7.860530329112,
    11.539797182826));
#4907 = CARTESIAN_POINT('',(6.246205752777,-3.933029537774,
    11.839797180524));
#4908 = CARTESIAN_POINT('',(6.250000000019,-6.038731801405E-03,
    12.139797181195));
#4909 = DEFINITIONAL_REPRESENTATION('',(#4910),#4913);
#4910 = B_SPLINE_CURVE_WITH_KNOTS('',1,(#4911,#4912),.UNSPECIFIED.,.F.,
  .F.,(2,2),(0.,6.962644440466),.PIECEWISE_BEZIER_KNOTS.);
#4911 = CARTESIAN_POINT('',(0.,0.));
#4912 = CARTESIAN_POINT('',(0.,6.962644440466));
#4913 = ( GEOMETRIC_REPRESENTATION_CONTEXT(2) 
PARAMETRIC_REPRESENTATION_CONTEXT() REPRESENTATION_CONTEXT('2D SPACE',''
  ) );
#4914 = ORIENTED_EDGE('',*,*,#3426,.T.);
#4915 = ORIENTED_EDGE('',*,*,#3147,.T.);
#4916 = ORIENTED_EDGE('',*,*,#4555,.T.);
#4917 = ORIENTED_EDGE('',*,*,#4918,.T.);
#4918 = EDGE_CURVE('',#4556,#4862,#4919,.T.);
#4919 = SURFACE_CURVE('',#4920,(#4939,#4961),.PCURVE_S1.);
#4920 = B_SPLINE_CURVE_WITH_KNOTS('',5,(#4921,#4922,#4923,#4924,#4925,
    #4926,#4927,#4928,#4929,#4930,#4931,#4932,#4933,#4934,#4935,#4936,
    #4937,#4938),.UNSPECIFIED.,.F.,.F.,(6,4,4,4,6),(0.,0.276571996009,
    0.543791736614,0.774696966156,1.),.UNSPECIFIED.);
#4921 = CARTESIAN_POINT('',(1.736050966189,-6.884594976415,12.));
#4922 = CARTESIAN_POINT('',(2.095238282745,-6.748243802445,12.));
#4923 = CARTESIAN_POINT('',(2.445039305011,-6.587479720522,12.));
#4924 = CARTESIAN_POINT('',(2.78312848633,-6.402925465839,12.));
#4925 = CARTESIAN_POINT('',(3.107225848089,-6.19552053603,12.));
#4926 = CARTESIAN_POINT('',(3.712624350367,-5.745358944339,12.));
#4927 = CARTESIAN_POINT('',(3.995010070591,-5.504028913937,12.));
#4928 = CARTESIAN_POINT('',(4.260302258816,-5.243757993437,12.));
#4929 = CARTESIAN_POINT('',(4.50663681631,-4.966006581378,12.));
#4930 = CARTESIAN_POINT('',(4.927325806118,-4.418976724591,12.));
#4931 = CARTESIAN_POINT('',(5.106916661606,-4.153671559734,12.));
#4932 = CARTESIAN_POINT('',(5.269994087832,-3.877783533798,12.));
#4933 = CARTESIAN_POINT('',(5.41557961417,-3.592608473854,12.));
#4934 = CARTESIAN_POINT('',(5.667012823891,-3.013708637686,12.));
#4935 = CARTESIAN_POINT('',(5.773741015732,-2.720354339413,12.));
#4936 = CARTESIAN_POINT('',(5.862250775748,-2.420897393352,12.));
#4937 = CARTESIAN_POINT('',(5.931914142591,-2.116810166713,12.));
#4938 = CARTESIAN_POINT('',(5.982282252621,-1.809687399593,12.));
#4939 = PCURVE('',#3161,#4940);
#4940 = DEFINITIONAL_REPRESENTATION('',(#4941),#4960);
#4941 = B_SPLINE_CURVE_WITH_KNOTS('',5,(#4942,#4943,#4944,#4945,#4946,
    #4947,#4948,#4949,#4950,#4951,#4952,#4953,#4954,#4955,#4956,#4957,
    #4958,#4959),.UNSPECIFIED.,.F.,.F.,(6,4,4,4,6),(0.,0.276571996009,
    0.543791736614,0.774696966156,1.),.UNSPECIFIED.);
#4942 = CARTESIAN_POINT('',(0.,5.501791150109));
#4943 = CARTESIAN_POINT('',(-5.124381615363E-02,5.561122554102));
#4944 = CARTESIAN_POINT('',(-0.102864924791,5.620890797005));
#4945 = CARTESIAN_POINT('',(-0.154871801933,5.681105692573));
#4946 = CARTESIAN_POINT('',(-0.207278712847,5.741783757495));
#4947 = CARTESIAN_POINT('',(-0.311127858197,5.862022960182));
#4948 = CARTESIAN_POINT('',(-0.362544170247,5.921554084345));
#4949 = CARTESIAN_POINT('',(-0.414354231138,5.981541101008));
#4950 = CARTESIAN_POINT('',(-0.466572761123,6.042001053659));
#4951 = CARTESIAN_POINT('',(-0.564696011557,6.155610668425));
#4952 = CARTESIAN_POINT('',(-0.610495260131,6.2086382125));
#4953 = CARTESIAN_POINT('',(-0.656616056146,6.262038052447));
#4954 = CARTESIAN_POINT('',(-0.703068906203,6.315822353077));
#4955 = CARTESIAN_POINT('',(-0.795520851621,6.422865585523));
#4956 = CARTESIAN_POINT('',(-0.841504386009,6.476106500445));
#4957 = CARTESIAN_POINT('',(-0.887820882158,6.529732927031));
#4958 = CARTESIAN_POINT('',(-0.934481463934,6.583757744779));
#4959 = CARTESIAN_POINT('',(-0.981495457622,6.638191751892));
#4960 = ( GEOMETRIC_REPRESENTATION_CONTEXT(2) 
PARAMETRIC_REPRESENTATION_CONTEXT() REPRESENTATION_CONTEXT('2D SPACE',''
  ) );
#4961 = PCURVE('',#4781,#4962);
#4962 = DEFINITIONAL_REPRESENTATION('',(#4963),#4982);
#4963 = B_SPLINE_CURVE_WITH_KNOTS('',5,(#4964,#4965,#4966,#4967,#4968,
    #4969,#4970,#4971,#4972,#4973,#4974,#4975,#4976,#4977,#4978,#4979,
    #4980,#4981),.UNSPECIFIED.,.F.,.F.,(6,4,4,4,6),(0.,0.276571996009,
    0.543791736614,0.774696966156,1.),.UNSPECIFIED.);
#4964 = CARTESIAN_POINT('',(1.736050966189,-6.884594976415));
#4965 = CARTESIAN_POINT('',(2.095238282745,-6.748243802445));
#4966 = CARTESIAN_POINT('',(2.445039305011,-6.587479720522));
#4967 = CARTESIAN_POINT('',(2.78312848633,-6.402925465839));
#4968 = CARTESIAN_POINT('',(3.107225848089,-6.19552053603));
#4969 = CARTESIAN_POINT('',(3.712624350367,-5.745358944339));
#4970 = CARTESIAN_POINT('',(3.995010070591,-5.504028913937));
#4971 = CARTESIAN_POINT('',(4.260302258816,-5.243757993437));
#4972 = CARTESIAN_POINT('',(4.50663681631,-4.966006581378));
#4973 = CARTESIAN_POINT('',(4.927325806118,-4.418976724591));
#4974 = CARTESIAN_POINT('',(5.106916661606,-4.153671559734));
#4975 = CARTESIAN_POINT('',(5.269994087832,-3.877783533798));
#4976 = CARTESIAN_POINT('',(5.41557961417,-3.592608473854));
#4977 = CARTESIAN_POINT('',(5.667012823891,-3.013708637686));
#4978 = CARTESIAN_POINT('',(5.773741015732,-2.720354339413));
#4979 = CARTESIAN_POINT('',(5.862250775748,-2.420897393352));
#4980 = CARTESIAN_POINT('',(5.931914142591,-2.116810166713));
#4981 = CARTESIAN_POINT('',(5.982282252621,-1.809687399593));
#4982 = ( GEOMETRIC_REPRESENTATION_CONTEXT(2) 
PARAMETRIC_REPRESENTATION_CONTEXT() REPRESENTATION_CONTEXT('2D SPACE',''
  ) );
#4983 = ADVANCED_FACE('',(#4984),#3394,.F.);
#4984 = FACE_BOUND('',#4985,.F.);
#4985 = EDGE_LOOP('',(#4986,#4987,#4988,#4989));
#4986 = ORIENTED_EDGE('',*,*,#4120,.F.);
#4987 = ORIENTED_EDGE('',*,*,#3451,.T.);
#4988 = ORIENTED_EDGE('',*,*,#3369,.T.);
#4989 = ORIENTED_EDGE('',*,*,#4990,.F.);
#4990 = EDGE_CURVE('',#4121,#3370,#4991,.T.);
#4991 = SURFACE_CURVE('',#4992,(#4995,#5002),.PCURVE_S1.);
#4992 = B_SPLINE_CURVE_WITH_KNOTS('',1,(#4993,#4994),.UNSPECIFIED.,.F.,
  .F.,(2,2),(-0.18,-0.),.PIECEWISE_BEZIER_KNOTS.);
#4993 = CARTESIAN_POINT('',(6.249999999982,6.038731777256E-03,
    8.960202819158));
#4994 = CARTESIAN_POINT('',(6.250000000018,-6.038731801069E-03,
    9.139797181189));
#4995 = PCURVE('',#3394,#4996);
#4996 = DEFINITIONAL_REPRESENTATION('',(#4997),#5001);
#4997 = LINE('',#4998,#4999);
#4998 = CARTESIAN_POINT('',(0.,6.962644440466));
#4999 = VECTOR('',#5000,1.);
#5000 = DIRECTION('',(1.,0.));
#5001 = ( GEOMETRIC_REPRESENTATION_CONTEXT(2) 
PARAMETRIC_REPRESENTATION_CONTEXT() REPRESENTATION_CONTEXT('2D SPACE',''
  ) );
#5002 = PCURVE('',#4886,#5003);
#5003 = DEFINITIONAL_REPRESENTATION('',(#5004),#5007);
#5004 = B_SPLINE_CURVE_WITH_KNOTS('',1,(#5005,#5006),.UNSPECIFIED.,.F.,
  .F.,(2,2),(-0.18,-0.),.PIECEWISE_BEZIER_KNOTS.);
#5005 = CARTESIAN_POINT('',(-0.18,0.));
#5006 = CARTESIAN_POINT('',(0.,0.));
#5007 = ( GEOMETRIC_REPRESENTATION_CONTEXT(2) 
PARAMETRIC_REPRESENTATION_CONTEXT() REPRESENTATION_CONTEXT('2D SPACE',''
  ) );
#5008 = ADVANCED_FACE('',(#5009),#3833,.T.);
#5009 = FACE_BOUND('',#5010,.T.);
#5010 = EDGE_LOOP('',(#5011,#5012,#5013,#5159,#5351,#5379));
#5011 = ORIENTED_EDGE('',*,*,#4197,.F.);
#5012 = ORIENTED_EDGE('',*,*,#3817,.F.);
#5013 = ORIENTED_EDGE('',*,*,#5014,.T.);
#5014 = EDGE_CURVE('',#3626,#5015,#5017,.T.);
#5015 = VERTEX_POINT('',#5016);
#5016 = CARTESIAN_POINT('',(-7.099893093501,3.896230050491E-02,
    9.629377404625));
#5017 = SURFACE_CURVE('',#5018,(#5063,#5111),.PCURVE_S1.);
#5018 = B_SPLINE_CURVE_WITH_KNOTS('',8,(#5019,#5020,#5021,#5022,#5023,
    #5024,#5025,#5026,#5027,#5028,#5029,#5030,#5031,#5032,#5033,#5034,
    #5035,#5036,#5037,#5038,#5039,#5040,#5041,#5042,#5043,#5044,#5045,
    #5046,#5047,#5048,#5049,#5050,#5051,#5052,#5053,#5054,#5055,#5056,
    #5057,#5058,#5059,#5060,#5061,#5062),.UNSPECIFIED.,.F.,.F.,(9,7,7,7,
    7,7,9),(0.,0.253082154835,0.46456977361,0.565693412446,
    0.734438945239,0.912730608687,1.),.UNSPECIFIED.);
#5019 = CARTESIAN_POINT('',(7.1,-2.168807110901E-15,8.132001993652));
#5020 = CARTESIAN_POINT('',(7.1,0.70432658097,8.179366886311));
#5021 = CARTESIAN_POINT('',(7.020148637021,1.409108538508,8.226761654643
    ));
#5022 = CARTESIAN_POINT('',(6.860266259235,2.103074546994,8.274138921431
    ));
#5023 = CARTESIAN_POINT('',(6.622293461911,2.775691327953,8.32150353863)
  );
#5024 = CARTESIAN_POINT('',(6.309555223223,3.416970618811,8.368868313436
    ));
#5025 = CARTESIAN_POINT('',(5.926842178161,4.017538485676,8.416245927564
    ));
#5026 = CARTESIAN_POINT('',(5.480304013982,4.568626032303,8.463641023969
    ));
#5027 = CARTESIAN_POINT('',(4.558440510498,5.475128651676,8.55058653514)
  );
#5028 = CARTESIAN_POINT('',(4.09954853054,5.848169931379,8.59017987828)
  );
#5029 = CARTESIAN_POINT('',(3.605982084112,6.177022715336,8.62976705147)
  );
#5030 = CARTESIAN_POINT('',(3.082766077844,6.458000206904,8.669348667827
    ));
#5031 = CARTESIAN_POINT('',(2.535277613097,6.688130085008,8.708930130556
    ));
#5032 = CARTESIAN_POINT('',(1.969209108117,6.865100538773,8.748516929336
    ));
#5033 = CARTESIAN_POINT('',(1.390587071046,6.98732290098,8.788109891122)
  );
#5034 = CARTESIAN_POINT('',(0.526212669929,7.08606387279,8.846615676249)
  );
#5035 = CARTESIAN_POINT('',(0.24515276052,7.105338915821,8.865541439118)
  );
#5036 = CARTESIAN_POINT('',(-3.668254276922E-02,7.111870224807,
    8.884467038437));
#5037 = CARTESIAN_POINT('',(-0.318618469134,7.105624706724,
    8.903392458141));
#5038 = CARTESIAN_POINT('',(-0.599981892401,7.086611702264,
    8.922317897949));
#5039 = CARTESIAN_POINT('',(-0.880101548528,7.054882154603,
    8.941243557444));
#5040 = CARTESIAN_POINT('',(-1.158308326794,7.01052942057,8.960169419464
    ));
#5041 = CARTESIAN_POINT('',(-1.89387633168,6.858846369927,9.010676300585
    ));
#5042 = CARTESIAN_POINT('',(-2.346707105299,6.729220527452,
    9.042261805067));
#5043 = CARTESIAN_POINT('',(-2.789269238639,6.565449987199,9.07384576713
    ));
#5044 = CARTESIAN_POINT('',(-3.21856537415,6.36851169194,9.105427739667)
  );
#5045 = CARTESIAN_POINT('',(-3.631740714944,6.13967554178,9.13700984773)
  );
#5046 = CARTESIAN_POINT('',(-4.026079685831,5.88048684241,9.168594101724
    ));
#5047 = CARTESIAN_POINT('',(-4.39901805411,5.59277939665,9.200179783654)
  );
#5048 = CARTESIAN_POINT('',(-5.117074925785,4.946892334255,
    9.265128610023));
#5049 = CARTESIAN_POINT('',(-5.459536129373,4.58554774169,9.298500986997
    ));
#5050 = CARTESIAN_POINT('',(-5.772705161855,4.19721975341,9.331870288956
    ));
#5051 = CARTESIAN_POINT('',(-6.054129655484,3.784706939749,
    9.365235744881));
#5052 = CARTESIAN_POINT('',(-6.301697160681,3.351028510062,9.39860059064
    ));
#5053 = CARTESIAN_POINT('',(-6.513618704513,2.899405915895,
    9.431968623411));
#5054 = CARTESIAN_POINT('',(-6.688452580733,2.433269696793,
    9.465340281008));
#5055 = CARTESIAN_POINT('',(-6.89208739389,1.72282248725,9.515041045716)
  );
#5056 = CARTESIAN_POINT('',(-6.949879674814,1.486735166077,
    9.531374381176));
#5057 = CARTESIAN_POINT('',(-6.998425187197,1.248449006075,
    9.547708055408));
#5058 = CARTESIAN_POINT('',(-7.037627359922,1.008387073837,9.56404204035
    ));
#5059 = CARTESIAN_POINT('',(-7.067413093922,0.766975941792,
    9.580376315598));
#5060 = CARTESIAN_POINT('',(-7.087732778362,0.524645528293,
    9.596710707002));
#5061 = CARTESIAN_POINT('',(-7.098560306827,0.281828937707,
    9.613044725283));
#5062 = CARTESIAN_POINT('',(-7.099893093501,3.89623005049E-02,
    9.629377404625));
#5063 = PCURVE('',#3833,#5064);
#5064 = DEFINITIONAL_REPRESENTATION('',(#5065),#5110);
#5065 = B_SPLINE_CURVE_WITH_KNOTS('',8,(#5066,#5067,#5068,#5069,#5070,
    #5071,#5072,#5073,#5074,#5075,#5076,#5077,#5078,#5079,#5080,#5081,
    #5082,#5083,#5084,#5085,#5086,#5087,#5088,#5089,#5090,#5091,#5092,
    #5093,#5094,#5095,#5096,#5097,#5098,#5099,#5100,#5101,#5102,#5103,
    #5104,#5105,#5106,#5107,#5108,#5109),.UNSPECIFIED.,.F.,.F.,(9,7,7,7,
    7,7,9),(0.,0.253082154835,0.46456977361,0.565693412446,
    0.734438945239,0.912730608687,1.),.UNSPECIFIED.);
#5066 = CARTESIAN_POINT('',(0.,8.132001993652));
#5067 = CARTESIAN_POINT('',(9.920092689712E-02,8.179366886311));
#5068 = CARTESIAN_POINT('',(0.198465911498,8.226761654643));
#5069 = CARTESIAN_POINT('',(0.29769565304,8.274138921431));
#5070 = CARTESIAN_POINT('',(0.396899708383,8.32150353863));
#5071 = CARTESIAN_POINT('',(0.496103760756,8.368868313436));
#5072 = CARTESIAN_POINT('',(0.595333486509,8.416245927564));
#5073 = CARTESIAN_POINT('',(0.694598468017,8.463641023969));
#5074 = CARTESIAN_POINT('',(0.876696455398,8.55058653514));
#5075 = CARTESIAN_POINT('',(0.95961969284,8.59017987828));
#5076 = CARTESIAN_POINT('',(1.042529431565,8.62976705147));
#5077 = CARTESIAN_POINT('',(1.125427344503,8.669348667827));
#5078 = CARTESIAN_POINT('',(1.208325261909,8.708930130556));
#5079 = CARTESIAN_POINT('',(1.291235012404,8.748516929336));
#5080 = CARTESIAN_POINT('',(1.37415826426,8.788109891122));
#5081 = CARTESIAN_POINT('',(1.496692899585,8.846615676249));
#5082 = CARTESIAN_POINT('',(1.536331130612,8.865541439118));
#5083 = CARTESIAN_POINT('',(1.575969064908,8.884467038437));
#5084 = CARTESIAN_POINT('',(1.615606627882,8.903392458141));
#5085 = CARTESIAN_POINT('',(1.655244190163,8.922317897949));
#5086 = CARTESIAN_POINT('',(1.694882121916,8.941243557444));
#5087 = CARTESIAN_POINT('',(1.734520347118,8.960169419464));
#5088 = CARTESIAN_POINT('',(1.840301281053,9.010676300585));
#5089 = CARTESIAN_POINT('',(1.90645310759,9.042261805067));
#5090 = CARTESIAN_POINT('',(1.972601172668,9.07384576713));
#5091 = CARTESIAN_POINT('',(2.038744537538,9.105427739667));
#5092 = CARTESIAN_POINT('',(2.104887899796,9.13700984773));
#5093 = CARTESIAN_POINT('',(2.171035961109,9.168594101724));
#5094 = CARTESIAN_POINT('',(2.237187792284,9.200179783654));
#5095 = CARTESIAN_POINT('',(2.373216408152,9.265128610023));
#5096 = CARTESIAN_POINT('',(2.443112695374,9.298500986997));
#5097 = CARTESIAN_POINT('',(2.513004072072,9.331870288956));
#5098 = CARTESIAN_POINT('',(2.582889306651,9.365235744881));
#5099 = CARTESIAN_POINT('',(2.652774551981,9.39860059064));
#5100 = CARTESIAN_POINT('',(2.722665960944,9.431968623411));
#5101 = CARTESIAN_POINT('',(2.792562286733,9.465340281008));
#5102 = CARTESIAN_POINT('',(2.896654548034,9.515041045716));
#5103 = CARTESIAN_POINT('',(2.930861934259,9.531374381176));
#5104 = CARTESIAN_POINT('',(2.965069174925,9.547708055408));
#5105 = CARTESIAN_POINT('',(2.999276235391,9.56404204035));
#5106 = CARTESIAN_POINT('',(3.03348329088,9.580376315598));
#5107 = CARTESIAN_POINT('',(3.067690519357,9.596710707002));
#5108 = CARTESIAN_POINT('',(3.101897894403,9.613044725283));
#5109 = CARTESIAN_POINT('',(3.136104978088,9.629377404625));
#5110 = ( GEOMETRIC_REPRESENTATION_CONTEXT(2) 
PARAMETRIC_REPRESENTATION_CONTEXT() REPRESENTATION_CONTEXT('2D SPACE',''
  ) );
#5111 = PCURVE('',#3737,#5112);
#5112 = DEFINITIONAL_REPRESENTATION('',(#5113),#5158);
#5113 = B_SPLINE_CURVE_WITH_KNOTS('',8,(#5114,#5115,#5116,#5117,#5118,
    #5119,#5120,#5121,#5122,#5123,#5124,#5125,#5126,#5127,#5128,#5129,
    #5130,#5131,#5132,#5133,#5134,#5135,#5136,#5137,#5138,#5139,#5140,
    #5141,#5142,#5143,#5144,#5145,#5146,#5147,#5148,#5149,#5150,#5151,
    #5152,#5153,#5154,#5155,#5156,#5157),.UNSPECIFIED.,.F.,.F.,(9,7,7,7,
    7,7,9),(0.,0.253082154835,0.46456977361,0.565693412446,
    0.734438945239,0.912730608687,1.),.UNSPECIFIED.);
#5114 = CARTESIAN_POINT('',(-1.146225174072E-04,3.487403365248));
#5115 = CARTESIAN_POINT('',(-1.146912026991E-04,3.597331746955));
#5116 = CARTESIAN_POINT('',(-1.16178952201E-04,3.707331109625));
#5117 = CARTESIAN_POINT('',(-1.190677310765E-04,3.817291475302));
#5118 = CARTESIAN_POINT('',(-1.228316413522E-04,3.927223496248));
#5119 = CARTESIAN_POINT('',(-1.263905985739E-04,4.037155645463));
#5120 = CARTESIAN_POINT('',(-1.288164442666E-04,4.147116281418));
#5121 = CARTESIAN_POINT('',(-1.298818510914E-04,4.25711591646));
#5122 = CARTESIAN_POINT('',(-1.297524223441E-04,4.458905993263));
#5123 = CARTESIAN_POINT('',(-1.289004794454E-04,4.550796463694));
#5124 = CARTESIAN_POINT('',(-1.273868955129E-04,4.642671848336));
#5125 = CARTESIAN_POINT('',(-1.255683712328E-04,4.734533983159));
#5126 = CARTESIAN_POINT('',(-1.23965050711E-04,4.826396010598));
#5127 = CARTESIAN_POINT('',(-1.229635770949E-04,4.918271119213));
#5128 = CARTESIAN_POINT('',(-1.22587596555E-04,5.010161255648));
#5129 = CARTESIAN_POINT('',(-1.226624371673E-04,5.145946335483));
#5130 = CARTESIAN_POINT('',(-1.227840821912E-04,5.189870928867));
#5131 = CARTESIAN_POINT('',(-1.22981568111E-04,5.233795230483));
#5132 = CARTESIAN_POINT('',(-1.232206410925E-04,5.277719163381));
#5133 = CARTESIAN_POINT('',(-1.234583802888E-04,5.321643141398));
#5134 = CARTESIAN_POINT('',(-1.236488845125E-04,5.365567574589));
#5135 = CARTESIAN_POINT('',(-1.237506534089E-04,5.409492375078));
#5136 = CARTESIAN_POINT('',(-1.237106487798E-04,5.526712813775));
#5137 = CARTESIAN_POINT('',(-1.233582674593E-04,5.600018618171));
#5138 = CARTESIAN_POINT('',(-1.225567387009E-04,5.673320322763));
#5139 = CARTESIAN_POINT('',(-1.21252065081E-04,5.746616827345));
#5140 = CARTESIAN_POINT('',(-1.196166439606E-04,5.819913263521));
#5141 = CARTESIAN_POINT('',(-1.180614766659E-04,5.893214773068));
#5142 = CARTESIAN_POINT('',(-1.171019751121E-04,5.966520286361));
#5143 = CARTESIAN_POINT('',(-1.170513644532E-04,6.117258756041));
#5144 = CARTESIAN_POINT('',(-1.181037843992E-04,6.194713306227));
#5145 = CARTESIAN_POINT('',(-1.204721811776E-04,6.272162243341));
#5146 = CARTESIAN_POINT('',(-1.245897574531E-04,6.349604279508));
#5147 = CARTESIAN_POINT('',(-1.299756591789E-04,6.427046368054));
#5148 = CARTESIAN_POINT('',(-1.350349831131E-04,6.504495475156));
#5149 = CARTESIAN_POINT('',(-1.377684957584E-04,6.581950302167));
#5150 = CARTESIAN_POINT('',(-1.372078094858E-04,6.697299237349));
#5151 = CARTESIAN_POINT('',(-1.362788634511E-04,6.735205897571));
#5152 = CARTESIAN_POINT('',(-1.345638227478E-04,6.77311243388));
#5153 = CARTESIAN_POINT('',(-1.320691735072E-04,6.811018788661));
#5154 = CARTESIAN_POINT('',(-1.289804480142E-04,6.848925129368));
#5155 = CARTESIAN_POINT('',(-1.257933818576E-04,6.886831625803));
#5156 = CARTESIAN_POINT('',(-1.234450710816E-04,6.924738227392));
#5157 = CARTESIAN_POINT('',(-1.23445129336E-04,6.962644440466));
#5158 = ( GEOMETRIC_REPRESENTATION_CONTEXT(2) 
PARAMETRIC_REPRESENTATION_CONTEXT() REPRESENTATION_CONTEXT('2D SPACE',''
  ) );
#5159 = ORIENTED_EDGE('',*,*,#5160,.T.);
#5160 = EDGE_CURVE('',#5015,#5161,#5163,.T.);
#5161 = VERTEX_POINT('',#5162);
#5162 = CARTESIAN_POINT('',(7.1,-1.738998454789E-15,11.132001993652));
#5163 = SURFACE_CURVE('',#5164,(#5216,#5271),.PCURVE_S1.);
#5164 = B_SPLINE_CURVE_WITH_KNOTS('',8,(#5165,#5166,#5167,#5168,#5169,
    #5170,#5171,#5172,#5173,#5174,#5175,#5176,#5177,#5178,#5179,#5180,
    #5181,#5182,#5183,#5184,#5185,#5186,#5187,#5188,#5189,#5190,#5191,
    #5192,#5193,#5194,#5195,#5196,#5197,#5198,#5199,#5200,#5201,#5202,
    #5203,#5204,#5205,#5206,#5207,#5208,#5209,#5210,#5211,#5212,#5213,
    #5214,#5215),.UNSPECIFIED.,.F.,.F.,(9,7,7,7,7,7,7,9),(0.,
    9.141818529878E-02,0.263318861314,0.291364309324,0.536696492587,
    0.748753821734,0.942064434293,1.),.UNSPECIFIED.);
#5165 = CARTESIAN_POINT('',(-7.099893093501,3.896230050958E-02,
    9.629377404693));
#5166 = CARTESIAN_POINT('',(-7.101294128294,-0.216340828965,
    9.646546432917));
#5167 = CARTESIAN_POINT('',(-7.092203119302,-0.471704535282,
    9.663714391685));
#5168 = CARTESIAN_POINT('',(-7.072617497164,-0.726621590238,
    9.680881871493));
#5169 = CARTESIAN_POINT('',(-7.042563474869,-0.98058840685,
    9.698049366104));
#5170 = CARTESIAN_POINT('',(-7.002096011398,-1.233105230858,
    9.715217230724));
#5171 = CARTESIAN_POINT('',(-6.951298775376,-1.483676332224,
    9.73238564017));
#5172 = CARTESIAN_POINT('',(-6.890284108717,-1.731810196635,
    9.749554547039));
#5173 = CARTESIAN_POINT('',(-6.685514868359,-2.43810612098,9.79900801151
    ));
#5174 = CARTESIAN_POINT('',(-6.516187048315,-2.888927634853,
    9.831298202872));
#5175 = CARTESIAN_POINT('',(-6.312152552426,-3.326169336783,
    9.86358726108));
#5176 = CARTESIAN_POINT('',(-6.074712780286,-3.74672406051,
    9.895873842565));
#5177 = CARTESIAN_POINT('',(-5.805474634016,-4.147666450772,
    9.928159821164));
#5178 = CARTESIAN_POINT('',(-5.506330944287,-4.526247504182,
    9.960447540086));
#5179 = CARTESIAN_POINT('',(-5.179474197122,-4.879909595558,
    9.992736707769));
#5180 = CARTESIAN_POINT('',(-4.770010064913,-5.25957589215,
    10.030288082061));
#5181 = CARTESIAN_POINT('',(-4.711905154622,-5.312105724698,
    10.035555216534));
#5182 = CARTESIAN_POINT('',(-4.653139488032,-5.363901603784,
    10.040822341903));
#5183 = CARTESIAN_POINT('',(-4.593723891151,-5.414953839637,
    10.046089458839));
#5184 = CARTESIAN_POINT('',(-4.533669358585,-5.46525293628,
    10.051356567829));
#5185 = CARTESIAN_POINT('',(-4.472987053541,-5.514789591534,
    10.056623669171));
#5186 = CARTESIAN_POINT('',(-4.411688307828,-5.563554697016,
    10.061890762975));
#5187 = CARTESIAN_POINT('',(-3.808271916236,-6.031292902625,
    10.113232554553));
#5188 = CARTESIAN_POINT('',(-3.220152653755,-6.391568588683,
    10.159333462671));
#5189 = CARTESIAN_POINT('',(-2.593504678225,-6.685911988192,
    10.205419974493));
#5190 = CARTESIAN_POINT('',(-1.93705188337,-6.909742404121,
    10.251496359011));
#5191 = CARTESIAN_POINT('',(-1.259908791734,-7.059767354587,
    10.297573334827));
#5192 = CARTESIAN_POINT('',(-0.571573220286,-7.134061652475,
    10.343661255071));
#5193 = CARTESIAN_POINT('',(0.11812116512,-7.132003681497,
    10.389763442015));
#5194 = CARTESIAN_POINT('',(1.387378574409,-6.988269196527,
    10.475664503971));
#5195 = CARTESIAN_POINT('',(1.969676082256,-6.86551176159,
    10.515503012011));
#5196 = CARTESIAN_POINT('',(2.539277599523,-6.687315511558,
    10.555334525224));
#5197 = CARTESIAN_POINT('',(3.090042960128,-6.45529931339,
    10.595159957367));
#5198 = CARTESIAN_POINT('',(3.61617511707,-6.171822814289,
    10.634985354829));
#5199 = CARTESIAN_POINT('',(4.112200580155,-5.839921430339,
    10.674816806765));
#5200 = CARTESIAN_POINT('',(4.573007582372,-5.463362255378,
    10.714655327792));
#5201 = CARTESIAN_POINT('',(5.377715441681,-4.667079606262,
    10.790786675346));
#5202 = CARTESIAN_POINT('',(5.728549838938,-4.25391729637,
    10.827100338406));
#5203 = CARTESIAN_POINT('',(6.042935922728,-3.810772200469,
    10.863410835243));
#5204 = CARTESIAN_POINT('',(6.317930816965,-3.341434462908,
    10.899717206922));
#5205 = CARTESIAN_POINT('',(6.551086676211,-2.849968873609,
    10.936023754926));
#5206 = CARTESIAN_POINT('',(6.740421486172,-2.340686581238,
    10.972334733327));
#5207 = CARTESIAN_POINT('',(6.884458869055,-1.818153305812,
    11.008649061089));
#5208 = CARTESIAN_POINT('',(7.01167112776,-1.128116519729,
    11.055836031155));
#5209 = CARTESIAN_POINT('',(7.036861333627,-0.968234690257,
    11.066716985499));
#5210 = CARTESIAN_POINT('',(7.057884232527,-0.807714933001,
    11.07759791224));
#5211 = CARTESIAN_POINT('',(7.074721197557,-0.646684044304,
    11.088478806766));
#5212 = CARTESIAN_POINT('',(7.087358253786,-0.485269246166,
    11.099359665126));
#5213 = CARTESIAN_POINT('',(7.095786078261,-0.323598186247,
    11.110240484033));
#5214 = CARTESIAN_POINT('',(7.1,-0.161798937866,11.121121260862));
#5215 = CARTESIAN_POINT('',(7.1,-8.881784197001E-16,11.132001993652));
#5216 = PCURVE('',#3833,#5217);
#5217 = DEFINITIONAL_REPRESENTATION('',(#5218),#5270);
#5218 = B_SPLINE_CURVE_WITH_KNOTS('',8,(#5219,#5220,#5221,#5222,#5223,
    #5224,#5225,#5226,#5227,#5228,#5229,#5230,#5231,#5232,#5233,#5234,
    #5235,#5236,#5237,#5238,#5239,#5240,#5241,#5242,#5243,#5244,#5245,
    #5246,#5247,#5248,#5249,#5250,#5251,#5252,#5253,#5254,#5255,#5256,
    #5257,#5258,#5259,#5260,#5261,#5262,#5263,#5264,#5265,#5266,#5267,
    #5268,#5269),.UNSPECIFIED.,.F.,.F.,(9,7,7,7,7,7,7,9),(0.,
    9.141818529878E-02,0.263318861314,0.291364309324,0.536696492587,
    0.748753821734,0.942064434293,1.),.UNSPECIFIED.);
#5219 = CARTESIAN_POINT('',(3.136104978088,9.629377404693));
#5220 = CARTESIAN_POINT('',(3.172063706777,9.646546432917));
#5221 = CARTESIAN_POINT('',(3.208022859894,9.663714391685));
#5222 = CARTESIAN_POINT('',(3.243981842997,9.680881871493));
#5223 = CARTESIAN_POINT('',(3.279940601543,9.698049366104));
#5224 = CARTESIAN_POINT('',(3.315899352812,9.715217230724));
#5225 = CARTESIAN_POINT('',(3.351858317823,9.73238564017));
#5226 = CARTESIAN_POINT('',(3.387817453257,9.749554547039));
#5227 = CARTESIAN_POINT('',(3.491392161489,9.79900801151));
#5228 = CARTESIAN_POINT('',(3.559017534011,9.831298202872));
#5229 = CARTESIAN_POINT('',(3.626638713979,9.86358726108));
#5230 = CARTESIAN_POINT('',(3.694254662373,9.895873842565));
#5231 = CARTESIAN_POINT('',(3.76187061882,9.928159821164));
#5232 = CARTESIAN_POINT('',(3.829491824123,9.960447540086));
#5233 = CARTESIAN_POINT('',(3.89711723464,9.992736707769));
#5234 = CARTESIAN_POINT('',(3.975764719951,10.030288082061));
#5235 = CARTESIAN_POINT('',(3.986796214379,10.035555216534));
#5236 = CARTESIAN_POINT('',(3.997827711847,10.040822341903));
#5237 = CARTESIAN_POINT('',(4.008859211981,10.046089458839));
#5238 = CARTESIAN_POINT('',(4.019890713965,10.051356567829));
#5239 = CARTESIAN_POINT('',(4.030922216536,10.056623669171));
#5240 = CARTESIAN_POINT('',(4.041953717987,10.061890762975));
#5241 = CARTESIAN_POINT('',(4.14948506638,10.113232554553));
#5242 = CARTESIAN_POINT('',(4.246040766701,10.159333462671));
#5243 = CARTESIAN_POINT('',(4.342566008426,10.205419974493));
#5244 = CARTESIAN_POINT('',(4.439068418067,10.251496359011));
#5245 = CARTESIAN_POINT('',(4.53557082016,10.297573334827));
#5246 = CARTESIAN_POINT('',(4.632096041345,10.343661255071));
#5247 = CARTESIAN_POINT('',(4.728651715188,10.389763442015));
#5248 = CARTESIAN_POINT('',(4.908562974872,10.475664503971));
#5249 = CARTESIAN_POINT('',(4.99200136823,10.515503012011));
#5250 = CARTESIAN_POINT('',(5.075425832697,10.555334525224));
#5251 = CARTESIAN_POINT('',(5.158838138236,10.595159957367));
#5252 = CARTESIAN_POINT('',(5.242250439834,10.634985354829));
#5253 = CARTESIAN_POINT('',(5.325674903977,10.674816806765));
#5254 = CARTESIAN_POINT('',(5.409113312842,10.714655327792));
#5255 = CARTESIAN_POINT('',(5.568562174918,10.790786675346));
#5256 = CARTESIAN_POINT('',(5.644616430602,10.827100338406));
#5257 = CARTESIAN_POINT('',(5.720663200658,10.863410835243));
#5258 = CARTESIAN_POINT('',(5.79670062592,10.899717206922));
#5259 = CARTESIAN_POINT('',(5.87273804827,10.936023754926));
#5260 = CARTESIAN_POINT('',(5.948784810536,10.972334733327));
#5261 = CARTESIAN_POINT('',(6.024839056295,11.008649061089));
#5262 = CARTESIAN_POINT('',(6.123665107885,11.055836031155));
#5263 = CARTESIAN_POINT('',(6.146453700957,11.066716985499));
#5264 = CARTESIAN_POINT('',(6.169242304187,11.07759791224));
#5265 = CARTESIAN_POINT('',(6.192030912902,11.088478806766));
#5266 = CARTESIAN_POINT('',(6.214819522372,11.099359665126));
#5267 = CARTESIAN_POINT('',(6.237608127813,11.110240484033));
#5268 = CARTESIAN_POINT('',(6.260396724382,11.121121260862));
#5269 = CARTESIAN_POINT('',(6.28318530718,11.132001993652));
#5270 = ( GEOMETRIC_REPRESENTATION_CONTEXT(2) 
PARAMETRIC_REPRESENTATION_CONTEXT() REPRESENTATION_CONTEXT('2D SPACE',''
  ) );
#5271 = PCURVE('',#5272,#5297);
#5272 = B_SPLINE_SURFACE_WITH_KNOTS('',1,11,(
    (#5273,#5274,#5275,#5276,#5277,#5278,#5279,#5280,#5281,#5282,#5283
      ,#5284)
    ,(#5285,#5286,#5287,#5288,#5289,#5290,#5291,#5292,#5293,#5294,#5295
      ,#5296
    )),.UNSPECIFIED.,.F.,.F.,.F.,(2,2),(12,12),(-0.981495457622,-0.),(0.
    ,6.962644440466),.PIECEWISE_BEZIER_KNOTS.);
#5273 = CARTESIAN_POINT('',(-6.25,6.038731789177E-03,9.139797181016));
#5274 = CARTESIAN_POINT('',(-6.253449315664,-3.563952910005,
    9.412524454317));
#5275 = CARTESIAN_POINT('',(-4.014289098382,-7.136030525104,
    9.685251724859));
#5276 = CARTESIAN_POINT('',(0.473645281529,-9.145145872611,
    9.957979003282));
#5277 = CARTESIAN_POINT('',(5.959803049363,-8.018723566785,
    10.230706265254));
#5278 = CARTESIAN_POINT('',(10.054167220686,-3.314267367898,
    10.50343355341));
#5279 = CARTESIAN_POINT('',(10.060552923855,3.294832583896,
    10.776160808691));
#5280 = CARTESIAN_POINT('',(5.975287234963,8.007191917297,
    11.048888097182));
#5281 = CARTESIAN_POINT('',(0.49131641104,9.144213529443,11.321615358722
    ));
#5282 = CARTESIAN_POINT('',(-4.000491993769,7.143774383251,
    11.594342637452));
#5283 = CARTESIAN_POINT('',(-6.246550684345,3.576030373595,
    11.867069907857));
#5284 = CARTESIAN_POINT('',(-6.250000000019,6.038731801401E-03,
    12.139797181195));
#5285 = CARTESIAN_POINT('',(-7.1,3.896644190514E-02,9.629438988095));
#5286 = CARTESIAN_POINT('',(-7.122257580419,-4.016544074581,
    9.902166260825));
#5287 = CARTESIAN_POINT('',(-4.596910311363,-8.085944525956,
    10.174893533537));
#5288 = CARTESIAN_POINT('',(0.491084528896,-10.39136441292,
    10.447620806305));
#5289 = CARTESIAN_POINT('',(6.729173471918,-9.139925078817,
    10.720348078963));
#5290 = CARTESIAN_POINT('',(11.404558361455,-3.816673190545,
    10.993075351771));
#5291 = CARTESIAN_POINT('',(11.445763723592,3.691265338816,
    11.265802624436));
#5292 = CARTESIAN_POINT('',(6.829089089943,9.065514198291,11.53852989719
    ));
#5293 = CARTESIAN_POINT('',(0.605111954597,10.385348233224,
    11.811257169917));
#5294 = CARTESIAN_POINT('',(-4.507881009568,8.135913726226,
    12.083984442637));
#5295 = CARTESIAN_POINT('',(-7.07774241968,4.09447695839,12.356711715369
    ));
#5296 = CARTESIAN_POINT('',(-7.100000000123,3.896644190528E-02,
    12.629438988095));
#5297 = DEFINITIONAL_REPRESENTATION('',(#5298),#5350);
#5298 = B_SPLINE_CURVE_WITH_KNOTS('',8,(#5299,#5300,#5301,#5302,#5303,
    #5304,#5305,#5306,#5307,#5308,#5309,#5310,#5311,#5312,#5313,#5314,
    #5315,#5316,#5317,#5318,#5319,#5320,#5321,#5322,#5323,#5324,#5325,
    #5326,#5327,#5328,#5329,#5330,#5331,#5332,#5333,#5334,#5335,#5336,
    #5337,#5338,#5339,#5340,#5341,#5342,#5343,#5344,#5345,#5346,#5347,
    #5348,#5349),.UNSPECIFIED.,.F.,.F.,(9,7,7,7,7,7,7,9),(0.,
    9.141818529878E-02,0.263318861314,0.291364309324,0.536696492587,
    0.748753821734,0.942064434293,1.),.UNSPECIFIED.);
#5299 = CARTESIAN_POINT('',(-1.234449922943E-04,0.));
#5300 = CARTESIAN_POINT('',(-1.234450540755E-04,3.984727970814E-02));
#5301 = CARTESIAN_POINT('',(-1.260378787559E-04,7.969507930325E-02));
#5302 = CARTESIAN_POINT('',(-1.294753463499E-04,0.119542745238));
#5303 = CARTESIAN_POINT('',(-1.327018071218E-04,0.159390201221));
#5304 = CARTESIAN_POINT('',(-1.351896730624E-04,0.199237660787));
#5305 = CARTESIAN_POINT('',(-1.367750093643E-04,0.239085339855));
#5306 = CARTESIAN_POINT('',(-1.374931258981E-04,0.278933169297));
#5307 = CARTESIAN_POINT('',(-1.37265699347E-04,0.393708535798));
#5308 = CARTESIAN_POINT('',(-1.34310705512E-04,0.468646821552));
#5309 = CARTESIAN_POINT('',(-1.294183564962E-04,0.543580234271));
#5310 = CARTESIAN_POINT('',(-1.243433171922E-04,0.618507687288));
#5311 = CARTESIAN_POINT('',(-1.204486109686E-04,0.693435107697));
#5312 = CARTESIAN_POINT('',(-1.181533112483E-04,0.768368419022));
#5313 = CARTESIAN_POINT('',(-1.171050617705E-04,0.843306536616));
#5314 = CARTESIAN_POINT('',(-1.170729167072E-04,0.930458788546));
#5315 = CARTESIAN_POINT('',(-1.170948565503E-04,0.942683208802));
#5316 = CARTESIAN_POINT('',(-1.171416506993E-04,0.954907636703));
#5317 = CARTESIAN_POINT('',(-1.172116269617E-04,0.967132071875));
#5318 = CARTESIAN_POINT('',(-1.173030353173E-04,0.979356513418));
#5319 = CARTESIAN_POINT('',(-1.174140479187E-04,0.99158095991));
#5320 = CARTESIAN_POINT('',(-1.175427590909E-04,1.0038054094));
#5321 = CARTESIAN_POINT('',(-1.18950577699E-04,1.122965252639));
#5322 = CARTESIAN_POINT('',(-1.214180459023E-04,1.229962853406));
#5323 = CARTESIAN_POINT('',(-1.238177503321E-04,1.336926963618));
#5324 = CARTESIAN_POINT('',(-1.246958106211E-04,1.443865807759));
#5325 = CARTESIAN_POINT('',(-1.241627383735E-04,1.550804390387));
#5326 = CARTESIAN_POINT('',(-1.232483635234E-04,1.657767932254));
#5327 = CARTESIAN_POINT('',(-1.226403535549E-04,1.764764940157));
#5328 = CARTESIAN_POINT('',(-1.22630140215E-04,1.964131112152));
#5329 = CARTESIAN_POINT('',(-1.230747917395E-04,2.056592082489));
#5330 = CARTESIAN_POINT('',(-1.241539761796E-04,2.149037553337));
#5331 = CARTESIAN_POINT('',(-1.258167116322E-04,2.241469586395));
#5332 = CARTESIAN_POINT('',(-1.276477462473E-04,2.333901733823));
#5333 = CARTESIAN_POINT('',(-1.291144122434E-04,2.426347511093));
#5334 = CARTESIAN_POINT('',(-1.298720081448E-04,2.518808873904));
#5335 = CARTESIAN_POINT('',(-1.297558471247E-04,2.695500574008));
#5336 = CARTESIAN_POINT('',(-1.290233633513E-04,2.779779433993));
#5337 = CARTESIAN_POINT('',(-1.275176960942E-04,2.864050050337));
#5338 = CARTESIAN_POINT('',(-1.253410433695E-04,2.948310315794));
#5339 = CARTESIAN_POINT('',(-1.227756640121E-04,3.032570540401));
#5340 = CARTESIAN_POINT('',(-1.202162821724E-04,3.116841054381));
#5341 = CARTESIAN_POINT('',(-1.180531277277E-04,3.201119800592));
#5342 = CARTESIAN_POINT('',(-1.160418193237E-04,3.310632836779));
#5343 = CARTESIAN_POINT('',(-1.156334605405E-04,3.335885769403));
#5344 = CARTESIAN_POINT('',(-1.152871108135E-04,3.361138709756));
#5345 = CARTESIAN_POINT('',(-1.150080151151E-04,3.386391653201));
#5346 = CARTESIAN_POINT('',(-1.148000888351E-04,3.411644595105));
#5347 = CARTESIAN_POINT('',(-1.146659177813E-04,3.436897530833));
#5348 = CARTESIAN_POINT('',(-1.146067581785E-04,3.462150455757));
#5349 = CARTESIAN_POINT('',(-1.146225366696E-04,3.487403365248));
#5350 = ( GEOMETRIC_REPRESENTATION_CONTEXT(2) 
PARAMETRIC_REPRESENTATION_CONTEXT() REPRESENTATION_CONTEXT('2D SPACE',''
  ) );
#5351 = ORIENTED_EDGE('',*,*,#5352,.T.);
#5352 = EDGE_CURVE('',#5161,#5353,#5355,.T.);
#5353 = VERTEX_POINT('',#5354);
#5354 = CARTESIAN_POINT('',(7.1,-1.738998454789E-15,11.468002435884));
#5355 = SURFACE_CURVE('',#5356,(#5360,#5367),.PCURVE_S1.);
#5356 = LINE('',#5357,#5358);
#5357 = CARTESIAN_POINT('',(7.1,-1.738998454789E-15,0.));
#5358 = VECTOR('',#5359,1.);
#5359 = DIRECTION('',(0.,0.,1.));
#5360 = PCURVE('',#3833,#5361);
#5361 = DEFINITIONAL_REPRESENTATION('',(#5362),#5366);
#5362 = LINE('',#5363,#5364);
#5363 = CARTESIAN_POINT('',(6.28318530718,-0.));
#5364 = VECTOR('',#5365,1.);
#5365 = DIRECTION('',(0.,1.));
#5366 = ( GEOMETRIC_REPRESENTATION_CONTEXT(2) 
PARAMETRIC_REPRESENTATION_CONTEXT() REPRESENTATION_CONTEXT('2D SPACE',''
  ) );
#5367 = PCURVE('',#5368,#5373);
#5368 = CYLINDRICAL_SURFACE('',#5369,7.1);
#5369 = AXIS2_PLACEMENT_3D('',#5370,#5371,#5372);
#5370 = CARTESIAN_POINT('',(0.,0.,0.));
#5371 = DIRECTION('',(0.,0.,1.));
#5372 = DIRECTION('',(1.,0.,0.));
#5373 = DEFINITIONAL_REPRESENTATION('',(#5374),#5378);
#5374 = LINE('',#5375,#5376);
#5375 = CARTESIAN_POINT('',(0.,-0.));
#5376 = VECTOR('',#5377,1.);
#5377 = DIRECTION('',(0.,1.));
#5378 = ( GEOMETRIC_REPRESENTATION_CONTEXT(2) 
PARAMETRIC_REPRESENTATION_CONTEXT() REPRESENTATION_CONTEXT('2D SPACE',''
  ) );
#5379 = ORIENTED_EDGE('',*,*,#5380,.F.);
#5380 = EDGE_CURVE('',#4152,#5353,#5381,.T.);
#5381 = SURFACE_CURVE('',#5382,(#5469,#5559),.PCURVE_S1.);
#5382 = B_SPLINE_CURVE_WITH_KNOTS('',8,(#5383,#5384,#5385,#5386,#5387,
    #5388,#5389,#5390,#5391,#5392,#5393,#5394,#5395,#5396,#5397,#5398,
    #5399,#5400,#5401,#5402,#5403,#5404,#5405,#5406,#5407,#5408,#5409,
    #5410,#5411,#5412,#5413,#5414,#5415,#5416,#5417,#5418,#5419,#5420,
    #5421,#5422,#5423,#5424,#5425,#5426,#5427,#5428,#5429,#5430,#5431,
    #5432,#5433,#5434,#5435,#5436,#5437,#5438,#5439,#5440,#5441,#5442,
    #5443,#5444,#5445,#5446,#5447,#5448,#5449,#5450,#5451,#5452,#5453,
    #5454,#5455,#5456,#5457,#5458,#5459,#5460,#5461,#5462,#5463,#5464,
    #5465,#5466,#5467,#5468),.UNSPECIFIED.,.F.,.F.,(9,7,7,7,7,7,7,7,7,7,
    7,7,9),(0.,4.471432935793E-02,0.133247010476,0.217528461086,
    0.270974932901,0.374939725653,0.502139401916,0.626092242301,
    0.732512637643,0.783625650014,0.870513047943,0.955582110255,1.),
  .UNSPECIFIED.);
#5383 = CARTESIAN_POINT('',(7.099893093501,3.896230050957E-02,
    8.470622595307));
#5384 = CARTESIAN_POINT('',(7.098526129781,0.288056839179,8.487374098407
    ));
#5385 = CARTESIAN_POINT('',(7.08717121044,0.537098927187,8.504127022798)
  );
#5386 = CARTESIAN_POINT('',(7.065831138023,0.785617828372,8.520880314866
    ));
#5387 = CARTESIAN_POINT('',(7.034534737961,1.03314623898,8.537633452759)
  );
#5388 = CARTESIAN_POINT('',(6.99333683661,1.279220471906,8.554386264156)
  );
#5389 = CARTESIAN_POINT('',(6.942318239296,1.523380640924,8.571138744025
    ));
#5390 = CARTESIAN_POINT('',(6.881585708361,1.765170844931,8.587890872389
    ));
#5391 = CARTESIAN_POINT('',(6.672053341371,2.477287959193,8.637809886783
    ));
#5392 = CARTESIAN_POINT('',(6.495249790468,2.939458461552,8.670980874936
    ));
#5393 = CARTESIAN_POINT('',(6.281898313522,3.387054315902,8.704148401527
    ));
#5394 = CARTESIAN_POINT('',(6.03343567172,3.816715637735,8.737312892762)
  );
#5395 = CARTESIAN_POINT('',(5.75163645128,4.225288453446,8.770478014842)
  );
#5396 = CARTESIAN_POINT('',(5.438590142819,4.609818171593,8.803646903246
    ));
#5397 = CARTESIAN_POINT('',(5.096717211225,4.967567273362,8.836818802523
    ));
#5398 = CARTESIAN_POINT('',(4.378596873068,5.608773487628,8.901560777034
    ));
#5399 = CARTESIAN_POINT('',(4.004689968023,5.895061074331,8.93313999035)
  );
#5400 = CARTESIAN_POINT('',(3.609495162005,6.152764012016,8.964717769995
    ));
#5401 = CARTESIAN_POINT('',(3.19558179235,6.380058925366,8.99629339544)
  );
#5402 = CARTESIAN_POINT('',(2.765669351596,6.575411269143,9.02786887642)
  );
#5403 = CARTESIAN_POINT('',(2.32261540405,6.737562206658,9.059446341407)
  );
#5404 = CARTESIAN_POINT('',(1.869418879922,6.865546131647,9.091025350337
    ));
#5405 = CARTESIAN_POINT('',(1.117418846888,7.017836310899,9.142623050527
    ));
#5406 = CARTESIAN_POINT('',(0.822760364755,7.062949123319,9.162646313579
    ));
#5407 = CARTESIAN_POINT('',(0.526054190855,7.093916036539,9.182669324157
    ));
#5408 = CARTESIAN_POINT('',(0.228093744904,7.110632381502,9.202692057917
    ));
#5409 = CARTESIAN_POINT('',(-7.032550130911E-02,7.113046615135,
    9.222714776337));
#5410 = CARTESIAN_POINT('',(-0.368406412306,7.101159183198,
    9.242737740296));
#5411 = CARTESIAN_POINT('',(-0.665350488246,7.075023685216,9.26276092361
    ));
#5412 = CARTESIAN_POINT('',(-1.534210784221,6.956410093979,9.32173235099
    ));
#5413 = CARTESIAN_POINT('',(-2.100929930706,6.824547281309,
    9.360692692151));
#5414 = CARTESIAN_POINT('',(-2.654432533545,6.639939301496,
    9.399647382001));
#5415 = CARTESIAN_POINT('',(-3.189008299426,6.404209977647,9.43859710421
    ));
#5416 = CARTESIAN_POINT('',(-3.699271744134,6.119656393878,
    9.477546943344));
#5417 = CARTESIAN_POINT('',(-4.180144369931,5.789192087007,
    9.516501915491));
#5418 = CARTESIAN_POINT('',(-4.626889239652,5.41639548336,9.55546253342)
  );
#5419 = CARTESIAN_POINT('',(-5.534808425561,4.50311332239,9.642064558066
    ));
#5420 = CARTESIAN_POINT('',(-5.977406372741,3.94325698213,9.689748844525
    ));
#5421 = CARTESIAN_POINT('',(-6.354783040044,3.334099009595,
    9.737415101951));
#5422 = CARTESIAN_POINT('',(-6.660789312216,2.684649991997,
    9.785068212526));
#5423 = CARTESIAN_POINT('',(-6.890673696208,2.00451978593,9.832721219069
    ));
#5424 = CARTESIAN_POINT('',(-7.041195685967,1.303927368174,
    9.880387247406));
#5425 = CARTESIAN_POINT('',(-7.110537168221,0.593628706423,
    9.928071381324));
#5426 = CARTESIAN_POINT('',(-7.087896209636,-0.805328447981,
    10.022161646422));
#5427 = CARTESIAN_POINT('',(-6.999972594961,-1.494934762008,
    10.068626983435));
#5428 = CARTESIAN_POINT('',(-6.835311346604,-2.173116048857,
    10.11507785492));
#5429 = CARTESIAN_POINT('',(-6.595855771961,-2.82997242642,
    10.161517919801));
#5430 = CARTESIAN_POINT('',(-6.28483330862,-3.456122791047,
    10.207957949956));
#5431 = CARTESIAN_POINT('',(-5.906818525086,-4.042764042089,
    10.254408740858));
#5432 = CARTESIAN_POINT('',(-5.467646771795,-4.581666220824,
    10.300874015573));
#5433 = CARTESIAN_POINT('',(-4.552013774593,-5.480934943171,
    10.387179683706));
#5434 = CARTESIAN_POINT('',(-4.089258976337,-5.856119877002,
    10.427060856269));
#5435 = CARTESIAN_POINT('',(-3.591383441292,-6.18641434245,
    10.466934935843));
#5436 = CARTESIAN_POINT('',(-3.063530128982,-6.468058958969,
    10.50680295145));
#5437 = CARTESIAN_POINT('',(-2.511202581122,-6.698030988362,
    10.546671009226));
#5438 = CARTESIAN_POINT('',(-1.940226005827,-6.873987547276,
    10.586545201421));
#5439 = CARTESIAN_POINT('',(-1.356766870848,-6.994330555156,
    10.626426472335));
#5440 = CARTESIAN_POINT('',(-0.48430955644,-7.089183550165,
    10.685443560517));
#5441 = CARTESIAN_POINT('',(-0.199817880538,-7.106985424051,
    10.704592550138));
#5442 = CARTESIAN_POINT('',(8.538837060548E-02,-7.111736292704,
    10.723741448015));
#5443 = CARTESIAN_POINT('',(0.370609996217,-7.103406238149,
    10.742890198792));
#5444 = CARTESIAN_POINT('',(0.655149867972,-7.082009801544,
    10.762038968474));
#5445 = CARTESIAN_POINT('',(0.938313155439,-7.047605079167,
    10.78118792143));
#5446 = CARTESIAN_POINT('',(1.219407638783,-7.000294580467,
    10.800336998442));
#5447 = CARTESIAN_POINT('',(1.970890387973,-6.838119953777,
    10.852036711834));
#5448 = CARTESIAN_POINT('',(2.43615030794,-6.699132370935,
    10.884592282135));
#5449 = CARTESIAN_POINT('',(2.890065189576,-6.523992860553,
    10.917145563254));
#5450 = CARTESIAN_POINT('',(3.329365881922,-6.313814039141,
    10.949695974839));
#5451 = CARTESIAN_POINT('',(3.750949329196,-6.070036160263,
    10.982246183977));
#5452 = CARTESIAN_POINT('',(4.15187424085,-5.79440621248,11.01479899908)
  );
#5453 = CARTESIAN_POINT('',(4.529375864613,-5.488993333779,
    11.047354173291));
#5454 = CARTESIAN_POINT('',(5.225067343589,-4.830451433706,
    11.111774851844));
#5455 = CARTESIAN_POINT('',(5.544428771096,-4.47836423581,
    11.143649248578));
#5456 = CARTESIAN_POINT('',(5.836567163186,-4.102244728836,
    11.175522320888));
#5457 = CARTESIAN_POINT('',(6.099395219424,-3.704571138918,
    11.207393778199));
#5458 = CARTESIAN_POINT('',(6.331111619092,-3.288001440317,
    11.239265788069));
#5459 = CARTESIAN_POINT('',(6.530188246506,-2.855359483476,
    11.271140075296));
#5460 = CARTESIAN_POINT('',(6.69538834335,-2.409639949099,11.3030153582)
  );
#5461 = CARTESIAN_POINT('',(6.893916761544,-1.716141438008,
    11.35152557418));
#5462 = CARTESIAN_POINT('',(6.952543179497,-1.475535788858,
    11.36816583652));
#5463 = CARTESIAN_POINT('',(7.001568007046,-1.232658919453,
    11.38480563854));
#5464 = CARTESIAN_POINT('',(7.040889687593,-0.987958450739,
    11.401444941142));
#5465 = CARTESIAN_POINT('',(7.070431968736,-0.741885727354,
    11.418083900245));
#5466 = CARTESIAN_POINT('',(7.09014392824,-0.494895659012,
    11.434722830349));
#5467 = CARTESIAN_POINT('',(7.099999999999,-0.247446561887,
    11.451362168106));
#5468 = CARTESIAN_POINT('',(7.1,-3.552713678801E-15,11.468002435884));
#5469 = PCURVE('',#3833,#5470);
#5470 = DEFINITIONAL_REPRESENTATION('',(#5471),#5558);
#5471 = B_SPLINE_CURVE_WITH_KNOTS('',8,(#5472,#5473,#5474,#5475,#5476,
    #5477,#5478,#5479,#5480,#5481,#5482,#5483,#5484,#5485,#5486,#5487,
    #5488,#5489,#5490,#5491,#5492,#5493,#5494,#5495,#5496,#5497,#5498,
    #5499,#5500,#5501,#5502,#5503,#5504,#5505,#5506,#5507,#5508,#5509,
    #5510,#5511,#5512,#5513,#5514,#5515,#5516,#5517,#5518,#5519,#5520,
    #5521,#5522,#5523,#5524,#5525,#5526,#5527,#5528,#5529,#5530,#5531,
    #5532,#5533,#5534,#5535,#5536,#5537,#5538,#5539,#5540,#5541,#5542,
    #5543,#5544,#5545,#5546,#5547,#5548,#5549,#5550,#5551,#5552,#5553,
    #5554,#5555,#5556,#5557),.UNSPECIFIED.,.F.,.F.,(9,7,7,7,7,7,7,7,7,7,
    7,7,9),(0.,4.471432935793E-02,0.133247010476,0.217528461086,
    0.270974932901,0.374939725653,0.502139401916,0.626092242301,
    0.732512637643,0.783625650014,0.870513047943,0.955582110255,1.),
  .UNSPECIFIED.);
#5472 = CARTESIAN_POINT('',(5.487675502229E-03,8.470622595307));
#5473 = CARTESIAN_POINT('',(4.057194161565E-02,8.487374098407));
#5474 = CARTESIAN_POINT('',(7.5656541971E-02,8.504127022798));
#5475 = CARTESIAN_POINT('',(0.110740977558,8.520880314866));
#5476 = CARTESIAN_POINT('',(0.145825216758,8.537633452759));
#5477 = CARTESIAN_POINT('',(0.180909460635,8.554386264156));
#5478 = CARTESIAN_POINT('',(0.215993908229,8.571138744025));
#5479 = CARTESIAN_POINT('',(0.251078521844,8.587890872389));
#5480 = CARTESIAN_POINT('',(0.35562832112,8.637809886783));
#5481 = CARTESIAN_POINT('',(0.425104573489,8.670980874936));
#5482 = CARTESIAN_POINT('',(0.494576067421,8.704148401527));
#5483 = CARTESIAN_POINT('',(0.5640415928,8.737312892762));
#5484 = CARTESIAN_POINT('',(0.633507118142,8.770478014842));
#5485 = CARTESIAN_POINT('',(0.702978637181,8.803646903246));
#5486 = CARTESIAN_POINT('',(0.772454955348,8.836818802523));
#5487 = CARTESIAN_POINT('',(0.908050230856,8.901560777034));
#5488 = CARTESIAN_POINT('',(0.974188475006,8.93313999035));
#5489 = CARTESIAN_POINT('',(1.040322959943,8.964717769995));
#5490 = CARTESIAN_POINT('',(1.106452749729,8.99629339544));
#5491 = CARTESIAN_POINT('',(1.172582537981,9.02786887642));
#5492 = CARTESIAN_POINT('',(1.238717021131,9.059446341407));
#5493 = CARTESIAN_POINT('',(1.304855268057,9.091025350337));
#5494 = CARTESIAN_POINT('',(1.412920831519,9.142623050527));
#5495 = CARTESIAN_POINT('',(1.454857467938,9.162646313579));
#5496 = CARTESIAN_POINT('',(1.496793717617,9.182669324157));
#5497 = CARTESIAN_POINT('',(1.538729480195,9.202692057917));
#5498 = CARTESIAN_POINT('',(1.580665245451,9.222714776337));
#5499 = CARTESIAN_POINT('',(1.622601503828,9.242737740296));
#5500 = CARTESIAN_POINT('',(1.664538154733,9.26276092361));
#5501 = CARTESIAN_POINT('',(1.788047910417,9.32173235099));
#5502 = CARTESIAN_POINT('',(1.869646082419,9.360692692151));
#5503 = CARTESIAN_POINT('',(1.951231834072,9.399647382001));
#5504 = CARTESIAN_POINT('',(2.032806587789,9.43859710421));
#5505 = CARTESIAN_POINT('',(2.114381337104,9.477546943344));
#5506 = CARTESIAN_POINT('',(2.195967077497,9.516501915491));
#5507 = CARTESIAN_POINT('',(2.277565236721,9.55546253342));
#5508 = CARTESIAN_POINT('',(2.45894402627,9.642064558066));
#5509 = CARTESIAN_POINT('',(2.558814830954,9.689748844525));
#5510 = CARTESIAN_POINT('',(2.658649244054,9.737415101951));
#5511 = CARTESIAN_POINT('',(2.758457297766,9.785068212526));
#5512 = CARTESIAN_POINT('',(2.858265361742,9.832721219069));
#5513 = CARTESIAN_POINT('',(2.958099773579,9.880387247406));
#5514 = CARTESIAN_POINT('',(3.057970614713,9.928071381324));
#5515 = CARTESIAN_POINT('',(3.255032636538,10.022161646422));
#5516 = CARTESIAN_POINT('',(3.352347893716,10.068626983435));
#5517 = CARTESIAN_POINT('',(3.449631403181,10.11507785492));
#5518 = CARTESIAN_POINT('',(3.546891305827,10.161517919801));
#5519 = CARTESIAN_POINT('',(3.644151206606,10.207957949956));
#5520 = CARTESIAN_POINT('',(3.741434711211,10.254408740858));
#5521 = CARTESIAN_POINT('',(3.838749964001,10.300874015573));
#5522 = CARTESIAN_POINT('',(4.019507918785,10.387179683706));
#5523 = CARTESIAN_POINT('',(4.103035692906,10.427060856269));
#5524 = CARTESIAN_POINT('',(4.186549463725,10.466934935843));
#5525 = CARTESIAN_POINT('',(4.270051035379,10.50680295145));
#5526 = CARTESIAN_POINT('',(4.353552606116,10.546671009226));
#5527 = CARTESIAN_POINT('',(4.437066431098,10.586545201421));
#5528 = CARTESIAN_POINT('',(4.520594355344,10.626426472335));
#5529 = CARTESIAN_POINT('',(4.644199756127,10.685443560517));
#5530 = CARTESIAN_POINT('',(4.684305269269,10.704592550138));
#5531 = CARTESIAN_POINT('',(4.7244104715,10.723741448015));
#5532 = CARTESIAN_POINT('',(4.764515277961,10.742890198792));
#5533 = CARTESIAN_POINT('',(4.80462007972,10.762038968474));
#5534 = CARTESIAN_POINT('',(4.844725271175,10.78118792143));
#5535 = CARTESIAN_POINT('',(4.884830777213,10.800336998442));
#5536 = CARTESIAN_POINT('',(4.993110039166,10.852036711834));
#5537 = CARTESIAN_POINT('',(5.061294305887,10.884592282135));
#5538 = CARTESIAN_POINT('',(5.129474217053,10.917145563254));
#5539 = CARTESIAN_POINT('',(5.197648681505,10.949695974839));
#5540 = CARTESIAN_POINT('',(5.265823148897,10.982246183977));
#5541 = CARTESIAN_POINT('',(5.334003071907,11.01479899908));
#5542 = CARTESIAN_POINT('',(5.402187361899,11.047354173291));
#5543 = CARTESIAN_POINT('',(5.537109593173,11.111774851844));
#5544 = CARTESIAN_POINT('',(5.603866171082,11.143649248578));
#5545 = CARTESIAN_POINT('',(5.670618809047,11.175522320888));
#5546 = CARTESIAN_POINT('',(5.737366524616,11.207393778199));
#5547 = CARTESIAN_POINT('',(5.804114230528,11.239265788069));
#5548 = CARTESIAN_POINT('',(5.870866845778,11.271140075296));
#5549 = CARTESIAN_POINT('',(5.937623402859,11.3030153582));
#5550 = CARTESIAN_POINT('',(6.039222765184,11.35152557418));
#5551 = CARTESIAN_POINT('',(6.074074734657,11.36816583652));
#5552 = CARTESIAN_POINT('',(6.108926560921,11.38480563854));
#5553 = CARTESIAN_POINT('',(6.14377820383,11.401444941142));
#5554 = CARTESIAN_POINT('',(6.178629851754,11.418083900245));
#5555 = CARTESIAN_POINT('',(6.213481691586,11.434722830349));
#5556 = CARTESIAN_POINT('',(6.248333678745,11.451362168106));
#5557 = CARTESIAN_POINT('',(6.28318530718,11.468002435884));
#5558 = ( GEOMETRIC_REPRESENTATION_CONTEXT(2) 
PARAMETRIC_REPRESENTATION_CONTEXT() REPRESENTATION_CONTEXT('2D SPACE',''
  ) );
#5559 = PCURVE('',#4166,#5560);
#5560 = DEFINITIONAL_REPRESENTATION('',(#5561),#5648);
#5561 = B_SPLINE_CURVE_WITH_KNOTS('',8,(#5562,#5563,#5564,#5565,#5566,
    #5567,#5568,#5569,#5570,#5571,#5572,#5573,#5574,#5575,#5576,#5577,
    #5578,#5579,#5580,#5581,#5582,#5583,#5584,#5585,#5586,#5587,#5588,
    #5589,#5590,#5591,#5592,#5593,#5594,#5595,#5596,#5597,#5598,#5599,
    #5600,#5601,#5602,#5603,#5604,#5605,#5606,#5607,#5608,#5609,#5610,
    #5611,#5612,#5613,#5614,#5615,#5616,#5617,#5618,#5619,#5620,#5621,
    #5622,#5623,#5624,#5625,#5626,#5627,#5628,#5629,#5630,#5631,#5632,
    #5633,#5634,#5635,#5636,#5637,#5638,#5639,#5640,#5641,#5642,#5643,
    #5644,#5645,#5646,#5647),.UNSPECIFIED.,.F.,.F.,(9,7,7,7,7,7,7,7,7,7,
    7,7,9),(0.,4.471432935793E-02,0.133247010476,0.217528461086,
    0.270974932901,0.374939725653,0.502139401916,0.626092242301,
    0.732512637643,0.783625650014,0.870513047943,0.955582110255,1.),
  .UNSPECIFIED.);
#5562 = CARTESIAN_POINT('',(-0.98137201263,0.));
#5563 = CARTESIAN_POINT('',(-0.98137201269,3.887825337946E-02));
#5564 = CARTESIAN_POINT('',(-0.981369543418,7.775694635141E-02));
#5565 = CARTESIAN_POINT('',(-0.981366231081,0.116635516535));
#5566 = CARTESIAN_POINT('',(-0.981363071386,0.155513905629));
#5567 = CARTESIAN_POINT('',(-0.981360576579,0.194392306788));
#5568 = CARTESIAN_POINT('',(-0.981358922558,0.233270911996));
#5569 = CARTESIAN_POINT('',(-0.981358095982,0.272149659438));
#5570 = CARTESIAN_POINT('',(-0.981357933246,0.388005587032));
#5571 = CARTESIAN_POINT('',(-0.98136084779,0.464994893651));
#5572 = CARTESIAN_POINT('',(-0.981365918625,0.541978663001));
#5573 = CARTESIAN_POINT('',(-0.981371207935,0.618955640605));
#5574 = CARTESIAN_POINT('',(-0.981375205416,0.695932586614));
#5575 = CARTESIAN_POINT('',(-0.9813774752,0.772916273442));
#5576 = CARTESIAN_POINT('',(-0.981378450758,0.849905449662));
#5577 = CARTESIAN_POINT('',(-0.981378308324,1.000163734378));
#5578 = CARTESIAN_POINT('',(-0.981377318348,1.073454199501));
#5579 = CARTESIAN_POINT('',(-0.981375753333,1.146740671449));
#5580 = CARTESIAN_POINT('',(-0.98137412622,1.220022071857));
#5581 = CARTESIAN_POINT('',(-0.981372841168,1.293303533024));
#5582 = CARTESIAN_POINT('',(-0.981372062813,1.366590185503));
#5583 = CARTESIAN_POINT('',(-0.981371731022,1.439880938334));
#5584 = CARTESIAN_POINT('',(-0.981371714911,1.55963306647));
#5585 = CARTESIAN_POINT('',(-0.981371837173,1.606104828418));
#5586 = CARTESIAN_POINT('',(-0.981372054013,1.652576113908));
#5587 = CARTESIAN_POINT('',(-0.981372314867,1.699046807897));
#5588 = CARTESIAN_POINT('',(-0.981372564825,1.745517453668));
#5589 = CARTESIAN_POINT('',(-0.981372754282,1.791988599257));
#5590 = CARTESIAN_POINT('',(-0.981372845992,1.838460140769));
#5591 = CARTESIAN_POINT('',(-0.981372767913,1.975325744032));
#5592 = CARTESIAN_POINT('',(-0.981372268606,2.065747500181));
#5593 = CARTESIAN_POINT('',(-0.981371168622,2.15615544483));
#5594 = CARTESIAN_POINT('',(-0.981369538444,2.246551246301));
#5595 = CARTESIAN_POINT('',(-0.981367769481,2.33694715845));
#5596 = CARTESIAN_POINT('',(-0.981366352501,2.427355391251));
#5597 = CARTESIAN_POINT('',(-0.981365608665,2.517777506626));
#5598 = CARTESIAN_POINT('',(-0.981365689206,2.718770635021));
#5599 = CARTESIAN_POINT('',(-0.981366901525,2.829441616012));
#5600 = CARTESIAN_POINT('',(-0.981369476217,2.94007233115));
#5601 = CARTESIAN_POINT('',(-0.981373134965,3.050673789138));
#5602 = CARTESIAN_POINT('',(-0.981376892754,3.161275120371));
#5603 = CARTESIAN_POINT('',(-0.981379663926,3.271905531301));
#5604 = CARTESIAN_POINT('',(-0.981380964558,3.382576260514));
#5605 = CARTESIAN_POINT('',(-0.981380698745,3.600948306478));
#5606 = CARTESIAN_POINT('',(-0.981379204541,3.708787116594));
#5607 = CARTESIAN_POINT('',(-0.981376380275,3.816590813952));
#5608 = CARTESIAN_POINT('',(-0.981372728515,3.92436847237));
#5609 = CARTESIAN_POINT('',(-0.981369250574,4.032146251445));
#5610 = CARTESIAN_POINT('',(-0.981366818915,4.13995021635));
#5611 = CARTESIAN_POINT('',(-0.981365677877,4.247789290784));
#5612 = CARTESIAN_POINT('',(-0.981365615858,4.448094445779));
#5613 = CARTESIAN_POINT('',(-0.981366403509,4.54065483255));
#5614 = CARTESIAN_POINT('',(-0.981367891226,4.633199567889));
#5615 = CARTESIAN_POINT('',(-0.981369727384,4.725730632913));
#5616 = CARTESIAN_POINT('',(-0.981371377184,4.818261580034));
#5617 = CARTESIAN_POINT('',(-0.981372430636,4.91080607395));
#5618 = CARTESIAN_POINT('',(-0.981372847714,5.003366259924));
#5619 = CARTESIAN_POINT('',(-0.981372809754,5.140337882948));
#5620 = CARTESIAN_POINT('',(-0.981372695409,5.184780285931));
#5621 = CARTESIAN_POINT('',(-0.981372500305,5.229222382482));
#5622 = CARTESIAN_POINT('',(-0.981372259184,5.273664084353));
#5623 = CARTESIAN_POINT('',(-0.981372016207,5.31810582795));
#5624 = CARTESIAN_POINT('',(-0.98137181903,5.362548049934));
#5625 = CARTESIAN_POINT('',(-0.981371711007,5.406990663061));
#5626 = CARTESIAN_POINT('',(-0.981371739391,5.526979603266));
#5627 = CARTESIAN_POINT('',(-0.981372102372,5.602537643723));
#5628 = CARTESIAN_POINT('',(-0.981372944896,5.678090926486));
#5629 = CARTESIAN_POINT('',(-0.981374327836,5.753638175107));
#5630 = CARTESIAN_POINT('',(-0.981376051462,5.829185348329));
#5631 = CARTESIAN_POINT('',(-0.981377644602,5.904738418607));
#5632 = CARTESIAN_POINT('',(-0.981378530002,5.980296144656));
#5633 = CARTESIAN_POINT('',(-0.981378205181,6.129808528362));
#5634 = CARTESIAN_POINT('',(-0.981377013006,6.203783845103));
#5635 = CARTESIAN_POINT('',(-0.981374586967,6.277754659411));
#5636 = CARTESIAN_POINT('',(-0.981370632634,6.351719956004));
#5637 = CARTESIAN_POINT('',(-0.981365604476,6.425685291715));
#5638 = CARTESIAN_POINT('',(-0.981360851238,6.499656231212));
#5639 = CARTESIAN_POINT('',(-0.981358065761,6.573631759883));
#5640 = CARTESIAN_POINT('',(-0.981358025357,6.686218174968));
#5641 = CARTESIAN_POINT('',(-0.981358765766,6.724839109056));
#5642 = CARTESIAN_POINT('',(-0.981360322159,6.76345991938));
#5643 = CARTESIAN_POINT('',(-0.981362717919,6.802080542319));
#5644 = CARTESIAN_POINT('',(-0.981365798204,6.840701160674));
#5645 = CARTESIAN_POINT('',(-0.981369090055,6.879321956934));
#5646 = CARTESIAN_POINT('',(-0.981371662502,6.917942866547));
#5647 = CARTESIAN_POINT('',(-0.981371986674,6.95656333119));
#5648 = ( GEOMETRIC_REPRESENTATION_CONTEXT(2) 
PARAMETRIC_REPRESENTATION_CONTEXT() REPRESENTATION_CONTEXT('2D SPACE',''
  ) );
#5649 = ADVANCED_FACE('',(#5650),#3737,.F.);
#5650 = FACE_BOUND('',#5651,.F.);
#5651 = EDGE_LOOP('',(#5652,#5653,#5654,#5655,#5656));
#5652 = ORIENTED_EDGE('',*,*,#4502,.F.);
#5653 = ORIENTED_EDGE('',*,*,#4231,.T.);
#5654 = ORIENTED_EDGE('',*,*,#3625,.T.);
#5655 = ORIENTED_EDGE('',*,*,#5014,.T.);
#5656 = ORIENTED_EDGE('',*,*,#5657,.F.);
#5657 = EDGE_CURVE('',#4503,#5015,#5658,.T.);
#5658 = SURFACE_CURVE('',#5659,(#5662,#5669),.PCURVE_S1.);
#5659 = B_SPLINE_CURVE_WITH_KNOTS('',1,(#5660,#5661),.UNSPECIFIED.,.F.,
  .F.,(2,2),(-0.981495457622,-0.),.PIECEWISE_BEZIER_KNOTS.);
#5660 = CARTESIAN_POINT('',(-6.250000000018,6.038731801074E-03,
    9.139797181189));
#5661 = CARTESIAN_POINT('',(-7.100000000119,3.896644190507E-02,
    9.629438988095));
#5662 = PCURVE('',#3737,#5663);
#5663 = DEFINITIONAL_REPRESENTATION('',(#5664),#5668);
#5664 = LINE('',#5665,#5666);
#5665 = CARTESIAN_POINT('',(0.,6.962644440466));
#5666 = VECTOR('',#5667,1.);
#5667 = DIRECTION('',(1.,0.));
#5668 = ( GEOMETRIC_REPRESENTATION_CONTEXT(2) 
PARAMETRIC_REPRESENTATION_CONTEXT() REPRESENTATION_CONTEXT('2D SPACE',''
  ) );
#5669 = PCURVE('',#5272,#5670);
#5670 = DEFINITIONAL_REPRESENTATION('',(#5671),#5674);
#5671 = B_SPLINE_CURVE_WITH_KNOTS('',1,(#5672,#5673),.UNSPECIFIED.,.F.,
  .F.,(2,2),(-0.981495457622,-0.),.PIECEWISE_BEZIER_KNOTS.);
#5672 = CARTESIAN_POINT('',(-0.981495457622,0.));
#5673 = CARTESIAN_POINT('',(0.,0.));
#5674 = ( GEOMETRIC_REPRESENTATION_CONTEXT(2) 
PARAMETRIC_REPRESENTATION_CONTEXT() REPRESENTATION_CONTEXT('2D SPACE',''
  ) );
#5675 = ADVANCED_FACE('',(#5676),#4166,.F.);
#5676 = FACE_BOUND('',#5677,.F.);
#5677 = EDGE_LOOP('',(#5678,#5679,#5680,#5711,#5755));
#5678 = ORIENTED_EDGE('',*,*,#5380,.F.);
#5679 = ORIENTED_EDGE('',*,*,#4151,.T.);
#5680 = ORIENTED_EDGE('',*,*,#5681,.T.);
#5681 = EDGE_CURVE('',#4121,#5682,#5684,.T.);
#5682 = VERTEX_POINT('',#5683);
#5683 = CARTESIAN_POINT('',(6.249999999981,6.038731776985E-03,
    11.960202819163));
#5684 = SURFACE_CURVE('',#5685,(#5698,#5705),.PCURVE_S1.);
#5685 = B_SPLINE_CURVE_WITH_KNOTS('',11,(#5686,#5687,#5688,#5689,#5690,
    #5691,#5692,#5693,#5694,#5695,#5696,#5697),.UNSPECIFIED.,.F.,.F.,(12
    ,12),(0.,6.962644440466),.PIECEWISE_BEZIER_KNOTS.);
#5686 = CARTESIAN_POINT('',(6.25,6.038731789174E-03,8.960202818984));
#5687 = CARTESIAN_POINT('',(6.246550684337,3.576030373573,9.232930092285
    ));
#5688 = CARTESIAN_POINT('',(4.000491993757,7.143774383219,9.50565736283)
  );
#5689 = CARTESIAN_POINT('',(-0.491316410991,9.144213529421,
    9.778384641246));
#5690 = CARTESIAN_POINT('',(-5.975287234972,8.007191917282,
    10.051111903225));
#5691 = CARTESIAN_POINT('',(-10.06055292378,3.294832583902,
    10.323839191381));
#5692 = CARTESIAN_POINT('',(-10.05416722068,-3.314267367857,
    10.596566446651));
#5693 = CARTESIAN_POINT('',(-5.959803049363,-8.018723566765,
    10.869293735162));
#5694 = CARTESIAN_POINT('',(-0.473645281535,-9.145145872572,
    11.142020996682));
#5695 = CARTESIAN_POINT('',(4.014289098348,-7.136030525096,
    11.414748275425));
#5696 = CARTESIAN_POINT('',(6.253449315642,-3.563952910006,
    11.687475545824));
#5697 = CARTESIAN_POINT('',(6.249999999981,6.038731776986E-03,
    11.960202819163));
#5698 = PCURVE('',#4166,#5699);
#5699 = DEFINITIONAL_REPRESENTATION('',(#5700),#5704);
#5700 = LINE('',#5701,#5702);
#5701 = CARTESIAN_POINT('',(-0.,0.));
#5702 = VECTOR('',#5703,1.);
#5703 = DIRECTION('',(0.,1.));
#5704 = ( GEOMETRIC_REPRESENTATION_CONTEXT(2) 
PARAMETRIC_REPRESENTATION_CONTEXT() REPRESENTATION_CONTEXT('2D SPACE',''
  ) );
#5705 = PCURVE('',#4886,#5706);
#5706 = DEFINITIONAL_REPRESENTATION('',(#5707),#5710);
#5707 = B_SPLINE_CURVE_WITH_KNOTS('',1,(#5708,#5709),.UNSPECIFIED.,.F.,
  .F.,(2,2),(0.,6.962644440466),.PIECEWISE_BEZIER_KNOTS.);
#5708 = CARTESIAN_POINT('',(-0.18,0.));
#5709 = CARTESIAN_POINT('',(-0.18,6.962644440466));
#5710 = ( GEOMETRIC_REPRESENTATION_CONTEXT(2) 
PARAMETRIC_REPRESENTATION_CONTEXT() REPRESENTATION_CONTEXT('2D SPACE',''
  ) );
#5711 = ORIENTED_EDGE('',*,*,#5712,.F.);
#5712 = EDGE_CURVE('',#5713,#5682,#5715,.T.);
#5713 = VERTEX_POINT('',#5714);
#5714 = CARTESIAN_POINT('',(7.099893093501,3.896230051449E-02,
    11.470622595236));
#5715 = SURFACE_CURVE('',#5716,(#5719,#5726),.PCURVE_S1.);
#5716 = B_SPLINE_CURVE_WITH_KNOTS('',1,(#5717,#5718),.UNSPECIFIED.,.F.,
  .F.,(2,2),(-0.981495457622,-0.),.PIECEWISE_BEZIER_KNOTS.);
#5717 = CARTESIAN_POINT('',(7.099999999877,3.896644190529E-02,
    11.470561011905));
#5718 = CARTESIAN_POINT('',(6.249999999981,6.038731776986E-03,
    11.960202819163));
#5719 = PCURVE('',#4166,#5720);
#5720 = DEFINITIONAL_REPRESENTATION('',(#5721),#5725);
#5721 = LINE('',#5722,#5723);
#5722 = CARTESIAN_POINT('',(0.,6.962644440466));
#5723 = VECTOR('',#5724,1.);
#5724 = DIRECTION('',(1.,0.));
#5725 = ( GEOMETRIC_REPRESENTATION_CONTEXT(2) 
PARAMETRIC_REPRESENTATION_CONTEXT() REPRESENTATION_CONTEXT('2D SPACE',''
  ) );
#5726 = PCURVE('',#5727,#5750);
#5727 = B_SPLINE_SURFACE_WITH_KNOTS('',1,10,(
    (#5728,#5729,#5730,#5731,#5732,#5733,#5734,#5735,#5736,#5737,#5738)
    ,(#5739,#5740,#5741,#5742,#5743,#5744,#5745,#5746,#5747,#5748,#5749
    )),.UNSPECIFIED.,.F.,.F.,.F.,(2,2),(11,11),(-0.981495457622,-0.),(0.
    ,6.730556292451),.PIECEWISE_BEZIER_KNOTS.);
#5728 = CARTESIAN_POINT('',(7.1,3.896644190513E-02,11.470561011905));
#5729 = CARTESIAN_POINT('',(7.076332772505,4.351325957691,
    11.760561011902));
#5730 = CARTESIAN_POINT('',(4.143123174337,8.650168520811,
    12.050561011918));
#5731 = CARTESIAN_POINT('',(-1.694643150003,10.703864939413,
    12.340561011868));
#5732 = CARTESIAN_POINT('',(-8.470372555788,8.410998760894,
    12.63056101197));
#5733 = CARTESIAN_POINT('',(-12.48397184358,1.242886444666,
    12.920561011825));
#5734 = CARTESIAN_POINT('',(-9.96244226949,-6.575853979267,
    13.210561011974));
#5735 = CARTESIAN_POINT('',(-3.771783489892,-10.15963529534,
    13.500561011864));
#5736 = CARTESIAN_POINT('',(2.356304522225,-9.297242279596,
    13.790561011921));
#5737 = CARTESIAN_POINT('',(6.079509627367,-5.661102880274,
    14.080561011902));
#5738 = CARTESIAN_POINT('',(6.952949543895,-1.438058073118,
    14.370561011905));
#5739 = CARTESIAN_POINT('',(6.25,6.038731789182E-03,11.960202818984));
#5740 = CARTESIAN_POINT('',(6.246332227629,3.802129847488,
    12.250202820279));
#5741 = CARTESIAN_POINT('',(3.681457331611,7.597904135764,
    12.540202815184));
#5742 = CARTESIAN_POINT('',(-1.449119099716,9.428928035948,
    12.830202825669));
#5743 = CARTESIAN_POINT('',(-7.422648491453,7.437581188503,
    13.120202813598));
#5744 = CARTESIAN_POINT('',(-10.98419172231,1.143756026538,
    13.410202818805));
#5745 = CARTESIAN_POINT('',(-8.795713371889,-5.748804298556,
    13.700202825044));
#5746 = CARTESIAN_POINT('',(-3.360590411221,-8.928105182927,
    13.990202812217));
#5747 = CARTESIAN_POINT('',(2.037152165494,-8.193368439514,
    14.280202823102));
#5748 = CARTESIAN_POINT('',(5.329013927876,-5.007441286349,
    14.57020281786));
#5749 = CARTESIAN_POINT('',(6.114678027499,-1.293541296609,
    14.860202819189));
#5750 = DEFINITIONAL_REPRESENTATION('',(#5751),#5754);
#5751 = B_SPLINE_CURVE_WITH_KNOTS('',1,(#5752,#5753),.UNSPECIFIED.,.F.,
  .F.,(2,2),(-0.981495457622,-0.),.PIECEWISE_BEZIER_KNOTS.);
#5752 = CARTESIAN_POINT('',(-0.981495457622,0.));
#5753 = CARTESIAN_POINT('',(0.,0.));
#5754 = ( GEOMETRIC_REPRESENTATION_CONTEXT(2) 
PARAMETRIC_REPRESENTATION_CONTEXT() REPRESENTATION_CONTEXT('2D SPACE',''
  ) );
#5755 = ORIENTED_EDGE('',*,*,#5756,.F.);
#5756 = EDGE_CURVE('',#5353,#5713,#5757,.T.);
#5757 = SURFACE_CURVE('',#5758,(#5761,#5767),.PCURVE_S1.);
#5758 = B_SPLINE_CURVE_WITH_KNOTS('',1,(#5759,#5760),.UNSPECIFIED.,.F.,
  .F.,(2,2),(0.,1.),.PIECEWISE_BEZIER_KNOTS.);
#5759 = CARTESIAN_POINT('',(7.1,-3.763017985324E-15,11.468002435884));
#5760 = CARTESIAN_POINT('',(7.099893093501,3.896230051449E-02,
    11.470622595236));
#5761 = PCURVE('',#4166,#5762);
#5762 = DEFINITIONAL_REPRESENTATION('',(#5763),#5766);
#5763 = B_SPLINE_CURVE_WITH_KNOTS('',1,(#5764,#5765),.UNSPECIFIED.,.F.,
  .F.,(2,2),(0.,1.),.PIECEWISE_BEZIER_KNOTS.);
#5764 = CARTESIAN_POINT('',(-0.981371986674,6.95656333119));
#5765 = CARTESIAN_POINT('',(-0.981372012772,6.962644440466));
#5766 = ( GEOMETRIC_REPRESENTATION_CONTEXT(2) 
PARAMETRIC_REPRESENTATION_CONTEXT() REPRESENTATION_CONTEXT('2D SPACE',''
  ) );
#5767 = PCURVE('',#5368,#5768);
#5768 = DEFINITIONAL_REPRESENTATION('',(#5769),#5772);
#5769 = B_SPLINE_CURVE_WITH_KNOTS('',1,(#5770,#5771),.UNSPECIFIED.,.F.,
  .F.,(2,2),(0.,1.),.PIECEWISE_BEZIER_KNOTS.);
#5770 = CARTESIAN_POINT('',(0.,11.468002435884));
#5771 = CARTESIAN_POINT('',(5.487675502922E-03,11.470622595236));
#5772 = ( GEOMETRIC_REPRESENTATION_CONTEXT(2) 
PARAMETRIC_REPRESENTATION_CONTEXT() REPRESENTATION_CONTEXT('2D SPACE',''
  ) );
#5773 = ADVANCED_FACE('',(#5774),#4324,.F.);
#5774 = FACE_BOUND('',#5775,.F.);
#5775 = EDGE_LOOP('',(#5776,#5777,#5778,#5831));
#5776 = ORIENTED_EDGE('',*,*,#4793,.F.);
#5777 = ORIENTED_EDGE('',*,*,#4309,.T.);
#5778 = ORIENTED_EDGE('',*,*,#5779,.T.);
#5779 = EDGE_CURVE('',#4256,#5780,#5782,.T.);
#5780 = VERTEX_POINT('',#5781);
#5781 = CARTESIAN_POINT('',(-6.227802808145,-0.526371648497,12.));
#5782 = SURFACE_CURVE('',#5783,(#5795,#5802),.PCURVE_S1.);
#5783 = B_SPLINE_CURVE_WITH_KNOTS('',10,(#5784,#5785,#5786,#5787,#5788,
    #5789,#5790,#5791,#5792,#5793,#5794),.UNSPECIFIED.,.F.,.F.,(11,11),(
    0.,6.730556292451),.PIECEWISE_BEZIER_KNOTS.);
#5784 = CARTESIAN_POINT('',(-6.25,-6.03873178918E-03,11.960202818984));
#5785 = CARTESIAN_POINT('',(-6.246332227629,-3.802129847488,
    12.250202820279));
#5786 = CARTESIAN_POINT('',(-3.681457331611,-7.597904135764,
    12.540202815183));
#5787 = CARTESIAN_POINT('',(1.449119099715,-9.428928035947,
    12.830202825669));
#5788 = CARTESIAN_POINT('',(7.422648491453,-7.437581188504,
    13.120202813597));
#5789 = CARTESIAN_POINT('',(10.984191722312,-1.143756026537,
    13.410202818806));
#5790 = CARTESIAN_POINT('',(8.795713371889,5.748804298555,
    13.700202825043));
#5791 = CARTESIAN_POINT('',(3.360590411221,8.928105182927,
    13.990202812218));
#5792 = CARTESIAN_POINT('',(-2.037152165494,8.193368439514,
    14.280202823102));
#5793 = CARTESIAN_POINT('',(-5.329013927877,5.007441286349,
    14.57020281786));
#5794 = CARTESIAN_POINT('',(-6.114678027499,1.293541296609,
    14.860202819189));
#5795 = PCURVE('',#4324,#5796);
#5796 = DEFINITIONAL_REPRESENTATION('',(#5797),#5801);
#5797 = LINE('',#5798,#5799);
#5798 = CARTESIAN_POINT('',(-0.,0.));
#5799 = VECTOR('',#5800,1.);
#5800 = DIRECTION('',(0.,1.));
#5801 = ( GEOMETRIC_REPRESENTATION_CONTEXT(2) 
PARAMETRIC_REPRESENTATION_CONTEXT() REPRESENTATION_CONTEXT('2D SPACE',''
  ) );
#5802 = PCURVE('',#5803,#5826);
#5803 = B_SPLINE_SURFACE_WITH_KNOTS('',1,10,(
    (#5804,#5805,#5806,#5807,#5808,#5809,#5810,#5811,#5812,#5813,#5814)
    ,(#5815,#5816,#5817,#5818,#5819,#5820,#5821,#5822,#5823,#5824,#5825
    )),.UNSPECIFIED.,.F.,.F.,.F.,(2,2),(11,11),(-0.18,-0.),(0.,
    6.730556292451),.PIECEWISE_BEZIER_KNOTS.);
#5804 = CARTESIAN_POINT('',(-6.25,-6.038731789169E-03,11.960202818984));
#5805 = CARTESIAN_POINT('',(-6.246332227629,-3.802129847488,
    12.250202820279));
#5806 = CARTESIAN_POINT('',(-3.681457331611,-7.597904135764,
    12.540202815184));
#5807 = CARTESIAN_POINT('',(1.449119099715,-9.428928035947,
    12.830202825669));
#5808 = CARTESIAN_POINT('',(7.422648491453,-7.437581188504,
    13.120202813599));
#5809 = CARTESIAN_POINT('',(10.984191722312,-1.143756026537,
    13.410202818804));
#5810 = CARTESIAN_POINT('',(8.795713371889,5.748804298555,
    13.700202825045));
#5811 = CARTESIAN_POINT('',(3.360590411221,8.928105182927,
    13.990202812216));
#5812 = CARTESIAN_POINT('',(-2.037152165494,8.193368439514,
    14.280202823103));
#5813 = CARTESIAN_POINT('',(-5.329013927876,5.007441286349,
    14.57020281786));
#5814 = CARTESIAN_POINT('',(-6.114678027499,1.293541296609,
    14.860202819189));
#5815 = CARTESIAN_POINT('',(-6.25,6.038731789174E-03,12.139797181016));
#5816 = CARTESIAN_POINT('',(-6.253667772372,-3.790052383923,
    12.429797182312));
#5817 = CARTESIAN_POINT('',(-3.696132588798,-7.590775929867,
    12.719797177212));
#5818 = CARTESIAN_POINT('',(1.430896003408,-9.43171069838,13.00979718771
    ));
#5819 = CARTESIAN_POINT('',(7.408262309535,-7.451910770821,
    13.299797175613));
#5820 = CARTESIAN_POINT('',(10.98196102862,-1.164979660146,
    13.589797180856));
#5821 = CARTESIAN_POINT('',(8.806805893502,5.731796796636,
    13.879797187059));
#5822 = CARTESIAN_POINT('',(3.377836741176,8.921594533633,
    14.169797174258));
#5823 = CARTESIAN_POINT('',(-2.021315560582,8.197289719535,
    14.45979718513));
#5824 = CARTESIAN_POINT('',(-5.319327636545,5.017729682881,
    14.749797179892));
#5825 = CARTESIAN_POINT('',(-6.112166981668,1.30535483864,
    15.039797181221));
#5826 = DEFINITIONAL_REPRESENTATION('',(#5827),#5830);
#5827 = B_SPLINE_CURVE_WITH_KNOTS('',1,(#5828,#5829),.UNSPECIFIED.,.F.,
  .F.,(2,2),(0.,6.730556292451),.PIECEWISE_BEZIER_KNOTS.);
#5828 = CARTESIAN_POINT('',(-0.18,0.));
#5829 = CARTESIAN_POINT('',(-0.18,6.730556292451));
#5830 = ( GEOMETRIC_REPRESENTATION_CONTEXT(2) 
PARAMETRIC_REPRESENTATION_CONTEXT() REPRESENTATION_CONTEXT('2D SPACE',''
  ) );
#5831 = ORIENTED_EDGE('',*,*,#5832,.T.);
#5832 = EDGE_CURVE('',#5780,#4765,#5833,.T.);
#5833 = SURFACE_CURVE('',#5834,(#5853,#5875),.PCURVE_S1.);
#5834 = B_SPLINE_CURVE_WITH_KNOTS('',5,(#5835,#5836,#5837,#5838,#5839,
    #5840,#5841,#5842,#5843,#5844,#5845,#5846,#5847,#5848,#5849,#5850,
    #5851,#5852),.UNSPECIFIED.,.F.,.F.,(6,4,4,4,6),(0.,0.226278876149,
    0.458204903077,0.725482535127,1.),.UNSPECIFIED.);
#5835 = CARTESIAN_POINT('',(-6.227802808145,-0.526371648497,12.));
#5836 = CARTESIAN_POINT('',(-6.242455631551,-0.838600732464,12.));
#5837 = CARTESIAN_POINT('',(-6.237438054782,-1.151881640039,12.));
#5838 = CARTESIAN_POINT('',(-6.212857126648,-1.464539621606,12.));
#5839 = CARTESIAN_POINT('',(-6.169022766504,-1.774983717805,12.));
#5840 = CARTESIAN_POINT('',(-6.042248326137,-2.396085617719,12.));
#5841 = CARTESIAN_POINT('',(-5.958358433901,-2.706561006047,12.));
#5842 = CARTESIAN_POINT('',(-5.855266363624,-3.011513109897,12.));
#5843 = CARTESIAN_POINT('',(-5.733671690716,-3.30945290803,12.));
#5844 = CARTESIAN_POINT('',(-5.433945080165,-3.932714100324,12.));
#5845 = CARTESIAN_POINT('',(-5.250016715037,-4.255294395995,12.));
#5846 = CARTESIAN_POINT('',(-5.043933449082,-4.564667551113,12.));
#5847 = CARTESIAN_POINT('',(-4.817220964385,-4.859021675527,12.));
#5848 = CARTESIAN_POINT('',(-4.319286456595,-5.422091768655,12.));
#5849 = CARTESIAN_POINT('',(-4.04701827062,-5.689905053842,12.));
#5850 = CARTESIAN_POINT('',(-3.756618621257,-5.938546118764,12.));
#5851 = CARTESIAN_POINT('',(-3.450077705754,-6.166655353107,12.));
#5852 = CARTESIAN_POINT('',(-3.129492073202,-6.373164170769,12.));
#5853 = PCURVE('',#4324,#5854);
#5854 = DEFINITIONAL_REPRESENTATION('',(#5855),#5874);
#5855 = B_SPLINE_CURVE_WITH_KNOTS('',5,(#5856,#5857,#5858,#5859,#5860,
    #5861,#5862,#5863,#5864,#5865,#5866,#5867,#5868,#5869,#5870,#5871,
    #5872,#5873),.UNSPECIFIED.,.F.,.F.,(6,4,4,4,6),(0.,0.226278876149,
    0.458204903077,0.725482535127,1.),.UNSPECIFIED.);
#5856 = CARTESIAN_POINT('',(0.,9.236454008026E-02));
#5857 = CARTESIAN_POINT('',(-4.721557162314E-02,0.147031939194));
#5858 = CARTESIAN_POINT('',(-9.407422531123E-02,0.201286089661));
#5859 = CARTESIAN_POINT('',(-0.140586662036,0.255139381291));
#5860 = CARTESIAN_POINT('',(-0.186764163204,0.308604875964));
#5861 = CARTESIAN_POINT('',(-0.279608950186,0.416102950541));
#5862 = CARTESIAN_POINT('',(-0.326260536368,0.470117353009));
#5863 = CARTESIAN_POINT('',(-0.372577785827,0.523744651841));
#5864 = CARTESIAN_POINT('',(-0.418571035461,0.576996815363));
#5865 = CARTESIAN_POINT('',(-0.51688593515,0.690828326637));
#5866 = CARTESIAN_POINT('',(-0.569104793451,0.751288659458));
#5867 = CARTESIAN_POINT('',(-0.620914962043,0.811275800847));
#5868 = CARTESIAN_POINT('',(-0.672331063303,0.870806680973));
#5869 = CARTESIAN_POINT('',(-0.775775536301,0.990577343676));
#5870 = CARTESIAN_POINT('',(-0.827784202366,1.050794310519));
#5871 = CARTESIAN_POINT('',(-0.879398653779,1.110554845533));
#5872 = CARTESIAN_POINT('',(-0.930632917809,1.16987518985));
#5873 = CARTESIAN_POINT('',(-0.981495457622,1.228765142342));
#5874 = ( GEOMETRIC_REPRESENTATION_CONTEXT(2) 
PARAMETRIC_REPRESENTATION_CONTEXT() REPRESENTATION_CONTEXT('2D SPACE',''
  ) );
#5875 = PCURVE('',#4781,#5876);
#5876 = DEFINITIONAL_REPRESENTATION('',(#5877),#5896);
#5877 = B_SPLINE_CURVE_WITH_KNOTS('',5,(#5878,#5879,#5880,#5881,#5882,
    #5883,#5884,#5885,#5886,#5887,#5888,#5889,#5890,#5891,#5892,#5893,
    #5894,#5895),.UNSPECIFIED.,.F.,.F.,(6,4,4,4,6),(0.,0.226278876149,
    0.458204903077,0.725482535127,1.),.UNSPECIFIED.);
#5878 = CARTESIAN_POINT('',(-6.227802808145,-0.526371648497));
#5879 = CARTESIAN_POINT('',(-6.242455631551,-0.838600732464));
#5880 = CARTESIAN_POINT('',(-6.237438054782,-1.151881640039));
#5881 = CARTESIAN_POINT('',(-6.212857126648,-1.464539621606));
#5882 = CARTESIAN_POINT('',(-6.169022766504,-1.774983717805));
#5883 = CARTESIAN_POINT('',(-6.042248326137,-2.396085617719));
#5884 = CARTESIAN_POINT('',(-5.958358433901,-2.706561006047));
#5885 = CARTESIAN_POINT('',(-5.855266363624,-3.011513109897));
#5886 = CARTESIAN_POINT('',(-5.733671690716,-3.30945290803));
#5887 = CARTESIAN_POINT('',(-5.433945080165,-3.932714100324));
#5888 = CARTESIAN_POINT('',(-5.250016715037,-4.255294395995));
#5889 = CARTESIAN_POINT('',(-5.043933449082,-4.564667551113));
#5890 = CARTESIAN_POINT('',(-4.817220964385,-4.859021675527));
#5891 = CARTESIAN_POINT('',(-4.319286456595,-5.422091768655));
#5892 = CARTESIAN_POINT('',(-4.04701827062,-5.689905053842));
#5893 = CARTESIAN_POINT('',(-3.756618621257,-5.938546118764));
#5894 = CARTESIAN_POINT('',(-3.450077705754,-6.166655353107));
#5895 = CARTESIAN_POINT('',(-3.129492073202,-6.373164170769));
#5896 = ( GEOMETRIC_REPRESENTATION_CONTEXT(2) 
PARAMETRIC_REPRESENTATION_CONTEXT() REPRESENTATION_CONTEXT('2D SPACE',''
  ) );
#5897 = ADVANCED_FACE('',(#5898),#4280,.F.);
#5898 = FACE_BOUND('',#5899,.F.);
#5899 = EDGE_LOOP('',(#5900,#5901,#5902,#5933,#5977));
#5900 = ORIENTED_EDGE('',*,*,#4255,.F.);
#5901 = ORIENTED_EDGE('',*,*,#4533,.T.);
#5902 = ORIENTED_EDGE('',*,*,#5903,.T.);
#5903 = EDGE_CURVE('',#4503,#5904,#5906,.T.);
#5904 = VERTEX_POINT('',#5905);
#5905 = CARTESIAN_POINT('',(-5.982282252621,1.809687399593,12.));
#5906 = SURFACE_CURVE('',#5907,(#5920,#5926),.PCURVE_S1.);
#5907 = B_SPLINE_CURVE_WITH_KNOTS('',11,(#5908,#5909,#5910,#5911,#5912,
    #5913,#5914,#5915,#5916,#5917,#5918,#5919),.UNSPECIFIED.,.F.,.F.,(12
    ,12),(0.,6.962644440466),.PIECEWISE_BEZIER_KNOTS.);
#5908 = CARTESIAN_POINT('',(-6.25,6.038731789177E-03,9.139797181016));
#5909 = CARTESIAN_POINT('',(-6.253449315664,-3.563952910005,
    9.412524454317));
#5910 = CARTESIAN_POINT('',(-4.014289098382,-7.136030525104,
    9.685251724859));
#5911 = CARTESIAN_POINT('',(0.473645281529,-9.145145872611,
    9.957979003282));
#5912 = CARTESIAN_POINT('',(5.959803049363,-8.018723566785,
    10.230706265254));
#5913 = CARTESIAN_POINT('',(10.054167220686,-3.314267367898,
    10.50343355341));
#5914 = CARTESIAN_POINT('',(10.060552923855,3.294832583896,
    10.776160808691));
#5915 = CARTESIAN_POINT('',(5.975287234963,8.007191917297,
    11.048888097182));
#5916 = CARTESIAN_POINT('',(0.49131641104,9.144213529443,11.321615358722
    ));
#5917 = CARTESIAN_POINT('',(-4.000491993769,7.143774383251,
    11.594342637452));
#5918 = CARTESIAN_POINT('',(-6.246550684345,3.576030373595,
    11.867069907857));
#5919 = CARTESIAN_POINT('',(-6.250000000019,6.038731801401E-03,
    12.139797181195));
#5920 = PCURVE('',#4280,#5921);
#5921 = DEFINITIONAL_REPRESENTATION('',(#5922),#5925);
#5922 = B_SPLINE_CURVE_WITH_KNOTS('',1,(#5923,#5924),.UNSPECIFIED.,.F.,
  .F.,(2,2),(0.,6.962644440466),.PIECEWISE_BEZIER_KNOTS.);
#5923 = CARTESIAN_POINT('',(0.,0.));
#5924 = CARTESIAN_POINT('',(0.,6.962644440466));
#5925 = ( GEOMETRIC_REPRESENTATION_CONTEXT(2) 
PARAMETRIC_REPRESENTATION_CONTEXT() REPRESENTATION_CONTEXT('2D SPACE',''
  ) );
#5926 = PCURVE('',#5272,#5927);
#5927 = DEFINITIONAL_REPRESENTATION('',(#5928),#5932);
#5928 = LINE('',#5929,#5930);
#5929 = CARTESIAN_POINT('',(-0.981495457622,0.));
#5930 = VECTOR('',#5931,1.);
#5931 = DIRECTION('',(0.,1.));
#5932 = ( GEOMETRIC_REPRESENTATION_CONTEXT(2) 
PARAMETRIC_REPRESENTATION_CONTEXT() REPRESENTATION_CONTEXT('2D SPACE',''
  ) );
#5933 = ORIENTED_EDGE('',*,*,#5934,.T.);
#5934 = EDGE_CURVE('',#5904,#5935,#5937,.T.);
#5935 = VERTEX_POINT('',#5936);
#5936 = CARTESIAN_POINT('',(-6.249999999989,-3.362428375023E-03,12.));
#5937 = SURFACE_CURVE('',#5938,(#5949,#5963),.PCURVE_S1.);
#5938 = B_SPLINE_CURVE_WITH_KNOTS('',5,(#5939,#5940,#5941,#5942,#5943,
    #5944,#5945,#5946,#5947,#5948),.UNSPECIFIED.,.F.,.F.,(6,4,6),(0.,
    0.953232550898,1.),.UNSPECIFIED.);
#5939 = CARTESIAN_POINT('',(-5.982282170033,1.809772930332,12.));
#5940 = CARTESIAN_POINT('',(-6.083817366768,1.47411569297,12.));
#5941 = CARTESIAN_POINT('',(-6.161809998688,1.131330187396,12.));
#5942 = CARTESIAN_POINT('',(-6.215591415806,0.783636476793,12.));
#5943 = CARTESIAN_POINT('',(-6.244816456328,0.43330716775,12.));
#5944 = CARTESIAN_POINT('',(-6.249681709796,6.545642626266E-02,12.));
#5945 = CARTESIAN_POINT('',(-6.249850062785,4.825220473522E-02,12.));
#5946 = CARTESIAN_POINT('',(-6.249959229687,3.104747402229E-02,12.));
#5947 = CARTESIAN_POINT('',(-6.250009208738,1.38425057433E-02,12.));
#5948 = CARTESIAN_POINT('',(-6.249999999989,-3.36242837506E-03,12.));
#5949 = PCURVE('',#4280,#5950);
#5950 = DEFINITIONAL_REPRESENTATION('',(#5951),#5962);
#5951 = B_SPLINE_CURVE_WITH_KNOTS('',5,(#5952,#5953,#5954,#5955,#5956,
    #5957,#5958,#5959,#5960,#5961),.UNSPECIFIED.,.F.,.F.,(6,4,6),(0.,
    0.953232550898,1.),.UNSPECIFIED.);
#5952 = CARTESIAN_POINT('',(0.,6.638191751929));
#5953 = CARTESIAN_POINT('',(-2.67125568478E-02,6.700048718145));
#5954 = CARTESIAN_POINT('',(-5.342494767141E-02,6.761905299894));
#5955 = CARTESIAN_POINT('',(-8.013582572405E-02,6.823758378572));
#5956 = CARTESIAN_POINT('',(-0.106847293193,6.885612822097));
#5957 = CARTESIAN_POINT('',(-0.134870577524,6.950504975942));
#5958 = CARTESIAN_POINT('',(-0.136181159221,6.953539826109));
#5959 = CARTESIAN_POINT('',(-0.137491745343,6.956574686521));
#5960 = CARTESIAN_POINT('',(-0.138802336146,6.959609557773));
#5961 = CARTESIAN_POINT('',(-0.14011293189,6.962644440466));
#5962 = ( GEOMETRIC_REPRESENTATION_CONTEXT(2) 
PARAMETRIC_REPRESENTATION_CONTEXT() REPRESENTATION_CONTEXT('2D SPACE',''
  ) );
#5963 = PCURVE('',#4781,#5964);
#5964 = DEFINITIONAL_REPRESENTATION('',(#5965),#5976);
#5965 = B_SPLINE_CURVE_WITH_KNOTS('',5,(#5966,#5967,#5968,#5969,#5970,
    #5971,#5972,#5973,#5974,#5975),.UNSPECIFIED.,.F.,.F.,(6,4,6),(0.,
    0.953232550898,1.),.UNSPECIFIED.);
#5966 = CARTESIAN_POINT('',(-5.982282170033,1.809772930332));
#5967 = CARTESIAN_POINT('',(-6.083817366768,1.47411569297));
#5968 = CARTESIAN_POINT('',(-6.161809998688,1.131330187396));
#5969 = CARTESIAN_POINT('',(-6.215591415806,0.783636476793));
#5970 = CARTESIAN_POINT('',(-6.244816456328,0.43330716775));
#5971 = CARTESIAN_POINT('',(-6.249681709796,6.545642626266E-02));
#5972 = CARTESIAN_POINT('',(-6.249850062785,4.825220473522E-02));
#5973 = CARTESIAN_POINT('',(-6.249959229687,3.104747402229E-02));
#5974 = CARTESIAN_POINT('',(-6.250009208738,1.38425057433E-02));
#5975 = CARTESIAN_POINT('',(-6.249999999989,-3.36242837506E-03));
#5976 = ( GEOMETRIC_REPRESENTATION_CONTEXT(2) 
PARAMETRIC_REPRESENTATION_CONTEXT() REPRESENTATION_CONTEXT('2D SPACE',''
  ) );
#5977 = ORIENTED_EDGE('',*,*,#5978,.F.);
#5978 = EDGE_CURVE('',#4256,#5935,#5979,.T.);
#5979 = SURFACE_CURVE('',#5980,(#5983,#5990),.PCURVE_S1.);
#5980 = B_SPLINE_CURVE_WITH_KNOTS('',1,(#5981,#5982),.UNSPECIFIED.,.F.,
  .F.,(2,2),(-0.18,-0.),.PIECEWISE_BEZIER_KNOTS.);
#5981 = CARTESIAN_POINT('',(-6.249999999981,-6.038731776971E-03,
    11.960202819163));
#5982 = CARTESIAN_POINT('',(-6.250000000019,6.038731801405E-03,
    12.139797181195));
#5983 = PCURVE('',#4280,#5984);
#5984 = DEFINITIONAL_REPRESENTATION('',(#5985),#5989);
#5985 = LINE('',#5986,#5987);
#5986 = CARTESIAN_POINT('',(0.,6.962644440466));
#5987 = VECTOR('',#5988,1.);
#5988 = DIRECTION('',(1.,0.));
#5989 = ( GEOMETRIC_REPRESENTATION_CONTEXT(2) 
PARAMETRIC_REPRESENTATION_CONTEXT() REPRESENTATION_CONTEXT('2D SPACE',''
  ) );
#5990 = PCURVE('',#5803,#5991);
#5991 = DEFINITIONAL_REPRESENTATION('',(#5992),#5995);
#5992 = B_SPLINE_CURVE_WITH_KNOTS('',1,(#5993,#5994),.UNSPECIFIED.,.F.,
  .F.,(2,2),(-0.18,-0.),.PIECEWISE_BEZIER_KNOTS.);
#5993 = CARTESIAN_POINT('',(-0.18,0.));
#5994 = CARTESIAN_POINT('',(0.,0.));
#5995 = ( GEOMETRIC_REPRESENTATION_CONTEXT(2) 
PARAMETRIC_REPRESENTATION_CONTEXT() REPRESENTATION_CONTEXT('2D SPACE',''
  ) );
#5996 = ADVANCED_FACE('',(#5997),#4781,.T.);
#5997 = FACE_BOUND('',#5998,.T.);
#5998 = EDGE_LOOP('',(#5999,#6069,#6093,#6159,#6160,#6187,#6188,#6189,
    #6190,#6234));
#5999 = ORIENTED_EDGE('',*,*,#6000,.T.);
#6000 = EDGE_CURVE('',#6001,#6003,#6005,.T.);
#6001 = VERTEX_POINT('',#6002);
#6002 = CARTESIAN_POINT('',(6.227802808145,0.526371648497,12.));
#6003 = VERTEX_POINT('',#6004);
#6004 = CARTESIAN_POINT('',(3.129974809534,6.372853182969,12.));
#6005 = SURFACE_CURVE('',#6006,(#6025,#6047),.PCURVE_S1.);
#6006 = B_SPLINE_CURVE_WITH_KNOTS('',5,(#6007,#6008,#6009,#6010,#6011,
    #6012,#6013,#6014,#6015,#6016,#6017,#6018,#6019,#6020,#6021,#6022,
    #6023,#6024),.UNSPECIFIED.,.F.,.F.,(6,4,4,4,6),(0.,0.226278876149,
    0.458204903077,0.725482535127,1.),.UNSPECIFIED.);
#6007 = CARTESIAN_POINT('',(6.227802808145,0.526371648497,12.));
#6008 = CARTESIAN_POINT('',(6.242455631551,0.838600732464,12.));
#6009 = CARTESIAN_POINT('',(6.237438054782,1.15188164004,12.));
#6010 = CARTESIAN_POINT('',(6.212857126648,1.464539621606,12.));
#6011 = CARTESIAN_POINT('',(6.169022766504,1.774983717806,12.));
#6012 = CARTESIAN_POINT('',(6.042248326137,2.39608561772,12.));
#6013 = CARTESIAN_POINT('',(5.958358433901,2.706561006047,12.));
#6014 = CARTESIAN_POINT('',(5.855266363624,3.011513109897,12.));
#6015 = CARTESIAN_POINT('',(5.733671690716,3.30945290803,12.));
#6016 = CARTESIAN_POINT('',(5.433945080165,3.932714100324,12.));
#6017 = CARTESIAN_POINT('',(5.250016715037,4.255294395995,12.));
#6018 = CARTESIAN_POINT('',(5.043933449082,4.564667551113,12.));
#6019 = CARTESIAN_POINT('',(4.817220964385,4.859021675527,12.));
#6020 = CARTESIAN_POINT('',(4.319286456595,5.422091768656,12.));
#6021 = CARTESIAN_POINT('',(4.04701827062,5.689905053842,12.));
#6022 = CARTESIAN_POINT('',(3.756618621257,5.938546118765,12.));
#6023 = CARTESIAN_POINT('',(3.450077705754,6.166655353107,12.));
#6024 = CARTESIAN_POINT('',(3.129492073202,6.373164170769,12.));
#6025 = PCURVE('',#4781,#6026);
#6026 = DEFINITIONAL_REPRESENTATION('',(#6027),#6046);
#6027 = B_SPLINE_CURVE_WITH_KNOTS('',5,(#6028,#6029,#6030,#6031,#6032,
    #6033,#6034,#6035,#6036,#6037,#6038,#6039,#6040,#6041,#6042,#6043,
    #6044,#6045),.UNSPECIFIED.,.F.,.F.,(6,4,4,4,6),(0.,0.226278876149,
    0.458204903077,0.725482535127,1.),.UNSPECIFIED.);
#6028 = CARTESIAN_POINT('',(6.227802808145,0.526371648497));
#6029 = CARTESIAN_POINT('',(6.242455631551,0.838600732464));
#6030 = CARTESIAN_POINT('',(6.237438054782,1.15188164004));
#6031 = CARTESIAN_POINT('',(6.212857126648,1.464539621606));
#6032 = CARTESIAN_POINT('',(6.169022766504,1.774983717806));
#6033 = CARTESIAN_POINT('',(6.042248326137,2.39608561772));
#6034 = CARTESIAN_POINT('',(5.958358433901,2.706561006047));
#6035 = CARTESIAN_POINT('',(5.855266363624,3.011513109897));
#6036 = CARTESIAN_POINT('',(5.733671690716,3.30945290803));
#6037 = CARTESIAN_POINT('',(5.433945080165,3.932714100324));
#6038 = CARTESIAN_POINT('',(5.250016715037,4.255294395995));
#6039 = CARTESIAN_POINT('',(5.043933449082,4.564667551113));
#6040 = CARTESIAN_POINT('',(4.817220964385,4.859021675527));
#6041 = CARTESIAN_POINT('',(4.319286456595,5.422091768656));
#6042 = CARTESIAN_POINT('',(4.04701827062,5.689905053842));
#6043 = CARTESIAN_POINT('',(3.756618621257,5.938546118765));
#6044 = CARTESIAN_POINT('',(3.450077705754,6.166655353107));
#6045 = CARTESIAN_POINT('',(3.129492073202,6.373164170769));
#6046 = ( GEOMETRIC_REPRESENTATION_CONTEXT(2) 
PARAMETRIC_REPRESENTATION_CONTEXT() REPRESENTATION_CONTEXT('2D SPACE',''
  ) );
#6047 = PCURVE('',#5727,#6048);
#6048 = DEFINITIONAL_REPRESENTATION('',(#6049),#6068);
#6049 = B_SPLINE_CURVE_WITH_KNOTS('',5,(#6050,#6051,#6052,#6053,#6054,
    #6055,#6056,#6057,#6058,#6059,#6060,#6061,#6062,#6063,#6064,#6065,
    #6066,#6067),.UNSPECIFIED.,.F.,.F.,(6,4,4,4,6),(0.,0.226278876149,
    0.458204903077,0.725482535127,1.),.UNSPECIFIED.);
#6050 = CARTESIAN_POINT('',(0.,9.236454008026E-02));
#6051 = CARTESIAN_POINT('',(-4.72155716231E-02,0.147031939194));
#6052 = CARTESIAN_POINT('',(-9.407422531133E-02,0.201286089661));
#6053 = CARTESIAN_POINT('',(-0.140586662036,0.255139381291));
#6054 = CARTESIAN_POINT('',(-0.186764163204,0.308604875964));
#6055 = CARTESIAN_POINT('',(-0.279608950186,0.416102950541));
#6056 = CARTESIAN_POINT('',(-0.326260536368,0.470117353009));
#6057 = CARTESIAN_POINT('',(-0.372577785827,0.523744651841));
#6058 = CARTESIAN_POINT('',(-0.418571035461,0.576996815363));
#6059 = CARTESIAN_POINT('',(-0.51688593515,0.690828326637));
#6060 = CARTESIAN_POINT('',(-0.569104793451,0.751288659458));
#6061 = CARTESIAN_POINT('',(-0.620914962043,0.811275800847));
#6062 = CARTESIAN_POINT('',(-0.672331063303,0.870806680973));
#6063 = CARTESIAN_POINT('',(-0.775775536301,0.990577343676));
#6064 = CARTESIAN_POINT('',(-0.827784202366,1.050794310519));
#6065 = CARTESIAN_POINT('',(-0.879398653779,1.110554845533));
#6066 = CARTESIAN_POINT('',(-0.930632917809,1.16987518985));
#6067 = CARTESIAN_POINT('',(-0.981495457622,1.228765142342));
#6068 = ( GEOMETRIC_REPRESENTATION_CONTEXT(2) 
PARAMETRIC_REPRESENTATION_CONTEXT() REPRESENTATION_CONTEXT('2D SPACE',''
  ) );
#6069 = ORIENTED_EDGE('',*,*,#6070,.T.);
#6070 = EDGE_CURVE('',#6003,#6071,#6073,.T.);
#6071 = VERTEX_POINT('',#6072);
#6072 = CARTESIAN_POINT('',(-1.736917668194,6.884265902325,12.));
#6073 = SURFACE_CURVE('',#6074,(#6079,#6086),.PCURVE_S1.);
#6074 = CIRCLE('',#6075,7.1);
#6075 = AXIS2_PLACEMENT_3D('',#6076,#6077,#6078);
#6076 = CARTESIAN_POINT('',(0.,0.,12.));
#6077 = DIRECTION('',(0.,0.,1.));
#6078 = DIRECTION('',(1.,0.,0.));
#6079 = PCURVE('',#4781,#6080);
#6080 = DEFINITIONAL_REPRESENTATION('',(#6081),#6085);
#6081 = CIRCLE('',#6082,7.1);
#6082 = AXIS2_PLACEMENT_2D('',#6083,#6084);
#6083 = CARTESIAN_POINT('',(0.,0.));
#6084 = DIRECTION('',(1.,0.));
#6085 = ( GEOMETRIC_REPRESENTATION_CONTEXT(2) 
PARAMETRIC_REPRESENTATION_CONTEXT() REPRESENTATION_CONTEXT('2D SPACE',''
  ) );
#6086 = PCURVE('',#5368,#6087);
#6087 = DEFINITIONAL_REPRESENTATION('',(#6088),#6092);
#6088 = LINE('',#6089,#6090);
#6089 = CARTESIAN_POINT('',(0.,12.));
#6090 = VECTOR('',#6091,1.);
#6091 = DIRECTION('',(1.,0.));
#6092 = ( GEOMETRIC_REPRESENTATION_CONTEXT(2) 
PARAMETRIC_REPRESENTATION_CONTEXT() REPRESENTATION_CONTEXT('2D SPACE',''
  ) );
#6093 = ORIENTED_EDGE('',*,*,#6094,.T.);
#6094 = EDGE_CURVE('',#6071,#5904,#6095,.T.);
#6095 = SURFACE_CURVE('',#6096,(#6115,#6137),.PCURVE_S1.);
#6096 = B_SPLINE_CURVE_WITH_KNOTS('',5,(#6097,#6098,#6099,#6100,#6101,
    #6102,#6103,#6104,#6105,#6106,#6107,#6108,#6109,#6110,#6111,#6112,
    #6113,#6114),.UNSPECIFIED.,.F.,.F.,(6,4,4,4,6),(0.,0.276571996009,
    0.543791736615,0.774696966156,1.),.UNSPECIFIED.);
#6097 = CARTESIAN_POINT('',(-1.736050966189,6.884594976415,12.));
#6098 = CARTESIAN_POINT('',(-2.095238282746,6.748243802445,12.));
#6099 = CARTESIAN_POINT('',(-2.44503930501,6.587479720522,12.));
#6100 = CARTESIAN_POINT('',(-2.78312848633,6.402925465839,12.));
#6101 = CARTESIAN_POINT('',(-3.107225848089,6.19552053603,12.));
#6102 = CARTESIAN_POINT('',(-3.712624350367,5.745358944339,12.));
#6103 = CARTESIAN_POINT('',(-3.99501007059,5.504028913938,12.));
#6104 = CARTESIAN_POINT('',(-4.260302258816,5.243757993437,12.));
#6105 = CARTESIAN_POINT('',(-4.50663681631,4.966006581379,12.));
#6106 = CARTESIAN_POINT('',(-4.927325806118,4.418976724592,12.));
#6107 = CARTESIAN_POINT('',(-5.106916661606,4.153671559734,12.));
#6108 = CARTESIAN_POINT('',(-5.269994087832,3.877783533798,12.));
#6109 = CARTESIAN_POINT('',(-5.41557961417,3.592608473854,12.));
#6110 = CARTESIAN_POINT('',(-5.667012823891,3.013708637687,12.));
#6111 = CARTESIAN_POINT('',(-5.773741015732,2.720354339413,12.));
#6112 = CARTESIAN_POINT('',(-5.862250775748,2.420897393352,12.));
#6113 = CARTESIAN_POINT('',(-5.931914142591,2.116810166714,12.));
#6114 = CARTESIAN_POINT('',(-5.982282252621,1.809687399594,12.));
#6115 = PCURVE('',#4781,#6116);
#6116 = DEFINITIONAL_REPRESENTATION('',(#6117),#6136);
#6117 = B_SPLINE_CURVE_WITH_KNOTS('',5,(#6118,#6119,#6120,#6121,#6122,
    #6123,#6124,#6125,#6126,#6127,#6128,#6129,#6130,#6131,#6132,#6133,
    #6134,#6135),.UNSPECIFIED.,.F.,.F.,(6,4,4,4,6),(0.,0.276571996009,
    0.543791736615,0.774696966156,1.),.UNSPECIFIED.);
#6118 = CARTESIAN_POINT('',(-1.736050966189,6.884594976415));
#6119 = CARTESIAN_POINT('',(-2.095238282746,6.748243802445));
#6120 = CARTESIAN_POINT('',(-2.44503930501,6.587479720522));
#6121 = CARTESIAN_POINT('',(-2.78312848633,6.402925465839));
#6122 = CARTESIAN_POINT('',(-3.107225848089,6.19552053603));
#6123 = CARTESIAN_POINT('',(-3.712624350367,5.745358944339));
#6124 = CARTESIAN_POINT('',(-3.99501007059,5.504028913938));
#6125 = CARTESIAN_POINT('',(-4.260302258816,5.243757993437));
#6126 = CARTESIAN_POINT('',(-4.50663681631,4.966006581379));
#6127 = CARTESIAN_POINT('',(-4.927325806118,4.418976724592));
#6128 = CARTESIAN_POINT('',(-5.106916661606,4.153671559734));
#6129 = CARTESIAN_POINT('',(-5.269994087832,3.877783533798));
#6130 = CARTESIAN_POINT('',(-5.41557961417,3.592608473854));
#6131 = CARTESIAN_POINT('',(-5.667012823891,3.013708637687));
#6132 = CARTESIAN_POINT('',(-5.773741015732,2.720354339413));
#6133 = CARTESIAN_POINT('',(-5.862250775748,2.420897393352));
#6134 = CARTESIAN_POINT('',(-5.931914142591,2.116810166714));
#6135 = CARTESIAN_POINT('',(-5.982282252621,1.809687399594));
#6136 = ( GEOMETRIC_REPRESENTATION_CONTEXT(2) 
PARAMETRIC_REPRESENTATION_CONTEXT() REPRESENTATION_CONTEXT('2D SPACE',''
  ) );
#6137 = PCURVE('',#5272,#6138);
#6138 = DEFINITIONAL_REPRESENTATION('',(#6139),#6158);
#6139 = B_SPLINE_CURVE_WITH_KNOTS('',5,(#6140,#6141,#6142,#6143,#6144,
    #6145,#6146,#6147,#6148,#6149,#6150,#6151,#6152,#6153,#6154,#6155,
    #6156,#6157),.UNSPECIFIED.,.F.,.F.,(6,4,4,4,6),(0.,0.276571996009,
    0.543791736615,0.774696966156,1.),.UNSPECIFIED.);
#6140 = CARTESIAN_POINT('',(0.,5.501791150109));
#6141 = CARTESIAN_POINT('',(-5.124381615365E-02,5.561122554102));
#6142 = CARTESIAN_POINT('',(-0.102864924791,5.620890797005));
#6143 = CARTESIAN_POINT('',(-0.154871801934,5.681105692573));
#6144 = CARTESIAN_POINT('',(-0.207278712847,5.741783757495));
#6145 = CARTESIAN_POINT('',(-0.311127858197,5.862022960182));
#6146 = CARTESIAN_POINT('',(-0.362544170247,5.921554084344));
#6147 = CARTESIAN_POINT('',(-0.414354231138,5.981541101008));
#6148 = CARTESIAN_POINT('',(-0.466572761123,6.042001053659));
#6149 = CARTESIAN_POINT('',(-0.564696011557,6.155610668425));
#6150 = CARTESIAN_POINT('',(-0.610495260131,6.2086382125));
#6151 = CARTESIAN_POINT('',(-0.656616056146,6.262038052447));
#6152 = CARTESIAN_POINT('',(-0.703068906203,6.315822353077));
#6153 = CARTESIAN_POINT('',(-0.795520851621,6.422865585523));
#6154 = CARTESIAN_POINT('',(-0.841504386009,6.476106500445));
#6155 = CARTESIAN_POINT('',(-0.887820882158,6.529732927031));
#6156 = CARTESIAN_POINT('',(-0.934481463934,6.583757744779));
#6157 = CARTESIAN_POINT('',(-0.981495457622,6.638191751892));
#6158 = ( GEOMETRIC_REPRESENTATION_CONTEXT(2) 
PARAMETRIC_REPRESENTATION_CONTEXT() REPRESENTATION_CONTEXT('2D SPACE',''
  ) );
#6159 = ORIENTED_EDGE('',*,*,#5934,.T.);
#6160 = ORIENTED_EDGE('',*,*,#6161,.T.);
#6161 = EDGE_CURVE('',#5935,#5780,#6162,.T.);
#6162 = SURFACE_CURVE('',#6163,(#6169,#6178),.PCURVE_S1.);
#6163 = B_SPLINE_CURVE_WITH_KNOTS('',4,(#6164,#6165,#6166,#6167,#6168),
  .UNSPECIFIED.,.F.,.F.,(5,5),(0.,1.),.PIECEWISE_BEZIER_KNOTS.);
#6164 = CARTESIAN_POINT('',(-6.25,-3.362428375184E-03,12.));
#6165 = CARTESIAN_POINT('',(-6.24992993288,-0.134270569065,12.));
#6166 = CARTESIAN_POINT('',(-6.246204969155,-0.2651768885,12.));
#6167 = CARTESIAN_POINT('',(-6.238825046168,-0.395928153278,12.));
#6168 = CARTESIAN_POINT('',(-6.227802808145,-0.526371648497,12.));
#6169 = PCURVE('',#4781,#6170);
#6170 = DEFINITIONAL_REPRESENTATION('',(#6171),#6177);
#6171 = B_SPLINE_CURVE_WITH_KNOTS('',4,(#6172,#6173,#6174,#6175,#6176),
  .UNSPECIFIED.,.F.,.F.,(5,5),(0.,1.),.PIECEWISE_BEZIER_KNOTS.);
#6172 = CARTESIAN_POINT('',(-6.25,-3.362428375184E-03));
#6173 = CARTESIAN_POINT('',(-6.24992993288,-0.134270569065));
#6174 = CARTESIAN_POINT('',(-6.246204969155,-0.2651768885));
#6175 = CARTESIAN_POINT('',(-6.238825046168,-0.395928153278));
#6176 = CARTESIAN_POINT('',(-6.227802808145,-0.526371648497));
#6177 = ( GEOMETRIC_REPRESENTATION_CONTEXT(2) 
PARAMETRIC_REPRESENTATION_CONTEXT() REPRESENTATION_CONTEXT('2D SPACE',''
  ) );
#6178 = PCURVE('',#5803,#6179);
#6179 = DEFINITIONAL_REPRESENTATION('',(#6180),#6186);
#6180 = B_SPLINE_CURVE_WITH_KNOTS('',4,(#6181,#6182,#6183,#6184,#6185),
  .UNSPECIFIED.,.F.,.F.,(5,5),(0.,1.),.PIECEWISE_BEZIER_KNOTS.);
#6181 = CARTESIAN_POINT('',(-0.14011293171,0.));
#6182 = CARTESIAN_POINT('',(-0.150084934572,2.30916809992E-02));
#6183 = CARTESIAN_POINT('',(-0.160056713811,4.618284418519E-02));
#6184 = CARTESIAN_POINT('',(-0.170028382464,6.927375131115E-02));
#6185 = CARTESIAN_POINT('',(-0.18,9.236454008029E-02));
#6186 = ( GEOMETRIC_REPRESENTATION_CONTEXT(2) 
PARAMETRIC_REPRESENTATION_CONTEXT() REPRESENTATION_CONTEXT('2D SPACE',''
  ) );
#6187 = ORIENTED_EDGE('',*,*,#5832,.T.);
#6188 = ORIENTED_EDGE('',*,*,#4764,.T.);
#6189 = ORIENTED_EDGE('',*,*,#4918,.T.);
#6190 = ORIENTED_EDGE('',*,*,#6191,.T.);
#6191 = EDGE_CURVE('',#4862,#6192,#6194,.T.);
#6192 = VERTEX_POINT('',#6193);
#6193 = CARTESIAN_POINT('',(6.249999999989,3.362428375034E-03,12.));
#6194 = SURFACE_CURVE('',#6195,(#6206,#6220),.PCURVE_S1.);
#6195 = B_SPLINE_CURVE_WITH_KNOTS('',5,(#6196,#6197,#6198,#6199,#6200,
    #6201,#6202,#6203,#6204,#6205),.UNSPECIFIED.,.F.,.F.,(6,4,6),(0.,
    0.953232550898,1.),.UNSPECIFIED.);
#6196 = CARTESIAN_POINT('',(5.982282170033,-1.809772930332,12.));
#6197 = CARTESIAN_POINT('',(6.083817366768,-1.47411569297,12.));
#6198 = CARTESIAN_POINT('',(6.161809998688,-1.131330187396,12.));
#6199 = CARTESIAN_POINT('',(6.215591415807,-0.783636476793,12.));
#6200 = CARTESIAN_POINT('',(6.244816456328,-0.43330716775,12.));
#6201 = CARTESIAN_POINT('',(6.249681709796,-6.54564262625E-02,12.));
#6202 = CARTESIAN_POINT('',(6.249850062785,-4.825220473506E-02,12.));
#6203 = CARTESIAN_POINT('',(6.249959229687,-3.104747402212E-02,12.));
#6204 = CARTESIAN_POINT('',(6.250009208738,-1.384250574313E-02,12.));
#6205 = CARTESIAN_POINT('',(6.249999999989,3.362428375224E-03,12.));
#6206 = PCURVE('',#4781,#6207);
#6207 = DEFINITIONAL_REPRESENTATION('',(#6208),#6219);
#6208 = B_SPLINE_CURVE_WITH_KNOTS('',5,(#6209,#6210,#6211,#6212,#6213,
    #6214,#6215,#6216,#6217,#6218),.UNSPECIFIED.,.F.,.F.,(6,4,6),(0.,
    0.953232550898,1.),.UNSPECIFIED.);
#6209 = CARTESIAN_POINT('',(5.982282170033,-1.809772930332));
#6210 = CARTESIAN_POINT('',(6.083817366768,-1.47411569297));
#6211 = CARTESIAN_POINT('',(6.161809998688,-1.131330187396));
#6212 = CARTESIAN_POINT('',(6.215591415807,-0.783636476793));
#6213 = CARTESIAN_POINT('',(6.244816456328,-0.43330716775));
#6214 = CARTESIAN_POINT('',(6.249681709796,-6.54564262625E-02));
#6215 = CARTESIAN_POINT('',(6.249850062785,-4.825220473506E-02));
#6216 = CARTESIAN_POINT('',(6.249959229687,-3.104747402212E-02));
#6217 = CARTESIAN_POINT('',(6.250009208738,-1.384250574313E-02));
#6218 = CARTESIAN_POINT('',(6.249999999989,3.362428375224E-03));
#6219 = ( GEOMETRIC_REPRESENTATION_CONTEXT(2) 
PARAMETRIC_REPRESENTATION_CONTEXT() REPRESENTATION_CONTEXT('2D SPACE',''
  ) );
#6220 = PCURVE('',#4886,#6221);
#6221 = DEFINITIONAL_REPRESENTATION('',(#6222),#6233);
#6222 = B_SPLINE_CURVE_WITH_KNOTS('',5,(#6223,#6224,#6225,#6226,#6227,
    #6228,#6229,#6230,#6231,#6232),.UNSPECIFIED.,.F.,.F.,(6,4,6),(0.,
    0.953232550898,1.),.UNSPECIFIED.);
#6223 = CARTESIAN_POINT('',(0.,6.638191751929));
#6224 = CARTESIAN_POINT('',(-2.671255684781E-02,6.700048718145));
#6225 = CARTESIAN_POINT('',(-5.342494767142E-02,6.761905299894));
#6226 = CARTESIAN_POINT('',(-8.013582572405E-02,6.823758378572));
#6227 = CARTESIAN_POINT('',(-0.106847293193,6.885612822097));
#6228 = CARTESIAN_POINT('',(-0.134870577524,6.950504975942));
#6229 = CARTESIAN_POINT('',(-0.136181159221,6.953539826109));
#6230 = CARTESIAN_POINT('',(-0.137491745343,6.956574686521));
#6231 = CARTESIAN_POINT('',(-0.138802336146,6.959609557773));
#6232 = CARTESIAN_POINT('',(-0.14011293189,6.962644440466));
#6233 = ( GEOMETRIC_REPRESENTATION_CONTEXT(2) 
PARAMETRIC_REPRESENTATION_CONTEXT() REPRESENTATION_CONTEXT('2D SPACE',''
  ) );
#6234 = ORIENTED_EDGE('',*,*,#6235,.T.);
#6235 = EDGE_CURVE('',#6192,#6001,#6236,.T.);
#6236 = SURFACE_CURVE('',#6237,(#6243,#6252),.PCURVE_S1.);
#6237 = B_SPLINE_CURVE_WITH_KNOTS('',4,(#6238,#6239,#6240,#6241,#6242),
  .UNSPECIFIED.,.F.,.F.,(5,5),(0.,1.),.PIECEWISE_BEZIER_KNOTS.);
#6238 = CARTESIAN_POINT('',(6.25,3.362428375188E-03,12.));
#6239 = CARTESIAN_POINT('',(6.24992993288,0.134270569065,12.));
#6240 = CARTESIAN_POINT('',(6.246204969155,0.2651768885,12.));
#6241 = CARTESIAN_POINT('',(6.238825046168,0.395928153278,12.));
#6242 = CARTESIAN_POINT('',(6.227802808145,0.526371648497,12.));
#6243 = PCURVE('',#4781,#6244);
#6244 = DEFINITIONAL_REPRESENTATION('',(#6245),#6251);
#6245 = B_SPLINE_CURVE_WITH_KNOTS('',4,(#6246,#6247,#6248,#6249,#6250),
  .UNSPECIFIED.,.F.,.F.,(5,5),(0.,1.),.PIECEWISE_BEZIER_KNOTS.);
#6246 = CARTESIAN_POINT('',(6.25,3.362428375188E-03));
#6247 = CARTESIAN_POINT('',(6.24992993288,0.134270569065));
#6248 = CARTESIAN_POINT('',(6.246204969155,0.2651768885));
#6249 = CARTESIAN_POINT('',(6.238825046168,0.395928153278));
#6250 = CARTESIAN_POINT('',(6.227802808145,0.526371648497));
#6251 = ( GEOMETRIC_REPRESENTATION_CONTEXT(2) 
PARAMETRIC_REPRESENTATION_CONTEXT() REPRESENTATION_CONTEXT('2D SPACE',''
  ) );
#6252 = PCURVE('',#6253,#6276);
#6253 = B_SPLINE_SURFACE_WITH_KNOTS('',1,10,(
    (#6254,#6255,#6256,#6257,#6258,#6259,#6260,#6261,#6262,#6263,#6264)
    ,(#6265,#6266,#6267,#6268,#6269,#6270,#6271,#6272,#6273,#6274,#6275
    )),.UNSPECIFIED.,.F.,.F.,.F.,(2,2),(11,11),(-0.18,-0.),(0.,
    6.730556292451),.PIECEWISE_BEZIER_KNOTS.);
#6254 = CARTESIAN_POINT('',(6.25,6.038731789181E-03,11.960202818984));
#6255 = CARTESIAN_POINT('',(6.246332227629,3.802129847488,
    12.250202820279));
#6256 = CARTESIAN_POINT('',(3.681457331611,7.597904135764,
    12.540202815184));
#6257 = CARTESIAN_POINT('',(-1.449119099716,9.428928035948,
    12.830202825669));
#6258 = CARTESIAN_POINT('',(-7.422648491453,7.437581188503,
    13.120202813599));
#6259 = CARTESIAN_POINT('',(-10.98419172231,1.143756026538,
    13.410202818804));
#6260 = CARTESIAN_POINT('',(-8.795713371889,-5.748804298556,
    13.700202825045));
#6261 = CARTESIAN_POINT('',(-3.36059041122,-8.928105182927,
    13.990202812216));
#6262 = CARTESIAN_POINT('',(2.037152165494,-8.193368439514,
    14.280202823103));
#6263 = CARTESIAN_POINT('',(5.329013927877,-5.007441286349,
    14.57020281786));
#6264 = CARTESIAN_POINT('',(6.114678027499,-1.293541296609,
    14.860202819189));
#6265 = CARTESIAN_POINT('',(6.25,-6.038731789173E-03,12.139797181016));
#6266 = CARTESIAN_POINT('',(6.253667772372,3.790052383923,
    12.429797182312));
#6267 = CARTESIAN_POINT('',(3.696132588798,7.590775929867,
    12.719797177212));
#6268 = CARTESIAN_POINT('',(-1.43089600341,9.43171069838,13.00979718771)
  );
#6269 = CARTESIAN_POINT('',(-7.408262309532,7.451910770822,
    13.299797175613));
#6270 = CARTESIAN_POINT('',(-10.98196102862,1.164979660145,
    13.589797180856));
#6271 = CARTESIAN_POINT('',(-8.806805893499,-5.731796796635,
    13.879797187059));
#6272 = CARTESIAN_POINT('',(-3.377836741178,-8.921594533633,
    14.169797174258));
#6273 = CARTESIAN_POINT('',(2.021315560583,-8.197289719535,
    14.45979718513));
#6274 = CARTESIAN_POINT('',(5.319327636545,-5.017729682881,
    14.749797179892));
#6275 = CARTESIAN_POINT('',(6.112166981668,-1.30535483864,
    15.039797181221));
#6276 = DEFINITIONAL_REPRESENTATION('',(#6277),#6283);
#6277 = B_SPLINE_CURVE_WITH_KNOTS('',4,(#6278,#6279,#6280,#6281,#6282),
  .UNSPECIFIED.,.F.,.F.,(5,5),(0.,1.),.PIECEWISE_BEZIER_KNOTS.);
#6278 = CARTESIAN_POINT('',(-0.14011293171,0.));
#6279 = CARTESIAN_POINT('',(-0.150084934572,2.30916809992E-02));
#6280 = CARTESIAN_POINT('',(-0.160056713811,4.618284418519E-02));
#6281 = CARTESIAN_POINT('',(-0.170028382464,6.927375131115E-02));
#6282 = CARTESIAN_POINT('',(-0.18,9.236454008029E-02));
#6283 = ( GEOMETRIC_REPRESENTATION_CONTEXT(2) 
PARAMETRIC_REPRESENTATION_CONTEXT() REPRESENTATION_CONTEXT('2D SPACE',''
  ) );
#6284 = ADVANCED_FACE('',(#6285),#4886,.F.);
#6285 = FACE_BOUND('',#6286,.F.);
#6286 = EDGE_LOOP('',(#6287,#6288,#6289,#6290,#6291));
#6287 = ORIENTED_EDGE('',*,*,#5681,.F.);
#6288 = ORIENTED_EDGE('',*,*,#4990,.T.);
#6289 = ORIENTED_EDGE('',*,*,#4861,.T.);
#6290 = ORIENTED_EDGE('',*,*,#6191,.T.);
#6291 = ORIENTED_EDGE('',*,*,#6292,.F.);
#6292 = EDGE_CURVE('',#5682,#6192,#6293,.T.);
#6293 = SURFACE_CURVE('',#6294,(#6297,#6304),.PCURVE_S1.);
#6294 = B_SPLINE_CURVE_WITH_KNOTS('',1,(#6295,#6296),.UNSPECIFIED.,.F.,
  .F.,(2,2),(-0.18,-0.),.PIECEWISE_BEZIER_KNOTS.);
#6295 = CARTESIAN_POINT('',(6.249999999981,6.038731776985E-03,
    11.960202819163));
#6296 = CARTESIAN_POINT('',(6.250000000019,-6.038731801405E-03,
    12.139797181195));
#6297 = PCURVE('',#4886,#6298);
#6298 = DEFINITIONAL_REPRESENTATION('',(#6299),#6303);
#6299 = LINE('',#6300,#6301);
#6300 = CARTESIAN_POINT('',(0.,6.962644440466));
#6301 = VECTOR('',#6302,1.);
#6302 = DIRECTION('',(1.,0.));
#6303 = ( GEOMETRIC_REPRESENTATION_CONTEXT(2) 
PARAMETRIC_REPRESENTATION_CONTEXT() REPRESENTATION_CONTEXT('2D SPACE',''
  ) );
#6304 = PCURVE('',#6253,#6305);
#6305 = DEFINITIONAL_REPRESENTATION('',(#6306),#6309);
#6306 = B_SPLINE_CURVE_WITH_KNOTS('',1,(#6307,#6308),.UNSPECIFIED.,.F.,
  .F.,(2,2),(-0.18,-0.),.PIECEWISE_BEZIER_KNOTS.);
#6307 = CARTESIAN_POINT('',(-0.18,0.));
#6308 = CARTESIAN_POINT('',(0.,0.));
#6309 = ( GEOMETRIC_REPRESENTATION_CONTEXT(2) 
PARAMETRIC_REPRESENTATION_CONTEXT() REPRESENTATION_CONTEXT('2D SPACE',''
  ) );
#6310 = ADVANCED_FACE('',(#6311),#5368,.T.);
#6311 = FACE_BOUND('',#6312,.T.);
#6312 = EDGE_LOOP('',(#6313,#6314,#6315,#6396,#6397));
#6313 = ORIENTED_EDGE('',*,*,#5756,.F.);
#6314 = ORIENTED_EDGE('',*,*,#5352,.F.);
#6315 = ORIENTED_EDGE('',*,*,#6316,.T.);
#6316 = EDGE_CURVE('',#5161,#6071,#6317,.T.);
#6317 = SURFACE_CURVE('',#6318,(#6342,#6369),.PCURVE_S1.);
#6318 = B_SPLINE_CURVE_WITH_KNOTS('',8,(#6319,#6320,#6321,#6322,#6323,
    #6324,#6325,#6326,#6327,#6328,#6329,#6330,#6331,#6332,#6333,#6334,
    #6335,#6336,#6337,#6338,#6339,#6340,#6341),.UNSPECIFIED.,.F.,.F.,(9,
    7,7,9),(0.,0.436404613561,0.80053423981,1.),.UNSPECIFIED.);
#6319 = CARTESIAN_POINT('',(7.1,-1.108891067079E-15,11.132001993652));
#6320 = CARTESIAN_POINT('',(7.1,0.70399928427,11.179344876105));
#6321 = CARTESIAN_POINT('',(7.020222833186,1.408452892702,
    11.226717564272));
#6322 = CARTESIAN_POINT('',(6.860489344029,2.102105907416,
    11.274072793348));
#6323 = CARTESIAN_POINT('',(6.622736259746,2.774439617593,
    11.321415397117));
#6324 = CARTESIAN_POINT('',(6.310282469858,3.415479183546,
    11.368758157654));
#6325 = CARTESIAN_POINT('',(5.927909854582,4.015862657011,
    11.416113731793));
#6326 = CARTESIAN_POINT('',(5.481757182717,4.566831851255,
    11.463486746147));
#6327 = CARTESIAN_POINT('',(4.561290281899,5.472629860024,
    11.550332070406));
#6328 = CARTESIAN_POINT('',(4.103520254946,5.845180774868,
    11.589847116022));
#6329 = CARTESIAN_POINT('',(3.611187584637,6.173739565471,11.62935605738
    ));
#6330 = CARTESIAN_POINT('',(3.089284700875,6.454637914386,
    11.668859493689));
#6331 = CARTESIAN_POINT('',(2.543154210501,6.684916068223,
    11.708362779001));
#6332 = CARTESIAN_POINT('',(1.97845235638,6.862269542624,11.747871352548
    ));
#6333 = CARTESIAN_POINT('',(1.401167609424,6.985111025289,
    11.787386024097));
#6334 = CARTESIAN_POINT('',(0.49803591322,7.089816562902,11.84852694665)
  );
#6335 = CARTESIAN_POINT('',(0.176473931313,7.110319371121,11.87016631325
    ));
#6336 = CARTESIAN_POINT('',(-0.146002883208,7.114148747646,
    11.891805377903));
#6337 = CARTESIAN_POINT('',(-0.468384746736,7.101263317891,
    11.913444099059));
#6338 = CARTESIAN_POINT('',(-0.78966612755,7.07169403286,11.935082855754
    ));
#6339 = CARTESIAN_POINT('',(-1.108846165526,7.025542301045,
    11.956722027145));
#6340 = CARTESIAN_POINT('',(-1.424929330477,6.962981764582,
    11.978361570835));
#6341 = CARTESIAN_POINT('',(-1.736926319146,6.884263719662,12.0000006));
#6342 = PCURVE('',#5368,#6343);
#6343 = DEFINITIONAL_REPRESENTATION('',(#6344),#6368);
#6344 = B_SPLINE_CURVE_WITH_KNOTS('',8,(#6345,#6346,#6347,#6348,#6349,
    #6350,#6351,#6352,#6353,#6354,#6355,#6356,#6357,#6358,#6359,#6360,
    #6361,#6362,#6363,#6364,#6365,#6366,#6367),.UNSPECIFIED.,.F.,.F.,(9,
    7,7,9),(0.,0.436404613561,0.80053423981,1.),.UNSPECIFIED.);
#6345 = CARTESIAN_POINT('',(0.,11.132001993652));
#6346 = CARTESIAN_POINT('',(9.915482877047E-02,11.179344876105));
#6347 = CARTESIAN_POINT('',(0.198373567339,11.226717564272));
#6348 = CARTESIAN_POINT('',(0.29755715049,11.274072793348));
#6349 = CARTESIAN_POINT('',(0.396715098086,11.321415397117));
#6350 = CARTESIAN_POINT('',(0.495873042897,11.368758157654));
#6351 = CARTESIAN_POINT('',(0.595056609954,11.416113731793));
#6352 = CARTESIAN_POINT('',(0.694275346287,11.463486746147));
#6353 = CARTESIAN_POINT('',(0.876163509377,11.550332070406));
#6354 = CARTESIAN_POINT('',(0.958922766379,11.589847116022));
#6355 = CARTESIAN_POINT('',(1.041668663057,11.62935605738));
#6356 = CARTESIAN_POINT('',(1.124402840005,11.668859493689));
#6357 = CARTESIAN_POINT('',(1.207137021211,11.708362779001));
#6358 = CARTESIAN_POINT('',(1.289882929521,11.747871352548));
#6359 = CARTESIAN_POINT('',(1.37264220158,11.787386024097));
#6360 = CARTESIAN_POINT('',(1.500695865065,11.84852694665));
#6361 = CARTESIAN_POINT('',(1.546017494196,11.87016631325));
#6362 = CARTESIAN_POINT('',(1.591338547236,11.891805377903));
#6363 = CARTESIAN_POINT('',(1.636658873397,11.913444099059));
#6364 = CARTESIAN_POINT('',(1.681979192552,11.935082855754));
#6365 = CARTESIAN_POINT('',(1.727300227907,11.956722027145));
#6366 = CARTESIAN_POINT('',(1.772621838546,11.978361570835));
#6367 = CARTESIAN_POINT('',(1.817942151852,12.0000006));
#6368 = ( GEOMETRIC_REPRESENTATION_CONTEXT(2) 
PARAMETRIC_REPRESENTATION_CONTEXT() REPRESENTATION_CONTEXT('2D SPACE',''
  ) );
#6369 = PCURVE('',#5272,#6370);
#6370 = DEFINITIONAL_REPRESENTATION('',(#6371),#6395);
#6371 = B_SPLINE_CURVE_WITH_KNOTS('',8,(#6372,#6373,#6374,#6375,#6376,
    #6377,#6378,#6379,#6380,#6381,#6382,#6383,#6384,#6385,#6386,#6387,
    #6388,#6389,#6390,#6391,#6392,#6393,#6394),.UNSPECIFIED.,.F.,.F.,(9,
    7,7,9),(0.,0.436404613561,0.80053423981,1.),.UNSPECIFIED.);
#6372 = CARTESIAN_POINT('',(-1.146225366696E-04,3.487403365248));
#6373 = CARTESIAN_POINT('',(-1.146911900647E-04,3.597280663839));
#6374 = CARTESIAN_POINT('',(-1.161774268337E-04,3.707228779496));
#6375 = CARTESIAN_POINT('',(-1.190639735742E-04,3.817137995199));
#6376 = CARTESIAN_POINT('',(-1.228243561913E-04,3.92701892212));
#6377 = CARTESIAN_POINT('',(-1.263824837266E-04,4.036899977379));
#6378 = CARTESIAN_POINT('',(-1.288096274871E-04,4.146809462853));
#6379 = CARTESIAN_POINT('',(-1.298783760013E-04,4.256757851896));
#6380 = CARTESIAN_POINT('',(-1.297558786697E-04,4.458315414777));
#6381 = CARTESIAN_POINT('',(-1.289098266446E-04,4.550024172753));
#6382 = CARTESIAN_POINT('',(-1.274034464194E-04,4.641717998927));
#6383 = CARTESIAN_POINT('',(-1.255903582168E-04,4.733398693418));
#6384 = CARTESIAN_POINT('',(-1.239870458447E-04,4.825079280349));
#6385 = CARTESIAN_POINT('',(-1.229792876962E-04,4.916772830194));
#6386 = CARTESIAN_POINT('',(-1.225943195385E-04,5.00848125386));
#6387 = CARTESIAN_POINT('',(-1.226608103462E-04,5.150382165677));
#6388 = CARTESIAN_POINT('',(-1.22812862294E-04,5.20060474691));
#6389 = CARTESIAN_POINT('',(-1.230607635551E-04,5.250826738339));
#6390 = CARTESIAN_POINT('',(-1.233518144312E-04,5.301047982509));
#6391 = CARTESIAN_POINT('',(-1.236188374268E-04,5.351269281343));
#6392 = CARTESIAN_POINT('',(-1.237910570236E-04,5.40149143287));
#6393 = CARTESIAN_POINT('',(-1.238103077611E-04,5.451714271347));
#6394 = CARTESIAN_POINT('',(-1.236525706232E-04,5.501935710754));
#6395 = ( GEOMETRIC_REPRESENTATION_CONTEXT(2) 
PARAMETRIC_REPRESENTATION_CONTEXT() REPRESENTATION_CONTEXT('2D SPACE',''
  ) );
#6396 = ORIENTED_EDGE('',*,*,#6070,.F.);
#6397 = ORIENTED_EDGE('',*,*,#6398,.F.);
#6398 = EDGE_CURVE('',#5713,#6003,#6399,.T.);
#6399 = SURFACE_CURVE('',#6400,(#6418,#6439),.PCURVE_S1.);
#6400 = B_SPLINE_CURVE_WITH_KNOTS('',6,(#6401,#6402,#6403,#6404,#6405,
    #6406,#6407,#6408,#6409,#6410,#6411,#6412,#6413,#6414,#6415,#6416,
    #6417),.UNSPECIFIED.,.F.,.F.,(7,5,5,7),(0.,0.337691519166,
    0.904652820878,1.),.UNSPECIFIED.);
#6401 = CARTESIAN_POINT('',(7.099893093501,3.896230050959E-02,
    11.470622595307));
#6402 = CARTESIAN_POINT('',(7.097461838732,0.481996944585,
    11.500416489017));
#6403 = CARTESIAN_POINT('',(7.061855916783,0.924870208117,
    11.530214597148));
#6404 = CARTESIAN_POINT('',(6.993087000296,1.364431073457,
    11.560014674556));
#6405 = CARTESIAN_POINT('',(6.891575660459,1.797603359514,
    11.589813788658));
#6406 = CARTESIAN_POINT('',(6.758088779299,2.2213782939,11.619612148546)
  );
#6407 = CARTESIAN_POINT('',(6.317969143811,3.323636302893,
    11.699428911336));
#6408 = CARTESIAN_POINT('',(5.955191233417,3.980011772136,
    11.749461367286));
#6409 = CARTESIAN_POINT('',(5.511032482018,4.587702188956,
    11.799463491123));
#6410 = CARTESIAN_POINT('',(4.993963615579,5.134698159228,11.84946822556
    ));
#6411 = CARTESIAN_POINT('',(4.414258399492,5.610491568017,
    11.899501240288));
#6412 = CARTESIAN_POINT('',(3.679092549977,6.073707779599,
    11.957935925802));
#6413 = CARTESIAN_POINT('',(3.571846779594,6.138155641545,
    11.966348490651));
#6414 = CARTESIAN_POINT('',(3.463250297631,6.200328587872,11.97476125006
    ));
#6415 = CARTESIAN_POINT('',(3.353363517194,6.260191464972,
    11.983174196768));
#6416 = CARTESIAN_POINT('',(3.242248069148,6.317711262975,
    11.991587318906));
#6417 = CARTESIAN_POINT('',(3.129966802107,6.372857115746,12.0000006));
#6418 = PCURVE('',#5368,#6419);
#6419 = DEFINITIONAL_REPRESENTATION('',(#6420),#6438);
#6420 = B_SPLINE_CURVE_WITH_KNOTS('',6,(#6421,#6422,#6423,#6424,#6425,
    #6426,#6427,#6428,#6429,#6430,#6431,#6432,#6433,#6434,#6435,#6436,
    #6437),.UNSPECIFIED.,.F.,.F.,(7,5,5,7),(0.,0.337691519166,
    0.904652820878,1.),.UNSPECIFIED.);
#6421 = CARTESIAN_POINT('',(5.487675502231E-03,11.470622595307));
#6422 = CARTESIAN_POINT('',(6.7887860722E-02,11.500416489017));
#6423 = CARTESIAN_POINT('',(0.130290933314,11.530214597148));
#6424 = CARTESIAN_POINT('',(0.19269060438,11.560014674556));
#6425 = CARTESIAN_POINT('',(0.255090256582,11.589813788658));
#6426 = CARTESIAN_POINT('',(0.317493239283,11.619612148546));
#6427 = CARTESIAN_POINT('',(0.484659073195,11.699428911336));
#6428 = CARTESIAN_POINT('',(0.589461654981,11.749461367286));
#6429 = CARTESIAN_POINT('',(0.694221370269,11.799463491123));
#6430 = CARTESIAN_POINT('',(0.798981094764,11.84946822556));
#6431 = CARTESIAN_POINT('',(0.903783763864,11.899501240288));
#6432 = CARTESIAN_POINT('',(1.026168168795,11.957935925802));
#6433 = CARTESIAN_POINT('',(1.0437868574,11.966348490651));
#6434 = CARTESIAN_POINT('',(1.061405545873,11.97476125006));
#6435 = CARTESIAN_POINT('',(1.079024232902,11.983174196768));
#6436 = CARTESIAN_POINT('',(1.096642914651,11.991587318906));
#6437 = CARTESIAN_POINT('',(1.114261584758,12.0000006));
#6438 = ( GEOMETRIC_REPRESENTATION_CONTEXT(2) 
PARAMETRIC_REPRESENTATION_CONTEXT() REPRESENTATION_CONTEXT('2D SPACE',''
  ) );
#6439 = PCURVE('',#5727,#6440);
#6440 = DEFINITIONAL_REPRESENTATION('',(#6441),#6459);
#6441 = B_SPLINE_CURVE_WITH_KNOTS('',6,(#6442,#6443,#6444,#6445,#6446,
    #6447,#6448,#6449,#6450,#6451,#6452,#6453,#6454,#6455,#6456,#6457,
    #6458),.UNSPECIFIED.,.F.,.F.,(7,5,5,7),(0.,0.337691519166,
    0.904652820878,1.),.UNSPECIFIED.);
#6442 = CARTESIAN_POINT('',(-0.98137201263,0.));
#6443 = CARTESIAN_POINT('',(-0.981372012775,6.914809630198E-02));
#6444 = CARTESIAN_POINT('',(-0.981362598371,0.138295073369));
#6445 = CARTESIAN_POINT('',(-0.981346730848,0.207439149308));
#6446 = CARTESIAN_POINT('',(-0.981334295584,0.276584963484));
#6447 = CARTESIAN_POINT('',(-0.981327889813,0.345736008322));
#6448 = CARTESIAN_POINT('',(-0.98132799664,0.530981378573));
#6449 = CARTESIAN_POINT('',(-0.981346021001,0.64712164806));
#6450 = CARTESIAN_POINT('',(-0.981383987453,0.763214609775));
#6451 = CARTESIAN_POINT('',(-0.981413976216,0.879304393607));
#6452 = CARTESIAN_POINT('',(-0.981427228654,0.9954404349));
#6453 = CARTESIAN_POINT('',(-0.981425777216,1.131058733796));
#6454 = CARTESIAN_POINT('',(-0.981425158593,1.150582583495));
#6455 = CARTESIAN_POINT('',(-0.981424136939,1.170106418109));
#6456 = CARTESIAN_POINT('',(-0.981422728382,1.189630239452));
#6457 = CARTESIAN_POINT('',(-0.981420958527,1.20915404963));
#6458 = CARTESIAN_POINT('',(-0.981418862464,1.228677851034));
#6459 = ( GEOMETRIC_REPRESENTATION_CONTEXT(2) 
PARAMETRIC_REPRESENTATION_CONTEXT() REPRESENTATION_CONTEXT('2D SPACE',''
  ) );
#6460 = ADVANCED_FACE('',(#6461),#5272,.F.);
#6461 = FACE_BOUND('',#6462,.F.);
#6462 = EDGE_LOOP('',(#6463,#6464,#6465,#6466,#6467));
#6463 = ORIENTED_EDGE('',*,*,#5903,.F.);
#6464 = ORIENTED_EDGE('',*,*,#5657,.T.);
#6465 = ORIENTED_EDGE('',*,*,#5160,.T.);
#6466 = ORIENTED_EDGE('',*,*,#6316,.T.);
#6467 = ORIENTED_EDGE('',*,*,#6094,.T.);
#6468 = ADVANCED_FACE('',(#6469),#5727,.F.);
#6469 = FACE_BOUND('',#6470,.F.);
#6470 = EDGE_LOOP('',(#6471,#6472,#6473,#6501));
#6471 = ORIENTED_EDGE('',*,*,#6398,.F.);
#6472 = ORIENTED_EDGE('',*,*,#5712,.T.);
#6473 = ORIENTED_EDGE('',*,*,#6474,.T.);
#6474 = EDGE_CURVE('',#5682,#6001,#6475,.T.);
#6475 = SURFACE_CURVE('',#6476,(#6488,#6495),.PCURVE_S1.);
#6476 = B_SPLINE_CURVE_WITH_KNOTS('',10,(#6477,#6478,#6479,#6480,#6481,
    #6482,#6483,#6484,#6485,#6486,#6487),.UNSPECIFIED.,.F.,.F.,(11,11),(
    0.,6.730556292451),.PIECEWISE_BEZIER_KNOTS.);
#6477 = CARTESIAN_POINT('',(6.25,6.038731789182E-03,11.960202818984));
#6478 = CARTESIAN_POINT('',(6.246332227629,3.802129847488,
    12.250202820279));
#6479 = CARTESIAN_POINT('',(3.681457331611,7.597904135764,
    12.540202815184));
#6480 = CARTESIAN_POINT('',(-1.449119099716,9.428928035948,
    12.830202825669));
#6481 = CARTESIAN_POINT('',(-7.422648491453,7.437581188503,
    13.120202813598));
#6482 = CARTESIAN_POINT('',(-10.98419172231,1.143756026538,
    13.410202818805));
#6483 = CARTESIAN_POINT('',(-8.795713371889,-5.748804298556,
    13.700202825044));
#6484 = CARTESIAN_POINT('',(-3.360590411221,-8.928105182927,
    13.990202812217));
#6485 = CARTESIAN_POINT('',(2.037152165494,-8.193368439514,
    14.280202823102));
#6486 = CARTESIAN_POINT('',(5.329013927876,-5.007441286349,
    14.57020281786));
#6487 = CARTESIAN_POINT('',(6.114678027499,-1.293541296609,
    14.860202819189));
#6488 = PCURVE('',#5727,#6489);
#6489 = DEFINITIONAL_REPRESENTATION('',(#6490),#6494);
#6490 = LINE('',#6491,#6492);
#6491 = CARTESIAN_POINT('',(-0.,0.));
#6492 = VECTOR('',#6493,1.);
#6493 = DIRECTION('',(0.,1.));
#6494 = ( GEOMETRIC_REPRESENTATION_CONTEXT(2) 
PARAMETRIC_REPRESENTATION_CONTEXT() REPRESENTATION_CONTEXT('2D SPACE',''
  ) );
#6495 = PCURVE('',#6253,#6496);
#6496 = DEFINITIONAL_REPRESENTATION('',(#6497),#6500);
#6497 = B_SPLINE_CURVE_WITH_KNOTS('',1,(#6498,#6499),.UNSPECIFIED.,.F.,
  .F.,(2,2),(0.,6.730556292451),.PIECEWISE_BEZIER_KNOTS.);
#6498 = CARTESIAN_POINT('',(-0.18,0.));
#6499 = CARTESIAN_POINT('',(-0.18,6.730556292451));
#6500 = ( GEOMETRIC_REPRESENTATION_CONTEXT(2) 
PARAMETRIC_REPRESENTATION_CONTEXT() REPRESENTATION_CONTEXT('2D SPACE',''
  ) );
#6501 = ORIENTED_EDGE('',*,*,#6000,.T.);
#6502 = ADVANCED_FACE('',(#6503),#5803,.F.);
#6503 = FACE_BOUND('',#6504,.F.);
#6504 = EDGE_LOOP('',(#6505,#6506,#6507));
#6505 = ORIENTED_EDGE('',*,*,#5779,.F.);
#6506 = ORIENTED_EDGE('',*,*,#5978,.T.);
#6507 = ORIENTED_EDGE('',*,*,#6161,.T.);
#6508 = ADVANCED_FACE('',(#6509),#6253,.F.);
#6509 = FACE_BOUND('',#6510,.F.);
#6510 = EDGE_LOOP('',(#6511,#6512,#6513));
#6511 = ORIENTED_EDGE('',*,*,#6474,.F.);
#6512 = ORIENTED_EDGE('',*,*,#6292,.T.);
#6513 = ORIENTED_EDGE('',*,*,#6235,.T.);
#6514 = ( GEOMETRIC_REPRESENTATION_CONTEXT(3) 
GLOBAL_UNCERTAINTY_ASSIGNED_CONTEXT((#6518)) 
GLOBAL_UNIT_ASSIGNED_CONTEXT((#6515,#6516,#6517)) REPRESENTATION_CONTEXT
('Context #1','3D Context with UNIT and UNCERTAINTY') );
#6515 = ( LENGTH_UNIT() NAMED_UNIT(*) SI_UNIT(.MILLI.,.METRE.) );
#6516 = ( NAMED_UNIT(*) PLANE_ANGLE_UNIT() SI_UNIT($,.RADIAN.) );
#6517 = ( NAMED_UNIT(*) SI_UNIT($,.STERADIAN.) SOLID_ANGLE_UNIT() );
#6518 = UNCERTAINTY_MEASURE_WITH_UNIT(LENGTH_MEASURE(5.E-05),#6515,
  'distance_accuracy_value','confusion accuracy');
#6519 = PRODUCT_RELATED_PRODUCT_CATEGORY('part',$,(#7));

#6520=DESCRIPTIVE_REPRESENTATION_ITEM('cadpy:generator','cadpy');
#6521=REPRESENTATION('cadpy:generator',(#6520),#6514);
#6522=PROPERTY_DEFINITION('cadpy metadata','cadpy:generator',#5);
#6523=PROPERTY_DEFINITION_REPRESENTATION(#6522,#6521);
#6524=DESCRIPTIVE_REPRESENTATION_ITEM('cadpy:entryKind','part');
#6525=REPRESENTATION('cadpy:entryKind',(#6524),#6514);
#6526=PROPERTY_DEFINITION('cadpy metadata','cadpy:entryKind',#5);
#6527=PROPERTY_DEFINITION_REPRESENTATION(#6526,#6525);
#6528=DESCRIPTIVE_REPRESENTATION_ITEM('cadpy:sourcePath','dual_start_thread_male.py');
#6529=REPRESENTATION('cadpy:sourcePath',(#6528),#6514);
#6530=PROPERTY_DEFINITION('cadpy metadata','cadpy:sourcePath',#5);
#6531=PROPERTY_DEFINITION_REPRESENTATION(#6530,#6529);
#6532=DESCRIPTIVE_REPRESENTATION_ITEM('cadpy:sourceFingerprint','ff2d90b6d1d4dad4de12754147c9e647e580c5b2d0b1434e99621daa7c95bfcf');
#6533=REPRESENTATION('cadpy:sourceFingerprint',(#6532),#6514);
#6534=PROPERTY_DEFINITION('cadpy metadata','cadpy:sourceFingerprint',#5);
#6535=PROPERTY_DEFINITION_REPRESENTATION(#6534,#6533);
#6536=DESCRIPTIVE_REPRESENTATION_ITEM('cadpy:sourceHash','6a699b9e5b81b3b547af0728f2350a7a180eda8d1f78a079573df01934ef7bba');
#6537=REPRESENTATION('cadpy:sourceHash',(#6536),#6514);
#6538=PROPERTY_DEFINITION('cadpy metadata','cadpy:sourceHash',#5);
#6539=PROPERTY_DEFINITION_REPRESENTATION(#6538,#6537);
ENDSEC;
END-ISO-10303-21;
