ISO-10303-21;
HEADER;
FILE_DESCRIPTION(('Open CASCADE Model'),'2;1');
FILE_NAME('dual_start_thread_male_cast','2026-06-06T02:28:47',('Author')
  ,('Open CASCADE'),'Open CASCADE STEP processor 7.8','cadpy','Unknown'
  );
FILE_SCHEMA(('AUTOMOTIVE_DESIGN { 1 0 10303 214 1 1 1 1 }'));
ENDSEC;
DATA;
#1 = APPLICATION_PROTOCOL_DEFINITION('international standard',
  'automotive_design',2000,#2);
#2 = APPLICATION_CONTEXT(
  'core data for automotive mechanical design processes');
#3 = SHAPE_DEFINITION_REPRESENTATION(#4,#10);
#4 = PRODUCT_DEFINITION_SHAPE('','',#5);
#5 = PRODUCT_DEFINITION('design','',#6,#9);
#6 = PRODUCT_DEFINITION_FORMATION('','',#7);
#7 = PRODUCT('dual_start_thread_male_cast','dual_start_thread_male_cast'
  ,'',(#8));
#8 = PRODUCT_CONTEXT('',#2,'mechanical');
#9 = PRODUCT_DEFINITION_CONTEXT('part definition',#2,'design');
#10 = ADVANCED_BREP_SHAPE_REPRESENTATION('',(#11,#15),#6607);
#11 = AXIS2_PLACEMENT_3D('',#12,#13,#14);
#12 = CARTESIAN_POINT('',(0.,0.,0.));
#13 = DIRECTION('',(0.,0.,1.));
#14 = DIRECTION('',(1.,0.,-0.));
#15 = MANIFOLD_SOLID_BREP('',#16);
#16 = CLOSED_SHELL('',(#17,#316,#773,#1079,#1573,#1672,#1763,#1769,#1824
    ,#1858,#2203,#2475,#2499,#2748,#2823,#2850,#3365,#3444,#3469,#3473,
    #4114,#4223,#4249,#4496,#4551,#4920,#5046,#5071,#5712,#5738,#5845,
    #5969,#6068,#6356,#6382,#6553,#6561,#6595,#6601));
#17 = ADVANCED_FACE('',(#18),#33,.T.);
#18 = FACE_BOUND('',#19,.T.);
#19 = EDGE_LOOP('',(#20,#56,#84,#116,#161,#189));
#20 = ORIENTED_EDGE('',*,*,#21,.T.);
#21 = EDGE_CURVE('',#22,#24,#26,.T.);
#22 = VERTEX_POINT('',#23);
#23 = CARTESIAN_POINT('',(-3.560215567846,-6.258183850804,3.));
#24 = VERTEX_POINT('',#25);
#25 = CARTESIAN_POINT('',(7.2,-1.763491390772E-15,3.));
#26 = SURFACE_CURVE('',#27,(#32,#44),.PCURVE_S1.);
#27 = CIRCLE('',#28,7.2);
#28 = AXIS2_PLACEMENT_3D('',#29,#30,#31);
#29 = CARTESIAN_POINT('',(0.,0.,3.));
#30 = DIRECTION('',(0.,0.,1.));
#31 = DIRECTION('',(1.,0.,-0.));
#32 = PCURVE('',#33,#38);
#33 = CYLINDRICAL_SURFACE('',#34,7.2);
#34 = AXIS2_PLACEMENT_3D('',#35,#36,#37);
#35 = CARTESIAN_POINT('',(0.,0.,0.));
#36 = DIRECTION('',(0.,0.,1.));
#37 = DIRECTION('',(1.,0.,0.));
#38 = DEFINITIONAL_REPRESENTATION('',(#39),#43);
#39 = LINE('',#40,#41);
#40 = CARTESIAN_POINT('',(0.,3.));
#41 = VECTOR('',#42,1.);
#42 = DIRECTION('',(1.,0.));
#43 = ( GEOMETRIC_REPRESENTATION_CONTEXT(2) 
PARAMETRIC_REPRESENTATION_CONTEXT() REPRESENTATION_CONTEXT('2D SPACE',''
  ) );
#44 = PCURVE('',#45,#50);
#45 = PLANE('',#46);
#46 = AXIS2_PLACEMENT_3D('',#47,#48,#49);
#47 = CARTESIAN_POINT('',(0.,0.,3.));
#48 = DIRECTION('',(0.,0.,1.));
#49 = DIRECTION('',(1.,0.,0.));
#50 = DEFINITIONAL_REPRESENTATION('',(#51),#55);
#51 = CIRCLE('',#52,7.2);
#52 = AXIS2_PLACEMENT_2D('',#53,#54);
#53 = CARTESIAN_POINT('',(0.,0.));
#54 = DIRECTION('',(1.,0.));
#55 = ( GEOMETRIC_REPRESENTATION_CONTEXT(2) 
PARAMETRIC_REPRESENTATION_CONTEXT() REPRESENTATION_CONTEXT('2D SPACE',''
  ) );
#56 = ORIENTED_EDGE('',*,*,#57,.T.);
#57 = EDGE_CURVE('',#24,#58,#60,.T.);
#58 = VERTEX_POINT('',#59);
#59 = CARTESIAN_POINT('',(7.2,-1.990233996535E-15,3.05));
#60 = SURFACE_CURVE('',#61,(#65,#72),.PCURVE_S1.);
#61 = LINE('',#62,#63);
#62 = CARTESIAN_POINT('',(7.2,-1.763491390772E-15,0.));
#63 = VECTOR('',#64,1.);
#64 = DIRECTION('',(0.,0.,1.));
#65 = PCURVE('',#33,#66);
#66 = DEFINITIONAL_REPRESENTATION('',(#67),#71);
#67 = LINE('',#68,#69);
#68 = CARTESIAN_POINT('',(6.28318530718,-0.));
#69 = VECTOR('',#70,1.);
#70 = DIRECTION('',(0.,1.));
#71 = ( GEOMETRIC_REPRESENTATION_CONTEXT(2) 
PARAMETRIC_REPRESENTATION_CONTEXT() REPRESENTATION_CONTEXT('2D SPACE',''
  ) );
#72 = PCURVE('',#73,#78);
#73 = CYLINDRICAL_SURFACE('',#74,7.2);
#74 = AXIS2_PLACEMENT_3D('',#75,#76,#77);
#75 = CARTESIAN_POINT('',(0.,0.,0.));
#76 = DIRECTION('',(0.,0.,1.));
#77 = DIRECTION('',(1.,0.,0.));
#78 = DEFINITIONAL_REPRESENTATION('',(#79),#83);
#79 = LINE('',#80,#81);
#80 = CARTESIAN_POINT('',(0.,-0.));
#81 = VECTOR('',#82,1.);
#82 = DIRECTION('',(0.,1.));
#83 = ( GEOMETRIC_REPRESENTATION_CONTEXT(2) 
PARAMETRIC_REPRESENTATION_CONTEXT() REPRESENTATION_CONTEXT('2D SPACE',''
  ) );
#84 = ORIENTED_EDGE('',*,*,#85,.F.);
#85 = EDGE_CURVE('',#86,#58,#88,.T.);
#86 = VERTEX_POINT('',#87);
#87 = CARTESIAN_POINT('',(7.199907411315,-3.651394934981E-02,
    3.600617384148));
#88 = SURFACE_CURVE('',#89,(#94,#104),.PCURVE_S1.);
#89 = ELLIPSE('',#90,108.81191263456,7.2);
#90 = AXIS2_PLACEMENT_3D('',#91,#92,#93);
#91 = CARTESIAN_POINT('',(0.,0.,3.05));
#92 = DIRECTION('',(-4.00786895286E-15,0.997808415267,6.616922564518E-02
    ));
#93 = DIRECTION('',(2.657800646301E-16,-6.616922564518E-02,
    0.997808415267));
#94 = PCURVE('',#33,#95);
#95 = DEFINITIONAL_REPRESENTATION('',(#96),#103);
#96 = B_SPLINE_CURVE_WITH_KNOTS('',5,(#97,#98,#99,#100,#101,#102),
  .UNSPECIFIED.,.F.,.F.,(6,6),(1.56471004147,1.570796326795),
  .PIECEWISE_BEZIER_KNOTS.);
#97 = CARTESIAN_POINT('',(6.277099021854,3.710804867717));
#98 = CARTESIAN_POINT('',(6.278316278919,3.578645526051));
#99 = CARTESIAN_POINT('',(6.279533535984,3.446484960481));
#100 = CARTESIAN_POINT('',(6.280750793049,3.314323578968));
#101 = CARTESIAN_POINT('',(6.281968050115,3.182161789484));
#102 = CARTESIAN_POINT('',(6.28318530718,3.05));
#103 = ( GEOMETRIC_REPRESENTATION_CONTEXT(2) 
PARAMETRIC_REPRESENTATION_CONTEXT() REPRESENTATION_CONTEXT('2D SPACE',''
  ) );
#104 = PCURVE('',#105,#110);
#105 = PLANE('',#106);
#106 = AXIS2_PLACEMENT_3D('',#107,#108,#109);
#107 = CARTESIAN_POINT('',(6.918004145208,-3.555385840226E-15,3.05));
#108 = DIRECTION('',(-4.00786895286E-15,0.997808415267,
    6.616922564518E-02));
#109 = DIRECTION('',(0.,-6.616922564518E-02,0.997808415267));
#110 = DEFINITIONAL_REPRESENTATION('',(#111),#115);
#111 = ELLIPSE('',#112,108.81191263456,7.2);
#112 = AXIS2_PLACEMENT_2D('',#113,#114);
#113 = CARTESIAN_POINT('',(-4.721537446422E-13,-6.918004145208));
#114 = DIRECTION('',(1.,2.657800646301E-16));
#115 = ( GEOMETRIC_REPRESENTATION_CONTEXT(2) 
PARAMETRIC_REPRESENTATION_CONTEXT() REPRESENTATION_CONTEXT('2D SPACE',''
  ) );
#116 = ORIENTED_EDGE('',*,*,#117,.T.);
#117 = EDGE_CURVE('',#86,#118,#120,.T.);
#118 = VERTEX_POINT('',#119);
#119 = CARTESIAN_POINT('',(7.2,-1.763491390772E-15,3.603038789979));
#120 = SURFACE_CURVE('',#121,(#124,#130),.PCURVE_S1.);
#121 = B_SPLINE_CURVE_WITH_KNOTS('',1,(#122,#123),.UNSPECIFIED.,.F.,.F.,
  (2,2),(0.,1.),.PIECEWISE_BEZIER_KNOTS.);
#122 = CARTESIAN_POINT('',(7.199907411315,-3.651394934981E-02,
    3.600617384148));
#123 = CARTESIAN_POINT('',(7.2,3.053113317719E-16,3.603038789979));
#124 = PCURVE('',#33,#125);
#125 = DEFINITIONAL_REPRESENTATION('',(#126),#129);
#126 = B_SPLINE_CURVE_WITH_KNOTS('',1,(#127,#128),.UNSPECIFIED.,.F.,.F.,
  (2,2),(0.,1.),.PIECEWISE_BEZIER_KNOTS.);
#127 = CARTESIAN_POINT('',(6.278113903587,3.600617384148));
#128 = CARTESIAN_POINT('',(6.28318530718,3.603038789979));
#129 = ( GEOMETRIC_REPRESENTATION_CONTEXT(2) 
PARAMETRIC_REPRESENTATION_CONTEXT() REPRESENTATION_CONTEXT('2D SPACE',''
  ) );
#130 = PCURVE('',#131,#156);
#131 = B_SPLINE_SURFACE_WITH_KNOTS('',1,11,(
    (#132,#133,#134,#135,#136,#137,#138,#139,#140,#141,#142,#143)
    ,(#144,#145,#146,#147,#148,#149,#150,#151,#152,#153,#154,#155
  )),.UNSPECIFIED.,.F.,.F.,.F.,(2,2),(12,12),(-0.923760430703,-0.),(0.,
    6.962644440466),.PIECEWISE_BEZIER_KNOTS.);
#132 = CARTESIAN_POINT('',(6.4,-5.955230308068E-03,3.139802757374));
#133 = CARTESIAN_POINT('',(6.403401619728,3.64971621172,3.412530030633)
  );
#134 = CARTESIAN_POINT('',(4.110371080711,7.307441719173,3.685257301336)
  );
#135 = CARTESIAN_POINT('',(-0.485346996978,9.364611752705,3.95798457934)
  );
#136 = CARTESIAN_POINT('',(-6.103131187696,8.210954798765,4.230711842102
    ));
#137 = CARTESIAN_POINT('',(-10.29558801209,3.393442234503,4.503439129125
    ));
#138 = CARTESIAN_POINT('',(-10.30188541596,-3.374276187925,
    4.776166385686));
#139 = CARTESIAN_POINT('',(-6.118401263379,-8.199582604925,
    5.048893673024));
#140 = CARTESIAN_POINT('',(-0.502773776254,-9.363692301643,
    5.321620935379));
#141 = CARTESIAN_POINT('',(4.096764757658,-7.315078497949,5.594348213673
    ));
#142 = CARTESIAN_POINT('',(6.396598380282,-3.661626672345,5.867075484246
    ));
#143 = CARTESIAN_POINT('',(6.400000000019,-5.955230319312E-03,
    6.13980275754));
#144 = CARTESIAN_POINT('',(7.2,-3.651748649871E-02,3.600670723097));
#145 = CARTESIAN_POINT('',(7.220858740308,4.076112896414,3.873397995827)
  );
#146 = CARTESIAN_POINT('',(4.658230911926,8.201753191663,4.146125268542)
  );
#147 = CARTESIAN_POINT('',(-0.502387409242,10.537490238862,
    4.418852541302));
#148 = CARTESIAN_POINT('',(-6.827793932898,9.265794117344,4.691579813973
    ));
#149 = CARTESIAN_POINT('',(-11.56677095593,3.865605192884,4.964307086764
    ));
#150 = CARTESIAN_POINT('',(-11.60538665141,-3.748078949569,
    5.237034359445));
#151 = CARTESIAN_POINT('',(-6.9214300735,-9.196059797454,5.509761632189)
  );
#152 = CARTESIAN_POINT('',(-0.60924846133,-10.53185216285,5.782488904921
    ));
#153 = CARTESIAN_POINT('',(4.574796906472,-8.248581937298,6.055216177639
    ));
#154 = CARTESIAN_POINT('',(7.179141259784,-4.14914786941,6.327943450371)
  );
#155 = CARTESIAN_POINT('',(7.200000000115,-3.651748649885E-02,
    6.600670723097));
#156 = DEFINITIONAL_REPRESENTATION('',(#157),#160);
#157 = B_SPLINE_CURVE_WITH_KNOTS('',1,(#158,#159),.UNSPECIFIED.,.F.,.F.,
  (2,2),(0.,1.),.PIECEWISE_BEZIER_KNOTS.);
#158 = CARTESIAN_POINT('',(-1.069122048829E-04,0.));
#159 = CARTESIAN_POINT('',(-1.069398533121E-04,5.619822174992E-03));
#160 = ( GEOMETRIC_REPRESENTATION_CONTEXT(2) 
PARAMETRIC_REPRESENTATION_CONTEXT() REPRESENTATION_CONTEXT('2D SPACE',''
  ) );
#161 = ORIENTED_EDGE('',*,*,#162,.T.);
#162 = EDGE_CURVE('',#118,#163,#165,.T.);
#163 = VERTEX_POINT('',#164);
#164 = CARTESIAN_POINT('',(7.2,-1.763491390772E-15,3.996956719489));
#165 = SURFACE_CURVE('',#166,(#170,#177),.PCURVE_S1.);
#166 = LINE('',#167,#168);
#167 = CARTESIAN_POINT('',(7.2,-1.763491390772E-15,0.));
#168 = VECTOR('',#169,1.);
#169 = DIRECTION('',(0.,0.,1.));
#170 = PCURVE('',#33,#171);
#171 = DEFINITIONAL_REPRESENTATION('',(#172),#176);
#172 = LINE('',#173,#174);
#173 = CARTESIAN_POINT('',(6.28318530718,-0.));
#174 = VECTOR('',#175,1.);
#175 = DIRECTION('',(0.,1.));
#176 = ( GEOMETRIC_REPRESENTATION_CONTEXT(2) 
PARAMETRIC_REPRESENTATION_CONTEXT() REPRESENTATION_CONTEXT('2D SPACE',''
  ) );
#177 = PCURVE('',#178,#183);
#178 = CYLINDRICAL_SURFACE('',#179,7.2);
#179 = AXIS2_PLACEMENT_3D('',#180,#181,#182);
#180 = CARTESIAN_POINT('',(0.,0.,0.));
#181 = DIRECTION('',(0.,0.,1.));
#182 = DIRECTION('',(1.,0.,0.));
#183 = DEFINITIONAL_REPRESENTATION('',(#184),#188);
#184 = LINE('',#185,#186);
#185 = CARTESIAN_POINT('',(0.,-0.));
#186 = VECTOR('',#187,1.);
#187 = DIRECTION('',(0.,1.));
#188 = ( GEOMETRIC_REPRESENTATION_CONTEXT(2) 
PARAMETRIC_REPRESENTATION_CONTEXT() REPRESENTATION_CONTEXT('2D SPACE',''
  ) );
#189 = ORIENTED_EDGE('',*,*,#190,.F.);
#190 = EDGE_CURVE('',#22,#163,#191,.T.);
#191 = SURFACE_CURVE('',#192,(#223,#257),.PCURVE_S1.);
#192 = B_SPLINE_CURVE_WITH_KNOTS('',8,(#193,#194,#195,#196,#197,#198,
    #199,#200,#201,#202,#203,#204,#205,#206,#207,#208,#209,#210,#211,
    #212,#213,#214,#215,#216,#217,#218,#219,#220,#221,#222),
  .UNSPECIFIED.,.F.,.F.,(9,7,7,7,9),(0.,0.151912342075,0.310018524306,
    0.626325678924,1.),.UNSPECIFIED.);
#193 = CARTESIAN_POINT('',(-3.560223431908,-6.258179377015,2.9999994));
#194 = CARTESIAN_POINT('',(-3.312119799038,-6.399323360601,
    3.018928832131));
#195 = CARTESIAN_POINT('',(-3.057616938386,-6.529228620178,
    3.037858597803));
#196 = CARTESIAN_POINT('',(-2.79731486462,-6.647552939786,3.056788192438
    ));
#197 = CARTESIAN_POINT('',(-2.531830069419,-6.753996631291,3.07571754713
    ));
#198 = CARTESIAN_POINT('',(-2.261794403455,-6.848300272552,
    3.094646819095));
#199 = CARTESIAN_POINT('',(-1.987854544997,-6.930244011345,
    3.113576179354));
#200 = CARTESIAN_POINT('',(-1.710672055123,-6.999648435027,
    3.132505597629));
#201 = CARTESIAN_POINT('',(-1.139769967918,-7.115418540382,
    3.171135434332));
#202 = CARTESIAN_POINT('',(-0.845825923707,-7.1607317235,3.1908365582));
#203 = CARTESIAN_POINT('',(-0.549855532779,-7.192160713315,3.21053744523
    ));
#204 = CARTESIAN_POINT('',(-0.252624970331,-7.20960333507,3.230238073624
    ));
#205 = CARTESIAN_POINT('',(4.509750287564E-02,-7.21300791044,
    3.249938685854));
#206 = CARTESIAN_POINT('',(0.342541897443,-7.202372209244,3.269639523954
    ));
#207 = CARTESIAN_POINT('',(0.638936765416,-7.177744523675,3.289340564907
    ));
#208 = CARTESIAN_POINT('',(1.52283122621,-7.062168455178,3.348454449722)
  );
#209 = CARTESIAN_POINT('',(2.105066530155,-6.92948918546,3.387880077915)
  );
#210 = CARTESIAN_POINT('',(2.673811527402,-6.741968732885,3.427299681984
    ));
#211 = CARTESIAN_POINT('',(3.223058001541,-6.501291562546,3.466714037934
    ));
#212 = CARTESIAN_POINT('',(3.747141718179,-6.209858222783,3.506128517604
    ));
#213 = CARTESIAN_POINT('',(4.240722862763,-5.87072354562,3.54554842081)
  );
#214 = CARTESIAN_POINT('',(4.698823297249,-5.487649572954,3.584974342735
    ));
#215 = CARTESIAN_POINT('',(5.610900478452,-4.56626582726,3.670949146573)
  );
#216 = CARTESIAN_POINT('',(6.049541507829,-4.011917794114,3.717538266612
    ));
#217 = CARTESIAN_POINT('',(6.425129049594,-3.409801205323,3.764111369548
    ));
#218 = CARTESIAN_POINT('',(6.731822057494,-2.768416686671,3.810672528898
    ));
#219 = CARTESIAN_POINT('',(6.965078849582,-2.096831981867,3.857233564316
    ));
#220 = CARTESIAN_POINT('',(7.121747872322,-1.404686549488,3.903806393623
    ));
#221 = CARTESIAN_POINT('',(7.2,-0.702130917615,3.950395274698));
#222 = CARTESIAN_POINT('',(7.2,-2.6645352591E-15,3.996956719489));
#223 = PCURVE('',#33,#224);
#224 = DEFINITIONAL_REPRESENTATION('',(#225),#256);
#225 = B_SPLINE_CURVE_WITH_KNOTS('',8,(#226,#227,#228,#229,#230,#231,
    #232,#233,#234,#235,#236,#237,#238,#239,#240,#241,#242,#243,#244,
    #245,#246,#247,#248,#249,#250,#251,#252,#253,#254,#255),
  .UNSPECIFIED.,.F.,.F.,(9,7,7,7,9),(0.,0.151912342075,0.310018524306,
    0.626325678924,1.),.UNSPECIFIED.);
#226 = CARTESIAN_POINT('',(4.195157713555,2.9999994));
#227 = CARTESIAN_POINT('',(4.234802411784,3.018928832131));
#228 = CARTESIAN_POINT('',(4.274447783921,3.037858597803));
#229 = CARTESIAN_POINT('',(4.314092859958,3.056788192438));
#230 = CARTESIAN_POINT('',(4.353737564389,3.07571754713));
#231 = CARTESIAN_POINT('',(4.393382269242,3.094646819095));
#232 = CARTESIAN_POINT('',(4.433027347256,3.113576179354));
#233 = CARTESIAN_POINT('',(4.472672725216,3.132505597629));
#234 = CARTESIAN_POINT('',(4.553578562124,3.171135434332));
#235 = CARTESIAN_POINT('',(4.594840511148,3.1908365582));
#236 = CARTESIAN_POINT('',(4.636102103304,3.21053744523));
#237 = CARTESIAN_POINT('',(4.677363245529,3.230238073624));
#238 = CARTESIAN_POINT('',(4.718624390031,3.249938685854));
#239 = CARTESIAN_POINT('',(4.759885989656,3.269639523954));
#240 = CARTESIAN_POINT('',(4.801147951461,3.289340564907));
#241 = CARTESIAN_POINT('',(4.924956100088,3.348454449722));
#242 = CARTESIAN_POINT('',(5.007528784932,3.387880077915));
#243 = CARTESIAN_POINT('',(5.090088245045,3.427299681984));
#244 = CARTESIAN_POINT('',(5.172636085973,3.466714037934));
#245 = CARTESIAN_POINT('',(5.255183920549,3.506128517604));
#246 = CARTESIAN_POINT('',(5.337743367774,3.54554842081));
#247 = CARTESIAN_POINT('',(5.420316045406,3.584974342735));
#248 = CARTESIAN_POINT('',(5.600381233753,3.670949146573));
#249 = CARTESIAN_POINT('',(5.697958324446,3.717538266612));
#250 = CARTESIAN_POINT('',(5.795503186737,3.764111369548));
#251 = CARTESIAN_POINT('',(5.893024166842,3.810672528898));
#252 = CARTESIAN_POINT('',(5.990545151166,3.857233564316));
#253 = CARTESIAN_POINT('',(6.088090022031,3.903806393623));
#254 = CARTESIAN_POINT('',(6.185667124177,3.950395274698));
#255 = CARTESIAN_POINT('',(6.28318530718,3.996956719489));
#256 = ( GEOMETRIC_REPRESENTATION_CONTEXT(2) 
PARAMETRIC_REPRESENTATION_CONTEXT() REPRESENTATION_CONTEXT('2D SPACE',''
  ) );
#257 = PCURVE('',#258,#283);
#258 = B_SPLINE_SURFACE_WITH_KNOTS('',1,11,(
    (#259,#260,#261,#262,#263,#264,#265,#266,#267,#268,#269,#270)
    ,(#271,#272,#273,#274,#275,#276,#277,#278,#279,#280,#281,#282
  )),.UNSPECIFIED.,.F.,.F.,.F.,(2,2),(12,12),(-0.923760430703,-0.),(0.,
    6.962644440466),.PIECEWISE_BEZIER_KNOTS.);
#259 = CARTESIAN_POINT('',(-7.2,-3.651748649871E-02,2.499329276903));
#260 = CARTESIAN_POINT('',(-7.179141259693,-4.149147869348,
    2.772056549628));
#261 = CARTESIAN_POINT('',(-4.574796906333,-8.248581937165,
    3.044783822365));
#262 = CARTESIAN_POINT('',(0.609248461195,-10.53185216269,3.31751109507)
  );
#263 = CARTESIAN_POINT('',(6.921430073534,-9.196059797308,3.590238367823
    ));
#264 = CARTESIAN_POINT('',(11.605386651168,-3.748078949497,
    3.862965640547));
#265 = CARTESIAN_POINT('',(11.566770955701,3.865605192795,4.135692913234
    ));
#266 = CARTESIAN_POINT('',(6.827793932925,9.265794117234,4.408420186034)
  );
#267 = CARTESIAN_POINT('',(0.50238740911,10.537490238675,4.681147458691)
  );
#268 = CARTESIAN_POINT('',(-4.658230911787,8.201753191545,4.953874731462
    ));
#269 = CARTESIAN_POINT('',(-7.220858740217,4.076112896348,5.226602004172
    ));
#270 = CARTESIAN_POINT('',(-7.199999999885,-3.651748649886E-02,
    5.499329276903));
#271 = CARTESIAN_POINT('',(-6.4,-5.955230308071E-03,2.960197242626));
#272 = CARTESIAN_POINT('',(-6.396598380273,-3.661626672326,
    3.232924515884));
#273 = CARTESIAN_POINT('',(-4.096764757647,-7.315078497912,
    3.505651786591));
#274 = CARTESIAN_POINT('',(0.502773776212,-9.363692301635,3.778379064586
    ));
#275 = CARTESIAN_POINT('',(6.118401263378,-8.199582604892,4.051106327361
    ));
#276 = CARTESIAN_POINT('',(10.301885415903,-3.37427618794,4.323833614374
    ));
#277 = CARTESIAN_POINT('',(10.295588012071,3.393442234462,4.596560870935
    ));
#278 = CARTESIAN_POINT('',(6.103131187706,8.210954798755,4.869288158283)
  );
#279 = CARTESIAN_POINT('',(0.485346996976,9.364611752657,5.142015420625)
  );
#280 = CARTESIAN_POINT('',(-4.110371080677,7.307441719169,5.414742698928
    ));
#281 = CARTESIAN_POINT('',(-6.403401619707,3.649716211719,5.687469969497
    ));
#282 = CARTESIAN_POINT('',(-6.399999999981,-5.955230296856E-03,
    5.960197242792));
#283 = DEFINITIONAL_REPRESENTATION('',(#284),#315);
#284 = B_SPLINE_CURVE_WITH_KNOTS('',8,(#285,#286,#287,#288,#289,#290,
    #291,#292,#293,#294,#295,#296,#297,#298,#299,#300,#301,#302,#303,
    #304,#305,#306,#307,#308,#309,#310,#311,#312,#313,#314),
  .UNSPECIFIED.,.F.,.F.,(9,7,7,7,9),(0.,0.151912342075,0.310018524306,
    0.626325678924,1.),.UNSPECIFIED.);
#285 = CARTESIAN_POINT('',(-0.923656973226,1.161876223206));
#286 = CARTESIAN_POINT('',(-0.923656166443,1.205808257496));
#287 = CARTESIAN_POINT('',(-0.923655364909,1.249741071973));
#288 = CARTESIAN_POINT('',(-0.923654641474,1.293673579925));
#289 = CARTESIAN_POINT('',(-0.923654049765,1.337605683523));
#290 = CARTESIAN_POINT('',(-0.923653618449,1.38153778084));
#291 = CARTESIAN_POINT('',(-0.92365335064,1.425470272401));
#292 = CARTESIAN_POINT('',(-0.923653228485,1.469403067261));
#293 = CARTESIAN_POINT('',(-0.923653217072,1.559058326632));
#294 = CARTESIAN_POINT('',(-0.923653337331,1.604782439403));
#295 = CARTESIAN_POINT('',(-0.923653550829,1.650506110463));
#296 = CARTESIAN_POINT('',(-0.923653808993,1.696229232978));
#297 = CARTESIAN_POINT('',(-0.923654058927,1.741952308448));
#298 = CARTESIAN_POINT('',(-0.923654252479,1.787675842852));
#299 = CARTESIAN_POINT('',(-0.923654352919,1.833399740237));
#300 = CARTESIAN_POINT('',(-0.923654311955,1.970596013294));
#301 = CARTESIAN_POINT('',(-0.923653827584,2.062097662757));
#302 = CARTESIAN_POINT('',(-0.923652716012,2.15358460471));
#303 = CARTESIAN_POINT('',(-0.923651041393,2.245058714449));
#304 = CARTESIAN_POINT('',(-0.923649215085,2.336532935688));
#305 = CARTESIAN_POINT('',(-0.923647756873,2.428020170528));
#306 = CARTESIAN_POINT('',(-0.923647003366,2.519522190077));
#307 = CARTESIAN_POINT('',(-0.923647132233,2.71905966928));
#308 = CARTESIAN_POINT('',(-0.923648337557,2.827188889385));
#309 = CARTESIAN_POINT('',(-0.923650846832,2.935282453856));
#310 = CARTESIAN_POINT('',(-0.923654422712,3.043349511458));
#311 = CARTESIAN_POINT('',(-0.923658111471,3.151416447067));
#312 = CARTESIAN_POINT('',(-0.923660952987,3.259509739342));
#313 = CARTESIAN_POINT('',(-0.92366240191,3.367638694181));
#314 = CARTESIAN_POINT('',(-0.923662465189,3.475702362354));
#315 = ( GEOMETRIC_REPRESENTATION_CONTEXT(2) 
PARAMETRIC_REPRESENTATION_CONTEXT() REPRESENTATION_CONTEXT('2D SPACE',''
  ) );
#316 = ADVANCED_FACE('',(#317,#348),#45,.T.);
#317 = FACE_BOUND('',#318,.T.);
#318 = EDGE_LOOP('',(#319));
#319 = ORIENTED_EDGE('',*,*,#320,.T.);
#320 = EDGE_CURVE('',#321,#321,#323,.T.);
#321 = VERTEX_POINT('',#322);
#322 = CARTESIAN_POINT('',(10.,-2.449293598295E-15,3.));
#323 = SURFACE_CURVE('',#324,(#329,#336),.PCURVE_S1.);
#324 = CIRCLE('',#325,10.);
#325 = AXIS2_PLACEMENT_3D('',#326,#327,#328);
#326 = CARTESIAN_POINT('',(0.,0.,3.));
#327 = DIRECTION('',(0.,0.,1.));
#328 = DIRECTION('',(1.,0.,0.));
#329 = PCURVE('',#45,#330);
#330 = DEFINITIONAL_REPRESENTATION('',(#331),#335);
#331 = CIRCLE('',#332,10.);
#332 = AXIS2_PLACEMENT_2D('',#333,#334);
#333 = CARTESIAN_POINT('',(0.,0.));
#334 = DIRECTION('',(1.,0.));
#335 = ( GEOMETRIC_REPRESENTATION_CONTEXT(2) 
PARAMETRIC_REPRESENTATION_CONTEXT() REPRESENTATION_CONTEXT('2D SPACE',''
  ) );
#336 = PCURVE('',#337,#342);
#337 = CYLINDRICAL_SURFACE('',#338,10.);
#338 = AXIS2_PLACEMENT_3D('',#339,#340,#341);
#339 = CARTESIAN_POINT('',(0.,0.,0.));
#340 = DIRECTION('',(0.,0.,1.));
#341 = DIRECTION('',(1.,0.,0.));
#342 = DEFINITIONAL_REPRESENTATION('',(#343),#347);
#343 = LINE('',#344,#345);
#344 = CARTESIAN_POINT('',(0.,3.));
#345 = VECTOR('',#346,1.);
#346 = DIRECTION('',(1.,0.));
#347 = ( GEOMETRIC_REPRESENTATION_CONTEXT(2) 
PARAMETRIC_REPRESENTATION_CONTEXT() REPRESENTATION_CONTEXT('2D SPACE',''
  ) );
#348 = FACE_BOUND('',#349,.T.);
#349 = EDGE_LOOP('',(#350,#374,#375,#443,#548,#577,#670));
#350 = ORIENTED_EDGE('',*,*,#351,.F.);
#351 = EDGE_CURVE('',#24,#352,#354,.T.);
#352 = VERTEX_POINT('',#353);
#353 = CARTESIAN_POINT('',(7.199999745508,3.315727981079E-03,3.));
#354 = SURFACE_CURVE('',#355,(#360,#367),.PCURVE_S1.);
#355 = CIRCLE('',#356,7.2);
#356 = AXIS2_PLACEMENT_3D('',#357,#358,#359);
#357 = CARTESIAN_POINT('',(0.,0.,3.));
#358 = DIRECTION('',(0.,0.,1.));
#359 = DIRECTION('',(1.,0.,-0.));
#360 = PCURVE('',#45,#361);
#361 = DEFINITIONAL_REPRESENTATION('',(#362),#366);
#362 = CIRCLE('',#363,7.2);
#363 = AXIS2_PLACEMENT_2D('',#364,#365);
#364 = CARTESIAN_POINT('',(0.,0.));
#365 = DIRECTION('',(1.,0.));
#366 = ( GEOMETRIC_REPRESENTATION_CONTEXT(2) 
PARAMETRIC_REPRESENTATION_CONTEXT() REPRESENTATION_CONTEXT('2D SPACE',''
  ) );
#367 = PCURVE('',#73,#368);
#368 = DEFINITIONAL_REPRESENTATION('',(#369),#373);
#369 = LINE('',#370,#371);
#370 = CARTESIAN_POINT('',(0.,3.));
#371 = VECTOR('',#372,1.);
#372 = DIRECTION('',(1.,0.));
#373 = ( GEOMETRIC_REPRESENTATION_CONTEXT(2) 
PARAMETRIC_REPRESENTATION_CONTEXT() REPRESENTATION_CONTEXT('2D SPACE',''
  ) );
#374 = ORIENTED_EDGE('',*,*,#21,.F.);
#375 = ORIENTED_EDGE('',*,*,#376,.T.);
#376 = EDGE_CURVE('',#22,#377,#379,.T.);
#377 = VERTEX_POINT('',#378);
#378 = CARTESIAN_POINT('',(-3.559580744855,-6.258648047593,3.));
#379 = SURFACE_CURVE('',#380,(#399,#421),.PCURVE_S1.);
#380 = B_SPLINE_CURVE_WITH_KNOTS('',5,(#381,#382,#383,#384,#385,#386,
    #387,#388,#389,#390,#391,#392,#393,#394,#395,#396,#397,#398),
  .UNSPECIFIED.,.F.,.F.,(6,4,4,4,6),(0.,0.228034036298,0.460290996855,
    0.726335639155,1.),.UNSPECIFIED.);
#381 = CARTESIAN_POINT('',(-6.377282325155,-0.538837611279,3.));
#382 = CARTESIAN_POINT('',(-6.39053500775,-0.840571065161,3.));
#383 = CARTESIAN_POINT('',(-6.385854666037,-1.143201695179,3.));
#384 = CARTESIAN_POINT('',(-6.363334302779,-1.445291019709,3.));
#385 = CARTESIAN_POINT('',(-6.323234280987,-1.745467136732,3.));
#386 = CARTESIAN_POINT('',(-6.20761487842,-2.344882914978,3.));
#387 = CARTESIAN_POINT('',(-6.131452496142,-2.644006621207,3.));
#388 = CARTESIAN_POINT('',(-6.037891330909,-2.938419650219,3.));
#389 = CARTESIAN_POINT('',(-5.927499348431,-3.22684628023,3.));
#390 = CARTESIAN_POINT('',(-5.656021866974,-3.830283660255,3.));
#391 = CARTESIAN_POINT('',(-5.48989529577,-4.143063401756,3.));
#392 = CARTESIAN_POINT('',(-5.303619946344,-4.44467329571,3.));
#393 = CARTESIAN_POINT('',(-5.098416199686,-4.733549518714,3.));
#394 = CARTESIAN_POINT('',(-4.646507646365,-5.290958759465,3.));
#395 = CARTESIAN_POINT('',(-4.398777617688,-5.558678238112,3.));
#396 = CARTESIAN_POINT('',(-4.133950494222,-5.809986374261,3.));
#397 = CARTESIAN_POINT('',(-3.853645506353,-6.04364610828,3.));
#398 = CARTESIAN_POINT('',(-3.559580744855,-6.258648047593,3.));
#399 = PCURVE('',#45,#400);
#400 = DEFINITIONAL_REPRESENTATION('',(#401),#420);
#401 = B_SPLINE_CURVE_WITH_KNOTS('',5,(#402,#403,#404,#405,#406,#407,
    #408,#409,#410,#411,#412,#413,#414,#415,#416,#417,#418,#419),
  .UNSPECIFIED.,.F.,.F.,(6,4,4,4,6),(0.,0.228034036298,0.460290996855,
    0.726335639155,1.),.UNSPECIFIED.);
#402 = CARTESIAN_POINT('',(-6.377282325155,-0.538837611279));
#403 = CARTESIAN_POINT('',(-6.39053500775,-0.840571065161));
#404 = CARTESIAN_POINT('',(-6.385854666037,-1.143201695179));
#405 = CARTESIAN_POINT('',(-6.363334302779,-1.445291019709));
#406 = CARTESIAN_POINT('',(-6.323234280987,-1.745467136732));
#407 = CARTESIAN_POINT('',(-6.20761487842,-2.344882914978));
#408 = CARTESIAN_POINT('',(-6.131452496142,-2.644006621207));
#409 = CARTESIAN_POINT('',(-6.037891330909,-2.938419650219));
#410 = CARTESIAN_POINT('',(-5.927499348431,-3.22684628023));
#411 = CARTESIAN_POINT('',(-5.656021866974,-3.830283660255));
#412 = CARTESIAN_POINT('',(-5.48989529577,-4.143063401756));
#413 = CARTESIAN_POINT('',(-5.303619946344,-4.44467329571));
#414 = CARTESIAN_POINT('',(-5.098416199686,-4.733549518714));
#415 = CARTESIAN_POINT('',(-4.646507646365,-5.290958759465));
#416 = CARTESIAN_POINT('',(-4.398777617688,-5.558678238112));
#417 = CARTESIAN_POINT('',(-4.133950494222,-5.809986374261));
#418 = CARTESIAN_POINT('',(-3.853645506353,-6.04364610828));
#419 = CARTESIAN_POINT('',(-3.559580744855,-6.258648047593));
#420 = ( GEOMETRIC_REPRESENTATION_CONTEXT(2) 
PARAMETRIC_REPRESENTATION_CONTEXT() REPRESENTATION_CONTEXT('2D SPACE',''
  ) );
#421 = PCURVE('',#258,#422);
#422 = DEFINITIONAL_REPRESENTATION('',(#423),#442);
#423 = B_SPLINE_CURVE_WITH_KNOTS('',5,(#424,#425,#426,#427,#428,#429,
    #430,#431,#432,#433,#434,#435,#436,#437,#438,#439,#440,#441),
  .UNSPECIFIED.,.F.,.F.,(6,4,4,4,6),(0.,0.228034036298,0.460290996855,
    0.726335639155,1.),.UNSPECIFIED.);
#424 = CARTESIAN_POINT('',(0.,9.237748231784E-02));
#425 = CARTESIAN_POINT('',(-4.45777156556E-02,0.143993909387));
#426 = CARTESIAN_POINT('',(-8.884412969452E-02,0.195249881115));
#427 = CARTESIAN_POINT('',(-0.132806873458,0.246154233792));
#428 = CARTESIAN_POINT('',(-0.176475017305,0.296717469958));
#429 = CARTESIAN_POINT('',(-0.264038294045,0.398106772352));
#430 = CARTESIAN_POINT('',(-0.307923290632,0.448921101776));
#431 = CARTESIAN_POINT('',(-0.351517061191,0.499398221299));
#432 = CARTESIAN_POINT('',(-0.39482811049,0.549547978571));
#433 = CARTESIAN_POINT('',(-0.48715721611,0.656455622479));
#434 = CARTESIAN_POINT('',(-0.536089777451,0.713114514691));
#435 = CARTESIAN_POINT('',(-0.58466927385,0.769364593874));
#436 = CARTESIAN_POINT('',(-0.632907344547,0.825219337078));
#437 = CARTESIAN_POINT('',(-0.730087539539,0.937744045412));
#438 = CARTESIAN_POINT('',(-0.77901132366,0.994392774499));
#439 = CARTESIAN_POINT('',(-0.8275913402,1.050643455953));
#440 = CARTESIAN_POINT('',(-0.875838722435,1.106508980964));
#441 = CARTESIAN_POINT('',(-0.923760430703,1.161997408892));
#442 = ( GEOMETRIC_REPRESENTATION_CONTEXT(2) 
PARAMETRIC_REPRESENTATION_CONTEXT() REPRESENTATION_CONTEXT('2D SPACE',''
  ) );
#443 = ORIENTED_EDGE('',*,*,#444,.F.);
#444 = EDGE_CURVE('',#445,#377,#447,.T.);
#445 = VERTEX_POINT('',#446);
#446 = CARTESIAN_POINT('',(-7.199999745508,-3.31572798108E-03,3.));
#447 = SURFACE_CURVE('',#448,(#471,#497),.PCURVE_S1.);
#448 = B_SPLINE_CURVE_WITH_KNOTS('',6,(#449,#450,#451,#452,#453,#454,
    #455,#456,#457,#458,#459,#460,#461,#462,#463,#464,#465,#466,#467,
    #468,#469,#470),.UNSPECIFIED.,.F.,.F.,(7,5,5,5,7),(0.,
    5.939435444184E-02,9.23911870707E-02,0.503744170475,1.),
  .UNSPECIFIED.);
#449 = CARTESIAN_POINT('',(-7.2,-3.315727981077E-03,3.));
#450 = CARTESIAN_POINT('',(-7.199965583109,-7.837958799229E-02,3.));
#451 = CARTESIAN_POINT('',(-7.198992287056,-0.153443019704,3.));
#452 = CARTESIAN_POINT('',(-7.19708007458,-0.228491337447,3.));
#453 = CARTESIAN_POINT('',(-7.194229220428,-0.303509863257,3.));
#454 = CARTESIAN_POINT('',(-7.190440311355,-0.378483926873,3.));
#455 = CARTESIAN_POINT('',(-7.183088656783,-0.495018237188,3.));
#456 = CARTESIAN_POINT('',(-7.180173822149,-0.536619361399,3.));
#457 = CARTESIAN_POINT('',(-7.176969896235,-0.578199725027,3.));
#458 = CARTESIAN_POINT('',(-7.173477062585,-0.619756816968,3.));
#459 = CARTESIAN_POINT('',(-7.169695534265,-0.66128812836,3.));
#460 = CARTESIAN_POINT('',(-7.114887393679,-1.22018605006,3.));
#461 = CARTESIAN_POINT('',(-7.019315928472,-1.733228425291,3.));
#462 = CARTESIAN_POINT('',(-6.879377184301,-2.23696341989,3.));
#463 = CARTESIAN_POINT('',(-6.696285024888,-2.72666677211,3.));
#464 = CARTESIAN_POINT('',(-6.47184068123,-3.197805318918,3.));
#465 = CARTESIAN_POINT('',(-5.890976964828,-4.186912235288,3.));
#466 = CARTESIAN_POINT('',(-5.516790395919,-4.694626838837,3.));
#467 = CARTESIAN_POINT('',(-5.090447506457,-5.161619174859,3.));
#468 = CARTESIAN_POINT('',(-4.617594980268,-5.581452881434,3.));
#469 = CARTESIAN_POINT('',(-4.104745523761,-5.948570005391,3.));
#470 = CARTESIAN_POINT('',(-3.559580744855,-6.258648047593,3.));
#471 = PCURVE('',#45,#472);
#472 = DEFINITIONAL_REPRESENTATION('',(#473),#496);
#473 = B_SPLINE_CURVE_WITH_KNOTS('',6,(#474,#475,#476,#477,#478,#479,
    #480,#481,#482,#483,#484,#485,#486,#487,#488,#489,#490,#491,#492,
    #493,#494,#495),.UNSPECIFIED.,.F.,.F.,(7,5,5,5,7),(0.,
    5.939435444184E-02,9.23911870707E-02,0.503744170475,1.),
  .UNSPECIFIED.);
#474 = CARTESIAN_POINT('',(-7.2,-3.315727981077E-03));
#475 = CARTESIAN_POINT('',(-7.199965583109,-7.837958799229E-02));
#476 = CARTESIAN_POINT('',(-7.198992287056,-0.153443019704));
#477 = CARTESIAN_POINT('',(-7.19708007458,-0.228491337447));
#478 = CARTESIAN_POINT('',(-7.194229220428,-0.303509863257));
#479 = CARTESIAN_POINT('',(-7.190440311355,-0.378483926873));
#480 = CARTESIAN_POINT('',(-7.183088656783,-0.495018237188));
#481 = CARTESIAN_POINT('',(-7.180173822149,-0.536619361399));
#482 = CARTESIAN_POINT('',(-7.176969896235,-0.578199725027));
#483 = CARTESIAN_POINT('',(-7.173477062585,-0.619756816968));
#484 = CARTESIAN_POINT('',(-7.169695534265,-0.66128812836));
#485 = CARTESIAN_POINT('',(-7.114887393679,-1.22018605006));
#486 = CARTESIAN_POINT('',(-7.019315928472,-1.733228425291));
#487 = CARTESIAN_POINT('',(-6.879377184301,-2.23696341989));
#488 = CARTESIAN_POINT('',(-6.696285024888,-2.72666677211));
#489 = CARTESIAN_POINT('',(-6.47184068123,-3.197805318918));
#490 = CARTESIAN_POINT('',(-5.890976964828,-4.186912235288));
#491 = CARTESIAN_POINT('',(-5.516790395919,-4.694626838837));
#492 = CARTESIAN_POINT('',(-5.090447506457,-5.161619174859));
#493 = CARTESIAN_POINT('',(-4.617594980268,-5.581452881434));
#494 = CARTESIAN_POINT('',(-4.104745523761,-5.948570005391));
#495 = CARTESIAN_POINT('',(-3.559580744855,-6.258648047593));
#496 = ( GEOMETRIC_REPRESENTATION_CONTEXT(2) 
PARAMETRIC_REPRESENTATION_CONTEXT() REPRESENTATION_CONTEXT('2D SPACE',''
  ) );
#497 = PCURVE('',#498,#523);
#498 = B_SPLINE_SURFACE_WITH_KNOTS('',1,11,(
    (#499,#500,#501,#502,#503,#504,#505,#506,#507,#508,#509,#510)
    ,(#511,#512,#513,#514,#515,#516,#517,#518,#519,#520,#521,#522
  )),.UNSPECIFIED.,.F.,.F.,.F.,(2,2),(12,12),(-1.103760430703,-0.),(0.,
    6.962644440466),.PIECEWISE_BEZIER_KNOTS.);
#499 = CARTESIAN_POINT('',(-7.2,3.651748649871E-02,3.600670723097));
#500 = CARTESIAN_POINT('',(-7.220858740308,-4.076112896414,
    3.873397995827));
#501 = CARTESIAN_POINT('',(-4.658230911926,-8.201753191663,
    4.146125268541));
#502 = CARTESIAN_POINT('',(0.502387409243,-10.53749023886,4.418852541303
    ));
#503 = CARTESIAN_POINT('',(6.827793932897,-9.265794117342,4.691579813972
    ));
#504 = CARTESIAN_POINT('',(11.566770955939,-3.865605192886,
    4.964307086765));
#505 = CARTESIAN_POINT('',(11.605386651413,3.748078949571,5.237034359445
    ));
#506 = CARTESIAN_POINT('',(6.921430073502,9.196059797453,5.509761632189)
  );
#507 = CARTESIAN_POINT('',(0.609248461329,10.531852162855,5.782488904921
    ));
#508 = CARTESIAN_POINT('',(-4.574796906471,8.248581937298,6.055216177639
    ));
#509 = CARTESIAN_POINT('',(-7.179141259784,4.14914786941,6.327943450371)
  );
#510 = CARTESIAN_POINT('',(-7.200000000115,3.651748649885E-02,
    6.600670723097));
#511 = CARTESIAN_POINT('',(-7.2,-3.651748649871E-02,2.499329276903));
#512 = CARTESIAN_POINT('',(-7.179141259693,-4.149147869348,
    2.772056549628));
#513 = CARTESIAN_POINT('',(-4.574796906333,-8.248581937165,
    3.044783822365));
#514 = CARTESIAN_POINT('',(0.609248461196,-10.53185216269,3.31751109507)
  );
#515 = CARTESIAN_POINT('',(6.921430073533,-9.196059797308,3.590238367823
    ));
#516 = CARTESIAN_POINT('',(11.605386651169,-3.748078949497,
    3.862965640548));
#517 = CARTESIAN_POINT('',(11.5667709557,3.865605192795,4.135692913234)
  );
#518 = CARTESIAN_POINT('',(6.827793932925,9.265794117234,4.408420186035)
  );
#519 = CARTESIAN_POINT('',(0.50238740911,10.537490238676,4.681147458691)
  );
#520 = CARTESIAN_POINT('',(-4.658230911787,8.201753191545,4.953874731462
    ));
#521 = CARTESIAN_POINT('',(-7.220858740217,4.076112896349,5.226602004172
    ));
#522 = CARTESIAN_POINT('',(-7.199999999885,-3.651748649886E-02,
    5.499329276903));
#523 = DEFINITIONAL_REPRESENTATION('',(#524),#547);
#524 = B_SPLINE_CURVE_WITH_KNOTS('',6,(#525,#526,#527,#528,#529,#530,
    #531,#532,#533,#534,#535,#536,#537,#538,#539,#540,#541,#542,#543,
    #544,#545,#546),.UNSPECIFIED.,.F.,.F.,(7,5,5,5,7),(0.,
    5.939435444184E-02,9.23911870707E-02,0.503744170475,1.),
  .UNSPECIFIED.);
#525 = CARTESIAN_POINT('',(-0.501770395435,0.));
#526 = CARTESIAN_POINT('',(-0.496803477945,1.150236304711E-02));
#527 = CARTESIAN_POINT('',(-0.491836558343,2.300473098308E-02));
#528 = CARTESIAN_POINT('',(-0.486869636845,3.450710330927E-02));
#529 = CARTESIAN_POINT('',(-0.481902713712,4.600947942261E-02));
#530 = CARTESIAN_POINT('',(-0.476935789249,5.751185861568E-02));
#531 = CARTESIAN_POINT('',(-0.469209463371,7.540444600558E-02));
#532 = CARTESIAN_POINT('',(-0.466450062607,8.179465269567E-02));
#533 = CARTESIAN_POINT('',(-0.463690661568,8.81848600229E-02));
#534 = CARTESIAN_POINT('',(-0.460931260308,9.45750678617E-02));
#535 = CARTESIAN_POINT('',(-0.458171858882,0.100965276085));
#536 = CARTESIAN_POINT('',(-0.421012547902,0.187018625323));
#537 = CARTESIAN_POINT('',(-0.386609753128,0.266688447913));
#538 = CARTESIAN_POINT('',(-0.352210449323,0.346350186137));
#539 = CARTESIAN_POINT('',(-0.317811233649,0.426011720266));
#540 = CARTESIAN_POINT('',(-0.28340876476,0.505680788173));
#541 = CARTESIAN_POINT('',(-0.207509724663,0.68144741118));
#542 = CARTESIAN_POINT('',(-0.166003046417,0.777568372108));
#543 = CARTESIAN_POINT('',(-0.124504757699,0.873669904606));
#544 = CARTESIAN_POINT('',(-8.300640518189E-02,0.96977158485));
#545 = CARTESIAN_POINT('',(-4.149958468686E-02,1.065892875195));
#546 = CARTESIAN_POINT('',(0.,1.161997408892));
#547 = ( GEOMETRIC_REPRESENTATION_CONTEXT(2) 
PARAMETRIC_REPRESENTATION_CONTEXT() REPRESENTATION_CONTEXT('2D SPACE',''
  ) );
#548 = ORIENTED_EDGE('',*,*,#549,.F.);
#549 = EDGE_CURVE('',#550,#445,#552,.T.);
#550 = VERTEX_POINT('',#551);
#551 = CARTESIAN_POINT('',(3.560215567846,6.258183850804,3.));
#552 = SURFACE_CURVE('',#553,(#558,#565),.PCURVE_S1.);
#553 = CIRCLE('',#554,7.2);
#554 = AXIS2_PLACEMENT_3D('',#555,#556,#557);
#555 = CARTESIAN_POINT('',(0.,0.,3.));
#556 = DIRECTION('',(0.,0.,1.));
#557 = DIRECTION('',(1.,0.,-0.));
#558 = PCURVE('',#45,#559);
#559 = DEFINITIONAL_REPRESENTATION('',(#560),#564);
#560 = CIRCLE('',#561,7.2);
#561 = AXIS2_PLACEMENT_2D('',#562,#563);
#562 = CARTESIAN_POINT('',(0.,0.));
#563 = DIRECTION('',(1.,0.));
#564 = ( GEOMETRIC_REPRESENTATION_CONTEXT(2) 
PARAMETRIC_REPRESENTATION_CONTEXT() REPRESENTATION_CONTEXT('2D SPACE',''
  ) );
#565 = PCURVE('',#566,#571);
#566 = CYLINDRICAL_SURFACE('',#567,7.2);
#567 = AXIS2_PLACEMENT_3D('',#568,#569,#570);
#568 = CARTESIAN_POINT('',(0.,0.,0.));
#569 = DIRECTION('',(0.,0.,1.));
#570 = DIRECTION('',(1.,0.,0.));
#571 = DEFINITIONAL_REPRESENTATION('',(#572),#576);
#572 = LINE('',#573,#574);
#573 = CARTESIAN_POINT('',(0.,3.));
#574 = VECTOR('',#575,1.);
#575 = DIRECTION('',(1.,0.));
#576 = ( GEOMETRIC_REPRESENTATION_CONTEXT(2) 
PARAMETRIC_REPRESENTATION_CONTEXT() REPRESENTATION_CONTEXT('2D SPACE',''
  ) );
#577 = ORIENTED_EDGE('',*,*,#578,.T.);
#578 = EDGE_CURVE('',#550,#579,#581,.T.);
#579 = VERTEX_POINT('',#580);
#580 = CARTESIAN_POINT('',(3.559580744855,6.258648047593,3.));
#581 = SURFACE_CURVE('',#582,(#601,#623),.PCURVE_S1.);
#582 = B_SPLINE_CURVE_WITH_KNOTS('',5,(#583,#584,#585,#586,#587,#588,
    #589,#590,#591,#592,#593,#594,#595,#596,#597,#598,#599,#600),
  .UNSPECIFIED.,.F.,.F.,(6,4,4,4,6),(0.,0.228034036298,0.460290996855,
    0.726335639155,1.),.UNSPECIFIED.);
#583 = CARTESIAN_POINT('',(6.377282325155,0.538837611279,3.));
#584 = CARTESIAN_POINT('',(6.39053500775,0.840571065161,3.));
#585 = CARTESIAN_POINT('',(6.385854666037,1.143201695179,3.));
#586 = CARTESIAN_POINT('',(6.36333430278,1.445291019709,3.));
#587 = CARTESIAN_POINT('',(6.323234280987,1.745467136732,3.));
#588 = CARTESIAN_POINT('',(6.20761487842,2.344882914978,3.));
#589 = CARTESIAN_POINT('',(6.131452496142,2.644006621207,3.));
#590 = CARTESIAN_POINT('',(6.037891330909,2.938419650219,3.));
#591 = CARTESIAN_POINT('',(5.927499348431,3.22684628023,3.));
#592 = CARTESIAN_POINT('',(5.656021866974,3.830283660255,3.));
#593 = CARTESIAN_POINT('',(5.48989529577,4.143063401756,3.));
#594 = CARTESIAN_POINT('',(5.303619946345,4.44467329571,3.));
#595 = CARTESIAN_POINT('',(5.098416199686,4.733549518714,3.));
#596 = CARTESIAN_POINT('',(4.646507646365,5.290958759465,3.));
#597 = CARTESIAN_POINT('',(4.398777617689,5.558678238112,3.));
#598 = CARTESIAN_POINT('',(4.133950494222,5.809986374261,3.));
#599 = CARTESIAN_POINT('',(3.853645506353,6.04364610828,3.));
#600 = CARTESIAN_POINT('',(3.559580744855,6.258648047593,3.));
#601 = PCURVE('',#45,#602);
#602 = DEFINITIONAL_REPRESENTATION('',(#603),#622);
#603 = B_SPLINE_CURVE_WITH_KNOTS('',5,(#604,#605,#606,#607,#608,#609,
    #610,#611,#612,#613,#614,#615,#616,#617,#618,#619,#620,#621),
  .UNSPECIFIED.,.F.,.F.,(6,4,4,4,6),(0.,0.228034036298,0.460290996855,
    0.726335639155,1.),.UNSPECIFIED.);
#604 = CARTESIAN_POINT('',(6.377282325155,0.538837611279));
#605 = CARTESIAN_POINT('',(6.39053500775,0.840571065161));
#606 = CARTESIAN_POINT('',(6.385854666037,1.143201695179));
#607 = CARTESIAN_POINT('',(6.36333430278,1.445291019709));
#608 = CARTESIAN_POINT('',(6.323234280987,1.745467136732));
#609 = CARTESIAN_POINT('',(6.20761487842,2.344882914978));
#610 = CARTESIAN_POINT('',(6.131452496142,2.644006621207));
#611 = CARTESIAN_POINT('',(6.037891330909,2.938419650219));
#612 = CARTESIAN_POINT('',(5.927499348431,3.22684628023));
#613 = CARTESIAN_POINT('',(5.656021866974,3.830283660255));
#614 = CARTESIAN_POINT('',(5.48989529577,4.143063401756));
#615 = CARTESIAN_POINT('',(5.303619946345,4.44467329571));
#616 = CARTESIAN_POINT('',(5.098416199686,4.733549518714));
#617 = CARTESIAN_POINT('',(4.646507646365,5.290958759465));
#618 = CARTESIAN_POINT('',(4.398777617689,5.558678238112));
#619 = CARTESIAN_POINT('',(4.133950494222,5.809986374261));
#620 = CARTESIAN_POINT('',(3.853645506353,6.04364610828));
#621 = CARTESIAN_POINT('',(3.559580744855,6.258648047593));
#622 = ( GEOMETRIC_REPRESENTATION_CONTEXT(2) 
PARAMETRIC_REPRESENTATION_CONTEXT() REPRESENTATION_CONTEXT('2D SPACE',''
  ) );
#623 = PCURVE('',#624,#649);
#624 = B_SPLINE_SURFACE_WITH_KNOTS('',1,11,(
    (#625,#626,#627,#628,#629,#630,#631,#632,#633,#634,#635,#636)
    ,(#637,#638,#639,#640,#641,#642,#643,#644,#645,#646,#647,#648
  )),.UNSPECIFIED.,.F.,.F.,.F.,(2,2),(12,12),(-0.923760430703,-0.),(0.,
    6.962644440466),.PIECEWISE_BEZIER_KNOTS.);
#625 = CARTESIAN_POINT('',(7.2,3.651748649871E-02,2.499329276903));
#626 = CARTESIAN_POINT('',(7.179141259693,4.149147869348,2.772056549628)
  );
#627 = CARTESIAN_POINT('',(4.574796906333,8.248581937166,3.044783822366)
  );
#628 = CARTESIAN_POINT('',(-0.609248461195,10.531852162698,
    3.317511095069));
#629 = CARTESIAN_POINT('',(-6.921430073534,9.196059797309,3.590238367825
    ));
#630 = CARTESIAN_POINT('',(-11.60538665116,3.748078949495,3.862965640545
    ));
#631 = CARTESIAN_POINT('',(-11.5667709557,-3.865605192793,4.135692913236
    ));
#632 = CARTESIAN_POINT('',(-6.827793932924,-9.265794117235,
    4.408420186033));
#633 = CARTESIAN_POINT('',(-0.50238740911,-10.53749023867,4.681147458692
    ));
#634 = CARTESIAN_POINT('',(4.658230911787,-8.201753191545,4.953874731461
    ));
#635 = CARTESIAN_POINT('',(7.220858740217,-4.076112896348,5.226602004172
    ));
#636 = CARTESIAN_POINT('',(7.199999999885,3.651748649886E-02,
    5.499329276903));
#637 = CARTESIAN_POINT('',(6.4,5.955230308055E-03,2.960197242626));
#638 = CARTESIAN_POINT('',(6.396598380273,3.661626672326,3.232924515884)
  );
#639 = CARTESIAN_POINT('',(4.096764757646,7.315078497913,3.505651786591)
  );
#640 = CARTESIAN_POINT('',(-0.502773776211,9.363692301634,3.778379064585
    ));
#641 = CARTESIAN_POINT('',(-6.11840126338,8.199582604894,4.051106327362)
  );
#642 = CARTESIAN_POINT('',(-10.3018854159,3.374276187938,4.323833614373)
  );
#643 = CARTESIAN_POINT('',(-10.29558801207,-3.393442234461,
    4.596560870936));
#644 = CARTESIAN_POINT('',(-6.103131187705,-8.210954798756,
    4.869288158282));
#645 = CARTESIAN_POINT('',(-0.485346996977,-9.364611752657,
    5.142015420625));
#646 = CARTESIAN_POINT('',(4.110371080677,-7.307441719169,5.414742698928
    ));
#647 = CARTESIAN_POINT('',(6.403401619707,-3.649716211719,5.687469969498
    ));
#648 = CARTESIAN_POINT('',(6.399999999981,5.955230296875E-03,
    5.960197242792));
#649 = DEFINITIONAL_REPRESENTATION('',(#650),#669);
#650 = B_SPLINE_CURVE_WITH_KNOTS('',5,(#651,#652,#653,#654,#655,#656,
    #657,#658,#659,#660,#661,#662,#663,#664,#665,#666,#667,#668),
  .UNSPECIFIED.,.F.,.F.,(6,4,4,4,6),(0.,0.228034036298,0.460290996855,
    0.726335639155,1.),.UNSPECIFIED.);
#651 = CARTESIAN_POINT('',(0.,9.237748231785E-02));
#652 = CARTESIAN_POINT('',(-4.457771565558E-02,0.143993909387));
#653 = CARTESIAN_POINT('',(-8.884412969457E-02,0.195249881115));
#654 = CARTESIAN_POINT('',(-0.132806873458,0.246154233792));
#655 = CARTESIAN_POINT('',(-0.176475017305,0.296717469958));
#656 = CARTESIAN_POINT('',(-0.264038294045,0.398106772352));
#657 = CARTESIAN_POINT('',(-0.307923290632,0.448921101776));
#658 = CARTESIAN_POINT('',(-0.351517061191,0.499398221299));
#659 = CARTESIAN_POINT('',(-0.39482811049,0.549547978571));
#660 = CARTESIAN_POINT('',(-0.48715721611,0.656455622479));
#661 = CARTESIAN_POINT('',(-0.536089777451,0.713114514691));
#662 = CARTESIAN_POINT('',(-0.58466927385,0.769364593874));
#663 = CARTESIAN_POINT('',(-0.632907344547,0.825219337078));
#664 = CARTESIAN_POINT('',(-0.730087539539,0.937744045412));
#665 = CARTESIAN_POINT('',(-0.77901132366,0.994392774499));
#666 = CARTESIAN_POINT('',(-0.8275913402,1.050643455953));
#667 = CARTESIAN_POINT('',(-0.875838722435,1.106508980964));
#668 = CARTESIAN_POINT('',(-0.923760430703,1.161997408892));
#669 = ( GEOMETRIC_REPRESENTATION_CONTEXT(2) 
PARAMETRIC_REPRESENTATION_CONTEXT() REPRESENTATION_CONTEXT('2D SPACE',''
  ) );
#670 = ORIENTED_EDGE('',*,*,#671,.F.);
#671 = EDGE_CURVE('',#352,#579,#672,.T.);
#672 = SURFACE_CURVE('',#673,(#696,#722),.PCURVE_S1.);
#673 = B_SPLINE_CURVE_WITH_KNOTS('',6,(#674,#675,#676,#677,#678,#679,
    #680,#681,#682,#683,#684,#685,#686,#687,#688,#689,#690,#691,#692,
    #693,#694,#695),.UNSPECIFIED.,.F.,.F.,(7,5,5,5,7),(0.,
    5.939435444181E-02,9.239118707065E-02,0.503744170474,1.),
  .UNSPECIFIED.);
#674 = CARTESIAN_POINT('',(7.2,3.315727981079E-03,3.));
#675 = CARTESIAN_POINT('',(7.199965583109,7.83795879923E-02,3.));
#676 = CARTESIAN_POINT('',(7.198992287056,0.153443019704,3.));
#677 = CARTESIAN_POINT('',(7.19708007458,0.228491337447,3.));
#678 = CARTESIAN_POINT('',(7.194229220428,0.303509863257,3.));
#679 = CARTESIAN_POINT('',(7.190440311355,0.378483926873,3.));
#680 = CARTESIAN_POINT('',(7.183088656783,0.495018237188,3.));
#681 = CARTESIAN_POINT('',(7.180173822149,0.536619361399,3.));
#682 = CARTESIAN_POINT('',(7.176969896235,0.578199725027,3.));
#683 = CARTESIAN_POINT('',(7.173477062585,0.619756816968,3.));
#684 = CARTESIAN_POINT('',(7.169695534265,0.66128812836,3.));
#685 = CARTESIAN_POINT('',(7.114887393679,1.22018605006,3.));
#686 = CARTESIAN_POINT('',(7.019315928472,1.733228425291,3.));
#687 = CARTESIAN_POINT('',(6.879377184301,2.236963419891,3.));
#688 = CARTESIAN_POINT('',(6.696285024888,2.726666772109,3.));
#689 = CARTESIAN_POINT('',(6.47184068123,3.197805318918,3.));
#690 = CARTESIAN_POINT('',(5.890976964828,4.186912235288,3.));
#691 = CARTESIAN_POINT('',(5.516790395919,4.694626838837,3.));
#692 = CARTESIAN_POINT('',(5.090447506457,5.161619174859,3.));
#693 = CARTESIAN_POINT('',(4.617594980268,5.581452881434,3.));
#694 = CARTESIAN_POINT('',(4.104745523761,5.948570005391,3.));
#695 = CARTESIAN_POINT('',(3.559580744855,6.258648047593,3.));
#696 = PCURVE('',#45,#697);
#697 = DEFINITIONAL_REPRESENTATION('',(#698),#721);
#698 = B_SPLINE_CURVE_WITH_KNOTS('',6,(#699,#700,#701,#702,#703,#704,
    #705,#706,#707,#708,#709,#710,#711,#712,#713,#714,#715,#716,#717,
    #718,#719,#720),.UNSPECIFIED.,.F.,.F.,(7,5,5,5,7),(0.,
    5.939435444181E-02,9.239118707065E-02,0.503744170474,1.),
  .UNSPECIFIED.);
#699 = CARTESIAN_POINT('',(7.2,3.315727981079E-03));
#700 = CARTESIAN_POINT('',(7.199965583109,7.83795879923E-02));
#701 = CARTESIAN_POINT('',(7.198992287056,0.153443019704));
#702 = CARTESIAN_POINT('',(7.19708007458,0.228491337447));
#703 = CARTESIAN_POINT('',(7.194229220428,0.303509863257));
#704 = CARTESIAN_POINT('',(7.190440311355,0.378483926873));
#705 = CARTESIAN_POINT('',(7.183088656783,0.495018237188));
#706 = CARTESIAN_POINT('',(7.180173822149,0.536619361399));
#707 = CARTESIAN_POINT('',(7.176969896235,0.578199725027));
#708 = CARTESIAN_POINT('',(7.173477062585,0.619756816968));
#709 = CARTESIAN_POINT('',(7.169695534265,0.66128812836));
#710 = CARTESIAN_POINT('',(7.114887393679,1.22018605006));
#711 = CARTESIAN_POINT('',(7.019315928472,1.733228425291));
#712 = CARTESIAN_POINT('',(6.879377184301,2.236963419891));
#713 = CARTESIAN_POINT('',(6.696285024888,2.726666772109));
#714 = CARTESIAN_POINT('',(6.47184068123,3.197805318918));
#715 = CARTESIAN_POINT('',(5.890976964828,4.186912235288));
#716 = CARTESIAN_POINT('',(5.516790395919,4.694626838837));
#717 = CARTESIAN_POINT('',(5.090447506457,5.161619174859));
#718 = CARTESIAN_POINT('',(4.617594980268,5.581452881434));
#719 = CARTESIAN_POINT('',(4.104745523761,5.948570005391));
#720 = CARTESIAN_POINT('',(3.559580744855,6.258648047593));
#721 = ( GEOMETRIC_REPRESENTATION_CONTEXT(2) 
PARAMETRIC_REPRESENTATION_CONTEXT() REPRESENTATION_CONTEXT('2D SPACE',''
  ) );
#722 = PCURVE('',#723,#748);
#723 = B_SPLINE_SURFACE_WITH_KNOTS('',1,11,(
    (#724,#725,#726,#727,#728,#729,#730,#731,#732,#733,#734,#735)
    ,(#736,#737,#738,#739,#740,#741,#742,#743,#744,#745,#746,#747
  )),.UNSPECIFIED.,.F.,.F.,.F.,(2,2),(12,12),(-1.103760430703,-0.),(0.,
    6.962644440466),.PIECEWISE_BEZIER_KNOTS.);
#724 = CARTESIAN_POINT('',(7.2,-3.651748649872E-02,3.600670723097));
#725 = CARTESIAN_POINT('',(7.220858740308,4.076112896414,3.873397995827)
  );
#726 = CARTESIAN_POINT('',(4.658230911926,8.201753191663,4.146125268541)
  );
#727 = CARTESIAN_POINT('',(-0.502387409243,10.537490238862,
    4.418852541303));
#728 = CARTESIAN_POINT('',(-6.827793932897,9.265794117343,4.691579813973
    ));
#729 = CARTESIAN_POINT('',(-11.56677095593,3.865605192884,4.964307086764
    ));
#730 = CARTESIAN_POINT('',(-11.60538665141,-3.748078949569,
    5.237034359446));
#731 = CARTESIAN_POINT('',(-6.921430073501,-9.196059797454,
    5.509761632188));
#732 = CARTESIAN_POINT('',(-0.60924846133,-10.53185216285,5.782488904921
    ));
#733 = CARTESIAN_POINT('',(4.574796906471,-8.248581937298,6.055216177639
    ));
#734 = CARTESIAN_POINT('',(7.179141259784,-4.14914786941,6.327943450371)
  );
#735 = CARTESIAN_POINT('',(7.200000000115,-3.651748649884E-02,
    6.600670723097));
#736 = CARTESIAN_POINT('',(7.2,3.651748649872E-02,2.499329276903));
#737 = CARTESIAN_POINT('',(7.179141259693,4.149147869348,2.772056549628)
  );
#738 = CARTESIAN_POINT('',(4.574796906333,8.248581937166,3.044783822365)
  );
#739 = CARTESIAN_POINT('',(-0.609248461195,10.531852162698,3.31751109507
    ));
#740 = CARTESIAN_POINT('',(-6.921430073535,9.196059797309,3.590238367823
    ));
#741 = CARTESIAN_POINT('',(-11.60538665116,3.748078949495,3.862965640548
    ));
#742 = CARTESIAN_POINT('',(-11.5667709557,-3.865605192793,4.135692913234
    ));
#743 = CARTESIAN_POINT('',(-6.827793932923,-9.265794117235,
    4.408420186035));
#744 = CARTESIAN_POINT('',(-0.502387409111,-10.53749023867,
    4.681147458691));
#745 = CARTESIAN_POINT('',(4.658230911787,-8.201753191545,4.953874731462
    ));
#746 = CARTESIAN_POINT('',(7.220858740217,-4.076112896348,5.226602004172
    ));
#747 = CARTESIAN_POINT('',(7.199999999885,3.651748649885E-02,
    5.499329276903));
#748 = DEFINITIONAL_REPRESENTATION('',(#749),#772);
#749 = B_SPLINE_CURVE_WITH_KNOTS('',6,(#750,#751,#752,#753,#754,#755,
    #756,#757,#758,#759,#760,#761,#762,#763,#764,#765,#766,#767,#768,
    #769,#770,#771),.UNSPECIFIED.,.F.,.F.,(7,5,5,5,7),(0.,
    5.939435444181E-02,9.239118707065E-02,0.503744170474,1.),
  .UNSPECIFIED.);
#750 = CARTESIAN_POINT('',(-0.501770395435,0.));
#751 = CARTESIAN_POINT('',(-0.496803477945,1.150236304711E-02));
#752 = CARTESIAN_POINT('',(-0.491836558343,2.300473098309E-02));
#753 = CARTESIAN_POINT('',(-0.486869636845,3.450710330927E-02));
#754 = CARTESIAN_POINT('',(-0.481902713712,4.600947942261E-02));
#755 = CARTESIAN_POINT('',(-0.476935789249,5.751185861568E-02));
#756 = CARTESIAN_POINT('',(-0.469209463371,7.540444600559E-02));
#757 = CARTESIAN_POINT('',(-0.466450062607,8.179465269567E-02));
#758 = CARTESIAN_POINT('',(-0.463690661568,8.81848600229E-02));
#759 = CARTESIAN_POINT('',(-0.460931260308,9.45750678617E-02));
#760 = CARTESIAN_POINT('',(-0.458171858882,0.100965276085));
#761 = CARTESIAN_POINT('',(-0.421012547902,0.187018625323));
#762 = CARTESIAN_POINT('',(-0.386609753128,0.266688447913));
#763 = CARTESIAN_POINT('',(-0.352210449323,0.346350186137));
#764 = CARTESIAN_POINT('',(-0.317811233649,0.426011720266));
#765 = CARTESIAN_POINT('',(-0.28340876476,0.505680788173));
#766 = CARTESIAN_POINT('',(-0.207509724663,0.68144741118));
#767 = CARTESIAN_POINT('',(-0.166003046417,0.777568372108));
#768 = CARTESIAN_POINT('',(-0.124504757699,0.873669904606));
#769 = CARTESIAN_POINT('',(-8.30064051819E-02,0.96977158485));
#770 = CARTESIAN_POINT('',(-4.149958468686E-02,1.065892875195));
#771 = CARTESIAN_POINT('',(0.,1.161997408892));
#772 = ( GEOMETRIC_REPRESENTATION_CONTEXT(2) 
PARAMETRIC_REPRESENTATION_CONTEXT() REPRESENTATION_CONTEXT('2D SPACE',''
  ) );
#773 = ADVANCED_FACE('',(#774),#258,.F.);
#774 = FACE_BOUND('',#775,.F.);
#775 = EDGE_LOOP('',(#776,#807,#833,#887,#933,#1077,#1078));
#776 = ORIENTED_EDGE('',*,*,#777,.F.);
#777 = EDGE_CURVE('',#778,#377,#780,.T.);
#778 = VERTEX_POINT('',#779);
#779 = CARTESIAN_POINT('',(-7.2,-3.651748649871E-02,2.499329276903));
#780 = SURFACE_CURVE('',#781,(#794,#800),.PCURVE_S1.);
#781 = B_SPLINE_CURVE_WITH_KNOTS('',11,(#782,#783,#784,#785,#786,#787,
    #788,#789,#790,#791,#792,#793),.UNSPECIFIED.,.F.,.F.,(12,12),(0.,
    6.962644440466),.PIECEWISE_BEZIER_KNOTS.);
#782 = CARTESIAN_POINT('',(-7.2,-3.651748649871E-02,2.499329276903));
#783 = CARTESIAN_POINT('',(-7.179141259693,-4.149147869348,
    2.772056549628));
#784 = CARTESIAN_POINT('',(-4.574796906333,-8.248581937165,
    3.044783822365));
#785 = CARTESIAN_POINT('',(0.609248461196,-10.53185216269,3.31751109507)
  );
#786 = CARTESIAN_POINT('',(6.921430073533,-9.196059797308,3.590238367823
    ));
#787 = CARTESIAN_POINT('',(11.605386651169,-3.748078949497,
    3.862965640548));
#788 = CARTESIAN_POINT('',(11.5667709557,3.865605192795,4.135692913234)
  );
#789 = CARTESIAN_POINT('',(6.827793932925,9.265794117234,4.408420186035)
  );
#790 = CARTESIAN_POINT('',(0.50238740911,10.537490238676,4.681147458691)
  );
#791 = CARTESIAN_POINT('',(-4.658230911787,8.201753191545,4.953874731462
    ));
#792 = CARTESIAN_POINT('',(-7.220858740217,4.076112896349,5.226602004172
    ));
#793 = CARTESIAN_POINT('',(-7.199999999885,-3.651748649886E-02,
    5.499329276903));
#794 = PCURVE('',#258,#795);
#795 = DEFINITIONAL_REPRESENTATION('',(#796),#799);
#796 = B_SPLINE_CURVE_WITH_KNOTS('',1,(#797,#798),.UNSPECIFIED.,.F.,.F.,
  (2,2),(0.,6.962644440466),.PIECEWISE_BEZIER_KNOTS.);
#797 = CARTESIAN_POINT('',(-0.923760430703,0.));
#798 = CARTESIAN_POINT('',(-0.923760430703,6.962644440466));
#799 = ( GEOMETRIC_REPRESENTATION_CONTEXT(2) 
PARAMETRIC_REPRESENTATION_CONTEXT() REPRESENTATION_CONTEXT('2D SPACE',''
  ) );
#800 = PCURVE('',#498,#801);
#801 = DEFINITIONAL_REPRESENTATION('',(#802),#806);
#802 = LINE('',#803,#804);
#803 = CARTESIAN_POINT('',(-0.,0.));
#804 = VECTOR('',#805,1.);
#805 = DIRECTION('',(0.,1.));
#806 = ( GEOMETRIC_REPRESENTATION_CONTEXT(2) 
PARAMETRIC_REPRESENTATION_CONTEXT() REPRESENTATION_CONTEXT('2D SPACE',''
  ) );
#807 = ORIENTED_EDGE('',*,*,#808,.T.);
#808 = EDGE_CURVE('',#778,#809,#811,.T.);
#809 = VERTEX_POINT('',#810);
#810 = CARTESIAN_POINT('',(-6.4,-5.955230308068E-03,2.960197242626));
#811 = SURFACE_CURVE('',#812,(#815,#822),.PCURVE_S1.);
#812 = B_SPLINE_CURVE_WITH_KNOTS('',1,(#813,#814),.UNSPECIFIED.,.F.,.F.,
  (2,2),(-0.923760430703,-0.),.PIECEWISE_BEZIER_KNOTS.);
#813 = CARTESIAN_POINT('',(-7.2,-3.651748649871E-02,2.499329276903));
#814 = CARTESIAN_POINT('',(-6.4,-5.955230308071E-03,2.960197242626));
#815 = PCURVE('',#258,#816);
#816 = DEFINITIONAL_REPRESENTATION('',(#817),#821);
#817 = LINE('',#818,#819);
#818 = CARTESIAN_POINT('',(0.,0.));
#819 = VECTOR('',#820,1.);
#820 = DIRECTION('',(1.,0.));
#821 = ( GEOMETRIC_REPRESENTATION_CONTEXT(2) 
PARAMETRIC_REPRESENTATION_CONTEXT() REPRESENTATION_CONTEXT('2D SPACE',''
  ) );
#822 = PCURVE('',#823,#828);
#823 = PLANE('',#824);
#824 = AXIS2_PLACEMENT_3D('',#825,#826,#827);
#825 = CARTESIAN_POINT('',(-6.918004145208,-3.238810625856E-16,3.05));
#826 = DIRECTION('',(-8.481223542229E-16,-0.997808415267,
    6.616922564517E-02));
#827 = DIRECTION('',(0.,-6.616922564517E-02,-0.997808415267));
#828 = DEFINITIONAL_REPRESENTATION('',(#829),#832);
#829 = B_SPLINE_CURVE_WITH_KNOTS('',1,(#830,#831),.UNSPECIFIED.,.F.,.F.,
  (2,2),(-0.923760430703,-0.),.PIECEWISE_BEZIER_KNOTS.);
#830 = CARTESIAN_POINT('',(0.551880215352,-0.281995854792));
#831 = CARTESIAN_POINT('',(9.E-02,0.518004145208));
#832 = ( GEOMETRIC_REPRESENTATION_CONTEXT(2) 
PARAMETRIC_REPRESENTATION_CONTEXT() REPRESENTATION_CONTEXT('2D SPACE',''
  ) );
#833 = ORIENTED_EDGE('',*,*,#834,.T.);
#834 = EDGE_CURVE('',#809,#835,#837,.T.);
#835 = VERTEX_POINT('',#836);
#836 = CARTESIAN_POINT('',(-6.399999999981,-5.955230296862E-03,
    5.960197242792));
#837 = SURFACE_CURVE('',#838,(#851,#858),.PCURVE_S1.);
#838 = B_SPLINE_CURVE_WITH_KNOTS('',11,(#839,#840,#841,#842,#843,#844,
    #845,#846,#847,#848,#849,#850),.UNSPECIFIED.,.F.,.F.,(12,12),(0.,
    6.962644440466),.PIECEWISE_BEZIER_KNOTS.);
#839 = CARTESIAN_POINT('',(-6.4,-5.955230308071E-03,2.960197242626));
#840 = CARTESIAN_POINT('',(-6.396598380273,-3.661626672326,
    3.232924515884));
#841 = CARTESIAN_POINT('',(-4.096764757647,-7.315078497912,
    3.505651786591));
#842 = CARTESIAN_POINT('',(0.502773776212,-9.363692301635,3.778379064586
    ));
#843 = CARTESIAN_POINT('',(6.118401263378,-8.199582604892,4.051106327361
    ));
#844 = CARTESIAN_POINT('',(10.301885415903,-3.37427618794,4.323833614374
    ));
#845 = CARTESIAN_POINT('',(10.295588012071,3.393442234462,4.596560870935
    ));
#846 = CARTESIAN_POINT('',(6.103131187706,8.210954798755,4.869288158283)
  );
#847 = CARTESIAN_POINT('',(0.485346996976,9.364611752657,5.142015420625)
  );
#848 = CARTESIAN_POINT('',(-4.110371080677,7.307441719169,5.414742698928
    ));
#849 = CARTESIAN_POINT('',(-6.403401619707,3.649716211719,5.687469969497
    ));
#850 = CARTESIAN_POINT('',(-6.399999999981,-5.955230296856E-03,
    5.960197242792));
#851 = PCURVE('',#258,#852);
#852 = DEFINITIONAL_REPRESENTATION('',(#853),#857);
#853 = LINE('',#854,#855);
#854 = CARTESIAN_POINT('',(-0.,0.));
#855 = VECTOR('',#856,1.);
#856 = DIRECTION('',(0.,1.));
#857 = ( GEOMETRIC_REPRESENTATION_CONTEXT(2) 
PARAMETRIC_REPRESENTATION_CONTEXT() REPRESENTATION_CONTEXT('2D SPACE',''
  ) );
#858 = PCURVE('',#859,#882);
#859 = B_SPLINE_SURFACE_WITH_KNOTS('',1,10,(
    (#860,#861,#862,#863,#864,#865,#866,#867,#868,#869,#870)
    ,(#871,#872,#873,#874,#875,#876,#877,#878,#879,#880,#881
  )),.UNSPECIFIED.,.F.,.F.,.F.,(2,2),(11,11),(-0.18,-0.),(0.,
    6.962644440466),.PIECEWISE_BEZIER_KNOTS.);
#860 = CARTESIAN_POINT('',(-6.4,-5.955230308068E-03,2.960197242626));
#861 = CARTESIAN_POINT('',(-6.396258218301,-4.027193816528,3.26019724321
    ));
#862 = CARTESIAN_POINT('',(-3.585763107031,-8.049054802095,3.56019724124
    ));
#863 = CARTESIAN_POINT('',(2.035957182964,-9.837420215082,3.860197245082
    ));
#864 = CARTESIAN_POINT('',(8.451277664934,-7.318707253015,4.160197240826
    ));
#865 = CARTESIAN_POINT('',(11.843967090378,1.102086738244E-02,
    4.460197242381));
#866 = CARTESIAN_POINT('',(8.437642859702,7.334422473644,4.760197245137)
  );
#867 = CARTESIAN_POINT('',(2.017646139403,9.841192112108,5.060197240002)
  );
#868 = CARTESIAN_POINT('',(-3.600736250926,8.042367730434,5.36019724431)
  );
#869 = CARTESIAN_POINT('',(-6.403741781679,4.01528335592,5.660197242168)
  );
#870 = CARTESIAN_POINT('',(-6.399999999981,-5.955230296862E-03,
    5.960197242792));
#871 = CARTESIAN_POINT('',(-6.4,5.955230308066E-03,3.139802757374));
#872 = CARTESIAN_POINT('',(-6.403741781701,-4.015283355923,
    3.439802757959));
#873 = CARTESIAN_POINT('',(-3.600736250961,-8.042367730437,
    3.739802755984));
#874 = CARTESIAN_POINT('',(2.017646139421,-9.841192112174,4.03980275984)
  );
#875 = CARTESIAN_POINT('',(8.437642859663,-7.334422473622,4.339802755558
    ));
#876 = CARTESIAN_POINT('',(11.843967090475,-1.102086747049E-02,
    4.639802757149));
#877 = CARTESIAN_POINT('',(8.451277664913,7.318707253078,4.939802759868)
  );
#878 = CARTESIAN_POINT('',(2.035957183025,9.837420215073,5.23980275476)
  );
#879 = CARTESIAN_POINT('',(-3.585763107044,8.049054802137,5.539802759054
    ));
#880 = CARTESIAN_POINT('',(-6.396258218307,4.027193816548,5.839802756917
    ));
#881 = CARTESIAN_POINT('',(-6.400000000019,5.955230319314E-03,
    6.13980275754));
#882 = DEFINITIONAL_REPRESENTATION('',(#883),#886);
#883 = B_SPLINE_CURVE_WITH_KNOTS('',1,(#884,#885),.UNSPECIFIED.,.F.,.F.,
  (2,2),(0.,6.962644440466),.PIECEWISE_BEZIER_KNOTS.);
#884 = CARTESIAN_POINT('',(-0.18,0.));
#885 = CARTESIAN_POINT('',(-0.18,6.962644440466));
#886 = ( GEOMETRIC_REPRESENTATION_CONTEXT(2) 
PARAMETRIC_REPRESENTATION_CONTEXT() REPRESENTATION_CONTEXT('2D SPACE',''
  ) );
#887 = ORIENTED_EDGE('',*,*,#888,.F.);
#888 = EDGE_CURVE('',#889,#835,#891,.T.);
#889 = VERTEX_POINT('',#890);
#890 = CARTESIAN_POINT('',(-7.199907411315,-3.651394935435E-02,
    5.499382615785));
#891 = SURFACE_CURVE('',#892,(#895,#902),.PCURVE_S1.);
#892 = B_SPLINE_CURVE_WITH_KNOTS('',1,(#893,#894),.UNSPECIFIED.,.F.,.F.,
  (2,2),(-0.923760430703,-0.),.PIECEWISE_BEZIER_KNOTS.);
#893 = CARTESIAN_POINT('',(-7.199999999885,-3.651748649886E-02,
    5.499329276903));
#894 = CARTESIAN_POINT('',(-6.399999999981,-5.955230296856E-03,
    5.960197242792));
#895 = PCURVE('',#258,#896);
#896 = DEFINITIONAL_REPRESENTATION('',(#897),#901);
#897 = LINE('',#898,#899);
#898 = CARTESIAN_POINT('',(0.,6.962644440466));
#899 = VECTOR('',#900,1.);
#900 = DIRECTION('',(1.,0.));
#901 = ( GEOMETRIC_REPRESENTATION_CONTEXT(2) 
PARAMETRIC_REPRESENTATION_CONTEXT() REPRESENTATION_CONTEXT('2D SPACE',''
  ) );
#902 = PCURVE('',#903,#928);
#903 = B_SPLINE_SURFACE_WITH_KNOTS('',1,11,(
    (#904,#905,#906,#907,#908,#909,#910,#911,#912,#913,#914,#915)
    ,(#916,#917,#918,#919,#920,#921,#922,#923,#924,#925,#926,#927
  )),.UNSPECIFIED.,.F.,.F.,.F.,(2,2),(12,12),(-0.923760430703,-0.),(0.,
    6.962644440466),.PIECEWISE_BEZIER_KNOTS.);
#904 = CARTESIAN_POINT('',(-7.2,-3.651748649873E-02,5.499329276903));
#905 = CARTESIAN_POINT('',(-7.179141259691,-4.149147869348,
    5.772056549627));
#906 = CARTESIAN_POINT('',(-4.574796906331,-8.248581937162,
    6.044783822368));
#907 = CARTESIAN_POINT('',(0.60924846116,-10.53185216271,6.317511095061)
  );
#908 = CARTESIAN_POINT('',(6.921430073656,-9.196059797264,6.590238367842
    ));
#909 = CARTESIAN_POINT('',(11.605386650924,-3.748078949573,
    6.862965640516));
#910 = CARTESIAN_POINT('',(11.566770956025,3.865605192885,7.135692913271
    ));
#911 = CARTESIAN_POINT('',(6.827793932622,9.265794117158,7.408420186003)
  );
#912 = CARTESIAN_POINT('',(0.502387409309,10.537490238718,7.68114745871)
  );
#913 = CARTESIAN_POINT('',(-4.658230911877,8.201753191529,7.953874731454
    ));
#914 = CARTESIAN_POINT('',(-7.220858740191,4.076112896351,8.226602004174
    ));
#915 = CARTESIAN_POINT('',(-7.199999999889,-3.651748649867E-02,
    8.499329276903));
#916 = CARTESIAN_POINT('',(-6.4,-5.955230308062E-03,5.960197242626));
#917 = CARTESIAN_POINT('',(-6.396598380273,-3.661626672327,
    6.232924515888));
#918 = CARTESIAN_POINT('',(-4.096764757646,-7.315078497907,
    6.505651786593));
#919 = CARTESIAN_POINT('',(0.502773776206,-9.363692301656,6.778379064537
    ));
#920 = CARTESIAN_POINT('',(6.118401263396,-8.199582604839,7.051106327541
    ));
#921 = CARTESIAN_POINT('',(10.301885415869,-3.374276188032,
    7.323833614003));
#922 = CARTESIAN_POINT('',(10.295588012116,3.393442234571,7.59656087144)
  );
#923 = CARTESIAN_POINT('',(6.103131187664,8.210954798665,7.86928815781)
  );
#924 = CARTESIAN_POINT('',(0.485346997005,9.364611752709,8.142015420934)
  );
#925 = CARTESIAN_POINT('',(-4.11037108069,7.307441719149,8.414742698791)
  );
#926 = CARTESIAN_POINT('',(-6.403401619703,3.649716211723,8.687469969537
    ));
#927 = CARTESIAN_POINT('',(-6.399999999982,-5.95523029714E-03,
    8.960197242787));
#928 = DEFINITIONAL_REPRESENTATION('',(#929),#932);
#929 = B_SPLINE_CURVE_WITH_KNOTS('',1,(#930,#931),.UNSPECIFIED.,.F.,.F.,
  (2,2),(-0.923760430703,-0.),.PIECEWISE_BEZIER_KNOTS.);
#930 = CARTESIAN_POINT('',(-0.923760430703,0.));
#931 = CARTESIAN_POINT('',(0.,0.));
#932 = ( GEOMETRIC_REPRESENTATION_CONTEXT(2) 
PARAMETRIC_REPRESENTATION_CONTEXT() REPRESENTATION_CONTEXT('2D SPACE',''
  ) );
#933 = ORIENTED_EDGE('',*,*,#934,.F.);
#934 = EDGE_CURVE('',#163,#889,#935,.T.);
#935 = SURFACE_CURVE('',#936,(#981,#1029),.PCURVE_S1.);
#936 = B_SPLINE_CURVE_WITH_KNOTS('',8,(#937,#938,#939,#940,#941,#942,
    #943,#944,#945,#946,#947,#948,#949,#950,#951,#952,#953,#954,#955,
    #956,#957,#958,#959,#960,#961,#962,#963,#964,#965,#966,#967,#968,
    #969,#970,#971,#972,#973,#974,#975,#976,#977,#978,#979,#980),
  .UNSPECIFIED.,.F.,.F.,(9,7,7,7,7,7,9),(0.,0.252661207378,
    0.464929650291,0.564309914054,0.739916761417,0.909629779741,1.),
  .UNSPECIFIED.);
#937 = CARTESIAN_POINT('',(7.2,-2.359223927328E-15,3.996956719489));
#938 = CARTESIAN_POINT('',(7.2,0.715459708962,4.04440205611));
#939 = CARTESIAN_POINT('',(7.118748688181,1.43138513092,4.091878959507)
  );
#940 = CARTESIAN_POINT('',(6.956062004689,2.136284837955,4.139339614373)
  );
#941 = CARTESIAN_POINT('',(6.71392261143,2.819423147493,4.186788422802)
  );
#942 = CARTESIAN_POINT('',(6.395724772815,3.470621753777,4.234237233045)
  );
#943 = CARTESIAN_POINT('',(6.006359153478,4.080330601528,4.281697869124)
  );
#944 = CARTESIAN_POINT('',(5.552101516314,4.639617514535,4.329174843673)
  );
#945 = CARTESIAN_POINT('',(4.612135634337,5.561429780653,4.416480608567)
  );
#946 = CARTESIAN_POINT('',(4.142690428238,5.941483777555,4.456353450641)
  );
#947 = CARTESIAN_POINT('',(3.637677143599,6.276008733953,4.496219194253)
  );
#948 = CARTESIAN_POINT('',(3.102310705367,6.561198541281,4.536078868925)
  );
#949 = CARTESIAN_POINT('',(2.542170615394,6.793993612631,4.575938589597)
  );
#950 = CARTESIAN_POINT('',(1.96316198485,6.972023366883,4.615804441517)
  );
#951 = CARTESIAN_POINT('',(1.371535403745,7.093672290811,4.655677356136)
  );
#952 = CARTESIAN_POINT('',(0.494155241397,7.188532857038,4.714199375078)
  );
#953 = CARTESIAN_POINT('',(0.213015604171,7.206285362754,4.732861565214)
  );
#954 = CARTESIAN_POINT('',(-6.882197049652E-02,7.211468875357,
    4.751523678659));
#955 = CARTESIAN_POINT('',(-0.350701265907,7.204054570319,4.770185665993
    ));
#956 = CARTESIAN_POINT('',(-0.631967832739,7.18405431345,4.788847672555)
  );
#957 = CARTESIAN_POINT('',(-0.911969185586,7.151519874317,4.807509841972
    ));
#958 = CARTESIAN_POINT('',(-1.190055071551,7.106543674881,4.82617212068)
  );
#959 = CARTESIAN_POINT('',(-1.952431817844,6.948041609025,4.877810077138
    ));
#960 = CARTESIAN_POINT('',(-2.431370972066,6.808378643381,4.910790919878
    ));
#961 = CARTESIAN_POINT('',(-2.898740363125,6.631011743029,4.943769326597
    ));
#962 = CARTESIAN_POINT('',(-3.351085954214,6.417093902571,4.976744676801
    ));
#963 = CARTESIAN_POINT('',(-3.785129446952,6.1681285079,5.00971981561));
#964 = CARTESIAN_POINT('',(-4.197763670589,5.885946467393,5.042697747806
    ));
#965 = CARTESIAN_POINT('',(-4.586068495629,5.57272351101,5.075678204877)
  );
#966 = CARTESIAN_POINT('',(-5.296500579265,4.900819682159,5.140523207738
    ));
#967 = CARTESIAN_POINT('',(-5.62051119794,4.543923142007,5.172397005209)
  );
#968 = CARTESIAN_POINT('',(-5.91692713076,4.162644590461,5.204269484678)
  );
#969 = CARTESIAN_POINT('',(-6.183630709289,3.759496099499,5.236140357102
    ));
#970 = CARTESIAN_POINT('',(-6.418794190925,3.337172085379,5.268011789803
    ));
#971 = CARTESIAN_POINT('',(-6.620866758142,2.898535268351,5.299885501056
    ));
#972 = CARTESIAN_POINT('',(-6.788592919813,2.446621766147,5.33176019669)
  );
#973 = CARTESIAN_POINT('',(-6.991600735887,1.738678854894,5.380599303682
    ));
#974 = CARTESIAN_POINT('',(-7.052147991811,1.489824442107,5.397569065034
    ));
#975 = CARTESIAN_POINT('',(-7.102567428416,1.238579412613,5.414538337085
    ));
#976 = CARTESIAN_POINT('',(-7.142750124425,0.985425303033,5.431507077691
    ));
#977 = CARTESIAN_POINT('',(-7.172614921429,0.730847678551,5.448475460008
    ));
#978 = CARTESIAN_POINT('',(-7.192108454073,0.475335954565,5.465443834274
    ));
#979 = CARTESIAN_POINT('',(-7.201205180256,0.219383218337,5.482412689606
    ));
#980 = CARTESIAN_POINT('',(-7.199907411315,-3.651394935428E-02,
    5.499382615785));
#981 = PCURVE('',#258,#982);
#982 = DEFINITIONAL_REPRESENTATION('',(#983),#1028);
#983 = B_SPLINE_CURVE_WITH_KNOTS('',8,(#984,#985,#986,#987,#988,#989,
    #990,#991,#992,#993,#994,#995,#996,#997,#998,#999,#1000,#1001,#1002,
    #1003,#1004,#1005,#1006,#1007,#1008,#1009,#1010,#1011,#1012,#1013,
    #1014,#1015,#1016,#1017,#1018,#1019,#1020,#1021,#1022,#1023,#1024,
    #1025,#1026,#1027),.UNSPECIFIED.,.F.,.F.,(9,7,7,7,7,7,9),(0.,
    0.252661207378,0.464929650291,0.564309914054,0.739916761417,
    0.909629779741,1.),.UNSPECIFIED.);
#984 = CARTESIAN_POINT('',(-0.923662465189,3.475702362354));
#985 = CARTESIAN_POINT('',(-0.923662529669,3.5858174401));
#986 = CARTESIAN_POINT('',(-0.923661155272,3.696004108611));
#987 = CARTESIAN_POINT('',(-0.923658302176,3.806151375013));
#988 = CARTESIAN_POINT('',(-0.923654520037,3.916270036569));
#989 = CARTESIAN_POINT('',(-0.92365083745,4.026388853007));
#990 = CARTESIAN_POINT('',(-0.92364827782,4.136536393515));
#991 = CARTESIAN_POINT('',(-0.92364708295,4.246723442378));
#992 = CARTESIAN_POINT('',(-0.92364704116,4.449349726841));
#993 = CARTESIAN_POINT('',(-0.923647848314,4.541890802175));
#994 = CARTESIAN_POINT('',(-0.923649361864,4.634416220753));
#995 = CARTESIAN_POINT('',(-0.923651223801,4.726927957435));
#996 = CARTESIAN_POINT('',(-0.923652892224,4.819439576811));
#997 = CARTESIAN_POINT('',(-0.923653953505,4.911964723077));
#998 = CARTESIAN_POINT('',(-0.923654369747,5.004505514142));
#999 = CARTESIAN_POINT('',(-0.923654324611,5.140328131822));
#1000 = CARTESIAN_POINT('',(-0.923654212331,5.183640733279));
#1001 = CARTESIAN_POINT('',(-0.923654022346,5.226953066771));
#1002 = CARTESIAN_POINT('',(-0.923653787076,5.270265055138));
#1003 = CARTESIAN_POINT('',(-0.923653547605,5.31357708327));
#1004 = CARTESIAN_POINT('',(-0.923653348442,5.356889536038));
#1005 = CARTESIAN_POINT('',(-0.923653230604,5.400202336624));
#1006 = CARTESIAN_POINT('',(-0.923653209648,5.520047889177));
#1007 = CARTESIAN_POINT('',(-0.923653543461,5.596592902811));
#1008 = CARTESIAN_POINT('',(-0.923654372427,5.67313283607));
#1009 = CARTESIAN_POINT('',(-0.923655774586,5.749666339215));
#1010 = CARTESIAN_POINT('',(-0.923657550155,5.82619978411));
#1011 = CARTESIAN_POINT('',(-0.923659205605,5.902739573039));
#1012 = CARTESIAN_POINT('',(-0.923660129679,5.979284375046));
#1013 = CARTESIAN_POINT('',(-0.923659798735,6.129781558065));
#1014 = CARTESIAN_POINT('',(-0.923658590187,6.203755464944));
#1015 = CARTESIAN_POINT('',(-0.923656130454,6.277724864151));
#1016 = CARTESIAN_POINT('',(-0.923652120897,6.351688739062));
#1017 = CARTESIAN_POINT('',(-0.923647022189,6.42565265318));
#1018 = CARTESIAN_POINT('',(-0.923642201778,6.499622177789));
#1019 = CARTESIAN_POINT('',(-0.923639376176,6.573596296815));
#1020 = CARTESIAN_POINT('',(-0.923639333075,6.686946025834));
#1021 = CARTESIAN_POINT('',(-0.923640114541,6.726331735537));
#1022 = CARTESIAN_POINT('',(-0.923641756427,6.765717305906));
#1023 = CARTESIAN_POINT('',(-0.923644283638,6.805102667974));
#1024 = CARTESIAN_POINT('',(-0.923647523837,6.844488024059));
#1025 = CARTESIAN_POINT('',(-0.923650949266,6.883873575937));
#1026 = CARTESIAN_POINT('',(-0.923653518572,6.923259253008));
#1027 = CARTESIAN_POINT('',(-0.923653518631,6.962644440466));
#1028 = ( GEOMETRIC_REPRESENTATION_CONTEXT(2) 
PARAMETRIC_REPRESENTATION_CONTEXT() REPRESENTATION_CONTEXT('2D SPACE',''
  ) );
#1029 = PCURVE('',#178,#1030);
#1030 = DEFINITIONAL_REPRESENTATION('',(#1031),#1076);
#1031 = B_SPLINE_CURVE_WITH_KNOTS('',8,(#1032,#1033,#1034,#1035,#1036,
    #1037,#1038,#1039,#1040,#1041,#1042,#1043,#1044,#1045,#1046,#1047,
    #1048,#1049,#1050,#1051,#1052,#1053,#1054,#1055,#1056,#1057,#1058,
    #1059,#1060,#1061,#1062,#1063,#1064,#1065,#1066,#1067,#1068,#1069,
    #1070,#1071,#1072,#1073,#1074,#1075),.UNSPECIFIED.,.F.,.F.,(9,7,7,7,
    7,7,9),(0.,0.252661207378,0.464929650291,0.564309914054,
    0.739916761417,0.909629779741,1.),.UNSPECIFIED.);
#1032 = CARTESIAN_POINT('',(0.,3.996956719489));
#1033 = CARTESIAN_POINT('',(9.936940402246E-02,4.04440205611));
#1034 = CARTESIAN_POINT('',(0.198803408984,4.091878959507));
#1035 = CARTESIAN_POINT('',(0.298201797772,4.139339614373));
#1036 = CARTESIAN_POINT('',(0.39757425989,4.186788422802));
#1037 = CARTESIAN_POINT('',(0.496946740614,4.234237233045));
#1038 = CARTESIAN_POINT('',(0.596345111243,4.281697869124));
#1039 = CARTESIAN_POINT('',(0.695779201999,4.329174843673));
#1040 = CARTESIAN_POINT('',(0.878631776258,4.416480608567));
#1041 = CARTESIAN_POINT('',(0.962142124847,4.456353450641));
#1042 = CARTESIAN_POINT('',(1.045638465439,4.496219194253));
#1043 = CARTESIAN_POINT('',(1.129122596204,4.536078868925));
#1044 = CARTESIAN_POINT('',(1.21260672601,4.575938589597));
#1045 = CARTESIAN_POINT('',(1.296103091299,4.615804441517));
#1046 = CARTESIAN_POINT('',(1.379613512475,4.655677356136));
#1047 = CARTESIAN_POINT('',(1.502182030437,4.714199375078));
#1048 = CARTESIAN_POINT('',(1.541267993148,4.732861565214));
#1049 = CARTESIAN_POINT('',(1.580353681447,4.751523678659));
#1050 = CARTESIAN_POINT('',(1.619439020873,4.770185665993));
#1051 = CARTESIAN_POINT('',(1.658524356134,4.788847672555));
#1052 = CARTESIAN_POINT('',(1.697610034693,4.807509841972));
#1053 = CARTESIAN_POINT('',(1.736695990311,4.82617212068));
#1054 = CARTESIAN_POINT('',(1.844845871322,4.877810077138));
#1055 = CARTESIAN_POINT('',(1.913920796618,4.910790919878));
#1056 = CARTESIAN_POINT('',(1.98299106967,4.943769326597));
#1057 = CARTESIAN_POINT('',(2.052055534765,4.976744676801));
#1058 = CARTESIAN_POINT('',(2.121120017443,5.00971981561));
#1059 = CARTESIAN_POINT('',(2.190190361703,5.042697747806));
#1060 = CARTESIAN_POINT('',(2.259265400184,5.075678204877));
#1061 = CARTESIAN_POINT('',(2.395076329139,5.140523207738));
#1062 = CARTESIAN_POINT('',(2.461831634744,5.172397005209));
#1063 = CARTESIAN_POINT('',(2.528582995701,5.204269484678));
#1064 = CARTESIAN_POINT('',(2.595329428371,5.236140357102));
#1065 = CARTESIAN_POINT('',(2.662075851515,5.268011789803));
#1066 = CARTESIAN_POINT('',(2.72882719008,5.299885501056));
#1067 = CARTESIAN_POINT('',(2.795582475196,5.33176019669));
#1068 = CARTESIAN_POINT('',(2.89787066147,5.380599303682));
#1069 = CARTESIAN_POINT('',(2.933412772575,5.397569065034));
#1070 = CARTESIAN_POINT('',(2.968954725029,5.414538337085));
#1071 = CARTESIAN_POINT('',(3.004496475244,5.431507077691));
#1072 = CARTESIAN_POINT('',(3.040038231103,5.448475460008));
#1073 = CARTESIAN_POINT('',(3.075580198324,5.465443834274));
#1074 = CARTESIAN_POINT('',(3.111122326843,5.482412689606));
#1075 = CARTESIAN_POINT('',(3.146664057183,5.499382615785));
#1076 = ( GEOMETRIC_REPRESENTATION_CONTEXT(2) 
PARAMETRIC_REPRESENTATION_CONTEXT() REPRESENTATION_CONTEXT('2D SPACE',''
  ) );
#1077 = ORIENTED_EDGE('',*,*,#190,.F.);
#1078 = ORIENTED_EDGE('',*,*,#376,.T.);
#1079 = ADVANCED_FACE('',(#1080),#178,.T.);
#1080 = FACE_BOUND('',#1081,.T.);
#1081 = EDGE_LOOP('',(#1082,#1354,#1399,#1427,#1571,#1572));
#1082 = ORIENTED_EDGE('',*,*,#1083,.T.);
#1083 = EDGE_CURVE('',#118,#1084,#1086,.T.);
#1084 = VERTEX_POINT('',#1085);
#1085 = CARTESIAN_POINT('',(7.199907411315,-3.651394934555E-02,
    6.600617384082));
#1086 = SURFACE_CURVE('',#1087,(#1174,#1264),.PCURVE_S1.);
#1087 = B_SPLINE_CURVE_WITH_KNOTS('',8,(#1088,#1089,#1090,#1091,#1092,
    #1093,#1094,#1095,#1096,#1097,#1098,#1099,#1100,#1101,#1102,#1103,
    #1104,#1105,#1106,#1107,#1108,#1109,#1110,#1111,#1112,#1113,#1114,
    #1115,#1116,#1117,#1118,#1119,#1120,#1121,#1122,#1123,#1124,#1125,
    #1126,#1127,#1128,#1129,#1130,#1131,#1132,#1133,#1134,#1135,#1136,
    #1137,#1138,#1139,#1140,#1141,#1142,#1143,#1144,#1145,#1146,#1147,
    #1148,#1149,#1150,#1151,#1152,#1153,#1154,#1155,#1156,#1157,#1158,
    #1159,#1160,#1161,#1162,#1163,#1164,#1165,#1166,#1167,#1168,#1169,
    #1170,#1171,#1172,#1173),.UNSPECIFIED.,.F.,.F.,(9,7,7,7,7,7,7,7,7,7,
    7,7,9),(0.,4.501855874969E-02,0.131188275016,0.146228246308,
    0.26819867486,0.374377496849,0.491058165656,0.626599219673,
    0.731995208099,0.784181612263,0.867256360732,0.955918271095,1.),
  .UNSPECIFIED.);
#1088 = CARTESIAN_POINT('',(7.2,8.881784197001E-16,3.603038789979));
#1089 = CARTESIAN_POINT('',(7.2,0.254338187496,3.619904963293));
#1090 = CARTESIAN_POINT('',(7.189731892496,0.508679188352,3.636770169311
    ));
#1091 = CARTESIAN_POINT('',(7.169195870293,0.762535466739,3.65363495524)
  );
#1092 = CARTESIAN_POINT('',(7.13841929879,1.015423027555,3.670499777868)
  );
#1093 = CARTESIAN_POINT('',(7.097456680349,1.266861589181,3.687364965302
    ));
#1094 = CARTESIAN_POINT('',(7.04638961868,1.51637475622,3.704230678716)
  );
#1095 = CARTESIAN_POINT('',(6.98532678321,1.763490192249,3.721096874096)
  );
#1096 = CARTESIAN_POINT('',(6.778650815625,2.475256286696,3.77024710584)
  );
#1097 = CARTESIAN_POINT('',(6.606751445287,2.932348715578,3.802536792933
    ));
#1098 = CARTESIAN_POINT('',(6.399663432207,3.375655895589,3.834825358109
    ));
#1099 = CARTESIAN_POINT('',(6.158707774193,3.802027605009,3.867111444749
    ));
#1100 = CARTESIAN_POINT('',(5.885515140599,4.208498154846,3.899396920147
    ));
#1101 = CARTESIAN_POINT('',(5.582006029369,4.592280778989,3.93168412765)
  );
#1102 = CARTESIAN_POINT('',(5.250404737599,4.950782843691,3.963972777556
    ));
#1103 = CARTESIAN_POINT('',(4.830956218221,5.339389662589,4.001891239535
    ));
#1104 = CARTESIAN_POINT('',(4.767846396984,5.396296796733,4.007525991169
    ));
#1105 = CARTESIAN_POINT('',(4.703970925865,5.452351007102,4.013160732273
    ));
#1106 = CARTESIAN_POINT('',(4.639343269251,5.507540282288,4.018795463431
    ));
#1107 = CARTESIAN_POINT('',(4.573977111985,5.56185287118,4.024430185199)
  );
#1108 = CARTESIAN_POINT('',(4.507886359368,5.615277282963,4.030064898107
    ));
#1109 = CARTESIAN_POINT('',(4.441085137156,5.667802287116,4.035699602657
    ));
#1110 = CARTESIAN_POINT('',(3.826201097247,6.137998702395,4.08703028864)
  );
#1111 = CARTESIAN_POINT('',(3.232722893341,6.496942787011,4.132751473283
    ));
#1112 = CARTESIAN_POINT('',(2.601180645343,6.789925112194,4.178458885045
    ));
#1113 = CARTESIAN_POINT('',(1.940224706871,7.012456135841,4.224156535128
    ));
#1114 = CARTESIAN_POINT('',(1.258885008948,7.161314959413,4.269854762744
    ));
#1115 = CARTESIAN_POINT('',(0.56656284982,7.234622924794,4.315563559933)
  );
#1116 = CARTESIAN_POINT('',(-0.127014045892,7.231784731562,
    4.361286023468));
#1117 = CARTESIAN_POINT('',(-1.40775687438,7.086470674194,4.446762616343
    ));
#1118 = CARTESIAN_POINT('',(-1.997556927049,6.962065947993,
    4.486555280377));
#1119 = CARTESIAN_POINT('',(-2.574507198059,6.781572884472,
    4.526340975941));
#1120 = CARTESIAN_POINT('',(-3.132402724807,6.546627679468,4.56612061105
    ));
#1121 = CARTESIAN_POINT('',(-3.665384882799,6.25961433365,4.605900209001
    ));
#1122 = CARTESIAN_POINT('',(-4.167921570295,5.923599084642,
    4.645685837775));
#1123 = CARTESIAN_POINT('',(-4.634845597392,5.542386859987,
    4.685478509755));
#1124 = CARTESIAN_POINT('',(-5.530307728328,4.657278727791,
    4.768973614028));
#1125 = CARTESIAN_POINT('',(-5.950868960592,4.14459580581,4.812709545736
    ));
#1126 = CARTESIAN_POINT('',(-6.316753516417,3.588813747184,
    4.856435054537));
#1127 = CARTESIAN_POINT('',(-6.622963303693,2.996837991245,
    4.900152351613));
#1128 = CARTESIAN_POINT('',(-6.865515865885,2.376057853904,
    4.943869744327));
#1129 = CARTESIAN_POINT('',(-7.041489310588,1.734342553956,
    4.987595492786));
#1130 = CARTESIAN_POINT('',(-7.148995626506,1.080004764842,5.03133170829
    ));
#1131 = CARTESIAN_POINT('',(-7.2325011893,-0.342506865216,5.125827964006
    ));
#1132 = CARTESIAN_POINT('',(-7.184496499124,-1.113041647184,
    5.176650720427));
#1133 = CARTESIAN_POINT('',(-7.042509130166,-1.875491618166,
    5.227447880188));
#1134 = CARTESIAN_POINT('',(-6.808421763024,-2.616589312589,
    5.278227961714));
#1135 = CARTESIAN_POINT('',(-6.485933655447,-3.323716681954,
    5.329008305868));
#1136 = CARTESIAN_POINT('',(-6.080745540295,-3.985026615215,
    5.379806221949));
#1137 = CARTESIAN_POINT('',(-5.600340360666,-4.589394622174,
    5.430629890163));
#1138 = CARTESIAN_POINT('',(-4.63106961477,-5.545064094851,5.52089554634
    ));
#1139 = CARTESIAN_POINT('',(-4.167425397701,-5.923170871273,
    5.560394265913));
#1140 = CARTESIAN_POINT('',(-3.66871581123,-6.256738465581,5.59988689422
    ));
#1141 = CARTESIAN_POINT('',(-3.139993478482,-6.542046341822,
    5.639374028364));
#1142 = CARTESIAN_POINT('',(-2.586666275793,-6.776091024832,
    5.67886101158));
#1143 = CARTESIAN_POINT('',(-2.014460247804,-6.956532040863,
    5.718353276412));
#1144 = CARTESIAN_POINT('',(-1.429438625636,-7.081754505645,
    5.757851635518));
#1145 = CARTESIAN_POINT('',(-0.545229046811,-7.185377381693,
    5.816888700531));
#1146 = CARTESIAN_POINT('',(-0.250794565677,-7.205991241318,
    5.836440286668));
#1147 = CARTESIAN_POINT('',(4.449518490503E-02,-7.212812699855,
    5.855991682615));
#1148 = CARTESIAN_POINT('',(0.339885653895,-7.205804230535,
    5.875542866612));
#1149 = CARTESIAN_POINT('',(0.63462430745,-7.184977299221,5.89509407191)
  );
#1150 = CARTESIAN_POINT('',(0.927960885921,-7.15039133304,5.914645532508
    ));
#1151 = CARTESIAN_POINT('',(1.219147754819,-7.10215471419,5.934197228119
    ));
#1152 = CARTESIAN_POINT('',(1.966368976764,-6.942165654955,
    5.984872207066));
#1153 = CARTESIAN_POINT('',(2.418033589809,-6.809702596035,
    6.015999743945));
#1154 = CARTESIAN_POINT('',(2.859375581846,-6.643678981214,
    6.047125854863));
#1155 = CARTESIAN_POINT('',(3.287491714577,-6.445059730847,
    6.078250119369));
#1156 = CARTESIAN_POINT('',(3.699616369766,-6.215089527656,
    6.109374509815));
#1157 = CARTESIAN_POINT('',(4.093118323971,-5.955276508467,
    6.140500889438));
#1158 = CARTESIAN_POINT('',(4.465512046683,-5.667404446618,
    6.171628579391));
#1159 = CARTESIAN_POINT('',(5.186924946346,-5.018635812631,
    6.235968604005));
#1160 = CARTESIAN_POINT('',(5.532795337957,-4.654033197873,
    6.269189767786));
#1161 = CARTESIAN_POINT('',(5.849245384625,-4.26229998229,6.302407902974
    ));
#1162 = CARTESIAN_POINT('',(6.133820045306,-3.846233912264,
    6.335622251372));
#1163 = CARTESIAN_POINT('',(6.384402567635,-3.408852820397,
    6.368835981798));
#1164 = CARTESIAN_POINT('',(6.599198234356,-2.953376470892,
    6.402052821063));
#1165 = CARTESIAN_POINT('',(6.776757838558,-2.483233508942,
    6.435273213837));
#1166 = CARTESIAN_POINT('',(6.985290891353,-1.762875988483,
    6.485005038617));
#1167 = CARTESIAN_POINT('',(7.045085123893,-1.520918664949,
    6.501520626893));
#1168 = CARTESIAN_POINT('',(7.095296550811,-1.276661033617,
    6.518036567104));
#1169 = CARTESIAN_POINT('',(7.135823013972,-1.030546486183,
    6.534552832327));
#1170 = CARTESIAN_POINT('',(7.166587243619,-0.783022144944,
    6.551069406443));
#1171 = CARTESIAN_POINT('',(7.187536870364,-0.534538691799,
    6.567586112757));
#1172 = CARTESIAN_POINT('',(7.198644437165,-0.28555019724,6.584102442627
    ));
#1173 = CARTESIAN_POINT('',(7.199907411315,-3.651394934549E-02,
    6.600617384082));
#1174 = PCURVE('',#178,#1175);
#1175 = DEFINITIONAL_REPRESENTATION('',(#1176),#1263);
#1176 = B_SPLINE_CURVE_WITH_KNOTS('',8,(#1177,#1178,#1179,#1180,#1181,
    #1182,#1183,#1184,#1185,#1186,#1187,#1188,#1189,#1190,#1191,#1192,
    #1193,#1194,#1195,#1196,#1197,#1198,#1199,#1200,#1201,#1202,#1203,
    #1204,#1205,#1206,#1207,#1208,#1209,#1210,#1211,#1212,#1213,#1214,
    #1215,#1216,#1217,#1218,#1219,#1220,#1221,#1222,#1223,#1224,#1225,
    #1226,#1227,#1228,#1229,#1230,#1231,#1232,#1233,#1234,#1235,#1236,
    #1237,#1238,#1239,#1240,#1241,#1242,#1243,#1244,#1245,#1246,#1247,
    #1248,#1249,#1250,#1251,#1252,#1253,#1254,#1255,#1256,#1257,#1258,
    #1259,#1260,#1261,#1262),.UNSPECIFIED.,.F.,.F.,(9,7,7,7,7,7,7,7,7,7,
    7,7,9),(0.,4.501855874969E-02,0.131188275016,0.146228246308,
    0.26819867486,0.374377496849,0.491058165656,0.626599219673,
    0.731995208099,0.784181612263,0.867256360732,0.955918271095,1.),
  .UNSPECIFIED.);
#1177 = CARTESIAN_POINT('',(0.,3.603038789979));
#1178 = CARTESIAN_POINT('',(3.532474826333E-02,3.619904963293));
#1179 = CARTESIAN_POINT('',(7.064988901769E-02,3.636770169311));
#1180 = CARTESIAN_POINT('',(0.105974874706,3.65363495524));
#1181 = CARTESIAN_POINT('',(0.14129965375,3.670499777868));
#1182 = CARTESIAN_POINT('',(0.176624424708,3.687364965302));
#1183 = CARTESIAN_POINT('',(0.211949390431,3.704230678716));
#1184 = CARTESIAN_POINT('',(0.247274512217,3.721096874096));
#1185 = CARTESIAN_POINT('',(0.350214130363,3.77024710584));
#1186 = CARTESIAN_POINT('',(0.417838403175,3.802536792933));
#1187 = CARTESIAN_POINT('',(0.485458478348,3.834825358109));
#1188 = CARTESIAN_POINT('',(0.553073315383,3.867111444749));
#1189 = CARTESIAN_POINT('',(0.620688160314,3.899396920147));
#1190 = CARTESIAN_POINT('',(0.688308260463,3.93168412765));
#1191 = CARTESIAN_POINT('',(0.755932570934,3.963972777556));
#1192 = CARTESIAN_POINT('',(0.835348882981,4.001891239535));
#1193 = CARTESIAN_POINT('',(0.847150317493,4.007525991169));
#1194 = CARTESIAN_POINT('',(0.858951755534,4.013160732273));
#1195 = CARTESIAN_POINT('',(0.870753196103,4.018795463431));
#1196 = CARTESIAN_POINT('',(0.882554638079,4.024430185199));
#1197 = CARTESIAN_POINT('',(0.89435608022,4.030064898107));
#1198 = CARTESIAN_POINT('',(0.906157521163,4.035699602657));
#1199 = CARTESIAN_POINT('',(1.013665690128,4.08703028864));
#1200 = CARTESIAN_POINT('',(1.109426101166,4.132751473283));
#1201 = CARTESIAN_POINT('',(1.205157313796,4.178458885045));
#1202 = CARTESIAN_POINT('',(1.300866475147,4.224156535128));
#1203 = CARTESIAN_POINT('',(1.396575628909,4.269854762744));
#1204 = CARTESIAN_POINT('',(1.492306821104,4.315563559933));
#1205 = CARTESIAN_POINT('',(1.588067204917,4.361286023468));
#1206 = CARTESIAN_POINT('',(1.767089453344,4.446762616343));
#1207 = CARTESIAN_POINT('',(1.85043183469,4.486555280377));
#1208 = CARTESIAN_POINT('',(1.933760350055,4.526340975941));
#1209 = CARTESIAN_POINT('',(2.017076758,4.56612061105));
#1210 = CARTESIAN_POINT('',(2.100393161912,4.605900209001));
#1211 = CARTESIAN_POINT('',(2.183721678287,4.645685837775));
#1212 = CARTESIAN_POINT('',(2.267064079257,4.685478509755));
#1213 = CARTESIAN_POINT('',(2.441935550666,4.768973614028));
#1214 = CARTESIAN_POINT('',(2.533534584822,4.812709545736));
#1215 = CARTESIAN_POINT('',(2.62511053172,4.856435054537));
#1216 = CARTESIAN_POINT('',(2.716668301765,4.900152351613));
#1217 = CARTESIAN_POINT('',(2.808226071726,4.943869744327));
#1218 = CARTESIAN_POINT('',(2.899802015879,4.987595492786));
#1219 = CARTESIAN_POINT('',(2.991401052221,5.03133170829));
#1220 = CARTESIAN_POINT('',(3.189312237168,5.125827964006));
#1221 = CARTESIAN_POINT('',(3.295756182623,5.176650720427));
#1222 = CARTESIAN_POINT('',(3.40214839675,5.227447880188));
#1223 = CARTESIAN_POINT('',(3.508506177942,5.278227961714));
#1224 = CARTESIAN_POINT('',(3.614864390209,5.329008305868));
#1225 = CARTESIAN_POINT('',(3.721258017128,5.379806221949));
#1226 = CARTESIAN_POINT('',(3.827703972804,5.430629890163));
#1227 = CARTESIAN_POINT('',(4.016755675504,5.52089554634));
#1228 = CARTESIAN_POINT('',(4.09948073641,5.560394265913));
#1229 = CARTESIAN_POINT('',(4.182192450477,5.59988689422));
#1230 = CARTESIAN_POINT('',(4.264892456917,5.639374028364));
#1231 = CARTESIAN_POINT('',(4.347592464587,5.67886101158));
#1232 = CARTESIAN_POINT('',(4.430304190661,5.718353276412));
#1233 = CARTESIAN_POINT('',(4.513029282597,5.757851635518));
#1234 = CARTESIAN_POINT('',(4.636676614972,5.816888700531));
#1235 = CARTESIAN_POINT('',(4.677625574545,5.836440286668));
#1236 = CARTESIAN_POINT('',(4.718574187506,5.855991682615));
#1237 = CARTESIAN_POINT('',(4.759522362578,5.875542866612));
#1238 = CARTESIAN_POINT('',(4.800470534682,5.89509407191));
#1239 = CARTESIAN_POINT('',(4.841419140255,5.914645532508));
#1240 = CARTESIAN_POINT('',(4.882368092554,5.934197228119));
#1241 = CARTESIAN_POINT('',(4.988501021303,5.984872207066));
#1242 = CARTESIAN_POINT('',(5.053693644932,6.015999743945));
#1243 = CARTESIAN_POINT('',(5.118882760563,6.047125854863));
#1244 = CARTESIAN_POINT('',(5.184067497263,6.078250119369));
#1245 = CARTESIAN_POINT('',(5.249252233412,6.109374509815));
#1246 = CARTESIAN_POINT('',(5.314441348803,6.140500889438));
#1247 = CARTESIAN_POINT('',(5.379633975887,6.171628579391));
#1248 = CARTESIAN_POINT('',(5.514387502623,6.235968604005));
#1249 = CARTESIAN_POINT('',(5.583967081799,6.269189767786));
#1250 = CARTESIAN_POINT('',(5.653541853494,6.302407902974));
#1251 = CARTESIAN_POINT('',(5.723110612602,6.335622251372));
#1252 = CARTESIAN_POINT('',(5.792679385155,6.368835981798));
#1253 = CARTESIAN_POINT('',(5.862254201423,6.402052821063));
#1254 = CARTESIAN_POINT('',(5.931833840025,6.435273213837));
#1255 = CARTESIAN_POINT('',(6.035991338825,6.485005038617));
#1256 = CARTESIAN_POINT('',(6.070580468138,6.501520626893));
#1257 = CARTESIAN_POINT('',(6.105169446915,6.518036567104));
#1258 = CARTESIAN_POINT('',(6.139758234454,6.534552832327));
#1259 = CARTESIAN_POINT('',(6.174347014283,6.551069406443));
#1260 = CARTESIAN_POINT('',(6.208935974986,6.567586112757));
#1261 = CARTESIAN_POINT('',(6.243525091028,6.584102442627));
#1262 = CARTESIAN_POINT('',(6.278113903587,6.600617384082));
#1263 = ( GEOMETRIC_REPRESENTATION_CONTEXT(2) 
PARAMETRIC_REPRESENTATION_CONTEXT() REPRESENTATION_CONTEXT('2D SPACE',''
  ) );
#1264 = PCURVE('',#131,#1265);
#1265 = DEFINITIONAL_REPRESENTATION('',(#1266),#1353);
#1266 = B_SPLINE_CURVE_WITH_KNOTS('',8,(#1267,#1268,#1269,#1270,#1271,
    #1272,#1273,#1274,#1275,#1276,#1277,#1278,#1279,#1280,#1281,#1282,
    #1283,#1284,#1285,#1286,#1287,#1288,#1289,#1290,#1291,#1292,#1293,
    #1294,#1295,#1296,#1297,#1298,#1299,#1300,#1301,#1302,#1303,#1304,
    #1305,#1306,#1307,#1308,#1309,#1310,#1311,#1312,#1313,#1314,#1315,
    #1316,#1317,#1318,#1319,#1320,#1321,#1322,#1323,#1324,#1325,#1326,
    #1327,#1328,#1329,#1330,#1331,#1332,#1333,#1334,#1335,#1336,#1337,
    #1338,#1339,#1340,#1341,#1342,#1343,#1344,#1345,#1346,#1347,#1348,
    #1349,#1350,#1351,#1352),.UNSPECIFIED.,.F.,.F.,(9,7,7,7,7,7,7,7,7,7,
    7,7,9),(0.,4.501855874969E-02,0.131188275016,0.146228246308,
    0.26819867486,0.374377496849,0.491058165656,0.626599219673,
    0.731995208099,0.784181612263,0.867256360732,0.955918271095,1.),
  .UNSPECIFIED.);
#1267 = CARTESIAN_POINT('',(-1.069346527538E-04,5.619821940317E-03));
#1268 = CARTESIAN_POINT('',(-1.072435129865E-04,4.4764568855E-02));
#1269 = CARTESIAN_POINT('',(-1.099089998903E-04,8.390979951989E-02));
#1270 = CARTESIAN_POINT('',(-1.133124277719E-04,0.123054909671));
#1271 = CARTESIAN_POINT('',(-1.164751159156E-04,0.162199826243));
#1272 = CARTESIAN_POINT('',(-1.189071980234E-04,0.201344743519));
#1273 = CARTESIAN_POINT('',(-1.204564316551E-04,0.240489859285));
#1274 = CARTESIAN_POINT('',(-1.211570076691E-04,0.279635110979));
#1275 = CARTESIAN_POINT('',(-1.209278200483E-04,0.393706708203));
#1276 = CARTESIAN_POINT('',(-1.179312713388E-04,0.468643775282));
#1277 = CARTESIAN_POINT('',(-1.129700803402E-04,0.54357596367));
#1278 = CARTESIAN_POINT('',(-1.07823563608E-04,0.618502185079));
#1279 = CARTESIAN_POINT('',(-1.038739180966E-04,0.693428373723));
#1280 = CARTESIAN_POINT('',(-1.015461488638E-04,0.768360460346));
#1281 = CARTESIAN_POINT('',(-1.004829938308E-04,0.843297358908));
#1282 = CARTESIAN_POINT('',(-1.004499326338E-04,0.931301576789));
#1283 = CARTESIAN_POINT('',(-1.004757251855E-04,0.944379197366));
#1284 = CARTESIAN_POINT('',(-1.005302326331E-04,0.957456826754));
#1285 = CARTESIAN_POINT('',(-1.006113667312E-04,0.97053446389));
#1286 = CARTESIAN_POINT('',(-1.007169416079E-04,0.983612107532));
#1287 = CARTESIAN_POINT('',(-1.008446737652E-04,0.996689756266));
#1288 = CARTESIAN_POINT('',(-1.009921820781E-04,1.009767408502));
#1289 = CARTESIAN_POINT('',(-1.024935211956E-04,1.12890158536));
#1290 = CARTESIAN_POINT('',(-1.049698330672E-04,1.235017903364));
#1291 = CARTESIAN_POINT('',(-1.073235264227E-04,1.341102114163));
#1292 = CARTESIAN_POINT('',(-1.081618387987E-04,1.447161914609));
#1293 = CARTESIAN_POINT('',(-1.076189800862E-04,1.553221456183));
#1294 = CARTESIAN_POINT('',(-1.067043892067E-04,1.659305098058));
#1295 = CARTESIAN_POINT('',(-1.060972844515E-04,1.765420813937));
#1296 = CARTESIAN_POINT('',(-1.060849146088E-04,1.963801841006));
#1297 = CARTESIAN_POINT('',(-1.065334953369E-04,2.056156417418));
#1298 = CARTESIAN_POINT('',(-1.076238788563E-04,2.148495563979));
#1299 = CARTESIAN_POINT('',(-1.093053399629E-04,2.240821329352));
#1300 = CARTESIAN_POINT('',(-1.111593971554E-04,2.333147208333));
#1301 = CARTESIAN_POINT('',(-1.126481332767E-04,2.425486661135));
#1302 = CARTESIAN_POINT('',(-1.134220231642E-04,2.517841632664));
#1303 = CARTESIAN_POINT('',(-1.133104991117E-04,2.71162374472));
#1304 = CARTESIAN_POINT('',(-1.122532928104E-04,2.813128434504));
#1305 = CARTESIAN_POINT('',(-1.100486854722E-04,2.914607605378));
#1306 = CARTESIAN_POINT('',(-1.06892707847E-04,3.01606661623));
#1307 = CARTESIAN_POINT('',(-1.034628010784E-04,3.117525531857));
#1308 = CARTESIAN_POINT('',(-1.005866443616E-04,3.219004481369));
#1309 = CARTESIAN_POINT('',(-9.876845469254E-05,3.320508948665));
#1310 = CARTESIAN_POINT('',(-9.742330316536E-05,3.539822000953));
#1311 = CARTESIAN_POINT('',(-9.831364281153E-05,3.657776626023));
#1312 = CARTESIAN_POINT('',(-1.010328003708E-04,3.775673961863));
#1313 = CARTESIAN_POINT('',(-1.051409292472E-04,3.893533269428));
#1314 = CARTESIAN_POINT('',(-1.092860872661E-04,4.011393229401));
#1315 = CARTESIAN_POINT('',(-1.121567488838E-04,4.129292495996));
#1316 = CARTESIAN_POINT('',(-1.134269853064E-04,4.24724967711));
#1317 = CARTESIAN_POINT('',(-1.133246731565E-04,4.456745448358));
#1318 = CARTESIAN_POINT('',(-1.124774595336E-04,4.548416314118));
#1319 = CARTESIAN_POINT('',(-1.109571191106E-04,4.640072263362));
#1320 = CARTESIAN_POINT('',(-1.091198257973E-04,4.731715094302));
#1321 = CARTESIAN_POINT('',(-1.074887033045E-04,4.823357813683));
#1322 = CARTESIAN_POINT('',(-1.064570010043E-04,4.915013485137));
#1323 = CARTESIAN_POINT('',(-1.0605637362E-04,5.006684031395));
#1324 = CARTESIAN_POINT('',(-1.061100884937E-04,5.143702124423));
#1325 = CARTESIAN_POINT('',(-1.062347887694E-04,5.189079182986));
#1326 = CARTESIAN_POINT('',(-1.064430079626E-04,5.234455896847));
#1327 = CARTESIAN_POINT('',(-1.066965142792E-04,5.279832171237));
#1328 = CARTESIAN_POINT('',(-1.069469831554E-04,5.325208491545));
#1329 = CARTESIAN_POINT('',(-1.071427907944E-04,5.37058534108));
#1330 = CARTESIAN_POINT('',(-1.072378548732E-04,5.415962619406));
#1331 = CARTESIAN_POINT('',(-1.071462772142E-04,5.533573133514));
#1332 = CARTESIAN_POINT('',(-1.067575457413E-04,5.605816007266));
#1333 = CARTESIAN_POINT('',(-1.059238643488E-04,5.678055056329));
#1334 = CARTESIAN_POINT('',(-1.046042447746E-04,5.75028925742));
#1335 = CARTESIAN_POINT('',(-1.029745081017E-04,5.822523391718));
#1336 = CARTESIAN_POINT('',(-1.014357631142E-04,5.894762248021));
#1337 = CARTESIAN_POINT('',(-1.004860290499E-04,5.967004827459));
#1338 = CARTESIAN_POINT('',(-1.004218897874E-04,6.116330324751));
#1339 = CARTESIAN_POINT('',(-1.014693533597E-04,6.193433921375));
#1340 = CARTESIAN_POINT('',(-1.038395124914E-04,6.270532020538));
#1341 = CARTESIAN_POINT('',(-1.079635056502E-04,6.347623361773));
#1342 = CARTESIAN_POINT('',(-1.133712505499E-04,6.424714755219));
#1343 = CARTESIAN_POINT('',(-1.184900330014E-04,6.501813029326));
#1344 = CARTESIAN_POINT('',(-1.213319248112E-04,6.578916914298));
#1345 = CARTESIAN_POINT('',(-1.20939819864E-04,6.694338131386));
#1346 = CARTESIAN_POINT('',(-1.200421303997E-04,6.732667814916));
#1347 = CARTESIAN_POINT('',(-1.18328848011E-04,6.770997370874));
#1348 = CARTESIAN_POINT('',(-1.157980702143E-04,6.809326734571));
#1349 = CARTESIAN_POINT('',(-1.126339807875E-04,6.84765608186));
#1350 = CARTESIAN_POINT('',(-1.093467241909E-04,6.885985593353));
#1351 = CARTESIAN_POINT('',(-1.069122799877E-04,6.924315218631));
#1352 = CARTESIAN_POINT('',(-1.069123372649E-04,6.962644440466));
#1353 = ( GEOMETRIC_REPRESENTATION_CONTEXT(2) 
PARAMETRIC_REPRESENTATION_CONTEXT() REPRESENTATION_CONTEXT('2D SPACE',''
  ) );
#1354 = ORIENTED_EDGE('',*,*,#1355,.T.);
#1355 = EDGE_CURVE('',#1084,#1356,#1358,.T.);
#1356 = VERTEX_POINT('',#1357);
#1357 = CARTESIAN_POINT('',(7.2,-1.763491390772E-15,6.603038789979));
#1358 = SURFACE_CURVE('',#1359,(#1362,#1368),.PCURVE_S1.);
#1359 = B_SPLINE_CURVE_WITH_KNOTS('',1,(#1360,#1361),.UNSPECIFIED.,.F.,
  .F.,(2,2),(0.,1.),.PIECEWISE_BEZIER_KNOTS.);
#1360 = CARTESIAN_POINT('',(7.199907411315,-3.651394934981E-02,
    6.600617384148));
#1361 = CARTESIAN_POINT('',(7.2,-5.516420653606E-15,6.603038789979));
#1362 = PCURVE('',#178,#1363);
#1363 = DEFINITIONAL_REPRESENTATION('',(#1364),#1367);
#1364 = B_SPLINE_CURVE_WITH_KNOTS('',1,(#1365,#1366),.UNSPECIFIED.,.F.,
  .F.,(2,2),(0.,1.),.PIECEWISE_BEZIER_KNOTS.);
#1365 = CARTESIAN_POINT('',(6.278113903587,6.600617384148));
#1366 = CARTESIAN_POINT('',(6.28318530718,6.603038789979));
#1367 = ( GEOMETRIC_REPRESENTATION_CONTEXT(2) 
PARAMETRIC_REPRESENTATION_CONTEXT() REPRESENTATION_CONTEXT('2D SPACE',''
  ) );
#1368 = PCURVE('',#1369,#1394);
#1369 = B_SPLINE_SURFACE_WITH_KNOTS('',1,11,(
    (#1370,#1371,#1372,#1373,#1374,#1375,#1376,#1377,#1378,#1379,#1380
      ,#1381)
    ,(#1382,#1383,#1384,#1385,#1386,#1387,#1388,#1389,#1390,#1391,#1392
      ,#1393
    )),.UNSPECIFIED.,.F.,.F.,.F.,(2,2),(12,12),(-0.923760430703,-0.),(0.
    ,6.962644440466),.PIECEWISE_BEZIER_KNOTS.);
#1370 = CARTESIAN_POINT('',(6.4,-5.955230308064E-03,6.139802757374));
#1371 = CARTESIAN_POINT('',(6.403401619729,3.649716211721,6.412530030636
    ));
#1372 = CARTESIAN_POINT('',(4.110371080711,7.307441719168,6.685257301338
    ));
#1373 = CARTESIAN_POINT('',(-0.485346996982,9.364611752727,
    6.957984579291));
#1374 = CARTESIAN_POINT('',(-6.103131187676,8.210954798711,
    7.230711842282));
#1375 = CARTESIAN_POINT('',(-10.29558801213,3.393442234594,
    7.503439128755));
#1376 = CARTESIAN_POINT('',(-10.3018854159,-3.374276188032,7.77616638619
    ));
#1377 = CARTESIAN_POINT('',(-6.118401263435,-8.199582604837,
    8.048893672552));
#1378 = CARTESIAN_POINT('',(-0.502773776217,-9.363692301694,
    8.321620935688));
#1379 = CARTESIAN_POINT('',(4.096764757642,-7.315078497929,
    8.594348213537));
#1380 = CARTESIAN_POINT('',(6.396598380286,-3.66162667235,8.867075484285
    ));
#1381 = CARTESIAN_POINT('',(6.400000000018,-5.955230318973E-03,
    9.139802757535));
#1382 = CARTESIAN_POINT('',(7.2,-3.651748649871E-02,6.600670723097));
#1383 = CARTESIAN_POINT('',(7.220858740311,4.076112896415,6.873397995826
    ));
#1384 = CARTESIAN_POINT('',(4.658230911925,8.201753191661,7.146125268545
    ));
#1385 = CARTESIAN_POINT('',(-0.502387409272,10.537490238873,
    7.418852541293));
#1386 = CARTESIAN_POINT('',(-6.827793932782,9.265794117317,
    7.691579813994));
#1387 = CARTESIAN_POINT('',(-11.56677095617,3.865605192931,
    7.964307086732));
#1388 = CARTESIAN_POINT('',(-11.60538665109,-3.748078949625,
    8.237034359483));
#1389 = CARTESIAN_POINT('',(-6.921430073804,-9.196059797408,
    8.509761632157));
#1390 = CARTESIAN_POINT('',(-0.60924846113,-10.53185216288,8.78248890494
    ));
#1391 = CARTESIAN_POINT('',(4.574796906382,-8.248581937288,
    9.055216177631));
#1392 = CARTESIAN_POINT('',(7.17914125981,-4.149147869413,9.327943450373
    ));
#1393 = CARTESIAN_POINT('',(7.200000000111,-3.651748649865E-02,
    9.600670723097));
#1394 = DEFINITIONAL_REPRESENTATION('',(#1395),#1398);
#1395 = B_SPLINE_CURVE_WITH_KNOTS('',1,(#1396,#1397),.UNSPECIFIED.,.F.,
  .F.,(2,2),(0.,1.),.PIECEWISE_BEZIER_KNOTS.);
#1396 = CARTESIAN_POINT('',(-1.06912204887E-04,0.));
#1397 = CARTESIAN_POINT('',(-1.069398533509E-04,5.61982217499E-03));
#1398 = ( GEOMETRIC_REPRESENTATION_CONTEXT(2) 
PARAMETRIC_REPRESENTATION_CONTEXT() REPRESENTATION_CONTEXT('2D SPACE',''
  ) );
#1399 = ORIENTED_EDGE('',*,*,#1400,.T.);
#1400 = EDGE_CURVE('',#1356,#1401,#1403,.T.);
#1401 = VERTEX_POINT('',#1402);
#1402 = CARTESIAN_POINT('',(7.2,-1.763491390772E-15,6.996956719488));
#1403 = SURFACE_CURVE('',#1404,(#1408,#1415),.PCURVE_S1.);
#1404 = LINE('',#1405,#1406);
#1405 = CARTESIAN_POINT('',(7.2,-1.763491390772E-15,0.));
#1406 = VECTOR('',#1407,1.);
#1407 = DIRECTION('',(0.,0.,1.));
#1408 = PCURVE('',#178,#1409);
#1409 = DEFINITIONAL_REPRESENTATION('',(#1410),#1414);
#1410 = LINE('',#1411,#1412);
#1411 = CARTESIAN_POINT('',(6.28318530718,-0.));
#1412 = VECTOR('',#1413,1.);
#1413 = DIRECTION('',(0.,1.));
#1414 = ( GEOMETRIC_REPRESENTATION_CONTEXT(2) 
PARAMETRIC_REPRESENTATION_CONTEXT() REPRESENTATION_CONTEXT('2D SPACE',''
  ) );
#1415 = PCURVE('',#1416,#1421);
#1416 = CYLINDRICAL_SURFACE('',#1417,7.2);
#1417 = AXIS2_PLACEMENT_3D('',#1418,#1419,#1420);
#1418 = CARTESIAN_POINT('',(0.,0.,0.));
#1419 = DIRECTION('',(0.,0.,1.));
#1420 = DIRECTION('',(1.,0.,0.));
#1421 = DEFINITIONAL_REPRESENTATION('',(#1422),#1426);
#1422 = LINE('',#1423,#1424);
#1423 = CARTESIAN_POINT('',(0.,-0.));
#1424 = VECTOR('',#1425,1.);
#1425 = DIRECTION('',(0.,1.));
#1426 = ( GEOMETRIC_REPRESENTATION_CONTEXT(2) 
PARAMETRIC_REPRESENTATION_CONTEXT() REPRESENTATION_CONTEXT('2D SPACE',''
  ) );
#1427 = ORIENTED_EDGE('',*,*,#1428,.F.);
#1428 = EDGE_CURVE('',#889,#1401,#1429,.T.);
#1429 = SURFACE_CURVE('',#1430,(#1475,#1523),.PCURVE_S1.);
#1430 = B_SPLINE_CURVE_WITH_KNOTS('',8,(#1431,#1432,#1433,#1434,#1435,
    #1436,#1437,#1438,#1439,#1440,#1441,#1442,#1443,#1444,#1445,#1446,
    #1447,#1448,#1449,#1450,#1451,#1452,#1453,#1454,#1455,#1456,#1457,
    #1458,#1459,#1460,#1461,#1462,#1463,#1464,#1465,#1466,#1467,#1468,
    #1469,#1470,#1471,#1472,#1473,#1474),.UNSPECIFIED.,.F.,.F.,(9,7,7,7,
    7,7,9),(0.,8.949443559806E-02,0.266698964563,0.435425372404,
    0.540746964117,0.76937312483,1.),.UNSPECIFIED.);
#1431 = CARTESIAN_POINT('',(-7.199907411315,-3.651394934983E-02,
    5.499382615852));
#1432 = CARTESIAN_POINT('',(-7.198626345637,-0.289117527812,
    5.516134126305));
#1433 = CARTESIAN_POINT('',(-7.187216618427,-0.541672138851,
    5.532887075864));
#1434 = CARTESIAN_POINT('',(-7.165680873163,-0.793700408219,
    5.549640399018));
#1435 = CARTESIAN_POINT('',(-7.134048143916,-1.044728436318,
    5.566393566799));
#1436 = CARTESIAN_POINT('',(-7.092373833398,-1.294285982757,
    5.583146403357));
#1437 = CARTESIAN_POINT('',(-7.040739691012,-1.541906650904,
    5.599898902523));
#1438 = CARTESIAN_POINT('',(-6.979253790903,-1.787128072442,
    5.616651044383));
#1439 = CARTESIAN_POINT('',(-6.76706360096,-2.509387871182,
    5.666571753611));
#1440 = CARTESIAN_POINT('',(-6.587953837463,-2.978165764696,
    5.699744415196));
#1441 = CARTESIAN_POINT('',(-6.371771511892,-3.432177409862,
    5.73291359618));
#1442 = CARTESIAN_POINT('',(-6.119972484303,-3.868014491284,
    5.766079735804));
#1443 = CARTESIAN_POINT('',(-5.834355306744,-4.282477458471,
    5.799246515613));
#1444 = CARTESIAN_POINT('',(-5.517037973647,-4.672568836065,
    5.832417078701));
#1445 = CARTESIAN_POINT('',(-5.170474298301,-5.035511126622,
    5.86559066556));
#1446 = CARTESIAN_POINT('',(-4.442389530227,-5.686122222539,
    5.930341739645));
#1447 = CARTESIAN_POINT('',(-4.063234239035,-5.976651045746,
    5.961928382499));
#1448 = CARTESIAN_POINT('',(-3.662470413035,-6.238186822658,
    5.993513591443));
#1449 = CARTESIAN_POINT('',(-3.242704775978,-6.468878270646,
    6.02509664095));
#1450 = CARTESIAN_POINT('',(-2.806696511468,-6.667167244244,
    6.056679543298));
#1451 = CARTESIAN_POINT('',(-2.357345021604,-6.831775365733,
    6.088264431349));
#1452 = CARTESIAN_POINT('',(-1.897693336935,-6.96172181945,
    6.119850864456));
#1453 = CARTESIAN_POINT('',(-1.139597121506,-7.115454586415,
    6.171147143032));
#1454 = CARTESIAN_POINT('',(-0.845453254715,-7.160790014864,
    6.190861543779));
#1455 = CARTESIAN_POINT('',(-0.549280778499,-7.192222431244,
    6.210575707024));
#1456 = CARTESIAN_POINT('',(-0.251847425266,-7.209649487645,
    6.230289610885));
#1457 = CARTESIAN_POINT('',(4.607698645484E-02,-7.213019468552,
    6.250003498617));
#1458 = CARTESIAN_POINT('',(0.343720910181,-7.202330238334,
    6.269717613034));
#1459 = CARTESIAN_POINT('',(0.640311342676,-7.177630319802,
    6.289431930991));
#1460 = CARTESIAN_POINT('',(1.574928148561,-7.055213569993,
    6.351939863647));
#1461 = CARTESIAN_POINT('',(2.206474655897,-6.90582739151,6.394752549193
    ));
#1462 = CARTESIAN_POINT('',(2.821442161636,-6.691846336294,
    6.437555735655));
#1463 = CARTESIAN_POINT('',(3.412172126511,-6.415561399706,
    6.480351366663));
#1464 = CARTESIAN_POINT('',(3.971476603697,-6.080190478585,
    6.523147084391));
#1465 = CARTESIAN_POINT('',(4.492669408581,-5.689894851203,
    6.565950454298));
#1466 = CARTESIAN_POINT('',(4.96956999676,-5.24974394344,6.608763245552)
  );
#1467 = CARTESIAN_POINT('',(5.827647981385,-4.278116037868,
    6.694725418633));
#1468 = CARTESIAN_POINT('',(6.208332136399,-3.74544217711,6.737912598782
    ));
#1469 = CARTESIAN_POINT('',(6.533049105827,-3.174369452313,
    6.781088972458));
#1470 = CARTESIAN_POINT('',(6.797430690369,-2.571845649987,
    6.824256779841));
#1471 = CARTESIAN_POINT('',(6.998105397556,-1.945217978486,
    6.867424575247));
#1472 = CARTESIAN_POINT('',(7.132736810412,-1.302225288498,
    6.910600944915));
#1473 = CARTESIAN_POINT('',(7.2,-0.650966833537,6.953788194192));
#1474 = CARTESIAN_POINT('',(7.2,-1.7763568394E-15,6.996956719488));
#1475 = PCURVE('',#178,#1476);
#1476 = DEFINITIONAL_REPRESENTATION('',(#1477),#1522);
#1477 = B_SPLINE_CURVE_WITH_KNOTS('',8,(#1478,#1479,#1480,#1481,#1482,
    #1483,#1484,#1485,#1486,#1487,#1488,#1489,#1490,#1491,#1492,#1493,
    #1494,#1495,#1496,#1497,#1498,#1499,#1500,#1501,#1502,#1503,#1504,
    #1505,#1506,#1507,#1508,#1509,#1510,#1511,#1512,#1513,#1514,#1515,
    #1516,#1517,#1518,#1519,#1520,#1521),.UNSPECIFIED.,.F.,.F.,(9,7,7,7,
    7,7,9),(0.,8.949443559806E-02,0.266698964563,0.435425372404,
    0.540746964117,0.76937312483,1.),.UNSPECIFIED.);
#1478 = CARTESIAN_POINT('',(3.146664057183,5.499382615852));
#1479 = CARTESIAN_POINT('',(3.181748338692,5.516134126305));
#1480 = CARTESIAN_POINT('',(3.216832955246,5.532887075864));
#1481 = CARTESIAN_POINT('',(3.251917406963,5.549640399018));
#1482 = CARTESIAN_POINT('',(3.287001662043,5.566393566799));
#1483 = CARTESIAN_POINT('',(3.322085921732,5.583146403357));
#1484 = CARTESIAN_POINT('',(3.357170385288,5.599898902523));
#1485 = CARTESIAN_POINT('',(3.392255014952,5.616651044383));
#1486 = CARTESIAN_POINT('',(3.49680836147,5.666571753611));
#1487 = CARTESIAN_POINT('',(3.566288162104,5.699744415196));
#1488 = CARTESIAN_POINT('',(3.635763196494,5.73291359618));
#1489 = CARTESIAN_POINT('',(3.705232252816,5.766079735804));
#1490 = CARTESIAN_POINT('',(3.774701309181,5.799246515613));
#1491 = CARTESIAN_POINT('',(3.844176368888,5.832417078701));
#1492 = CARTESIAN_POINT('',(3.913656235511,5.86559066556));
#1493 = CARTESIAN_POINT('',(4.049270566151,5.930341739645));
#1494 = CARTESIAN_POINT('',(4.115424355217,5.961928382499));
#1495 = CARTESIAN_POINT('',(4.181574375973,5.993513591443));
#1496 = CARTESIAN_POINT('',(4.247719690043,6.02509664095));
#1497 = CARTESIAN_POINT('',(4.313865002596,6.056679543298));
#1498 = CARTESIAN_POINT('',(4.380015021625,6.088264431349));
#1499 = CARTESIAN_POINT('',(4.446168813606,6.119850864456));
#1500 = CARTESIAN_POINT('',(4.553603084666,6.171147143032));
#1501 = CARTESIAN_POINT('',(4.594892840829,6.190861543779));
#1502 = CARTESIAN_POINT('',(4.636182238908,6.210575707024));
#1503 = CARTESIAN_POINT('',(4.677471185548,6.230289610885));
#1504 = CARTESIAN_POINT('',(4.718760134483,6.250003498617));
#1505 = CARTESIAN_POINT('',(4.760049540076,6.269717613034));
#1506 = CARTESIAN_POINT('',(4.801339309061,6.289431930991));
#1507 = CARTESIAN_POINT('',(4.932255951745,6.351939863647));
#1508 = CARTESIAN_POINT('',(5.021922423516,6.394752549193));
#1509 = CARTESIAN_POINT('',(5.111568259454,6.437555735655));
#1510 = CARTESIAN_POINT('',(5.201197529802,6.480351366663));
#1511 = CARTESIAN_POINT('',(5.290826790707,6.523147084391));
#1512 = CARTESIAN_POINT('',(5.380472595179,6.565950454298));
#1513 = CARTESIAN_POINT('',(5.470139041941,6.608763245552));
#1514 = CARTESIAN_POINT('',(5.650178829563,6.694725418633));
#1515 = CARTESIAN_POINT('',(5.740631352454,6.737912598782));
#1516 = CARTESIAN_POINT('',(5.831062286209,6.781088972458));
#1517 = CARTESIAN_POINT('',(5.921476032348,6.824256779841));
#1518 = CARTESIAN_POINT('',(6.011889780649,6.867424575247));
#1519 = CARTESIAN_POINT('',(6.102320719357,6.910600944915));
#1520 = CARTESIAN_POINT('',(6.192773246966,6.953788194192));
#1521 = CARTESIAN_POINT('',(6.28318530718,6.996956719488));
#1522 = ( GEOMETRIC_REPRESENTATION_CONTEXT(2) 
PARAMETRIC_REPRESENTATION_CONTEXT() REPRESENTATION_CONTEXT('2D SPACE',''
  ) );
#1523 = PCURVE('',#903,#1524);
#1524 = DEFINITIONAL_REPRESENTATION('',(#1525),#1570);
#1525 = B_SPLINE_CURVE_WITH_KNOTS('',8,(#1526,#1527,#1528,#1529,#1530,
    #1531,#1532,#1533,#1534,#1535,#1536,#1537,#1538,#1539,#1540,#1541,
    #1542,#1543,#1544,#1545,#1546,#1547,#1548,#1549,#1550,#1551,#1552,
    #1553,#1554,#1555,#1556,#1557,#1558,#1559,#1560,#1561,#1562,#1563,
    #1564,#1565,#1566,#1567,#1568,#1569),.UNSPECIFIED.,.F.,.F.,(9,7,7,7,
    7,7,9),(0.,8.949443559806E-02,0.266698964563,0.435425372404,
    0.540746964117,0.76937312483,1.),.UNSPECIFIED.);
#1526 = CARTESIAN_POINT('',(-0.923653518499,0.));
#1527 = CARTESIAN_POINT('',(-0.923653518555,3.887827044061E-02));
#1528 = CARTESIAN_POINT('',(-0.923651014458,7.775698132315E-02));
#1529 = CARTESIAN_POINT('',(-0.923647655409,0.116635569328));
#1530 = CARTESIAN_POINT('',(-0.923644451156,0.155513975969));
#1531 = CARTESIAN_POINT('',(-0.923641921168,0.194392394609));
#1532 = CARTESIAN_POINT('',(-0.923640243826,0.233271017479));
#1533 = CARTESIAN_POINT('',(-0.923639405596,0.272149782692));
#1534 = CARTESIAN_POINT('',(-0.923639240569,0.388009641129));
#1535 = CARTESIAN_POINT('',(-0.923642196533,0.465002879753));
#1536 = CARTESIAN_POINT('',(-0.923647339346,0.54199057246));
#1537 = CARTESIAN_POINT('',(-0.923652703543,0.618971462874));
#1538 = CARTESIAN_POINT('',(-0.923656757348,0.69595232178));
#1539 = CARTESIAN_POINT('',(-0.923659058817,0.772939932201));
#1540 = CARTESIAN_POINT('',(-0.923660047751,0.849933040658));
#1541 = CARTESIAN_POINT('',(-0.923659902567,1.000212441213));
#1542 = CARTESIAN_POINT('',(-0.923658897935,1.073520132371));
#1543 = CARTESIAN_POINT('',(-0.923657310129,1.14682382034));
#1544 = CARTESIAN_POINT('',(-0.923655659706,1.220122424008));
#1545 = CARTESIAN_POINT('',(-0.923654356706,1.293421088415));
#1546 = CARTESIAN_POINT('',(-0.923653567976,1.366724956878));
#1547 = CARTESIAN_POINT('',(-0.923653232239,1.44003293575));
#1548 = CARTESIAN_POINT('',(-0.92365321706,1.559085501125));
#1549 = CARTESIAN_POINT('',(-0.923653337478,1.604840428141));
#1550 = CARTESIAN_POINT('',(-0.923653551243,1.650594912032));
#1551 = CARTESIAN_POINT('',(-0.923653809669,1.696348845634));
#1552 = CARTESIAN_POINT('',(-0.923654059752,1.742102732144));
#1553 = CARTESIAN_POINT('',(-0.923654253248,1.78785707924));
#1554 = CARTESIAN_POINT('',(-0.923654353385,1.833611790631));
#1555 = CARTESIAN_POINT('',(-0.923654308386,1.978685241789));
#1556 = CARTESIAN_POINT('',(-0.923653738206,2.078047750577));
#1557 = CARTESIAN_POINT('',(-0.923652412156,2.1773873379));
#1558 = CARTESIAN_POINT('',(-0.923650435597,2.276708636684));
#1559 = CARTESIAN_POINT('',(-0.923648419888,2.376030091406));
#1560 = CARTESIAN_POINT('',(-0.923647049853,2.475370053549));
#1561 = CARTESIAN_POINT('',(-0.923646666293,2.574733023764));
#1562 = CARTESIAN_POINT('',(-0.923647889093,2.774242455138));
#1563 = CARTESIAN_POINT('',(-0.923649513977,2.874476662494));
#1564 = CARTESIAN_POINT('',(-0.92365215124,2.974686965554));
#1565 = CARTESIAN_POINT('',(-0.923655471647,3.074878167538));
#1566 = CARTESIAN_POINT('',(-0.923658712286,3.175069266228));
#1567 = CARTESIAN_POINT('',(-0.923661155351,3.275279324585));
#1568 = CARTESIAN_POINT('',(-0.923662406839,3.375513263535));
#1569 = CARTESIAN_POINT('',(-0.923662465507,3.475702362354));
#1570 = ( GEOMETRIC_REPRESENTATION_CONTEXT(2) 
PARAMETRIC_REPRESENTATION_CONTEXT() REPRESENTATION_CONTEXT('2D SPACE',''
  ) );
#1571 = ORIENTED_EDGE('',*,*,#934,.F.);
#1572 = ORIENTED_EDGE('',*,*,#162,.F.);
#1573 = ADVANCED_FACE('',(#1574),#131,.F.);
#1574 = FACE_BOUND('',#1575,.F.);
#1575 = EDGE_LOOP('',(#1576,#1632,#1651,#1652,#1653));
#1576 = ORIENTED_EDGE('',*,*,#1577,.F.);
#1577 = EDGE_CURVE('',#1578,#1580,#1582,.T.);
#1578 = VERTEX_POINT('',#1579);
#1579 = CARTESIAN_POINT('',(6.4,-5.955230308065E-03,3.139802757374));
#1580 = VERTEX_POINT('',#1581);
#1581 = CARTESIAN_POINT('',(6.400000000009,-5.955230313687E-03,
    6.139802757457));
#1582 = SURFACE_CURVE('',#1583,(#1596,#1603),.PCURVE_S1.);
#1583 = B_SPLINE_CURVE_WITH_KNOTS('',11,(#1584,#1585,#1586,#1587,#1588,
    #1589,#1590,#1591,#1592,#1593,#1594,#1595),.UNSPECIFIED.,.F.,.F.,(12
    ,12),(0.,6.962644440466),.PIECEWISE_BEZIER_KNOTS.);
#1584 = CARTESIAN_POINT('',(6.4,-5.955230308068E-03,3.139802757374));
#1585 = CARTESIAN_POINT('',(6.403401619728,3.64971621172,3.412530030633)
  );
#1586 = CARTESIAN_POINT('',(4.110371080711,7.307441719173,3.685257301336
    ));
#1587 = CARTESIAN_POINT('',(-0.485346996978,9.364611752705,3.95798457934
    ));
#1588 = CARTESIAN_POINT('',(-6.103131187696,8.210954798765,
    4.230711842102));
#1589 = CARTESIAN_POINT('',(-10.29558801209,3.393442234503,
    4.503439129125));
#1590 = CARTESIAN_POINT('',(-10.30188541596,-3.374276187925,
    4.776166385686));
#1591 = CARTESIAN_POINT('',(-6.118401263379,-8.199582604925,
    5.048893673024));
#1592 = CARTESIAN_POINT('',(-0.502773776254,-9.363692301643,
    5.321620935379));
#1593 = CARTESIAN_POINT('',(4.096764757658,-7.315078497949,
    5.594348213673));
#1594 = CARTESIAN_POINT('',(6.396598380282,-3.661626672345,
    5.867075484246));
#1595 = CARTESIAN_POINT('',(6.400000000019,-5.955230319312E-03,
    6.13980275754));
#1596 = PCURVE('',#131,#1597);
#1597 = DEFINITIONAL_REPRESENTATION('',(#1598),#1602);
#1598 = LINE('',#1599,#1600);
#1599 = CARTESIAN_POINT('',(-0.923760430703,0.));
#1600 = VECTOR('',#1601,1.);
#1601 = DIRECTION('',(0.,1.));
#1602 = ( GEOMETRIC_REPRESENTATION_CONTEXT(2) 
PARAMETRIC_REPRESENTATION_CONTEXT() REPRESENTATION_CONTEXT('2D SPACE',''
  ) );
#1603 = PCURVE('',#1604,#1627);
#1604 = B_SPLINE_SURFACE_WITH_KNOTS('',1,10,(
    (#1605,#1606,#1607,#1608,#1609,#1610,#1611,#1612,#1613,#1614,#1615)
    ,(#1616,#1617,#1618,#1619,#1620,#1621,#1622,#1623,#1624,#1625,#1626
    )),.UNSPECIFIED.,.F.,.F.,.F.,(2,2),(11,11),(-0.18,-0.),(0.,
    6.962644440466),.PIECEWISE_BEZIER_KNOTS.);
#1605 = CARTESIAN_POINT('',(6.4,5.955230308065E-03,2.960197242626));
#1606 = CARTESIAN_POINT('',(6.396258218301,4.027193816528,3.26019724321)
  );
#1607 = CARTESIAN_POINT('',(3.585763107031,8.049054802095,3.56019724124)
  );
#1608 = CARTESIAN_POINT('',(-2.035957182964,9.837420215082,
    3.860197245083));
#1609 = CARTESIAN_POINT('',(-8.451277664935,7.318707253015,
    4.160197240825));
#1610 = CARTESIAN_POINT('',(-11.84396709037,-1.102086738245E-02,
    4.460197242383));
#1611 = CARTESIAN_POINT('',(-8.437642859702,-7.334422473644,
    4.760197245136));
#1612 = CARTESIAN_POINT('',(-2.017646139403,-9.841192112108,
    5.060197240002));
#1613 = CARTESIAN_POINT('',(3.600736250925,-8.042367730434,
    5.360197244309));
#1614 = CARTESIAN_POINT('',(6.403741781679,-4.01528335592,5.660197242168
    ));
#1615 = CARTESIAN_POINT('',(6.399999999981,5.95523029686E-03,
    5.960197242792));
#1616 = CARTESIAN_POINT('',(6.4,-5.955230308065E-03,3.139802757374));
#1617 = CARTESIAN_POINT('',(6.403741781701,4.015283355923,3.439802757959
    ));
#1618 = CARTESIAN_POINT('',(3.600736250961,8.042367730437,3.739802755984
    ));
#1619 = CARTESIAN_POINT('',(-2.01764613942,9.841192112174,4.03980275984)
  );
#1620 = CARTESIAN_POINT('',(-8.437642859663,7.334422473623,
    4.339802755558));
#1621 = CARTESIAN_POINT('',(-11.84396709047,1.102086746926E-02,
    4.639802757149));
#1622 = CARTESIAN_POINT('',(-8.451277664913,-7.318707253076,
    4.939802759869));
#1623 = CARTESIAN_POINT('',(-2.035957183025,-9.837420215074,
    5.23980275476));
#1624 = CARTESIAN_POINT('',(3.585763107044,-8.049054802137,
    5.539802759054));
#1625 = CARTESIAN_POINT('',(6.396258218307,-4.027193816548,
    5.839802756917));
#1626 = CARTESIAN_POINT('',(6.400000000019,-5.955230319316E-03,
    6.13980275754));
#1627 = DEFINITIONAL_REPRESENTATION('',(#1628),#1631);
#1628 = B_SPLINE_CURVE_WITH_KNOTS('',1,(#1629,#1630),.UNSPECIFIED.,.F.,
  .F.,(2,2),(0.,6.962644440466),.PIECEWISE_BEZIER_KNOTS.);
#1629 = CARTESIAN_POINT('',(0.,0.));
#1630 = CARTESIAN_POINT('',(0.,6.962644440466));
#1631 = ( GEOMETRIC_REPRESENTATION_CONTEXT(2) 
PARAMETRIC_REPRESENTATION_CONTEXT() REPRESENTATION_CONTEXT('2D SPACE',''
  ) );
#1632 = ORIENTED_EDGE('',*,*,#1633,.T.);
#1633 = EDGE_CURVE('',#1578,#86,#1634,.T.);
#1634 = SURFACE_CURVE('',#1635,(#1638,#1645),.PCURVE_S1.);
#1635 = B_SPLINE_CURVE_WITH_KNOTS('',1,(#1636,#1637),.UNSPECIFIED.,.F.,
  .F.,(2,2),(-0.923760430703,-0.),.PIECEWISE_BEZIER_KNOTS.);
#1636 = CARTESIAN_POINT('',(6.4,-5.955230308068E-03,3.139802757374));
#1637 = CARTESIAN_POINT('',(7.2,-3.651748649871E-02,3.600670723097));
#1638 = PCURVE('',#131,#1639);
#1639 = DEFINITIONAL_REPRESENTATION('',(#1640),#1644);
#1640 = LINE('',#1641,#1642);
#1641 = CARTESIAN_POINT('',(0.,0.));
#1642 = VECTOR('',#1643,1.);
#1643 = DIRECTION('',(1.,0.));
#1644 = ( GEOMETRIC_REPRESENTATION_CONTEXT(2) 
PARAMETRIC_REPRESENTATION_CONTEXT() REPRESENTATION_CONTEXT('2D SPACE',''
  ) );
#1645 = PCURVE('',#105,#1646);
#1646 = DEFINITIONAL_REPRESENTATION('',(#1647),#1650);
#1647 = B_SPLINE_CURVE_WITH_KNOTS('',1,(#1648,#1649),.UNSPECIFIED.,.F.,
  .F.,(2,2),(-0.923760430703,-0.),.PIECEWISE_BEZIER_KNOTS.);
#1648 = CARTESIAN_POINT('',(9.E-02,-0.518004145208));
#1649 = CARTESIAN_POINT('',(0.551880215352,0.281995854792));
#1650 = ( GEOMETRIC_REPRESENTATION_CONTEXT(2) 
PARAMETRIC_REPRESENTATION_CONTEXT() REPRESENTATION_CONTEXT('2D SPACE',''
  ) );
#1651 = ORIENTED_EDGE('',*,*,#117,.T.);
#1652 = ORIENTED_EDGE('',*,*,#1083,.T.);
#1653 = ORIENTED_EDGE('',*,*,#1654,.F.);
#1654 = EDGE_CURVE('',#1580,#1084,#1655,.T.);
#1655 = SURFACE_CURVE('',#1656,(#1659,#1666),.PCURVE_S1.);
#1656 = B_SPLINE_CURVE_WITH_KNOTS('',1,(#1657,#1658),.UNSPECIFIED.,.F.,
  .F.,(2,2),(-0.923760430703,-0.),.PIECEWISE_BEZIER_KNOTS.);
#1657 = CARTESIAN_POINT('',(6.400000000019,-5.955230319312E-03,
    6.13980275754));
#1658 = CARTESIAN_POINT('',(7.200000000115,-3.651748649885E-02,
    6.600670723097));
#1659 = PCURVE('',#131,#1660);
#1660 = DEFINITIONAL_REPRESENTATION('',(#1661),#1665);
#1661 = LINE('',#1662,#1663);
#1662 = CARTESIAN_POINT('',(0.,6.962644440466));
#1663 = VECTOR('',#1664,1.);
#1664 = DIRECTION('',(1.,0.));
#1665 = ( GEOMETRIC_REPRESENTATION_CONTEXT(2) 
PARAMETRIC_REPRESENTATION_CONTEXT() REPRESENTATION_CONTEXT('2D SPACE',''
  ) );
#1666 = PCURVE('',#1369,#1667);
#1667 = DEFINITIONAL_REPRESENTATION('',(#1668),#1671);
#1668 = B_SPLINE_CURVE_WITH_KNOTS('',1,(#1669,#1670),.UNSPECIFIED.,.F.,
  .F.,(2,2),(-0.923760430703,-0.),.PIECEWISE_BEZIER_KNOTS.);
#1669 = CARTESIAN_POINT('',(-0.923760430703,0.));
#1670 = CARTESIAN_POINT('',(0.,0.));
#1671 = ( GEOMETRIC_REPRESENTATION_CONTEXT(2) 
PARAMETRIC_REPRESENTATION_CONTEXT() REPRESENTATION_CONTEXT('2D SPACE',''
  ) );
#1672 = ADVANCED_FACE('',(#1673),#105,.T.);
#1673 = FACE_BOUND('',#1674,.T.);
#1674 = EDGE_LOOP('',(#1675,#1696,#1697,#1698,#1723,#1744));
#1675 = ORIENTED_EDGE('',*,*,#1676,.T.);
#1676 = EDGE_CURVE('',#1677,#1578,#1679,.T.);
#1677 = VERTEX_POINT('',#1678);
#1678 = CARTESIAN_POINT('',(6.4,5.955230308065E-03,2.960197242626));
#1679 = SURFACE_CURVE('',#1680,(#1683,#1689),.PCURVE_S1.);
#1680 = B_SPLINE_CURVE_WITH_KNOTS('',1,(#1681,#1682),.UNSPECIFIED.,.F.,
  .F.,(2,2),(-0.18,-0.),.PIECEWISE_BEZIER_KNOTS.);
#1681 = CARTESIAN_POINT('',(6.4,5.955230308065E-03,2.960197242626));
#1682 = CARTESIAN_POINT('',(6.4,-5.955230308065E-03,3.139802757374));
#1683 = PCURVE('',#105,#1684);
#1684 = DEFINITIONAL_REPRESENTATION('',(#1685),#1688);
#1685 = B_SPLINE_CURVE_WITH_KNOTS('',1,(#1686,#1687),.UNSPECIFIED.,.F.,
  .F.,(2,2),(-0.18,-0.),.PIECEWISE_BEZIER_KNOTS.);
#1686 = CARTESIAN_POINT('',(-9.E-02,-0.518004145208));
#1687 = CARTESIAN_POINT('',(9.E-02,-0.518004145208));
#1688 = ( GEOMETRIC_REPRESENTATION_CONTEXT(2) 
PARAMETRIC_REPRESENTATION_CONTEXT() REPRESENTATION_CONTEXT('2D SPACE',''
  ) );
#1689 = PCURVE('',#1604,#1690);
#1690 = DEFINITIONAL_REPRESENTATION('',(#1691),#1695);
#1691 = LINE('',#1692,#1693);
#1692 = CARTESIAN_POINT('',(0.,0.));
#1693 = VECTOR('',#1694,1.);
#1694 = DIRECTION('',(1.,0.));
#1695 = ( GEOMETRIC_REPRESENTATION_CONTEXT(2) 
PARAMETRIC_REPRESENTATION_CONTEXT() REPRESENTATION_CONTEXT('2D SPACE',''
  ) );
#1696 = ORIENTED_EDGE('',*,*,#1633,.T.);
#1697 = ORIENTED_EDGE('',*,*,#85,.T.);
#1698 = ORIENTED_EDGE('',*,*,#1699,.T.);
#1699 = EDGE_CURVE('',#58,#352,#1700,.T.);
#1700 = SURFACE_CURVE('',#1701,(#1706,#1713),.PCURVE_S1.);
#1701 = ELLIPSE('',#1702,108.81191263456,7.2);
#1702 = AXIS2_PLACEMENT_3D('',#1703,#1704,#1705);
#1703 = CARTESIAN_POINT('',(0.,0.,3.05));
#1704 = DIRECTION('',(-4.00786895286E-15,0.997808415267,
    6.616922564518E-02));
#1705 = DIRECTION('',(2.657800646301E-16,-6.616922564518E-02,
    0.997808415267));
#1706 = PCURVE('',#105,#1707);
#1707 = DEFINITIONAL_REPRESENTATION('',(#1708),#1712);
#1708 = ELLIPSE('',#1709,108.81191263456,7.2);
#1709 = AXIS2_PLACEMENT_2D('',#1710,#1711);
#1710 = CARTESIAN_POINT('',(-4.721537446422E-13,-6.918004145208));
#1711 = DIRECTION('',(1.,2.657800646301E-16));
#1712 = ( GEOMETRIC_REPRESENTATION_CONTEXT(2) 
PARAMETRIC_REPRESENTATION_CONTEXT() REPRESENTATION_CONTEXT('2D SPACE',''
  ) );
#1713 = PCURVE('',#73,#1714);
#1714 = DEFINITIONAL_REPRESENTATION('',(#1715),#1722);
#1715 = B_SPLINE_CURVE_WITH_KNOTS('',5,(#1716,#1717,#1718,#1719,#1720,
    #1721),.UNSPECIFIED.,.F.,.F.,(6,6),(1.570796326795,1.571256850113),
  .PIECEWISE_BEZIER_KNOTS.);
#1716 = CARTESIAN_POINT('',(0.,3.05));
#1717 = CARTESIAN_POINT('',(9.210466352831E-05,3.039999879647));
#1718 = CARTESIAN_POINT('',(1.842093270551E-04,3.029999759293));
#1719 = CARTESIAN_POINT('',(2.763139905855E-04,3.019999639116));
#1720 = CARTESIAN_POINT('',(3.68418654113E-04,3.009999519293));
#1721 = CARTESIAN_POINT('',(4.605233176413E-04,2.9999994));
#1722 = ( GEOMETRIC_REPRESENTATION_CONTEXT(2) 
PARAMETRIC_REPRESENTATION_CONTEXT() REPRESENTATION_CONTEXT('2D SPACE',''
  ) );
#1723 = ORIENTED_EDGE('',*,*,#1724,.T.);
#1724 = EDGE_CURVE('',#352,#1725,#1727,.T.);
#1725 = VERTEX_POINT('',#1726);
#1726 = CARTESIAN_POINT('',(7.2,3.651748649871E-02,2.499329276903));
#1727 = SURFACE_CURVE('',#1728,(#1731,#1737),.PCURVE_S1.);
#1728 = B_SPLINE_CURVE_WITH_KNOTS('',1,(#1729,#1730),.UNSPECIFIED.,.F.,
  .F.,(2,2),(-1.103760430703,-0.),.PIECEWISE_BEZIER_KNOTS.);
#1729 = CARTESIAN_POINT('',(7.2,-3.651748649872E-02,3.600670723097));
#1730 = CARTESIAN_POINT('',(7.2,3.651748649872E-02,2.499329276903));
#1731 = PCURVE('',#105,#1732);
#1732 = DEFINITIONAL_REPRESENTATION('',(#1733),#1736);
#1733 = B_SPLINE_CURVE_WITH_KNOTS('',1,(#1734,#1735),.UNSPECIFIED.,.F.,
  .F.,(2,2),(-1.103760430703,-0.),.PIECEWISE_BEZIER_KNOTS.);
#1734 = CARTESIAN_POINT('',(0.551880215352,0.281995854792));
#1735 = CARTESIAN_POINT('',(-0.551880215352,0.281995854792));
#1736 = ( GEOMETRIC_REPRESENTATION_CONTEXT(2) 
PARAMETRIC_REPRESENTATION_CONTEXT() REPRESENTATION_CONTEXT('2D SPACE',''
  ) );
#1737 = PCURVE('',#723,#1738);
#1738 = DEFINITIONAL_REPRESENTATION('',(#1739),#1743);
#1739 = LINE('',#1740,#1741);
#1740 = CARTESIAN_POINT('',(0.,0.));
#1741 = VECTOR('',#1742,1.);
#1742 = DIRECTION('',(1.,0.));
#1743 = ( GEOMETRIC_REPRESENTATION_CONTEXT(2) 
PARAMETRIC_REPRESENTATION_CONTEXT() REPRESENTATION_CONTEXT('2D SPACE',''
  ) );
#1744 = ORIENTED_EDGE('',*,*,#1745,.T.);
#1745 = EDGE_CURVE('',#1725,#1677,#1746,.T.);
#1746 = SURFACE_CURVE('',#1747,(#1750,#1756),.PCURVE_S1.);
#1747 = B_SPLINE_CURVE_WITH_KNOTS('',1,(#1748,#1749),.UNSPECIFIED.,.F.,
  .F.,(2,2),(-0.923760430703,-0.),.PIECEWISE_BEZIER_KNOTS.);
#1748 = CARTESIAN_POINT('',(7.2,3.651748649871E-02,2.499329276903));
#1749 = CARTESIAN_POINT('',(6.4,5.955230308055E-03,2.960197242626));
#1750 = PCURVE('',#105,#1751);
#1751 = DEFINITIONAL_REPRESENTATION('',(#1752),#1755);
#1752 = B_SPLINE_CURVE_WITH_KNOTS('',1,(#1753,#1754),.UNSPECIFIED.,.F.,
  .F.,(2,2),(-0.923760430703,-0.),.PIECEWISE_BEZIER_KNOTS.);
#1753 = CARTESIAN_POINT('',(-0.551880215352,0.281995854792));
#1754 = CARTESIAN_POINT('',(-9.E-02,-0.518004145208));
#1755 = ( GEOMETRIC_REPRESENTATION_CONTEXT(2) 
PARAMETRIC_REPRESENTATION_CONTEXT() REPRESENTATION_CONTEXT('2D SPACE',''
  ) );
#1756 = PCURVE('',#624,#1757);
#1757 = DEFINITIONAL_REPRESENTATION('',(#1758),#1762);
#1758 = LINE('',#1759,#1760);
#1759 = CARTESIAN_POINT('',(0.,0.));
#1760 = VECTOR('',#1761,1.);
#1761 = DIRECTION('',(1.,0.));
#1762 = ( GEOMETRIC_REPRESENTATION_CONTEXT(2) 
PARAMETRIC_REPRESENTATION_CONTEXT() REPRESENTATION_CONTEXT('2D SPACE',''
  ) );
#1763 = ADVANCED_FACE('',(#1764),#73,.T.);
#1764 = FACE_BOUND('',#1765,.T.);
#1765 = EDGE_LOOP('',(#1766,#1767,#1768));
#1766 = ORIENTED_EDGE('',*,*,#351,.T.);
#1767 = ORIENTED_EDGE('',*,*,#1699,.F.);
#1768 = ORIENTED_EDGE('',*,*,#57,.F.);
#1769 = ADVANCED_FACE('',(#1770),#337,.T.);
#1770 = FACE_BOUND('',#1771,.T.);
#1771 = EDGE_LOOP('',(#1772,#1773,#1796,#1823));
#1772 = ORIENTED_EDGE('',*,*,#320,.F.);
#1773 = ORIENTED_EDGE('',*,*,#1774,.F.);
#1774 = EDGE_CURVE('',#1775,#321,#1777,.T.);
#1775 = VERTEX_POINT('',#1776);
#1776 = CARTESIAN_POINT('',(10.,-2.449293598295E-15,0.));
#1777 = SEAM_CURVE('',#1778,(#1782,#1789),.PCURVE_S1.);
#1778 = LINE('',#1779,#1780);
#1779 = CARTESIAN_POINT('',(10.,-2.449293598295E-15,0.));
#1780 = VECTOR('',#1781,1.);
#1781 = DIRECTION('',(0.,0.,1.));
#1782 = PCURVE('',#337,#1783);
#1783 = DEFINITIONAL_REPRESENTATION('',(#1784),#1788);
#1784 = LINE('',#1785,#1786);
#1785 = CARTESIAN_POINT('',(6.28318530718,-0.));
#1786 = VECTOR('',#1787,1.);
#1787 = DIRECTION('',(0.,1.));
#1788 = ( GEOMETRIC_REPRESENTATION_CONTEXT(2) 
PARAMETRIC_REPRESENTATION_CONTEXT() REPRESENTATION_CONTEXT('2D SPACE',''
  ) );
#1789 = PCURVE('',#337,#1790);
#1790 = DEFINITIONAL_REPRESENTATION('',(#1791),#1795);
#1791 = LINE('',#1792,#1793);
#1792 = CARTESIAN_POINT('',(0.,-0.));
#1793 = VECTOR('',#1794,1.);
#1794 = DIRECTION('',(0.,1.));
#1795 = ( GEOMETRIC_REPRESENTATION_CONTEXT(2) 
PARAMETRIC_REPRESENTATION_CONTEXT() REPRESENTATION_CONTEXT('2D SPACE',''
  ) );
#1796 = ORIENTED_EDGE('',*,*,#1797,.T.);
#1797 = EDGE_CURVE('',#1775,#1775,#1798,.T.);
#1798 = SURFACE_CURVE('',#1799,(#1804,#1811),.PCURVE_S1.);
#1799 = CIRCLE('',#1800,10.);
#1800 = AXIS2_PLACEMENT_3D('',#1801,#1802,#1803);
#1801 = CARTESIAN_POINT('',(0.,0.,0.));
#1802 = DIRECTION('',(0.,0.,1.));
#1803 = DIRECTION('',(1.,0.,0.));
#1804 = PCURVE('',#337,#1805);
#1805 = DEFINITIONAL_REPRESENTATION('',(#1806),#1810);
#1806 = LINE('',#1807,#1808);
#1807 = CARTESIAN_POINT('',(0.,0.));
#1808 = VECTOR('',#1809,1.);
#1809 = DIRECTION('',(1.,0.));
#1810 = ( GEOMETRIC_REPRESENTATION_CONTEXT(2) 
PARAMETRIC_REPRESENTATION_CONTEXT() REPRESENTATION_CONTEXT('2D SPACE',''
  ) );
#1811 = PCURVE('',#1812,#1817);
#1812 = PLANE('',#1813);
#1813 = AXIS2_PLACEMENT_3D('',#1814,#1815,#1816);
#1814 = CARTESIAN_POINT('',(0.,0.,0.));
#1815 = DIRECTION('',(0.,0.,1.));
#1816 = DIRECTION('',(1.,0.,0.));
#1817 = DEFINITIONAL_REPRESENTATION('',(#1818),#1822);
#1818 = CIRCLE('',#1819,10.);
#1819 = AXIS2_PLACEMENT_2D('',#1820,#1821);
#1820 = CARTESIAN_POINT('',(0.,0.));
#1821 = DIRECTION('',(1.,0.));
#1822 = ( GEOMETRIC_REPRESENTATION_CONTEXT(2) 
PARAMETRIC_REPRESENTATION_CONTEXT() REPRESENTATION_CONTEXT('2D SPACE',''
  ) );
#1823 = ORIENTED_EDGE('',*,*,#1774,.T.);
#1824 = ADVANCED_FACE('',(#1825),#723,.F.);
#1825 = FACE_BOUND('',#1826,.F.);
#1826 = EDGE_LOOP('',(#1827,#1828,#1829));
#1827 = ORIENTED_EDGE('',*,*,#671,.F.);
#1828 = ORIENTED_EDGE('',*,*,#1724,.T.);
#1829 = ORIENTED_EDGE('',*,*,#1830,.T.);
#1830 = EDGE_CURVE('',#1725,#579,#1831,.T.);
#1831 = SURFACE_CURVE('',#1832,(#1845,#1852),.PCURVE_S1.);
#1832 = B_SPLINE_CURVE_WITH_KNOTS('',11,(#1833,#1834,#1835,#1836,#1837,
    #1838,#1839,#1840,#1841,#1842,#1843,#1844),.UNSPECIFIED.,.F.,.F.,(12
    ,12),(0.,6.962644440466),.PIECEWISE_BEZIER_KNOTS.);
#1833 = CARTESIAN_POINT('',(7.2,3.651748649872E-02,2.499329276903));
#1834 = CARTESIAN_POINT('',(7.179141259693,4.149147869348,2.772056549628
    ));
#1835 = CARTESIAN_POINT('',(4.574796906333,8.248581937166,3.044783822365
    ));
#1836 = CARTESIAN_POINT('',(-0.609248461195,10.531852162698,
    3.31751109507));
#1837 = CARTESIAN_POINT('',(-6.921430073535,9.196059797309,
    3.590238367823));
#1838 = CARTESIAN_POINT('',(-11.60538665116,3.748078949495,
    3.862965640548));
#1839 = CARTESIAN_POINT('',(-11.5667709557,-3.865605192793,
    4.135692913234));
#1840 = CARTESIAN_POINT('',(-6.827793932923,-9.265794117235,
    4.408420186035));
#1841 = CARTESIAN_POINT('',(-0.502387409111,-10.53749023867,
    4.681147458691));
#1842 = CARTESIAN_POINT('',(4.658230911787,-8.201753191545,
    4.953874731462));
#1843 = CARTESIAN_POINT('',(7.220858740217,-4.076112896348,
    5.226602004172));
#1844 = CARTESIAN_POINT('',(7.199999999885,3.651748649885E-02,
    5.499329276903));
#1845 = PCURVE('',#723,#1846);
#1846 = DEFINITIONAL_REPRESENTATION('',(#1847),#1851);
#1847 = LINE('',#1848,#1849);
#1848 = CARTESIAN_POINT('',(-0.,0.));
#1849 = VECTOR('',#1850,1.);
#1850 = DIRECTION('',(0.,1.));
#1851 = ( GEOMETRIC_REPRESENTATION_CONTEXT(2) 
PARAMETRIC_REPRESENTATION_CONTEXT() REPRESENTATION_CONTEXT('2D SPACE',''
  ) );
#1852 = PCURVE('',#624,#1853);
#1853 = DEFINITIONAL_REPRESENTATION('',(#1854),#1857);
#1854 = B_SPLINE_CURVE_WITH_KNOTS('',1,(#1855,#1856),.UNSPECIFIED.,.F.,
  .F.,(2,2),(0.,6.962644440466),.PIECEWISE_BEZIER_KNOTS.);
#1855 = CARTESIAN_POINT('',(-0.923760430703,0.));
#1856 = CARTESIAN_POINT('',(-0.923760430703,6.962644440466));
#1857 = ( GEOMETRIC_REPRESENTATION_CONTEXT(2) 
PARAMETRIC_REPRESENTATION_CONTEXT() REPRESENTATION_CONTEXT('2D SPACE',''
  ) );
#1858 = ADVANCED_FACE('',(#1859),#624,.F.);
#1859 = FACE_BOUND('',#1860,.F.);
#1860 = EDGE_LOOP('',(#1861,#1862,#1863,#1894,#1940,#1974,#2202));
#1861 = ORIENTED_EDGE('',*,*,#1830,.F.);
#1862 = ORIENTED_EDGE('',*,*,#1745,.T.);
#1863 = ORIENTED_EDGE('',*,*,#1864,.T.);
#1864 = EDGE_CURVE('',#1677,#1865,#1867,.T.);
#1865 = VERTEX_POINT('',#1866);
#1866 = CARTESIAN_POINT('',(6.399999999991,5.955230302457E-03,
    5.960197242709));
#1867 = SURFACE_CURVE('',#1868,(#1881,#1888),.PCURVE_S1.);
#1868 = B_SPLINE_CURVE_WITH_KNOTS('',11,(#1869,#1870,#1871,#1872,#1873,
    #1874,#1875,#1876,#1877,#1878,#1879,#1880),.UNSPECIFIED.,.F.,.F.,(12
    ,12),(0.,6.962644440466),.PIECEWISE_BEZIER_KNOTS.);
#1869 = CARTESIAN_POINT('',(6.4,5.955230308055E-03,2.960197242626));
#1870 = CARTESIAN_POINT('',(6.396598380273,3.661626672326,3.232924515884
    ));
#1871 = CARTESIAN_POINT('',(4.096764757646,7.315078497913,3.505651786591
    ));
#1872 = CARTESIAN_POINT('',(-0.502773776211,9.363692301634,
    3.778379064585));
#1873 = CARTESIAN_POINT('',(-6.11840126338,8.199582604894,4.051106327362
    ));
#1874 = CARTESIAN_POINT('',(-10.3018854159,3.374276187938,4.323833614373
    ));
#1875 = CARTESIAN_POINT('',(-10.29558801207,-3.393442234461,
    4.596560870936));
#1876 = CARTESIAN_POINT('',(-6.103131187705,-8.210954798756,
    4.869288158282));
#1877 = CARTESIAN_POINT('',(-0.485346996977,-9.364611752657,
    5.142015420625));
#1878 = CARTESIAN_POINT('',(4.110371080677,-7.307441719169,
    5.414742698928));
#1879 = CARTESIAN_POINT('',(6.403401619707,-3.649716211719,
    5.687469969498));
#1880 = CARTESIAN_POINT('',(6.399999999981,5.955230296875E-03,
    5.960197242792));
#1881 = PCURVE('',#624,#1882);
#1882 = DEFINITIONAL_REPRESENTATION('',(#1883),#1887);
#1883 = LINE('',#1884,#1885);
#1884 = CARTESIAN_POINT('',(-0.,0.));
#1885 = VECTOR('',#1886,1.);
#1886 = DIRECTION('',(0.,1.));
#1887 = ( GEOMETRIC_REPRESENTATION_CONTEXT(2) 
PARAMETRIC_REPRESENTATION_CONTEXT() REPRESENTATION_CONTEXT('2D SPACE',''
  ) );
#1888 = PCURVE('',#1604,#1889);
#1889 = DEFINITIONAL_REPRESENTATION('',(#1890),#1893);
#1890 = B_SPLINE_CURVE_WITH_KNOTS('',1,(#1891,#1892),.UNSPECIFIED.,.F.,
  .F.,(2,2),(0.,6.962644440466),.PIECEWISE_BEZIER_KNOTS.);
#1891 = CARTESIAN_POINT('',(-0.18,0.));
#1892 = CARTESIAN_POINT('',(-0.18,6.962644440466));
#1893 = ( GEOMETRIC_REPRESENTATION_CONTEXT(2) 
PARAMETRIC_REPRESENTATION_CONTEXT() REPRESENTATION_CONTEXT('2D SPACE',''
  ) );
#1894 = ORIENTED_EDGE('',*,*,#1895,.F.);
#1895 = EDGE_CURVE('',#1896,#1865,#1898,.T.);
#1896 = VERTEX_POINT('',#1897);
#1897 = CARTESIAN_POINT('',(7.199907411315,3.651394935435E-02,
    5.499382615785));
#1898 = SURFACE_CURVE('',#1899,(#1902,#1909),.PCURVE_S1.);
#1899 = B_SPLINE_CURVE_WITH_KNOTS('',1,(#1900,#1901),.UNSPECIFIED.,.F.,
  .F.,(2,2),(-0.923760430703,-0.),.PIECEWISE_BEZIER_KNOTS.);
#1900 = CARTESIAN_POINT('',(7.199999999885,3.651748649886E-02,
    5.499329276903));
#1901 = CARTESIAN_POINT('',(6.399999999981,5.955230296875E-03,
    5.960197242792));
#1902 = PCURVE('',#624,#1903);
#1903 = DEFINITIONAL_REPRESENTATION('',(#1904),#1908);
#1904 = LINE('',#1905,#1906);
#1905 = CARTESIAN_POINT('',(0.,6.962644440466));
#1906 = VECTOR('',#1907,1.);
#1907 = DIRECTION('',(1.,0.));
#1908 = ( GEOMETRIC_REPRESENTATION_CONTEXT(2) 
PARAMETRIC_REPRESENTATION_CONTEXT() REPRESENTATION_CONTEXT('2D SPACE',''
  ) );
#1909 = PCURVE('',#1910,#1935);
#1910 = B_SPLINE_SURFACE_WITH_KNOTS('',1,11,(
    (#1911,#1912,#1913,#1914,#1915,#1916,#1917,#1918,#1919,#1920,#1921
      ,#1922)
    ,(#1923,#1924,#1925,#1926,#1927,#1928,#1929,#1930,#1931,#1932,#1933
      ,#1934
    )),.UNSPECIFIED.,.F.,.F.,.F.,(2,2),(12,12),(-0.923760430703,-0.),(0.
    ,6.962644440466),.PIECEWISE_BEZIER_KNOTS.);
#1911 = CARTESIAN_POINT('',(7.2,3.651748649871E-02,5.499329276903));
#1912 = CARTESIAN_POINT('',(7.179141259691,4.149147869348,5.772056549627
    ));
#1913 = CARTESIAN_POINT('',(4.574796906331,8.248581937162,6.044783822368
    ));
#1914 = CARTESIAN_POINT('',(-0.609248461162,10.531852162715,
    6.317511095061));
#1915 = CARTESIAN_POINT('',(-6.921430073654,9.196059797263,
    6.590238367842));
#1916 = CARTESIAN_POINT('',(-11.60538665092,3.748078949573,
    6.862965640516));
#1917 = CARTESIAN_POINT('',(-11.56677095602,-3.865605192886,
    7.135692913271));
#1918 = CARTESIAN_POINT('',(-6.827793932622,-9.265794117158,
    7.408420186003));
#1919 = CARTESIAN_POINT('',(-0.502387409309,-10.53749023871,
    7.68114745871));
#1920 = CARTESIAN_POINT('',(4.658230911877,-8.201753191529,
    7.953874731454));
#1921 = CARTESIAN_POINT('',(7.220858740191,-4.076112896351,
    8.226602004174));
#1922 = CARTESIAN_POINT('',(7.199999999889,3.651748649869E-02,
    8.499329276903));
#1923 = CARTESIAN_POINT('',(6.4,5.955230308059E-03,5.960197242626));
#1924 = CARTESIAN_POINT('',(6.396598380273,3.661626672327,6.232924515888
    ));
#1925 = CARTESIAN_POINT('',(4.096764757646,7.315078497907,6.505651786593
    ));
#1926 = CARTESIAN_POINT('',(-0.502773776205,9.363692301656,
    6.778379064537));
#1927 = CARTESIAN_POINT('',(-6.118401263397,8.199582604838,
    7.051106327541));
#1928 = CARTESIAN_POINT('',(-10.30188541586,3.374276188033,
    7.323833614003));
#1929 = CARTESIAN_POINT('',(-10.29558801211,-3.393442234572,
    7.59656087144));
#1930 = CARTESIAN_POINT('',(-6.103131187662,-8.210954798664,
    7.86928815781));
#1931 = CARTESIAN_POINT('',(-0.485346997006,-9.36461175271,
    8.142015420934));
#1932 = CARTESIAN_POINT('',(4.110371080691,-7.307441719148,
    8.414742698791));
#1933 = CARTESIAN_POINT('',(6.403401619703,-3.649716211723,
    8.687469969537));
#1934 = CARTESIAN_POINT('',(6.399999999982,5.955230297154E-03,
    8.960197242787));
#1935 = DEFINITIONAL_REPRESENTATION('',(#1936),#1939);
#1936 = B_SPLINE_CURVE_WITH_KNOTS('',1,(#1937,#1938),.UNSPECIFIED.,.F.,
  .F.,(2,2),(-0.923760430703,-0.),.PIECEWISE_BEZIER_KNOTS.);
#1937 = CARTESIAN_POINT('',(-0.923760430703,0.));
#1938 = CARTESIAN_POINT('',(0.,0.));
#1939 = ( GEOMETRIC_REPRESENTATION_CONTEXT(2) 
PARAMETRIC_REPRESENTATION_CONTEXT() REPRESENTATION_CONTEXT('2D SPACE',''
  ) );
#1940 = ORIENTED_EDGE('',*,*,#1941,.F.);
#1941 = EDGE_CURVE('',#1942,#1896,#1944,.T.);
#1942 = VERTEX_POINT('',#1943);
#1943 = CARTESIAN_POINT('',(7.2,-1.763491390772E-15,5.496961209955));
#1944 = SURFACE_CURVE('',#1945,(#1951,#1960),.PCURVE_S1.);
#1945 = B_SPLINE_CURVE_WITH_KNOTS('',3,(#1946,#1947,#1948,#1949,#1950),
  .UNSPECIFIED.,.F.,.F.,(4,1,4),(0.,0.671852592134,1.),.UNSPECIFIED.);
#1946 = CARTESIAN_POINT('',(7.2,-2.515349040166E-16,5.496961209955));
#1947 = CARTESIAN_POINT('',(7.2,8.177362764075E-03,5.497503483292));
#1948 = CARTESIAN_POINT('',(7.199979264601,2.034874036091E-02,
    5.498310617927));
#1949 = CARTESIAN_POINT('',(7.199927666422,3.251999917308E-02,
    5.499117755332));
#1950 = CARTESIAN_POINT('',(7.199907411315,3.651394935442E-02,
    5.499382615785));
#1951 = PCURVE('',#624,#1952);
#1952 = DEFINITIONAL_REPRESENTATION('',(#1953),#1959);
#1953 = B_SPLINE_CURVE_WITH_KNOTS('',3,(#1954,#1955,#1956,#1957,#1958),
  .UNSPECIFIED.,.F.,.F.,(4,1,4),(0.,0.671852592134,1.),.UNSPECIFIED.);
#1954 = CARTESIAN_POINT('',(-0.923653496183,6.957024618525));
#1955 = CARTESIAN_POINT('',(-0.923653506113,6.958283182168));
#1956 = CARTESIAN_POINT('',(-0.923653516113,6.960156457575));
#1957 = CARTESIAN_POINT('',(-0.92365351863,6.962029730745));
#1958 = CARTESIAN_POINT('',(-0.923653518631,6.962644440466));
#1959 = ( GEOMETRIC_REPRESENTATION_CONTEXT(2) 
PARAMETRIC_REPRESENTATION_CONTEXT() REPRESENTATION_CONTEXT('2D SPACE',''
  ) );
#1960 = PCURVE('',#1961,#1966);
#1961 = CYLINDRICAL_SURFACE('',#1962,7.2);
#1962 = AXIS2_PLACEMENT_3D('',#1963,#1964,#1965);
#1963 = CARTESIAN_POINT('',(0.,0.,0.));
#1964 = DIRECTION('',(0.,0.,1.));
#1965 = DIRECTION('',(1.,0.,0.));
#1966 = DEFINITIONAL_REPRESENTATION('',(#1967),#1973);
#1967 = B_SPLINE_CURVE_WITH_KNOTS('',3,(#1968,#1969,#1970,#1971,#1972),
  .UNSPECIFIED.,.F.,.F.,(4,1,4),(0.,0.671852592134,1.),.UNSPECIFIED.);
#1968 = CARTESIAN_POINT('',(0.,5.496961209955));
#1969 = CARTESIAN_POINT('',(1.135744828344E-03,5.497503483292));
#1970 = CARTESIAN_POINT('',(2.826213939022E-03,5.498310617927));
#1971 = CARTESIAN_POINT('',(4.516681156999E-03,5.499117755332));
#1972 = CARTESIAN_POINT('',(5.071403593438E-03,5.499382615785));
#1973 = ( GEOMETRIC_REPRESENTATION_CONTEXT(2) 
PARAMETRIC_REPRESENTATION_CONTEXT() REPRESENTATION_CONTEXT('2D SPACE',''
  ) );
#1974 = ORIENTED_EDGE('',*,*,#1975,.F.);
#1975 = EDGE_CURVE('',#550,#1942,#1976,.T.);
#1976 = SURFACE_CURVE('',#1977,(#2050,#2126),.PCURVE_S1.);
#1977 = B_SPLINE_CURVE_WITH_KNOTS('',8,(#1978,#1979,#1980,#1981,#1982,
    #1983,#1984,#1985,#1986,#1987,#1988,#1989,#1990,#1991,#1992,#1993,
    #1994,#1995,#1996,#1997,#1998,#1999,#2000,#2001,#2002,#2003,#2004,
    #2005,#2006,#2007,#2008,#2009,#2010,#2011,#2012,#2013,#2014,#2015,
    #2016,#2017,#2018,#2019,#2020,#2021,#2022,#2023,#2024,#2025,#2026,
    #2027,#2028,#2029,#2030,#2031,#2032,#2033,#2034,#2035,#2036,#2037,
    #2038,#2039,#2040,#2041,#2042,#2043,#2044,#2045,#2046,#2047,#2048,
    #2049),.UNSPECIFIED.,.F.,.F.,(9,7,7,7,7,7,7,7,7,7,9),(0.,
    6.06533729996E-02,0.123776235011,0.250054706778,0.401128357117,
    0.551038327113,0.679184118427,0.740301787043,0.844413534094,
    0.946501981759,1.),.UNSPECIFIED.);
#1978 = CARTESIAN_POINT('',(3.560223431909,6.258179377014,2.9999994));
#1979 = CARTESIAN_POINT('',(3.312119580156,6.399323485121,3.018928848831
    ));
#1980 = CARTESIAN_POINT('',(3.057616489318,6.529228849395,3.037858631204
    ));
#1981 = CARTESIAN_POINT('',(2.797314175662,6.647553252963,3.05678824254)
  );
#1982 = CARTESIAN_POINT('',(2.531829132519,6.753997006932,3.075717613932
    ));
#1983 = CARTESIAN_POINT('',(2.261793212262,6.848300688547,3.094646902597
    ));
#1984 = CARTESIAN_POINT('',(1.987853094907,6.93024444511,3.113576279556)
  );
#1985 = CARTESIAN_POINT('',(1.710670343327,6.999648863649,3.132505714531
    ));
#1986 = CARTESIAN_POINT('',(1.139783855166,7.115415639448,3.171134493539
    ));
#1987 = CARTESIAN_POINT('',(0.845855981729,7.160727017601,3.190834542917
    ));
#1988 = CARTESIAN_POINT('',(0.549901944868,7.192155724848,3.210534355511
    ));
#1989 = CARTESIAN_POINT('',(0.252687793855,7.209599600452,3.230233909529
    ));
#1990 = CARTESIAN_POINT('',(-4.501833652597E-02,7.213006969116,
    3.249933447379));
#1991 = CARTESIAN_POINT('',(-0.342446582804,7.202375593035,
    3.269633211034));
#1992 = CARTESIAN_POINT('',(-0.638825622813,7.177753745779,
    3.289333177487));
#1993 = CARTESIAN_POINT('',(-1.522650145305,7.062202753557,
    3.348442247889));
#1994 = CARTESIAN_POINT('',(-2.104833172353,6.929551676115,
    3.387864130269));
#1995 = CARTESIAN_POINT('',(-2.67353003644,6.742069525553,3.427279991579
    ));
#1996 = CARTESIAN_POINT('',(-3.222734187179,6.501440083761,
    3.466690607127));
#1997 = CARTESIAN_POINT('',(-3.746782892523,6.210062964472,
    3.506101346447));
#1998 = CARTESIAN_POINT('',(-4.240337691946,5.870991845917,
    3.545517507062));
#1999 = CARTESIAN_POINT('',(-4.698421630851,5.487987368578,
    3.584939683474));
#2000 = CARTESIAN_POINT('',(-5.616752997364,4.560434833529,
    3.671496992118));
#2001 = CARTESIAN_POINT('',(-6.060268441447,3.998425360845,
    3.718674148545));
#2002 = CARTESIAN_POINT('',(-6.439030726983,3.387526383187,
    3.765834211028));
#2003 = CARTESIAN_POINT('',(-6.746998455559,2.736582954635,
    3.812981689408));
#2004 = CARTESIAN_POINT('',(-6.979492422708,2.055027336384,
    3.860129056852));
#2005 = CARTESIAN_POINT('',(-7.133299213916,1.352886344048,
    3.907288881852));
#2006 = CARTESIAN_POINT('',(-7.206591792882,0.640714382523,
    3.954465852779));
#2007 = CARTESIAN_POINT('',(-7.192776702989,-0.775684421102,
    4.048398189765));
#2008 = CARTESIAN_POINT('',(-7.106891633443,-1.480809859782,
    4.095212270225));
#2009 = CARTESIAN_POINT('',(-6.941940174255,-2.174600259743,
    4.142011281736));
#2010 = CARTESIAN_POINT('',(-6.699889647141,-2.846778156074,
    4.188799136116));
#2011 = CARTESIAN_POINT('',(-6.384046793968,-3.487601733878,
    4.235586967794));
#2012 = CARTESIAN_POINT('',(-5.999128896987,-4.087928479063,
    4.282385921707));
#2013 = CARTESIAN_POINT('',(-5.551168235975,-4.6392083596,4.329199984173
    ));
#2014 = CARTESIAN_POINT('',(-4.618115928035,-5.556680540097,
    4.415976986988));
#2015 = CARTESIAN_POINT('',(-4.147488766775,-5.938485660115,
    4.45598204091));
#2016 = CARTESIAN_POINT('',(-3.641011994073,-6.274491202044,
    4.495979875817));
#2017 = CARTESIAN_POINT('',(-3.103949849327,-6.560848701474,
    4.535971552195));
#2018 = CARTESIAN_POINT('',(-2.541936206576,-6.794466021155,
    4.575963274056));
#2019 = CARTESIAN_POINT('',(-1.960934696117,-6.972948603124,
    4.615961222954));
#2020 = CARTESIAN_POINT('',(-1.367259063567,-7.094666682167,
    4.655966366185));
#2021 = CARTESIAN_POINT('',(-0.481639262303,-7.189628149966,
    4.715032372039));
#2022 = CARTESIAN_POINT('',(-0.194246536386,-7.207237208098,
    4.734106585721));
#2023 = CARTESIAN_POINT('',(9.384850967689E-02,-7.211713864301,
    4.753180707673));
#2024 = CARTESIAN_POINT('',(0.381945116782,-7.203028986886,
    4.772254685476));
#2025 = CARTESIAN_POINT('',(0.669344619388,-7.181197820907,4.79132868279
    ));
#2026 = CARTESIAN_POINT('',(0.95535066323,-7.146279098445,4.810402860459
    ));
#2027 = CARTESIAN_POINT('',(1.239269515311,-7.098375896318,
    4.829477158759));
#2028 = CARTESIAN_POINT('',(1.999323949422,-6.934173833511,4.88104281996
    ));
#2029 = CARTESIAN_POINT('',(2.47026050008,-6.793448230101,4.913539075516
    ));
#2030 = CARTESIAN_POINT('',(2.929732265356,-6.616196218978,
    4.946033054222));
#2031 = CARTESIAN_POINT('',(3.374442205626,-6.403539904603,
    4.978524180762));
#2032 = CARTESIAN_POINT('',(3.801260477017,-6.156931256666,
    5.011015103854));
#2033 = CARTESIAN_POINT('',(4.207220018444,-5.878131140267,
    5.043508613344));
#2034 = CARTESIAN_POINT('',(4.589531343109,-5.569224827555,5.07600446828
    ));
#2035 = CARTESIAN_POINT('',(5.294781594643,-4.902663656141,
    5.140356363171));
#2036 = CARTESIAN_POINT('',(5.618826783027,-4.545981367398,5.17222125872
    ));
#2037 = CARTESIAN_POINT('',(5.915301442169,-4.164920918111,
    5.204084838344));
#2038 = CARTESIAN_POINT('',(6.182088764909,-3.761991496772,5.23594681382
    ));
#2039 = CARTESIAN_POINT('',(6.417361477744,-3.339884549047,
    5.267809350576));
#2040 = CARTESIAN_POINT('',(6.619568866739,-2.901459755068,
    5.299674165933));
#2041 = CARTESIAN_POINT('',(6.787455146006,-2.44975012177,5.331539967953
    ));
#2042 = CARTESIAN_POINT('',(6.989624647617,-1.746005282614,
    5.380096160674));
#2043 = CARTESIAN_POINT('',(7.049470345706,-1.501243779229,5.39679189215
    ));
#2044 = CARTESIAN_POINT('',(7.099515926307,-1.254156082648,
    5.413487154067));
#2045 = CARTESIAN_POINT('',(7.139657025987,-1.00520059859,5.430181906173
    ));
#2046 = CARTESIAN_POINT('',(7.16981528295,-0.754839575016,5.446876307038
    ));
#2047 = CARTESIAN_POINT('',(7.189938365414,-0.503538941152,5.46357067785
    ));
#2048 = CARTESIAN_POINT('',(7.199999999978,-0.251768146528,
    5.480265466215));
#2049 = CARTESIAN_POINT('',(7.2,-8.881784197001E-16,5.496961209955));
#2050 = PCURVE('',#624,#2051);
#2051 = DEFINITIONAL_REPRESENTATION('',(#2052),#2125);
#2052 = B_SPLINE_CURVE_WITH_KNOTS('',8,(#2053,#2054,#2055,#2056,#2057,
    #2058,#2059,#2060,#2061,#2062,#2063,#2064,#2065,#2066,#2067,#2068,
    #2069,#2070,#2071,#2072,#2073,#2074,#2075,#2076,#2077,#2078,#2079,
    #2080,#2081,#2082,#2083,#2084,#2085,#2086,#2087,#2088,#2089,#2090,
    #2091,#2092,#2093,#2094,#2095,#2096,#2097,#2098,#2099,#2100,#2101,
    #2102,#2103,#2104,#2105,#2106,#2107,#2108,#2109,#2110,#2111,#2112,
    #2113,#2114,#2115,#2116,#2117,#2118,#2119,#2120,#2121,#2122,#2123,
    #2124),.UNSPECIFIED.,.F.,.F.,(9,7,7,7,7,7,7,7,7,7,9),(0.,
    6.06533729996E-02,0.123776235011,0.250054706778,0.401128357117,
    0.551038327113,0.679184118427,0.740301787043,0.844413534094,
    0.946501981759,1.),.UNSPECIFIED.);
#2053 = CARTESIAN_POINT('',(-0.923656973226,1.161876223206));
#2054 = CARTESIAN_POINT('',(-0.923656166442,1.205808296253));
#2055 = CARTESIAN_POINT('',(-0.923655364908,1.249741149492));
#2056 = CARTESIAN_POINT('',(-0.923654641472,1.293673696204));
#2057 = CARTESIAN_POINT('',(-0.923654049763,1.33760583856));
#2058 = CARTESIAN_POINT('',(-0.923653618447,1.381537974635));
#2059 = CARTESIAN_POINT('',(-0.923653350639,1.425470504956));
#2060 = CARTESIAN_POINT('',(-0.923653228485,1.469403338577));
#2061 = CARTESIAN_POINT('',(-0.923653217073,1.559056143165));
#2062 = CARTESIAN_POINT('',(-0.923653337319,1.604777762157));
#2063 = CARTESIAN_POINT('',(-0.923653550796,1.650498939552));
#2064 = CARTESIAN_POINT('',(-0.923653808938,1.696219568543));
#2065 = CARTESIAN_POINT('',(-0.923654058861,1.741940150492));
#2066 = CARTESIAN_POINT('',(-0.923654252417,1.787661191241));
#2067 = CARTESIAN_POINT('',(-0.923654352881,1.833382594866));
#2068 = CARTESIAN_POINT('',(-0.923654312049,1.970567694394));
#2069 = CARTESIAN_POINT('',(-0.92365382788,2.062060650505));
#2070 = CARTESIAN_POINT('',(-0.923652716643,2.153538906345));
#2071 = CARTESIAN_POINT('',(-0.923651042404,2.245004335495));
#2072 = CARTESIAN_POINT('',(-0.923649216314,2.336469876075));
#2073 = CARTESIAN_POINT('',(-0.923647757979,2.427948424664));
#2074 = CARTESIAN_POINT('',(-0.923647004007,2.519441750782));
#2075 = CARTESIAN_POINT('',(-0.923647132226,2.720331153852));
#2076 = CARTESIAN_POINT('',(-0.923648365052,2.829825169976));
#2077 = CARTESIAN_POINT('',(-0.923650944513,2.939281072346));
#2078 = CARTESIAN_POINT('',(-0.923654592151,3.048709005346));
#2079 = CARTESIAN_POINT('',(-0.923658350526,3.158136809098));
#2080 = CARTESIAN_POINT('',(-0.923661158394,3.267592424772));
#2081 = CARTESIAN_POINT('',(-0.92366252519,3.377086165496));
#2082 = CARTESIAN_POINT('',(-0.923662407358,3.595091850355));
#2083 = CARTESIAN_POINT('',(-0.923660944559,3.703740088935));
#2084 = CARTESIAN_POINT('',(-0.923658092695,3.812351745873));
#2085 = CARTESIAN_POINT('',(-0.923654357514,3.920936485646));
#2086 = CARTESIAN_POINT('',(-0.923650778932,4.02952135405));
#2087 = CARTESIAN_POINT('',(-0.923648272963,4.138133277824));
#2088 = CARTESIAN_POINT('',(-0.923647096571,4.24678180627));
#2089 = CARTESIAN_POINT('',(-0.923647029918,4.448180867829));
#2090 = CARTESIAN_POINT('',(-0.923647832343,4.541028785715));
#2091 = CARTESIAN_POINT('',(-0.923649349293,4.63386077647));
#2092 = CARTESIAN_POINT('',(-0.923651220327,4.726678884002));
#2093 = CARTESIAN_POINT('',(-0.923652896897,4.819496871925));
#2094 = CARTESIAN_POINT('',(-0.92365396026,4.912328602032));
#2095 = CARTESIAN_POINT('',(-0.923654373638,5.005176276717));
#2096 = CARTESIAN_POINT('',(-0.923654321975,5.142261415989));
#2097 = CARTESIAN_POINT('',(-0.923654203404,5.18653026798));
#2098 = CARTESIAN_POINT('',(-0.923654004642,5.230798814223));
#2099 = CARTESIAN_POINT('',(-0.923653760766,5.275066973674));
#2100 = CARTESIAN_POINT('',(-0.923653516143,5.319335177545));
#2101 = CARTESIAN_POINT('',(-0.923653318502,5.363603854399));
#2102 = CARTESIAN_POINT('',(-0.923653211168,5.407872915788));
#2103 = CARTESIAN_POINT('',(-0.923653244404,5.527550742364));
#2104 = CARTESIAN_POINT('',(-0.923653615061,5.602971129242));
#2105 = CARTESIAN_POINT('',(-0.923654470475,5.67838679312));
#2106 = CARTESIAN_POINT('',(-0.923655870889,5.753796468512));
#2107 = CARTESIAN_POINT('',(-0.923657614281,5.829206068858));
#2108 = CARTESIAN_POINT('',(-0.923659225713,5.904621519132));
#2109 = CARTESIAN_POINT('',(-0.923660123498,5.980041586577));
#2110 = CARTESIAN_POINT('',(-0.923659803992,6.129394337688));
#2111 = CARTESIAN_POINT('',(-0.923658601755,6.203347591567));
#2112 = CARTESIAN_POINT('',(-0.923656149449,6.277296343889));
#2113 = CARTESIAN_POINT('',(-0.923652147656,6.351239579026));
#2114 = CARTESIAN_POINT('',(-0.923647054079,6.425182852655));
#2115 = CARTESIAN_POINT('',(-0.923642231592,6.499131728539));
#2116 = CARTESIAN_POINT('',(-0.92363939383,6.573085192458));
#2117 = CARTESIAN_POINT('',(-0.923639324465,6.685778280575));
#2118 = CARTESIAN_POINT('',(-0.923640065612,6.724527957535));
#2119 = CARTESIAN_POINT('',(-0.923641645267,6.763277508979));
#2120 = CARTESIAN_POINT('',(-0.92364408727,6.80202687085));
#2121 = CARTESIAN_POINT('',(-0.923647227771,6.840776229106));
#2122 = CARTESIAN_POINT('',(-0.923650577214,6.879525768598));
#2123 = CARTESIAN_POINT('',(-0.92365318231,6.918275421935));
#2124 = CARTESIAN_POINT('',(-0.923653488025,6.957024618365));
#2125 = ( GEOMETRIC_REPRESENTATION_CONTEXT(2) 
PARAMETRIC_REPRESENTATION_CONTEXT() REPRESENTATION_CONTEXT('2D SPACE',''
  ) );
#2126 = PCURVE('',#566,#2127);
#2127 = DEFINITIONAL_REPRESENTATION('',(#2128),#2201);
#2128 = B_SPLINE_CURVE_WITH_KNOTS('',8,(#2129,#2130,#2131,#2132,#2133,
    #2134,#2135,#2136,#2137,#2138,#2139,#2140,#2141,#2142,#2143,#2144,
    #2145,#2146,#2147,#2148,#2149,#2150,#2151,#2152,#2153,#2154,#2155,
    #2156,#2157,#2158,#2159,#2160,#2161,#2162,#2163,#2164,#2165,#2166,
    #2167,#2168,#2169,#2170,#2171,#2172,#2173,#2174,#2175,#2176,#2177,
    #2178,#2179,#2180,#2181,#2182,#2183,#2184,#2185,#2186,#2187,#2188,
    #2189,#2190,#2191,#2192,#2193,#2194,#2195,#2196,#2197,#2198,#2199,
    #2200),.UNSPECIFIED.,.F.,.F.,(9,7,7,7,7,7,7,7,7,7,9),(0.,
    6.06533729996E-02,0.123776235011,0.250054706778,0.401128357117,
    0.551038327113,0.679184118427,0.740301787043,0.844413534094,
    0.946501981759,1.),.UNSPECIFIED.);
#2129 = CARTESIAN_POINT('',(1.053565059965,2.9999994));
#2130 = CARTESIAN_POINT('',(1.09320979317,3.018928848831));
#2131 = CARTESIAN_POINT('',(1.132855200285,3.037858631204));
#2132 = CARTESIAN_POINT('',(1.172500311299,3.05678824254));
#2133 = CARTESIAN_POINT('',(1.212145050706,3.075717613932));
#2134 = CARTESIAN_POINT('',(1.251789790534,3.094646902597));
#2135 = CARTESIAN_POINT('',(1.291434903526,3.113576279556));
#2136 = CARTESIAN_POINT('',(1.331080316464,3.132505714531));
#2137 = CARTESIAN_POINT('',(1.41198393815,3.171134493539));
#2138 = CARTESIAN_POINT('',(1.453243636759,3.190834542917));
#2139 = CARTESIAN_POINT('',(1.494502978598,3.210534355511));
#2140 = CARTESIAN_POINT('',(1.535761870627,3.230233909529));
#2141 = CARTESIAN_POINT('',(1.577020764931,3.249933447379));
#2142 = CARTESIAN_POINT('',(1.618280114234,3.269633211034));
#2143 = CARTESIAN_POINT('',(1.65953982562,3.289333177487));
#2144 = CARTESIAN_POINT('',(1.783337891042,3.348442247889));
#2145 = CARTESIAN_POINT('',(1.865902730833,3.387864130269));
#2146 = CARTESIAN_POINT('',(1.948454352434,3.427279991579));
#2147 = CARTESIAN_POINT('',(2.030994359873,3.466690607127));
#2148 = CARTESIAN_POINT('',(2.113534360944,3.506101346447));
#2149 = CARTESIAN_POINT('',(2.19608596965,3.545517507062));
#2150 = CARTESIAN_POINT('',(2.278650802296,3.584939683474));
#2151 = CARTESIAN_POINT('',(2.459935984279,3.671496992118));
#2152 = CARTESIAN_POINT('',(2.55874468175,3.718674148545));
#2153 = CARTESIAN_POINT('',(2.657518931906,3.765834211028));
#2154 = CARTESIAN_POINT('',(2.756267983395,3.812981689408));
#2155 = CARTESIAN_POINT('',(2.855017038322,3.860129056852));
#2156 = CARTESIAN_POINT('',(2.953791294975,3.907288881852));
#2157 = CARTESIAN_POINT('',(3.052600002819,3.954465852779));
#2158 = CARTESIAN_POINT('',(3.249331416146,4.048398189765));
#2159 = CARTESIAN_POINT('',(3.34737711579,4.095212270225));
#2160 = CARTESIAN_POINT('',(3.445389743179,4.142011281736));
#2161 = CARTESIAN_POINT('',(3.5433779697,4.188799136116));
#2162 = CARTESIAN_POINT('',(3.641366197932,4.235586967794));
#2163 = CARTESIAN_POINT('',(3.739378812714,4.282385921707));
#2164 = CARTESIAN_POINT('',(3.837424525362,4.329199984173));
#2165 = CARTESIAN_POINT('',(4.019169635174,4.415976986988));
#2166 = CARTESIAN_POINT('',(4.102956881395,4.45598204091));
#2167 = CARTESIAN_POINT('',(4.186729876323,4.495979875817));
#2168 = CARTESIAN_POINT('',(4.270490480947,4.535971552195));
#2169 = CARTESIAN_POINT('',(4.354251083557,4.575963274056));
#2170 = CARTESIAN_POINT('',(4.438024116087,4.615961222954));
#2171 = CARTESIAN_POINT('',(4.521811474135,4.655966366185));
#2172 = CARTESIAN_POINT('',(4.645519310258,4.715032372039));
#2173 = CARTESIAN_POINT('',(4.685468207026,4.734106585721));
#2174 = CARTESIAN_POINT('',(4.725416793606,4.753180707673));
#2175 = CARTESIAN_POINT('',(4.765364991758,4.772254685476));
#2176 = CARTESIAN_POINT('',(4.80531318796,4.79132868279));
#2177 = CARTESIAN_POINT('',(4.845261769354,4.810402860459));
#2178 = CARTESIAN_POINT('',(4.885210659741,4.829477158759));
#2179 = CARTESIAN_POINT('',(4.99320916834,4.88104281996));
#2180 = CARTESIAN_POINT('',(5.06126921484,4.913539075516));
#2181 = CARTESIAN_POINT('',(5.12932493764,4.946033054222));
#2182 = CARTESIAN_POINT('',(5.197375255176,4.978524180762));
#2183 = CARTESIAN_POINT('',(5.265425575792,5.011015103854));
#2184 = CARTESIAN_POINT('',(5.333481308929,5.043508613344));
#2185 = CARTESIAN_POINT('',(5.401541373493,5.07600446828));
#2186 = CARTESIAN_POINT('',(5.536319548624,5.140356363171));
#2187 = CARTESIAN_POINT('',(5.603056216055,5.17222125872));
#2188 = CARTESIAN_POINT('',(5.66978894446,5.204084838344));
#2189 = CARTESIAN_POINT('',(5.736516751341,5.23594681382));
#2190 = CARTESIAN_POINT('',(5.803244548577,5.267809350576));
#2191 = CARTESIAN_POINT('',(5.869977254312,5.299674165933));
#2192 = CARTESIAN_POINT('',(5.936713901092,5.331539967953));
#2193 = CARTESIAN_POINT('',(6.038409527851,5.380096160674));
#2194 = CARTESIAN_POINT('',(6.073377676713,5.39679189215));
#2195 = CARTESIAN_POINT('',(6.108345680286,5.413487154067));
#2196 = CARTESIAN_POINT('',(6.143313498225,5.430181906173));
#2197 = CARTESIAN_POINT('',(6.178281322154,5.446876307038));
#2198 = CARTESIAN_POINT('',(6.213249341456,5.46357067785));
#2199 = CARTESIAN_POINT('',(6.248217509051,5.480265466215));
#2200 = CARTESIAN_POINT('',(6.28318530718,5.496961209955));
#2201 = ( GEOMETRIC_REPRESENTATION_CONTEXT(2) 
PARAMETRIC_REPRESENTATION_CONTEXT() REPRESENTATION_CONTEXT('2D SPACE',''
  ) );
#2202 = ORIENTED_EDGE('',*,*,#578,.T.);
#2203 = ADVANCED_FACE('',(#2204),#566,.T.);
#2204 = FACE_BOUND('',#2205,.T.);
#2205 = EDGE_LOOP('',(#2206,#2207,#2208,#2235,#2262,#2454));
#2206 = ORIENTED_EDGE('',*,*,#1975,.F.);
#2207 = ORIENTED_EDGE('',*,*,#549,.T.);
#2208 = ORIENTED_EDGE('',*,*,#2209,.F.);
#2209 = EDGE_CURVE('',#2210,#445,#2212,.T.);
#2210 = VERTEX_POINT('',#2211);
#2211 = CARTESIAN_POINT('',(-7.2,1.893207812742E-13,3.050000000003));
#2212 = SURFACE_CURVE('',#2213,(#2218,#2228),.PCURVE_S1.);
#2213 = ELLIPSE('',#2214,108.81191263458,7.2);
#2214 = AXIS2_PLACEMENT_3D('',#2215,#2216,#2217);
#2215 = CARTESIAN_POINT('',(0.,0.,3.05));
#2216 = DIRECTION('',(-8.481223542229E-16,-0.997808415267,
    6.616922564517E-02));
#2217 = DIRECTION('',(5.624286042554E-17,6.616922564517E-02,
    0.997808415267));
#2218 = PCURVE('',#566,#2219);
#2219 = DEFINITIONAL_REPRESENTATION('',(#2220),#2227);
#2220 = B_SPLINE_CURVE_WITH_KNOTS('',5,(#2221,#2222,#2223,#2224,#2225,
    #2226),.UNSPECIFIED.,.F.,.F.,(6,6),(1.56471004147,1.571256850113),
  .PIECEWISE_BEZIER_KNOTS.);
#2221 = CARTESIAN_POINT('',(3.135506368264,3.710804867717));
#2222 = CARTESIAN_POINT('',(3.136815729993,3.568645590914));
#2223 = CARTESIAN_POINT('',(3.138125091722,3.426484897983));
#2224 = CARTESIAN_POINT('',(3.13943445345,3.284323296678));
#2225 = CARTESIAN_POINT('',(3.140743815179,3.142161294762));
#2226 = CARTESIAN_POINT('',(3.142053176907,2.9999994));
#2227 = ( GEOMETRIC_REPRESENTATION_CONTEXT(2) 
PARAMETRIC_REPRESENTATION_CONTEXT() REPRESENTATION_CONTEXT('2D SPACE',''
  ) );
#2228 = PCURVE('',#823,#2229);
#2229 = DEFINITIONAL_REPRESENTATION('',(#2230),#2234);
#2230 = ELLIPSE('',#2231,108.81191263458,7.2);
#2231 = AXIS2_PLACEMENT_2D('',#2232,#2233);
#2232 = CARTESIAN_POINT('',(-9.351889656053E-14,6.918004145208));
#2233 = DIRECTION('',(-1.,5.624286042554E-17));
#2234 = ( GEOMETRIC_REPRESENTATION_CONTEXT(2) 
PARAMETRIC_REPRESENTATION_CONTEXT() REPRESENTATION_CONTEXT('2D SPACE',''
  ) );
#2235 = ORIENTED_EDGE('',*,*,#2236,.F.);
#2236 = EDGE_CURVE('',#2237,#2210,#2239,.T.);
#2237 = VERTEX_POINT('',#2238);
#2238 = CARTESIAN_POINT('',(-7.199907411315,3.651394934981E-02,
    3.600617384148));
#2239 = SURFACE_CURVE('',#2240,(#2245,#2255),.PCURVE_S1.);
#2240 = ELLIPSE('',#2241,108.81191263458,7.2);
#2241 = AXIS2_PLACEMENT_3D('',#2242,#2243,#2244);
#2242 = CARTESIAN_POINT('',(0.,0.,3.05));
#2243 = DIRECTION('',(-8.481223542229E-16,-0.997808415267,
    6.616922564517E-02));
#2244 = DIRECTION('',(5.624286042554E-17,6.616922564517E-02,
    0.997808415267));
#2245 = PCURVE('',#566,#2246);
#2246 = DEFINITIONAL_REPRESENTATION('',(#2247),#2254);
#2247 = B_SPLINE_CURVE_WITH_KNOTS('',5,(#2248,#2249,#2250,#2251,#2252,
    #2253),.UNSPECIFIED.,.F.,.F.,(6,6),(1.56471004147,1.571256850113),
  .PIECEWISE_BEZIER_KNOTS.);
#2248 = CARTESIAN_POINT('',(3.135506368264,3.710804867717));
#2249 = CARTESIAN_POINT('',(3.136815729993,3.568645590914));
#2250 = CARTESIAN_POINT('',(3.138125091722,3.426484897983));
#2251 = CARTESIAN_POINT('',(3.13943445345,3.284323296678));
#2252 = CARTESIAN_POINT('',(3.140743815179,3.142161294762));
#2253 = CARTESIAN_POINT('',(3.142053176907,2.9999994));
#2254 = ( GEOMETRIC_REPRESENTATION_CONTEXT(2) 
PARAMETRIC_REPRESENTATION_CONTEXT() REPRESENTATION_CONTEXT('2D SPACE',''
  ) );
#2255 = PCURVE('',#823,#2256);
#2256 = DEFINITIONAL_REPRESENTATION('',(#2257),#2261);
#2257 = ELLIPSE('',#2258,108.81191263458,7.2);
#2258 = AXIS2_PLACEMENT_2D('',#2259,#2260);
#2259 = CARTESIAN_POINT('',(-9.351889656053E-14,6.918004145208));
#2260 = DIRECTION('',(-1.,5.624286042554E-17));
#2261 = ( GEOMETRIC_REPRESENTATION_CONTEXT(2) 
PARAMETRIC_REPRESENTATION_CONTEXT() REPRESENTATION_CONTEXT('2D SPACE',''
  ) );
#2262 = ORIENTED_EDGE('',*,*,#2263,.T.);
#2263 = EDGE_CURVE('',#2237,#2264,#2266,.T.);
#2264 = VERTEX_POINT('',#2265);
#2265 = CARTESIAN_POINT('',(7.2,-1.763491390772E-15,5.103043280447));
#2266 = SURFACE_CURVE('',#2267,(#2319,#2374),.PCURVE_S1.);
#2267 = B_SPLINE_CURVE_WITH_KNOTS('',8,(#2268,#2269,#2270,#2271,#2272,
    #2273,#2274,#2275,#2276,#2277,#2278,#2279,#2280,#2281,#2282,#2283,
    #2284,#2285,#2286,#2287,#2288,#2289,#2290,#2291,#2292,#2293,#2294,
    #2295,#2296,#2297,#2298,#2299,#2300,#2301,#2302,#2303,#2304,#2305,
    #2306,#2307,#2308,#2309,#2310,#2311,#2312,#2313,#2314,#2315,#2316,
    #2317,#2318),.UNSPECIFIED.,.F.,.F.,(9,7,7,7,7,7,7,9),(0.,
    9.143006033922E-02,0.263350558619,0.293357331212,0.536705179157,
    0.74854629408,0.945417018332,1.),.UNSPECIFIED.);
#2268 = CARTESIAN_POINT('',(-7.199907411315,3.65139493498E-02,
    3.600617384148));
#2269 = CARTESIAN_POINT('',(-7.201220404043,-0.222385080945,
    3.617786380085));
#2270 = CARTESIAN_POINT('',(-7.191893592799,-0.481341114003,
    3.634954288401));
#2271 = CARTESIAN_POINT('',(-7.171924586826,-0.739839775417,
    3.652121711658));
#2272 = CARTESIAN_POINT('',(-7.14134018057,-0.997370399718,
    3.669289151092));
#2273 = CARTESIAN_POINT('',(-7.100196317162,-1.25342622226,
    3.686456965787));
#2274 = CARTESIAN_POINT('',(-7.048578051893,-1.507504571102,
    3.703625331856));
#2275 = CARTESIAN_POINT('',(-6.986599515698,-1.759107058895,
    3.720794201613));
#2276 = CARTESIAN_POINT('',(-6.778650824853,-2.475256259409,
    3.770247103931));
#2277 = CARTESIAN_POINT('',(-6.60675146007,-2.932348679334,
    3.802536790345));
#2278 = CARTESIAN_POINT('',(-6.39966345397,-3.37565585113,3.834825354842
    ));
#2279 = CARTESIAN_POINT('',(-6.15870780426,-3.802027553269,
    3.867111440802));
#2280 = CARTESIAN_POINT('',(-5.885515180174,-4.208498096934,
    3.899396915521));
#2281 = CARTESIAN_POINT('',(-5.582006079504,-4.592280716174,
    3.931684122345));
#2282 = CARTESIAN_POINT('',(-5.250404799178,-4.950782777379,
    3.963972771572));
#2283 = CARTESIAN_POINT('',(-4.83095639718,-5.339389498405,4.00189122343
    ));
#2284 = CARTESIAN_POINT('',(-4.767846683792,-5.396296539482,
    4.007525965622));
#2285 = CARTESIAN_POINT('',(-4.703971323055,-5.452350659673,
    4.013160697284));
#2286 = CARTESIAN_POINT('',(-4.639343779286,-5.507539847631,
    4.018795419001));
#2287 = CARTESIAN_POINT('',(-4.573977737259,-5.561852352302,
    4.024430131327));
#2288 = CARTESIAN_POINT('',(-4.507887102204,-5.615276682928,
    4.030064834793));
#2289 = CARTESIAN_POINT('',(-4.441085999803,-5.667801609043,
    4.035699529901));
#2290 = CARTESIAN_POINT('',(-3.826202213511,-6.137997998139,
    4.08703020147));
#2291 = CARTESIAN_POINT('',(-3.232724141088,-6.496942152295,
    4.132751381127));
#2292 = CARTESIAN_POINT('',(-2.601182020617,-6.789924568626,
    4.178458787912));
#2293 = CARTESIAN_POINT('',(-1.940226202102,-7.012455704899,
    4.224156433019));
#2294 = CARTESIAN_POINT('',(-1.25888661277,-7.161314661638,
    4.269854655664));
#2295 = CARTESIAN_POINT('',(-0.566564547596,-7.234622779379,
    4.315563447873));
#2296 = CARTESIAN_POINT('',(0.127012272295,-7.231784755567,
    4.361285906422));
#2297 = CARTESIAN_POINT('',(1.407754162182,-7.086471136204,
    4.446762434179));
#2298 = CARTESIAN_POINT('',(1.997553363426,-6.962066834781,
    4.486555037969));
#2299 = CARTESIAN_POINT('',(2.574502846263,-6.781574361591,
    4.526340673342));
#2300 = CARTESIAN_POINT('',(3.132397675595,-6.546629901841,
    4.566120248302));
#2301 = CARTESIAN_POINT('',(3.665379251818,-6.259617441374,
    4.605899786101));
#2302 = CARTESIAN_POINT('',(4.167915495712,-5.923603199329,
    4.645685354681));
#2303 = CARTESIAN_POINT('',(4.634839237118,-5.542392080617,
    4.685477966413));
#2304 = CARTESIAN_POINT('',(5.457954857946,-4.728795991254,
    4.762227207215));
#2305 = CARTESIAN_POINT('',(5.819855348137,-4.301718504967,
    4.799205392481));
#2306 = CARTESIAN_POINT('',(6.143377976669,-3.84315800633,4.83618009581)
  );
#2307 = CARTESIAN_POINT('',(6.425379582734,-3.357180605671,
    4.873150266946));
#2308 = CARTESIAN_POINT('',(6.663257633296,-2.848149227745,
    4.910120615798));
#2309 = CARTESIAN_POINT('',(6.854917018633,-2.320691899969,
    4.947095802881));
#2310 = CARTESIAN_POINT('',(6.998815029829,-1.779710903766,
    4.984074650967));
#2311 = CARTESIAN_POINT('',(7.120498261343,-1.078143831998,
    5.031294342426));
#2312 = CARTESIAN_POINT('',(7.143175814461,-0.925206622592,
    5.041544283963));
#2313 = CARTESIAN_POINT('',(7.162098583511,-0.771728429524,
    5.051794199398));
#2314 = CARTESIAN_POINT('',(7.177251690493,-0.617816848446,
    5.062044085655));
#2315 = CARTESIAN_POINT('',(7.188623973472,-0.463579801949,
    5.072293939747));
#2316 = CARTESIAN_POINT('',(7.196207986577,-0.309125539568,
    5.082543758772));
#2317 = CARTESIAN_POINT('',(7.2,-0.154562637779,5.092793539915));
#2318 = CARTESIAN_POINT('',(7.2,-1.7763568394E-15,5.103043280447));
#2319 = PCURVE('',#566,#2320);
#2320 = DEFINITIONAL_REPRESENTATION('',(#2321),#2373);
#2321 = B_SPLINE_CURVE_WITH_KNOTS('',8,(#2322,#2323,#2324,#2325,#2326,
    #2327,#2328,#2329,#2330,#2331,#2332,#2333,#2334,#2335,#2336,#2337,
    #2338,#2339,#2340,#2341,#2342,#2343,#2344,#2345,#2346,#2347,#2348,
    #2349,#2350,#2351,#2352,#2353,#2354,#2355,#2356,#2357,#2358,#2359,
    #2360,#2361,#2362,#2363,#2364,#2365,#2366,#2367,#2368,#2369,#2370,
    #2371,#2372),.UNSPECIFIED.,.F.,.F.,(9,7,7,7,7,7,7,9),(0.,
    9.143006033922E-02,0.263350558619,0.293357331212,0.536705179157,
    0.74854629408,0.945417018332,1.),.UNSPECIFIED.);
#2322 = CARTESIAN_POINT('',(3.136521249997,3.600617384148));
#2323 = CARTESIAN_POINT('',(3.172479911061,3.617786380085));
#2324 = CARTESIAN_POINT('',(3.208438996833,3.634954288401));
#2325 = CARTESIAN_POINT('',(3.244397912309,3.652121711658));
#2326 = CARTESIAN_POINT('',(3.280356602989,3.669289151092));
#2327 = CARTESIAN_POINT('',(3.316315286479,3.686456965787));
#2328 = CARTESIAN_POINT('',(3.352274184088,3.703625331856));
#2329 = CARTESIAN_POINT('',(3.388233252421,3.720794201613));
#2330 = CARTESIAN_POINT('',(3.491806779956,3.770247103931));
#2331 = CARTESIAN_POINT('',(3.559431051344,3.802536790345));
#2332 = CARTESIAN_POINT('',(3.627051125095,3.834825354842));
#2333 = CARTESIAN_POINT('',(3.694665960707,3.867111440802));
#2334 = CARTESIAN_POINT('',(3.762280804217,3.899396915521));
#2335 = CARTESIAN_POINT('',(3.829900902943,3.931684122345));
#2336 = CARTESIAN_POINT('',(3.89752521199,3.963972771572));
#2337 = CARTESIAN_POINT('',(3.976941502841,4.00189122343));
#2338 = CARTESIAN_POINT('',(3.988742917577,4.007525965622));
#2339 = CARTESIAN_POINT('',(4.000544335843,4.013160697284));
#2340 = CARTESIAN_POINT('',(4.012345756637,4.018795419001));
#2341 = CARTESIAN_POINT('',(4.024147178838,4.024430131327));
#2342 = CARTESIAN_POINT('',(4.035948601204,4.030064834793));
#2343 = CARTESIAN_POINT('',(4.047750022371,4.035699529901));
#2344 = CARTESIAN_POINT('',(4.155258161146,4.08703020147));
#2345 = CARTESIAN_POINT('',(4.251018561742,4.132751381127));
#2346 = CARTESIAN_POINT('',(4.346749763949,4.178458787912));
#2347 = CARTESIAN_POINT('',(4.44245891488,4.224156433019));
#2348 = CARTESIAN_POINT('',(4.538168058233,4.269854655664));
#2349 = CARTESIAN_POINT('',(4.633899239997,4.315563447873));
#2350 = CARTESIAN_POINT('',(4.729659613368,4.361285906422));
#2351 = CARTESIAN_POINT('',(4.908681725407,4.446762434179));
#2352 = CARTESIAN_POINT('',(4.992023980574,4.486555037969));
#2353 = CARTESIAN_POINT('',(5.075352369872,4.526340673342));
#2354 = CARTESIAN_POINT('',(5.158668651831,4.566120248302));
#2355 = CARTESIAN_POINT('',(5.241984929758,4.605899786101));
#2356 = CARTESIAN_POINT('',(5.325313320067,4.645685354681));
#2357 = CARTESIAN_POINT('',(5.408655594863,4.685477966413));
#2358 = CARTESIAN_POINT('',(5.569398584378,4.762227207215));
#2359 = CARTESIAN_POINT('',(5.646844579875,4.799205392481));
#2360 = CARTESIAN_POINT('',(5.724282381726,4.83618009581));
#2361 = CARTESIAN_POINT('',(5.801709953403,4.873150266946));
#2362 = CARTESIAN_POINT('',(5.879137521638,4.910120615798));
#2363 = CARTESIAN_POINT('',(5.95657531516,4.947095802881));
#2364 = CARTESIAN_POINT('',(6.034021302248,4.984074650967));
#2365 = CARTESIAN_POINT('',(6.132915961589,5.031294342426));
#2366 = CARTESIAN_POINT('',(6.154383005211,5.041544283963));
#2367 = CARTESIAN_POINT('',(6.175850056482,5.051794199398));
#2368 = CARTESIAN_POINT('',(6.197317112941,5.062044085655));
#2369 = CARTESIAN_POINT('',(6.218784171148,5.072293939747));
#2370 = CARTESIAN_POINT('',(6.240251226685,5.082543758772));
#2371 = CARTESIAN_POINT('',(6.261718274155,5.092793539915));
#2372 = CARTESIAN_POINT('',(6.28318530718,5.103043280447));
#2373 = ( GEOMETRIC_REPRESENTATION_CONTEXT(2) 
PARAMETRIC_REPRESENTATION_CONTEXT() REPRESENTATION_CONTEXT('2D SPACE',''
  ) );
#2374 = PCURVE('',#2375,#2400);
#2375 = B_SPLINE_SURFACE_WITH_KNOTS('',1,11,(
    (#2376,#2377,#2378,#2379,#2380,#2381,#2382,#2383,#2384,#2385,#2386
      ,#2387)
    ,(#2388,#2389,#2390,#2391,#2392,#2393,#2394,#2395,#2396,#2397,#2398
      ,#2399
    )),.UNSPECIFIED.,.F.,.F.,.F.,(2,2),(12,12),(-0.923760430703,-0.),(0.
    ,6.962644440466),.PIECEWISE_BEZIER_KNOTS.);
#2376 = CARTESIAN_POINT('',(-6.4,5.95523030807E-03,3.139802757374));
#2377 = CARTESIAN_POINT('',(-6.403401619728,-3.64971621172,
    3.412530030633));
#2378 = CARTESIAN_POINT('',(-4.110371080711,-7.307441719173,
    3.685257301336));
#2379 = CARTESIAN_POINT('',(0.485346996978,-9.364611752705,
    3.957984579338));
#2380 = CARTESIAN_POINT('',(6.103131187695,-8.210954798765,
    4.230711842105));
#2381 = CARTESIAN_POINT('',(10.295588012091,-3.393442234503,
    4.503439129122));
#2382 = CARTESIAN_POINT('',(10.301885415961,3.374276187925,
    4.776166385689));
#2383 = CARTESIAN_POINT('',(6.118401263379,8.199582604924,5.048893673021
    ));
#2384 = CARTESIAN_POINT('',(0.502773776253,9.363692301643,5.321620935381
    ));
#2385 = CARTESIAN_POINT('',(-4.096764757658,7.315078497949,
    5.594348213673));
#2386 = CARTESIAN_POINT('',(-6.396598380282,3.661626672345,
    5.867075484246));
#2387 = CARTESIAN_POINT('',(-6.400000000019,5.955230319313E-03,
    6.13980275754));
#2388 = CARTESIAN_POINT('',(-7.2,3.651748649871E-02,3.600670723097));
#2389 = CARTESIAN_POINT('',(-7.220858740308,-4.076112896414,
    3.873397995827));
#2390 = CARTESIAN_POINT('',(-4.658230911926,-8.201753191663,
    4.146125268542));
#2391 = CARTESIAN_POINT('',(0.502387409243,-10.53749023886,
    4.418852541302));
#2392 = CARTESIAN_POINT('',(6.827793932897,-9.265794117341,
    4.691579813973));
#2393 = CARTESIAN_POINT('',(11.566770955938,-3.865605192887,
    4.964307086763));
#2394 = CARTESIAN_POINT('',(11.605386651413,3.748078949572,
    5.237034359446));
#2395 = CARTESIAN_POINT('',(6.921430073502,9.196059797452,5.509761632188
    ));
#2396 = CARTESIAN_POINT('',(0.609248461329,10.531852162856,
    5.782488904921));
#2397 = CARTESIAN_POINT('',(-4.574796906471,8.248581937298,
    6.055216177639));
#2398 = CARTESIAN_POINT('',(-7.179141259784,4.149147869411,
    6.327943450371));
#2399 = CARTESIAN_POINT('',(-7.200000000115,3.651748649885E-02,
    6.600670723097));
#2400 = DEFINITIONAL_REPRESENTATION('',(#2401),#2453);
#2401 = B_SPLINE_CURVE_WITH_KNOTS('',8,(#2402,#2403,#2404,#2405,#2406,
    #2407,#2408,#2409,#2410,#2411,#2412,#2413,#2414,#2415,#2416,#2417,
    #2418,#2419,#2420,#2421,#2422,#2423,#2424,#2425,#2426,#2427,#2428,
    #2429,#2430,#2431,#2432,#2433,#2434,#2435,#2436,#2437,#2438,#2439,
    #2440,#2441,#2442,#2443,#2444,#2445,#2446,#2447,#2448,#2449,#2450,
    #2451,#2452),.UNSPECIFIED.,.F.,.F.,(9,7,7,7,7,7,7,9),(0.,
    9.143006033922E-02,0.263350558619,0.293357331212,0.536705179157,
    0.74854629408,0.945417018332,1.),.UNSPECIFIED.);
#2402 = CARTESIAN_POINT('',(-1.069122048859E-04,0.));
#2403 = CARTESIAN_POINT('',(-1.069122627501E-04,3.984720476948E-02));
#2404 = CARTESIAN_POINT('',(-1.095416372779E-04,7.969492977843E-02));
#2405 = CARTESIAN_POINT('',(-1.130275667162E-04,0.119542520827));
#2406 = CARTESIAN_POINT('',(-1.162995195025E-04,0.159389901657));
#2407 = CARTESIAN_POINT('',(-1.188224687314E-04,0.199237286155));
#2408 = CARTESIAN_POINT('',(-1.204301666207E-04,0.239084890557));
#2409 = CARTESIAN_POINT('',(-1.211584189776E-04,0.278932645654));
#2410 = CARTESIAN_POINT('',(-1.209278201524E-04,0.393706703774));
#2411 = CARTESIAN_POINT('',(-1.179312716523E-04,0.468643769275));
#2412 = CARTESIAN_POINT('',(-1.129700808549E-04,0.543575956087));
#2413 = CARTESIAN_POINT('',(-1.078235642146E-04,0.61850217592));
#2414 = CARTESIAN_POINT('',(-1.03873918649E-04,0.693428362988));
#2415 = CARTESIAN_POINT('',(-1.015461492526E-04,0.768360448034));
#2416 = CARTESIAN_POINT('',(-1.00482994024E-04,0.843297345019));
#2417 = CARTESIAN_POINT('',(-1.004499326218E-04,0.931301539411));
#2418 = CARTESIAN_POINT('',(-1.004757250491E-04,0.944379138074));
#2419 = CARTESIAN_POINT('',(-1.005302322812E-04,0.957456745549));
#2420 = CARTESIAN_POINT('',(-1.006113660836E-04,0.970534360771));
#2421 = CARTESIAN_POINT('',(-1.007169405955E-04,0.9836119825));
#2422 = CARTESIAN_POINT('',(-1.008446723308E-04,0.99668960932));
#2423 = CARTESIAN_POINT('',(-1.009921801773E-04,1.009767239642));
#2424 = CARTESIAN_POINT('',(-1.024935168566E-04,1.128901383045));
#2425 = CARTESIAN_POINT('',(-1.049698282705E-04,1.235017689477));
#2426 = CARTESIAN_POINT('',(-1.073235230645E-04,1.341101888726));
#2427 = CARTESIAN_POINT('',(-1.081618382535E-04,1.447161677625));
#2428 = CARTESIAN_POINT('',(-1.076189815541E-04,1.553221207664));
#2429 = CARTESIAN_POINT('',(-1.067043913367E-04,1.659304837981));
#2430 = CARTESIAN_POINT('',(-1.060972858703E-04,1.765420542289));
#2431 = CARTESIAN_POINT('',(-1.060849134162E-04,1.963801418222));
#2432 = CARTESIAN_POINT('',(-1.065334911325E-04,2.056155854813));
#2433 = CARTESIAN_POINT('',(-1.076238694291E-04,2.148494861674));
#2434 = CARTESIAN_POINT('',(-1.093053243633E-04,2.240820487438));
#2435 = CARTESIAN_POINT('',(-1.111593778657E-04,2.333146226809));
#2436 = CARTESIAN_POINT('',(-1.126481157468E-04,2.425485539909));
#2437 = CARTESIAN_POINT('',(-1.134220129116E-04,2.51784037162));
#2438 = CARTESIAN_POINT('',(-1.133195204572E-04,2.695966144538));
#2439 = CARTESIAN_POINT('',(-1.125593358342E-04,2.781787249676));
#2440 = CARTESIAN_POINT('',(-1.109828310506E-04,2.867599328433));
#2441 = CARTESIAN_POINT('',(-1.087028449363E-04,2.953400073952));
#2442 = CARTESIAN_POINT('',(-1.060278309609E-04,3.039200774526));
#2443 = CARTESIAN_POINT('',(-1.0338542267E-04,3.125012741812));
#2444 = CARTESIAN_POINT('',(-1.011922934553E-04,3.210833726075));
#2445 = CARTESIAN_POINT('',(-9.924833649475E-05,3.320422782577));
#2446 = CARTESIAN_POINT('',(-9.887812877476E-05,3.344211253401));
#2447 = CARTESIAN_POINT('',(-9.856497174089E-05,3.367999729705));
#2448 = CARTESIAN_POINT('',(-9.831308020264E-05,3.391788209229));
#2449 = CARTESIAN_POINT('',(-9.812559953615E-05,3.41557668868));
#2450 = CARTESIAN_POINT('',(-9.800460568416E-05,3.439365163728));
#2451 = CARTESIAN_POINT('',(-9.795110515605E-05,3.463153629007));
#2452 = CARTESIAN_POINT('',(-9.796503502779E-05,3.486942078113));
#2453 = ( GEOMETRIC_REPRESENTATION_CONTEXT(2) 
PARAMETRIC_REPRESENTATION_CONTEXT() REPRESENTATION_CONTEXT('2D SPACE',''
  ) );
#2454 = ORIENTED_EDGE('',*,*,#2455,.T.);
#2455 = EDGE_CURVE('',#2264,#1942,#2456,.T.);
#2456 = SURFACE_CURVE('',#2457,(#2461,#2468),.PCURVE_S1.);
#2457 = LINE('',#2458,#2459);
#2458 = CARTESIAN_POINT('',(7.2,-1.763491390772E-15,0.));
#2459 = VECTOR('',#2460,1.);
#2460 = DIRECTION('',(0.,0.,1.));
#2461 = PCURVE('',#566,#2462);
#2462 = DEFINITIONAL_REPRESENTATION('',(#2463),#2467);
#2463 = LINE('',#2464,#2465);
#2464 = CARTESIAN_POINT('',(6.28318530718,-0.));
#2465 = VECTOR('',#2466,1.);
#2466 = DIRECTION('',(0.,1.));
#2467 = ( GEOMETRIC_REPRESENTATION_CONTEXT(2) 
PARAMETRIC_REPRESENTATION_CONTEXT() REPRESENTATION_CONTEXT('2D SPACE',''
  ) );
#2468 = PCURVE('',#1961,#2469);
#2469 = DEFINITIONAL_REPRESENTATION('',(#2470),#2474);
#2470 = LINE('',#2471,#2472);
#2471 = CARTESIAN_POINT('',(0.,-0.));
#2472 = VECTOR('',#2473,1.);
#2473 = DIRECTION('',(0.,1.));
#2474 = ( GEOMETRIC_REPRESENTATION_CONTEXT(2) 
PARAMETRIC_REPRESENTATION_CONTEXT() REPRESENTATION_CONTEXT('2D SPACE',''
  ) );
#2475 = ADVANCED_FACE('',(#2476),#498,.F.);
#2476 = FACE_BOUND('',#2477,.F.);
#2477 = EDGE_LOOP('',(#2478,#2479,#2498));
#2478 = ORIENTED_EDGE('',*,*,#444,.F.);
#2479 = ORIENTED_EDGE('',*,*,#2480,.T.);
#2480 = EDGE_CURVE('',#445,#778,#2481,.T.);
#2481 = SURFACE_CURVE('',#2482,(#2485,#2492),.PCURVE_S1.);
#2482 = B_SPLINE_CURVE_WITH_KNOTS('',1,(#2483,#2484),.UNSPECIFIED.,.F.,
  .F.,(2,2),(-1.103760430703,-0.),.PIECEWISE_BEZIER_KNOTS.);
#2483 = CARTESIAN_POINT('',(-7.2,3.651748649871E-02,3.600670723097));
#2484 = CARTESIAN_POINT('',(-7.2,-3.651748649871E-02,2.499329276903));
#2485 = PCURVE('',#498,#2486);
#2486 = DEFINITIONAL_REPRESENTATION('',(#2487),#2491);
#2487 = LINE('',#2488,#2489);
#2488 = CARTESIAN_POINT('',(0.,0.));
#2489 = VECTOR('',#2490,1.);
#2490 = DIRECTION('',(1.,0.));
#2491 = ( GEOMETRIC_REPRESENTATION_CONTEXT(2) 
PARAMETRIC_REPRESENTATION_CONTEXT() REPRESENTATION_CONTEXT('2D SPACE',''
  ) );
#2492 = PCURVE('',#823,#2493);
#2493 = DEFINITIONAL_REPRESENTATION('',(#2494),#2497);
#2494 = B_SPLINE_CURVE_WITH_KNOTS('',1,(#2495,#2496),.UNSPECIFIED.,.F.,
  .F.,(2,2),(-1.103760430703,-0.),.PIECEWISE_BEZIER_KNOTS.);
#2495 = CARTESIAN_POINT('',(-0.551880215352,-0.281995854792));
#2496 = CARTESIAN_POINT('',(0.551880215352,-0.281995854792));
#2497 = ( GEOMETRIC_REPRESENTATION_CONTEXT(2) 
PARAMETRIC_REPRESENTATION_CONTEXT() REPRESENTATION_CONTEXT('2D SPACE',''
  ) );
#2498 = ORIENTED_EDGE('',*,*,#777,.T.);
#2499 = ADVANCED_FACE('',(#2500),#903,.F.);
#2500 = FACE_BOUND('',#2501,.F.);
#2501 = EDGE_LOOP('',(#2502,#2503,#2504,#2558,#2604));
#2502 = ORIENTED_EDGE('',*,*,#1428,.F.);
#2503 = ORIENTED_EDGE('',*,*,#888,.T.);
#2504 = ORIENTED_EDGE('',*,*,#2505,.T.);
#2505 = EDGE_CURVE('',#835,#2506,#2508,.T.);
#2506 = VERTEX_POINT('',#2507);
#2507 = CARTESIAN_POINT('',(-6.399999999982,-5.955230297143E-03,
    8.960197242787));
#2508 = SURFACE_CURVE('',#2509,(#2522,#2529),.PCURVE_S1.);
#2509 = B_SPLINE_CURVE_WITH_KNOTS('',11,(#2510,#2511,#2512,#2513,#2514,
    #2515,#2516,#2517,#2518,#2519,#2520,#2521),.UNSPECIFIED.,.F.,.F.,(12
    ,12),(0.,6.962644440466),.PIECEWISE_BEZIER_KNOTS.);
#2510 = CARTESIAN_POINT('',(-6.4,-5.955230308062E-03,5.960197242626));
#2511 = CARTESIAN_POINT('',(-6.396598380273,-3.661626672327,
    6.232924515888));
#2512 = CARTESIAN_POINT('',(-4.096764757646,-7.315078497907,
    6.505651786593));
#2513 = CARTESIAN_POINT('',(0.502773776206,-9.363692301656,
    6.778379064537));
#2514 = CARTESIAN_POINT('',(6.118401263396,-8.199582604839,
    7.051106327541));
#2515 = CARTESIAN_POINT('',(10.301885415869,-3.374276188032,
    7.323833614003));
#2516 = CARTESIAN_POINT('',(10.295588012116,3.393442234571,7.59656087144
    ));
#2517 = CARTESIAN_POINT('',(6.103131187664,8.210954798665,7.86928815781)
  );
#2518 = CARTESIAN_POINT('',(0.485346997005,9.364611752709,8.142015420934
    ));
#2519 = CARTESIAN_POINT('',(-4.11037108069,7.307441719149,8.414742698791
    ));
#2520 = CARTESIAN_POINT('',(-6.403401619703,3.649716211723,
    8.687469969537));
#2521 = CARTESIAN_POINT('',(-6.399999999982,-5.95523029714E-03,
    8.960197242787));
#2522 = PCURVE('',#903,#2523);
#2523 = DEFINITIONAL_REPRESENTATION('',(#2524),#2528);
#2524 = LINE('',#2525,#2526);
#2525 = CARTESIAN_POINT('',(-0.,0.));
#2526 = VECTOR('',#2527,1.);
#2527 = DIRECTION('',(0.,1.));
#2528 = ( GEOMETRIC_REPRESENTATION_CONTEXT(2) 
PARAMETRIC_REPRESENTATION_CONTEXT() REPRESENTATION_CONTEXT('2D SPACE',''
  ) );
#2529 = PCURVE('',#2530,#2553);
#2530 = B_SPLINE_SURFACE_WITH_KNOTS('',1,10,(
    (#2531,#2532,#2533,#2534,#2535,#2536,#2537,#2538,#2539,#2540,#2541)
    ,(#2542,#2543,#2544,#2545,#2546,#2547,#2548,#2549,#2550,#2551,#2552
    )),.UNSPECIFIED.,.F.,.F.,.F.,(2,2),(11,11),(-0.18,-0.),(0.,
    6.962644440466),.PIECEWISE_BEZIER_KNOTS.);
#2531 = CARTESIAN_POINT('',(-6.4,-5.955230308066E-03,5.960197242626));
#2532 = CARTESIAN_POINT('',(-6.3962582183,-4.027193816529,6.260197243215
    ));
#2533 = CARTESIAN_POINT('',(-3.585763107034,-8.049054802094,
    6.560197241209));
#2534 = CARTESIAN_POINT('',(2.035957182976,-9.837420215074,
    6.860197245203));
#2535 = CARTESIAN_POINT('',(8.451277664909,-7.318707253043,
    7.160197240549));
#2536 = CARTESIAN_POINT('',(11.843967090416,1.102086743519E-02,
    7.460197242803));
#2537 = CARTESIAN_POINT('',(8.437642859662,7.334422473584,7.760197244703
    ));
#2538 = CARTESIAN_POINT('',(2.017646139432,9.841192112153,8.060197240312
    ));
#2539 = CARTESIAN_POINT('',(-3.60073625094,8.042367730413,8.360197244163
    ));
#2540 = CARTESIAN_POINT('',(-6.403741781674,4.015283355925,
    8.660197242212));
#2541 = CARTESIAN_POINT('',(-6.399999999982,-5.955230297143E-03,
    8.960197242787));
#2542 = CARTESIAN_POINT('',(-6.4,5.955230308071E-03,6.139802757374));
#2543 = CARTESIAN_POINT('',(-6.403741781701,-4.015283355924,
    6.439802757963));
#2544 = CARTESIAN_POINT('',(-3.600736250958,-8.042367730436,
    6.739802755954));
#2545 = CARTESIAN_POINT('',(2.017646139407,-9.841192112167,
    7.039802759959));
#2546 = CARTESIAN_POINT('',(8.437642859695,-7.33442247365,7.339802755283
    ));
#2547 = CARTESIAN_POINT('',(11.843967090425,-1.102086742007E-02,
    7.639802757568));
#2548 = CARTESIAN_POINT('',(8.451277664966,7.31870725302,7.939802759437)
  );
#2549 = CARTESIAN_POINT('',(2.035957182986,9.837420215116,8.239802755068
    ));
#2550 = CARTESIAN_POINT('',(-3.585763107025,8.049054802117,
    8.539802758908));
#2551 = CARTESIAN_POINT('',(-6.396258218313,4.027193816553,8.83980275696
    ));
#2552 = CARTESIAN_POINT('',(-6.400000000018,5.955230318966E-03,
    9.139802757535));
#2553 = DEFINITIONAL_REPRESENTATION('',(#2554),#2557);
#2554 = B_SPLINE_CURVE_WITH_KNOTS('',1,(#2555,#2556),.UNSPECIFIED.,.F.,
  .F.,(2,2),(0.,6.962644440466),.PIECEWISE_BEZIER_KNOTS.);
#2555 = CARTESIAN_POINT('',(-0.18,0.));
#2556 = CARTESIAN_POINT('',(-0.18,6.962644440466));
#2557 = ( GEOMETRIC_REPRESENTATION_CONTEXT(2) 
PARAMETRIC_REPRESENTATION_CONTEXT() REPRESENTATION_CONTEXT('2D SPACE',''
  ) );
#2558 = ORIENTED_EDGE('',*,*,#2559,.F.);
#2559 = EDGE_CURVE('',#2560,#2506,#2562,.T.);
#2560 = VERTEX_POINT('',#2561);
#2561 = CARTESIAN_POINT('',(-7.199907411315,-3.651394935402E-02,
    8.499382615787));
#2562 = SURFACE_CURVE('',#2563,(#2566,#2573),.PCURVE_S1.);
#2563 = B_SPLINE_CURVE_WITH_KNOTS('',1,(#2564,#2565),.UNSPECIFIED.,.F.,
  .F.,(2,2),(-0.923760430703,-0.),.PIECEWISE_BEZIER_KNOTS.);
#2564 = CARTESIAN_POINT('',(-7.199999999889,-3.651748649867E-02,
    8.499329276903));
#2565 = CARTESIAN_POINT('',(-6.399999999982,-5.95523029714E-03,
    8.960197242787));
#2566 = PCURVE('',#903,#2567);
#2567 = DEFINITIONAL_REPRESENTATION('',(#2568),#2572);
#2568 = LINE('',#2569,#2570);
#2569 = CARTESIAN_POINT('',(0.,6.962644440466));
#2570 = VECTOR('',#2571,1.);
#2571 = DIRECTION('',(1.,0.));
#2572 = ( GEOMETRIC_REPRESENTATION_CONTEXT(2) 
PARAMETRIC_REPRESENTATION_CONTEXT() REPRESENTATION_CONTEXT('2D SPACE',''
  ) );
#2573 = PCURVE('',#2574,#2599);
#2574 = B_SPLINE_SURFACE_WITH_KNOTS('',1,11,(
    (#2575,#2576,#2577,#2578,#2579,#2580,#2581,#2582,#2583,#2584,#2585
      ,#2586)
    ,(#2587,#2588,#2589,#2590,#2591,#2592,#2593,#2594,#2595,#2596,#2597
      ,#2598
    )),.UNSPECIFIED.,.F.,.F.,.F.,(2,2),(12,12),(-0.923760430703,-0.),(0.
    ,6.962644440466),.PIECEWISE_BEZIER_KNOTS.);
#2575 = CARTESIAN_POINT('',(-7.2,-3.651748649872E-02,8.499329276903));
#2576 = CARTESIAN_POINT('',(-7.179141259693,-4.149147869348,
    8.772056549629));
#2577 = CARTESIAN_POINT('',(-4.574796906333,-8.248581937166,
    9.044783822363));
#2578 = CARTESIAN_POINT('',(0.609248461195,-10.53185216269,
    9.317511095076));
#2579 = CARTESIAN_POINT('',(6.921430073535,-9.196059797308,
    9.590238367812));
#2580 = CARTESIAN_POINT('',(11.605386651167,-3.748078949496,
    9.862965640562));
#2581 = CARTESIAN_POINT('',(11.566770955702,3.865605192795,
    10.13569291322));
#2582 = CARTESIAN_POINT('',(6.827793932924,9.265794117233,
    10.408420186045));
#2583 = CARTESIAN_POINT('',(0.50238740911,10.537490238676,
    10.681147458685));
#2584 = CARTESIAN_POINT('',(-4.658230911787,8.201753191544,
    10.953874731464));
#2585 = CARTESIAN_POINT('',(-7.220858740217,4.076112896349,
    11.226602004172));
#2586 = CARTESIAN_POINT('',(-7.199999999885,-3.651748649886E-02,
    11.499329276903));
#2587 = CARTESIAN_POINT('',(-6.4,-5.955230308071E-03,8.960197242626));
#2588 = CARTESIAN_POINT('',(-6.396598380273,-3.661626672326,
    9.232924515885));
#2589 = CARTESIAN_POINT('',(-4.096764757646,-7.315078497912,
    9.505651786589));
#2590 = CARTESIAN_POINT('',(0.502773776211,-9.363692301635,
    9.778379064588));
#2591 = CARTESIAN_POINT('',(6.11840126338,-8.199582604893,
    10.051106327357));
#2592 = CARTESIAN_POINT('',(10.301885415901,-3.374276187939,
    10.32383361438));
#2593 = CARTESIAN_POINT('',(10.295588012073,3.393442234461,
    10.59656087093));
#2594 = CARTESIAN_POINT('',(6.103131187704,8.210954798756,
    10.869288158286));
#2595 = CARTESIAN_POINT('',(0.485346996977,9.364611752657,
    11.142015420624));
#2596 = CARTESIAN_POINT('',(-4.110371080677,7.307441719169,
    11.414742698929));
#2597 = CARTESIAN_POINT('',(-6.403401619707,3.649716211719,
    11.687469969497));
#2598 = CARTESIAN_POINT('',(-6.399999999981,-5.955230296856E-03,
    11.960197242792));
#2599 = DEFINITIONAL_REPRESENTATION('',(#2600),#2603);
#2600 = B_SPLINE_CURVE_WITH_KNOTS('',1,(#2601,#2602),.UNSPECIFIED.,.F.,
  .F.,(2,2),(-0.923760430703,-0.),.PIECEWISE_BEZIER_KNOTS.);
#2601 = CARTESIAN_POINT('',(-0.923760430703,0.));
#2602 = CARTESIAN_POINT('',(0.,0.));
#2603 = ( GEOMETRIC_REPRESENTATION_CONTEXT(2) 
PARAMETRIC_REPRESENTATION_CONTEXT() REPRESENTATION_CONTEXT('2D SPACE',''
  ) );
#2604 = ORIENTED_EDGE('',*,*,#2605,.F.);
#2605 = EDGE_CURVE('',#1401,#2560,#2606,.T.);
#2606 = SURFACE_CURVE('',#2607,(#2652,#2700),.PCURVE_S1.);
#2607 = B_SPLINE_CURVE_WITH_KNOTS('',8,(#2608,#2609,#2610,#2611,#2612,
    #2613,#2614,#2615,#2616,#2617,#2618,#2619,#2620,#2621,#2622,#2623,
    #2624,#2625,#2626,#2627,#2628,#2629,#2630,#2631,#2632,#2633,#2634,
    #2635,#2636,#2637,#2638,#2639,#2640,#2641,#2642,#2643,#2644,#2645,
    #2646,#2647,#2648,#2649,#2650,#2651),.UNSPECIFIED.,.F.,.F.,(9,7,7,7,
    7,7,9),(0.,0.252731462954,0.466665200445,0.566441978412,
    0.739056639338,0.910269645228,1.),.UNSPECIFIED.);
#2608 = CARTESIAN_POINT('',(7.2,-2.06085148946E-15,6.996956719488));
#2609 = CARTESIAN_POINT('',(7.2,0.715657612132,7.044415179953));
#2610 = CARTESIAN_POINT('',(7.118703729114,1.431781864404,7.091905269052
    ));
#2611 = CARTESIAN_POINT('',(6.955926732627,2.136870931089,7.139379074822
    ));
#2612 = CARTESIAN_POINT('',(6.713654103967,2.820180498682,7.186841027794
    ));
#2613 = CARTESIAN_POINT('',(6.395283805512,3.47152398766,7.234302975041)
  );
#2614 = CARTESIAN_POINT('',(6.005711741838,4.081344021544,7.281776764822
    ));
#2615 = CARTESIAN_POINT('',(5.551220756625,4.640701856243,7.32926689291)
  );
#2616 = CARTESIAN_POINT('',(4.60754317237,5.565746367942,7.416898473654)
  );
#2617 = CARTESIAN_POINT('',(4.134009305454,5.948357911246,7.457084496109
    ));
#2618 = CARTESIAN_POINT('',(3.624394158178,6.284676574369,7.497263136768
    ));
#2619 = CARTESIAN_POINT('',(3.084043245543,6.57081350792,7.537435496553)
  );
#2620 = CARTESIAN_POINT('',(2.518675887175,6.803650815631,7.577607910266
    ));
#2621 = CARTESIAN_POINT('',(1.934344779356,6.980781199847,7.617786676848
    ));
#2622 = CARTESIAN_POINT('',(1.337456708921,7.100577158672,7.657972788147
    ));
#2623 = CARTESIAN_POINT('',(0.453764308463,7.191239466325,7.716881950359
    ));
#2624 = CARTESIAN_POINT('',(0.171404934849,7.207470606782,7.735618589867
    ));
#2625 = CARTESIAN_POINT('',(-0.111586059638,7.21102835275,7.7543551469)
  );
#2626 = CARTESIAN_POINT('',(-0.394544442075,7.201887340144,
    7.773091573033));
#2627 = CARTESIAN_POINT('',(-0.676808006029,7.180063526635,
    7.791828017411));
#2628 = CARTESIAN_POINT('',(-0.957716767311,7.145613392332,7.81056462648
    ));
#2629 = CARTESIAN_POINT('',(-1.236613245543,7.098634711363,
    7.829301344731));
#2630 = CARTESIAN_POINT('',(-1.990722327134,6.936565534093,
    7.880451796319));
#2631 = CARTESIAN_POINT('',(-2.460702337798,6.79677048893,7.912870337948
    ));
#2632 = CARTESIAN_POINT('',(-2.919319751298,6.62060956475,7.94528663015)
  );
#2633 = CARTESIAN_POINT('',(-3.363299672539,6.409192299054,
    7.977700102189));
#2634 = CARTESIAN_POINT('',(-3.789532285208,6.163955237906,
    8.010113369856));
#2635 = CARTESIAN_POINT('',(-4.195068548732,5.886641250406,
    8.042529190349));
#2636 = CARTESIAN_POINT('',(-4.57713473054,5.579314880688,8.074947325949
    ));
#2637 = CARTESIAN_POINT('',(-5.286305795193,4.91223203808,8.139512100944
    ));
#2638 = CARTESIAN_POINT('',(-5.613931607849,4.552827684096,
    8.171667752745));
#2639 = CARTESIAN_POINT('',(-5.913517624001,4.168552768386,8.20382201019
    ));
#2640 = CARTESIAN_POINT('',(-6.18288513095,3.761983356145,8.235974575197
    ));
#2641 = CARTESIAN_POINT('',(-6.420155532196,3.335884517705,
    8.268127717587));
#2642 = CARTESIAN_POINT('',(-6.623736657518,2.893195529463,
    8.300283239383));
#2643 = CARTESIAN_POINT('',(-6.79234214183,2.437035242918,8.332439799141
    ));
#2644 = CARTESIAN_POINT('',(-6.994591004133,1.726342284049,
    8.381440381888));
#2645 = CARTESIAN_POINT('',(-7.054282257189,1.479149389779,
    8.398289968623));
#2646 = CARTESIAN_POINT('',(-7.103984820144,1.229616401736,
    8.415139073132));
#2647 = CARTESIAN_POINT('',(-7.143592835905,0.978214846118,
    8.431987658002));
#2648 = CARTESIAN_POINT('',(-7.173027432665,0.725420140404,
    8.448835895254));
#2649 = CARTESIAN_POINT('',(-7.192236754434,0.47171142116,8.465684129811
    ));
#2650 = CARTESIAN_POINT('',(-7.201195991573,0.21757137185,8.482532842953
    ));
#2651 = CARTESIAN_POINT('',(-7.199907411315,-3.651394935415E-02,
    8.499382615787));
#2652 = PCURVE('',#903,#2653);
#2653 = DEFINITIONAL_REPRESENTATION('',(#2654),#2699);
#2654 = B_SPLINE_CURVE_WITH_KNOTS('',8,(#2655,#2656,#2657,#2658,#2659,
    #2660,#2661,#2662,#2663,#2664,#2665,#2666,#2667,#2668,#2669,#2670,
    #2671,#2672,#2673,#2674,#2675,#2676,#2677,#2678,#2679,#2680,#2681,
    #2682,#2683,#2684,#2685,#2686,#2687,#2688,#2689,#2690,#2691,#2692,
    #2693,#2694,#2695,#2696,#2697,#2698),.UNSPECIFIED.,.F.,.F.,(9,7,7,7,
    7,7,9),(0.,0.252731462954,0.466665200445,0.566441978412,
    0.739056639338,0.910269645228,1.),.UNSPECIFIED.);
#2655 = CARTESIAN_POINT('',(-0.923662465507,3.475702362354));
#2656 = CARTESIAN_POINT('',(-0.923662530005,3.585847899005));
#2657 = CARTESIAN_POINT('',(-0.923661152179,3.696065169067));
#2658 = CARTESIAN_POINT('',(-0.923658304259,3.806242955298));
#2659 = CARTESIAN_POINT('',(-0.923654511335,3.916392121646));
#2660 = CARTESIAN_POINT('',(-0.923650834885,4.026541426504));
#2661 = CARTESIAN_POINT('',(-0.923648272909,4.136719496142));
#2662 = CARTESIAN_POINT('',(-0.923647080638,4.246937075069));
#2663 = CARTESIAN_POINT('',(-0.923647042886,4.450319544183));
#2664 = CARTESIAN_POINT('',(-0.923647864574,4.543587490889));
#2665 = CARTESIAN_POINT('',(-0.923649402252,4.636839134367));
#2666 = CARTESIAN_POINT('',(-0.923651287041,4.730076602597));
#2667 = CARTESIAN_POINT('',(-0.923652961315,4.823313952235));
#2668 = CARTESIAN_POINT('',(-0.923654005239,4.91656531625));
#2669 = CARTESIAN_POINT('',(-0.923654392642,5.009832966295));
#2670 = CARTESIAN_POINT('',(-0.923654309821,5.146554053985));
#2671 = CARTESIAN_POINT('',(-0.923654187023,5.190039431434));
#2672 = CARTESIAN_POINT('',(-0.923653989203,5.233524530597));
#2673 = CARTESIAN_POINT('',(-0.923653750075,5.277009278127));
#2674 = CARTESIAN_POINT('',(-0.923653511778,5.320494068964));
#2675 = CARTESIAN_POINT('',(-0.923653319397,5.363979295198));
#2676 = CARTESIAN_POINT('',(-0.923653213855,5.407464875376));
#2677 = CARTESIAN_POINT('',(-0.923653239283,5.526179040614));
#2678 = CARTESIAN_POINT('',(-0.92365360172,5.601419053159));
#2679 = CARTESIAN_POINT('',(-0.923654445552,5.676654402456));
#2680 = CARTESIAN_POINT('',(-0.923655832822,5.751883835735));
#2681 = CARTESIAN_POINT('',(-0.923657566726,5.827113196058));
#2682 = CARTESIAN_POINT('',(-0.923659179791,5.902348341268));
#2683 = CARTESIAN_POINT('',(-0.923660096056,5.977588052744));
#2684 = CARTESIAN_POINT('',(-0.923659839488,6.127434946222));
#2685 = CARTESIAN_POINT('',(-0.923658656211,6.202063032854));
#2686 = CARTESIAN_POINT('',(-0.923656205229,6.276686415481));
#2687 = CARTESIAN_POINT('',(-0.923652163914,6.351304028718));
#2688 = CARTESIAN_POINT('',(-0.923646998477,6.425921680373));
#2689 = CARTESIAN_POINT('',(-0.923642120795,6.500545187537));
#2690 = CARTESIAN_POINT('',(-0.923639302782,6.575173488575));
#2691 = CARTESIAN_POINT('',(-0.923639372167,6.68889811393));
#2692 = CARTESIAN_POINT('',(-0.923640185067,6.728004948986));
#2693 = CARTESIAN_POINT('',(-0.92364184672,6.767111647623));
#2694 = CARTESIAN_POINT('',(-0.923644375702,6.806218144516));
#2695 = CARTESIAN_POINT('',(-0.923647596273,6.845324635419));
#2696 = CARTESIAN_POINT('',(-0.923650985199,6.884431315004));
#2697 = CARTESIAN_POINT('',(-0.923653518571,6.923538114686));
#2698 = CARTESIAN_POINT('',(-0.923653518627,6.962644440466));
#2699 = ( GEOMETRIC_REPRESENTATION_CONTEXT(2) 
PARAMETRIC_REPRESENTATION_CONTEXT() REPRESENTATION_CONTEXT('2D SPACE',''
  ) );
#2700 = PCURVE('',#1416,#2701);
#2701 = DEFINITIONAL_REPRESENTATION('',(#2702),#2747);
#2702 = B_SPLINE_CURVE_WITH_KNOTS('',8,(#2703,#2704,#2705,#2706,#2707,
    #2708,#2709,#2710,#2711,#2712,#2713,#2714,#2715,#2716,#2717,#2718,
    #2719,#2720,#2721,#2722,#2723,#2724,#2725,#2726,#2727,#2728,#2729,
    #2730,#2731,#2732,#2733,#2734,#2735,#2736,#2737,#2738,#2739,#2740,
    #2741,#2742,#2743,#2744,#2745,#2746),.UNSPECIFIED.,.F.,.F.,(9,7,7,7,
    7,7,9),(0.,0.252731462954,0.466665200445,0.566441978412,
    0.739056639338,0.910269645228,1.),.UNSPECIFIED.);
#2703 = CARTESIAN_POINT('',(0.,6.996956719488));
#2704 = CARTESIAN_POINT('',(9.939689057393E-02,7.044415179953));
#2705 = CARTESIAN_POINT('',(0.198858510784,7.091905269052));
#2706 = CARTESIAN_POINT('',(0.298284441095,7.139379074822));
#2707 = CARTESIAN_POINT('',(0.397684430967,7.186841027794));
#2708 = CARTESIAN_POINT('',(0.497084424701,7.234302975041));
#2709 = CARTESIAN_POINT('',(0.596510345094,7.281776764822));
#2710 = CARTESIAN_POINT('',(0.695971986657,7.32926689291));
#2711 = CARTESIAN_POINT('',(0.879506952148,7.416898473654));
#2712 = CARTESIAN_POINT('',(0.96367324051,7.457084496109));
#2713 = CARTESIAN_POINT('',(1.047824939656,7.497263136768));
#2714 = CARTESIAN_POINT('',(1.131963986204,7.537435496553));
#2715 = CARTESIAN_POINT('',(1.216103031382,7.577607910266));
#2716 = CARTESIAN_POINT('',(1.300254749737,7.617786676848));
#2717 = CARTESIAN_POINT('',(1.384421097941,7.657972788147));
#2718 = CARTESIAN_POINT('',(1.507800399361,7.716881950359));
#2719 = CARTESIAN_POINT('',(1.547042273764,7.735618589867));
#2720 = CARTESIAN_POINT('',(1.58628386364,7.7543551469));
#2721 = CARTESIAN_POINT('',(1.625525098087,7.773091573033));
#2722 = CARTESIAN_POINT('',(1.664766331095,7.791828017411));
#2723 = CARTESIAN_POINT('',(1.704007916932,7.81056462648));
#2724 = CARTESIAN_POINT('',(1.743249785523,7.829301344731));
#2725 = CARTESIAN_POINT('',(1.850378678155,7.880451796319));
#2726 = CARTESIAN_POINT('',(1.9182759543,7.912870337948));
#2727 = CARTESIAN_POINT('',(1.986168960314,7.94528663015));
#2728 = CARTESIAN_POINT('',(2.054056625363,7.977700102189));
#2729 = CARTESIAN_POINT('',(2.121944293672,8.010113369856));
#2730 = CARTESIAN_POINT('',(2.189837313961,8.042529190349));
#2731 = CARTESIAN_POINT('',(2.257734618399,8.074947325949));
#2732 = CARTESIAN_POINT('',(2.392958706382,8.139512100944));
#2733 = CARTESIAN_POINT('',(2.460304351653,8.171667752745));
#2734 = CARTESIAN_POINT('',(2.5276458789,8.20382201019));
#2735 = CARTESIAN_POINT('',(2.594982259219,8.235974575197));
#2736 = CARTESIAN_POINT('',(2.662318628913,8.268127717587));
#2737 = CARTESIAN_POINT('',(2.729660131545,8.300283239383));
#2738 = CARTESIAN_POINT('',(2.797005755905,8.332439799141));
#2739 = CARTESIAN_POINT('',(2.899632247797,8.381440381888));
#2740 = CARTESIAN_POINT('',(2.934922697975,8.398289968623));
#2741 = CARTESIAN_POINT('',(2.970212993207,8.415139073132));
#2742 = CARTESIAN_POINT('',(3.005503092946,8.431987658002));
#2743 = CARTESIAN_POINT('',(3.040793198631,8.448835895254));
#2744 = CARTESIAN_POINT('',(3.076083509004,8.465684129811));
#2745 = CARTESIAN_POINT('',(3.111373975424,8.482532842953));
#2746 = CARTESIAN_POINT('',(3.146664057183,8.499382615787));
#2747 = ( GEOMETRIC_REPRESENTATION_CONTEXT(2) 
PARAMETRIC_REPRESENTATION_CONTEXT() REPRESENTATION_CONTEXT('2D SPACE',''
  ) );
#2748 = ADVANCED_FACE('',(#2749),#859,.F.);
#2749 = FACE_BOUND('',#2750,.F.);
#2750 = EDGE_LOOP('',(#2751,#2752,#2773,#2804));
#2751 = ORIENTED_EDGE('',*,*,#834,.F.);
#2752 = ORIENTED_EDGE('',*,*,#2753,.T.);
#2753 = EDGE_CURVE('',#809,#2754,#2756,.T.);
#2754 = VERTEX_POINT('',#2755);
#2755 = CARTESIAN_POINT('',(-6.4,5.955230308066E-03,3.139802757374));
#2756 = SURFACE_CURVE('',#2757,(#2760,#2767),.PCURVE_S1.);
#2757 = B_SPLINE_CURVE_WITH_KNOTS('',1,(#2758,#2759),.UNSPECIFIED.,.F.,
  .F.,(2,2),(-0.18,-0.),.PIECEWISE_BEZIER_KNOTS.);
#2758 = CARTESIAN_POINT('',(-6.4,-5.955230308068E-03,2.960197242626));
#2759 = CARTESIAN_POINT('',(-6.4,5.955230308066E-03,3.139802757374));
#2760 = PCURVE('',#859,#2761);
#2761 = DEFINITIONAL_REPRESENTATION('',(#2762),#2766);
#2762 = LINE('',#2763,#2764);
#2763 = CARTESIAN_POINT('',(0.,0.));
#2764 = VECTOR('',#2765,1.);
#2765 = DIRECTION('',(1.,0.));
#2766 = ( GEOMETRIC_REPRESENTATION_CONTEXT(2) 
PARAMETRIC_REPRESENTATION_CONTEXT() REPRESENTATION_CONTEXT('2D SPACE',''
  ) );
#2767 = PCURVE('',#823,#2768);
#2768 = DEFINITIONAL_REPRESENTATION('',(#2769),#2772);
#2769 = B_SPLINE_CURVE_WITH_KNOTS('',1,(#2770,#2771),.UNSPECIFIED.,.F.,
  .F.,(2,2),(-0.18,-0.),.PIECEWISE_BEZIER_KNOTS.);
#2770 = CARTESIAN_POINT('',(9.E-02,0.518004145208));
#2771 = CARTESIAN_POINT('',(-9.E-02,0.518004145208));
#2772 = ( GEOMETRIC_REPRESENTATION_CONTEXT(2) 
PARAMETRIC_REPRESENTATION_CONTEXT() REPRESENTATION_CONTEXT('2D SPACE',''
  ) );
#2773 = ORIENTED_EDGE('',*,*,#2774,.T.);
#2774 = EDGE_CURVE('',#2754,#2775,#2777,.T.);
#2775 = VERTEX_POINT('',#2776);
#2776 = CARTESIAN_POINT('',(-6.400000000019,5.955230319314E-03,
    6.13980275754));
#2777 = SURFACE_CURVE('',#2778,(#2791,#2797),.PCURVE_S1.);
#2778 = B_SPLINE_CURVE_WITH_KNOTS('',11,(#2779,#2780,#2781,#2782,#2783,
    #2784,#2785,#2786,#2787,#2788,#2789,#2790),.UNSPECIFIED.,.F.,.F.,(12
    ,12),(0.,6.962644440466),.PIECEWISE_BEZIER_KNOTS.);
#2779 = CARTESIAN_POINT('',(-6.4,5.95523030807E-03,3.139802757374));
#2780 = CARTESIAN_POINT('',(-6.403401619728,-3.64971621172,
    3.412530030633));
#2781 = CARTESIAN_POINT('',(-4.110371080711,-7.307441719173,
    3.685257301336));
#2782 = CARTESIAN_POINT('',(0.485346996978,-9.364611752705,
    3.957984579338));
#2783 = CARTESIAN_POINT('',(6.103131187695,-8.210954798765,
    4.230711842105));
#2784 = CARTESIAN_POINT('',(10.295588012091,-3.393442234503,
    4.503439129122));
#2785 = CARTESIAN_POINT('',(10.301885415961,3.374276187925,
    4.776166385689));
#2786 = CARTESIAN_POINT('',(6.118401263379,8.199582604924,5.048893673021
    ));
#2787 = CARTESIAN_POINT('',(0.502773776253,9.363692301643,5.321620935381
    ));
#2788 = CARTESIAN_POINT('',(-4.096764757658,7.315078497949,
    5.594348213673));
#2789 = CARTESIAN_POINT('',(-6.396598380282,3.661626672345,
    5.867075484246));
#2790 = CARTESIAN_POINT('',(-6.400000000019,5.955230319313E-03,
    6.13980275754));
#2791 = PCURVE('',#859,#2792);
#2792 = DEFINITIONAL_REPRESENTATION('',(#2793),#2796);
#2793 = B_SPLINE_CURVE_WITH_KNOTS('',1,(#2794,#2795),.UNSPECIFIED.,.F.,
  .F.,(2,2),(0.,6.962644440466),.PIECEWISE_BEZIER_KNOTS.);
#2794 = CARTESIAN_POINT('',(0.,0.));
#2795 = CARTESIAN_POINT('',(0.,6.962644440466));
#2796 = ( GEOMETRIC_REPRESENTATION_CONTEXT(2) 
PARAMETRIC_REPRESENTATION_CONTEXT() REPRESENTATION_CONTEXT('2D SPACE',''
  ) );
#2797 = PCURVE('',#2375,#2798);
#2798 = DEFINITIONAL_REPRESENTATION('',(#2799),#2803);
#2799 = LINE('',#2800,#2801);
#2800 = CARTESIAN_POINT('',(-0.923760430703,0.));
#2801 = VECTOR('',#2802,1.);
#2802 = DIRECTION('',(0.,1.));
#2803 = ( GEOMETRIC_REPRESENTATION_CONTEXT(2) 
PARAMETRIC_REPRESENTATION_CONTEXT() REPRESENTATION_CONTEXT('2D SPACE',''
  ) );
#2804 = ORIENTED_EDGE('',*,*,#2805,.F.);
#2805 = EDGE_CURVE('',#835,#2775,#2806,.T.);
#2806 = SURFACE_CURVE('',#2807,(#2810,#2817),.PCURVE_S1.);
#2807 = B_SPLINE_CURVE_WITH_KNOTS('',1,(#2808,#2809),.UNSPECIFIED.,.F.,
  .F.,(2,2),(-0.18,-0.),.PIECEWISE_BEZIER_KNOTS.);
#2808 = CARTESIAN_POINT('',(-6.399999999981,-5.955230296862E-03,
    5.960197242792));
#2809 = CARTESIAN_POINT('',(-6.400000000019,5.955230319314E-03,
    6.13980275754));
#2810 = PCURVE('',#859,#2811);
#2811 = DEFINITIONAL_REPRESENTATION('',(#2812),#2816);
#2812 = LINE('',#2813,#2814);
#2813 = CARTESIAN_POINT('',(0.,6.962644440466));
#2814 = VECTOR('',#2815,1.);
#2815 = DIRECTION('',(1.,0.));
#2816 = ( GEOMETRIC_REPRESENTATION_CONTEXT(2) 
PARAMETRIC_REPRESENTATION_CONTEXT() REPRESENTATION_CONTEXT('2D SPACE',''
  ) );
#2817 = PCURVE('',#2530,#2818);
#2818 = DEFINITIONAL_REPRESENTATION('',(#2819),#2822);
#2819 = B_SPLINE_CURVE_WITH_KNOTS('',1,(#2820,#2821),.UNSPECIFIED.,.F.,
  .F.,(2,2),(-0.18,-0.),.PIECEWISE_BEZIER_KNOTS.);
#2820 = CARTESIAN_POINT('',(-0.18,0.));
#2821 = CARTESIAN_POINT('',(0.,0.));
#2822 = ( GEOMETRIC_REPRESENTATION_CONTEXT(2) 
PARAMETRIC_REPRESENTATION_CONTEXT() REPRESENTATION_CONTEXT('2D SPACE',''
  ) );
#2823 = ADVANCED_FACE('',(#2824),#823,.T.);
#2824 = FACE_BOUND('',#2825,.T.);
#2825 = EDGE_LOOP('',(#2826,#2827,#2846,#2847,#2848,#2849));
#2826 = ORIENTED_EDGE('',*,*,#2753,.T.);
#2827 = ORIENTED_EDGE('',*,*,#2828,.T.);
#2828 = EDGE_CURVE('',#2754,#2237,#2829,.T.);
#2829 = SURFACE_CURVE('',#2830,(#2833,#2839),.PCURVE_S1.);
#2830 = B_SPLINE_CURVE_WITH_KNOTS('',1,(#2831,#2832),.UNSPECIFIED.,.F.,
  .F.,(2,2),(-0.923760430703,-0.),.PIECEWISE_BEZIER_KNOTS.);
#2831 = CARTESIAN_POINT('',(-6.4,5.95523030807E-03,3.139802757374));
#2832 = CARTESIAN_POINT('',(-7.2,3.651748649871E-02,3.600670723097));
#2833 = PCURVE('',#823,#2834);
#2834 = DEFINITIONAL_REPRESENTATION('',(#2835),#2838);
#2835 = B_SPLINE_CURVE_WITH_KNOTS('',1,(#2836,#2837),.UNSPECIFIED.,.F.,
  .F.,(2,2),(-0.923760430703,-0.),.PIECEWISE_BEZIER_KNOTS.);
#2836 = CARTESIAN_POINT('',(-9.E-02,0.518004145208));
#2837 = CARTESIAN_POINT('',(-0.551880215352,-0.281995854792));
#2838 = ( GEOMETRIC_REPRESENTATION_CONTEXT(2) 
PARAMETRIC_REPRESENTATION_CONTEXT() REPRESENTATION_CONTEXT('2D SPACE',''
  ) );
#2839 = PCURVE('',#2375,#2840);
#2840 = DEFINITIONAL_REPRESENTATION('',(#2841),#2845);
#2841 = LINE('',#2842,#2843);
#2842 = CARTESIAN_POINT('',(0.,0.));
#2843 = VECTOR('',#2844,1.);
#2844 = DIRECTION('',(1.,0.));
#2845 = ( GEOMETRIC_REPRESENTATION_CONTEXT(2) 
PARAMETRIC_REPRESENTATION_CONTEXT() REPRESENTATION_CONTEXT('2D SPACE',''
  ) );
#2846 = ORIENTED_EDGE('',*,*,#2236,.T.);
#2847 = ORIENTED_EDGE('',*,*,#2209,.T.);
#2848 = ORIENTED_EDGE('',*,*,#2480,.T.);
#2849 = ORIENTED_EDGE('',*,*,#808,.T.);
#2850 = ADVANCED_FACE('',(#2851),#1416,.T.);
#2851 = FACE_BOUND('',#2852,.T.);
#2852 = EDGE_LOOP('',(#2853,#3146,#3191,#3219,#3363,#3364));
#2853 = ORIENTED_EDGE('',*,*,#2854,.T.);
#2854 = EDGE_CURVE('',#1356,#2855,#2857,.T.);
#2855 = VERTEX_POINT('',#2856);
#2856 = CARTESIAN_POINT('',(7.199907411315,-3.651394934548E-02,
    9.600617384084));
#2857 = SURFACE_CURVE('',#2858,(#2952,#3049),.PCURVE_S1.);
#2858 = B_SPLINE_CURVE_WITH_KNOTS('',8,(#2859,#2860,#2861,#2862,#2863,
    #2864,#2865,#2866,#2867,#2868,#2869,#2870,#2871,#2872,#2873,#2874,
    #2875,#2876,#2877,#2878,#2879,#2880,#2881,#2882,#2883,#2884,#2885,
    #2886,#2887,#2888,#2889,#2890,#2891,#2892,#2893,#2894,#2895,#2896,
    #2897,#2898,#2899,#2900,#2901,#2902,#2903,#2904,#2905,#2906,#2907,
    #2908,#2909,#2910,#2911,#2912,#2913,#2914,#2915,#2916,#2917,#2918,
    #2919,#2920,#2921,#2922,#2923,#2924,#2925,#2926,#2927,#2928,#2929,
    #2930,#2931,#2932,#2933,#2934,#2935,#2936,#2937,#2938,#2939,#2940,
    #2941,#2942,#2943,#2944,#2945,#2946,#2947,#2948,#2949,#2950,#2951),
  .UNSPECIFIED.,.F.,.F.,(9,7,7,7,7,7,7,7,7,7,7,7,7,9),(0.,
    4.501841553245E-02,0.131187919927,0.146228836792,0.268199422957,
    0.374384323117,0.491078172376,0.50096368777,0.626588089633,
    0.731567598221,0.783860646109,0.867811312351,0.955728161635,1.),
  .UNSPECIFIED.);
#2859 = CARTESIAN_POINT('',(7.2,-2.6645352591E-15,6.603038789979));
#2860 = CARTESIAN_POINT('',(7.2,0.254338213382,6.61990496501));
#2861 = CARTESIAN_POINT('',(7.189731890406,0.508679240125,6.636770172743
    ));
#2862 = CARTESIAN_POINT('',(7.169195864023,0.76253554425,6.653634960389)
  );
#2863 = CARTESIAN_POINT('',(7.13841928626,1.01542313051,6.670499784733)
  );
#2864 = CARTESIAN_POINT('',(7.097456659503,1.266861717136,6.687364973884
    ));
#2865 = CARTESIAN_POINT('',(7.046389587495,1.516374908589,6.704230689015
    ));
#2866 = CARTESIAN_POINT('',(6.985326739705,1.763490368305,6.721096886112
    ));
#2867 = CARTESIAN_POINT('',(6.778650632529,2.47525686704,6.770247146185)
  );
#2868 = CARTESIAN_POINT('',(6.606751077505,2.93234965933,6.80253685991)
  );
#2869 = CARTESIAN_POINT('',(6.399662822872,3.375657176222,6.834825451712
    ));
#2870 = CARTESIAN_POINT('',(6.158706870138,3.802029188349,6.867111564965
    ));
#2871 = CARTESIAN_POINT('',(5.885513893329,4.208499999745,6.899397066973
    ));
#2872 = CARTESIAN_POINT('',(5.582004395934,4.592282837967,6.931684301096
    ));
#2873 = CARTESIAN_POINT('',(5.250402681531,4.950785063652,6.963972977629
    ));
#2874 = CARTESIAN_POINT('',(4.830949559848,5.33939577638,7.001891838978)
  );
#2875 = CARTESIAN_POINT('',(4.767835485081,5.396306589589,7.007526963373
    ));
#2876 = CARTESIAN_POINT('',(4.703955660408,5.452364364996,7.013162077237
    ));
#2877 = CARTESIAN_POINT('',(4.639323552921,5.507557088823,7.018797181153
    ));
#2878 = CARTESIAN_POINT('',(4.573952850214,5.561873007665,7.024432275677
    ));
#2879 = CARTESIAN_POINT('',(4.507857460393,5.615300628489,7.030067361339
    ));
#2880 = CARTESIAN_POINT('',(4.441051512066,5.667828718635,7.035702438643
    ));
#2881 = CARTESIAN_POINT('',(3.826157342409,6.138026331289,7.087033706435
    ));
#2882 = CARTESIAN_POINT('',(3.232673796252,6.496967799689,7.132755100699
    ));
#2883 = CARTESIAN_POINT('',(2.601126336938,6.789946618667,7.178462721787
    ));
#2884 = CARTESIAN_POINT('',(1.940165472178,7.012473250834,7.224160581018
    ));
#2885 = CARTESIAN_POINT('',(1.258821283021,7.161326826641,7.269859017768
    ));
#2886 = CARTESIAN_POINT('',(0.566495213204,7.234628745289,7.315568024277
    ));
#2887 = CARTESIAN_POINT('',(-0.127084872655,7.231783787668,
    7.361290697446));
#2888 = CARTESIAN_POINT('',(-1.407865424856,7.086452182984,
    7.446769907123));
#2889 = CARTESIAN_POINT('',(-1.997699561273,6.962030453649,
    7.486564982784));
#2890 = CARTESIAN_POINT('',(-2.57468138426,6.781513759432,7.526353087845
    ));
#2891 = CARTESIAN_POINT('',(-3.132604829556,6.546538721853,
    7.566135130841));
#2892 = CARTESIAN_POINT('',(-3.665610276388,6.259489935004,
    7.605917136746));
#2893 = CARTESIAN_POINT('',(-4.168164721885,5.92343437653,7.645705175166
    ));
#2894 = CARTESIAN_POINT('',(-4.635100185116,5.542177880145,
    7.685500258931));
#2895 = CARTESIAN_POINT('',(-5.53059785265,4.656945044352,7.769002853287
    ));
#2896 = CARTESIAN_POINT('',(-5.951176494832,4.144175441383,7.81274387894
    ));
#2897 = CARTESIAN_POINT('',(-6.317062787529,3.588300145505,
    7.856474474982));
#2898 = CARTESIAN_POINT('',(-6.623257398074,2.996227391709,
    7.900196854851));
#2899 = CARTESIAN_POINT('',(-6.865777109451,2.375349408413,7.94391933009
    ));
#2900 = CARTESIAN_POINT('',(-7.041699810269,1.733538453142,
    7.987650165097));
#2901 = CARTESIAN_POINT('',(-7.149137758511,1.079110330088,8.03139147353
    ));
#2902 = CARTESIAN_POINT('',(-7.190948832535,0.365204162609,
    8.078815283572));
#2903 = CARTESIAN_POINT('',(-7.193719903495,0.309421066564,
    8.082518950974));
#2904 = CARTESIAN_POINT('',(-7.195996411798,0.253614135967,
    8.086222613994));
#2905 = CARTESIAN_POINT('',(-7.197778122062,0.197788462178,
    8.089926274226));
#2906 = CARTESIAN_POINT('',(-7.199064862254,0.14194916008,8.093629931826
    ));
#2907 = CARTESIAN_POINT('',(-7.199856523685,8.610136807514E-02,
    8.097333585516));
#2908 = CARTESIAN_POINT('',(-7.200153061015,3.025024808509E-02,
    8.101037232584));
#2909 = CARTESIAN_POINT('',(-7.19743109499,-0.735327331138,
    8.151806406289));
#2910 = CARTESIAN_POINT('',(-7.114950850604,-1.445219388681,
    8.198900908053));
#2911 = CARTESIAN_POINT('',(-6.952377941514,-2.144068412037,
    8.245978449756));
#2912 = CARTESIAN_POINT('',(-6.71166510519,-2.821399617726,
    8.293043664036));
#2913 = CARTESIAN_POINT('',(-6.396136059194,-3.46728011541,
    8.340109038392));
#2914 = CARTESIAN_POINT('',(-6.010562391499,-4.072385620961,
    8.387186929388));
#2915 = CARTESIAN_POINT('',(-5.561061649519,-4.627992424235,
    8.434281774099));
#2916 = CARTESIAN_POINT('',(-4.633455104266,-5.542820334177,
    8.520678431989));
#2917 = CARTESIAN_POINT('',(-4.171836539867,-5.919657553076,
    8.560021902699));
#2918 = CARTESIAN_POINT('',(-3.675404187094,-6.252327541759,
    8.599359409373));
#2919 = CARTESIAN_POINT('',(-3.149148124111,-6.537149834932,
    8.638691521906));
#2920 = CARTESIAN_POINT('',(-2.598409201515,-6.771149481064,
    8.678023487567));
#2921 = CARTESIAN_POINT('',(-2.028842663715,-6.952004288225,
    8.717360640798));
#2922 = CARTESIAN_POINT('',(-1.446436767316,-7.078105977122,
    8.756703761827));
#2923 = CARTESIAN_POINT('',(-0.564228198754,-7.183935518962,
    8.81562629219));
#2924 = CARTESIAN_POINT('',(-0.269238309617,-7.205368663032,
    8.835218350638));
#2925 = CARTESIAN_POINT('',(2.664663357548E-02,-7.212954450218,
    8.854810217524));
#2926 = CARTESIAN_POINT('',(0.322667457588,-7.206653155273,
    8.874401869378));
#2927 = CARTESIAN_POINT('',(0.618066912396,-7.186474459634,8.89399354105
    ));
#2928 = CARTESIAN_POINT('',(0.91208993453,-7.152476404891,8.913585468869
    ));
#2929 = CARTESIAN_POINT('',(1.20398399607,-7.104766397988,8.933177632743
    ));
#2930 = CARTESIAN_POINT('',(1.956981815848,-6.945154739471,
    8.984222054251));
#2931 = CARTESIAN_POINT('',(2.413619180349,-6.811861912635,
    9.015678773852));
#2932 = CARTESIAN_POINT('',(2.85975167328,-6.644280152303,9.047133984412
    ));
#2933 = CARTESIAN_POINT('',(3.292381857192,-6.443403109849,
    9.078587244214));
#2934 = CARTESIAN_POINT('',(3.708655899358,-6.210516063512,
    9.110040632726));
#2935 = CARTESIAN_POINT('',(4.105860129219,-5.947178564271,
    9.141496115319));
#2936 = CARTESIAN_POINT('',(4.481433070611,-5.655237387465,
    9.172952981393));
#2937 = CARTESIAN_POINT('',(5.201161996223,-5.003461166706,
    9.237343673038));
#2938 = CARTESIAN_POINT('',(5.543101234699,-4.640974261936,9.27028635488
    ));
#2939 = CARTESIAN_POINT('',(5.856042520184,-4.251889112975,
    9.303226108242));
#2940 = CARTESIAN_POINT('',(6.137598681937,-3.838939088867,9.33616221372
    ));
#2941 = CARTESIAN_POINT('',(6.385710097751,-3.40507000964,9.369097721796
    ));
#2942 = CARTESIAN_POINT('',(6.598629154204,-2.953422912669,
    9.402036214054));
#2943 = CARTESIAN_POINT('',(6.77494259191,-2.487340466336,9.43497812952)
  );
#2944 = CARTESIAN_POINT('',(6.983470718964,-1.770225063367,
    9.484503341564));
#2945 = CARTESIAN_POINT('',(7.043775004159,-1.527278018503,
    9.501090591787));
#2946 = CARTESIAN_POINT('',(7.094415366872,-1.282000983715,
    9.517678195632));
#2947 = CARTESIAN_POINT('',(7.135287883353,-1.034843042708,
    9.534266128406));
#2948 = CARTESIAN_POINT('',(7.166313946182,-0.786257100307,
    9.550854376926));
#2949 = CARTESIAN_POINT('',(7.187440279879,-0.536699707197,
    9.567442764582));
#2950 = CARTESIAN_POINT('',(7.198638956516,-0.286630884667,
    9.584030776396));
#2951 = CARTESIAN_POINT('',(7.199907411315,-3.651394934558E-02,
    9.600617384084));
#2952 = PCURVE('',#1416,#2953);
#2953 = DEFINITIONAL_REPRESENTATION('',(#2954),#3048);
#2954 = B_SPLINE_CURVE_WITH_KNOTS('',8,(#2955,#2956,#2957,#2958,#2959,
    #2960,#2961,#2962,#2963,#2964,#2965,#2966,#2967,#2968,#2969,#2970,
    #2971,#2972,#2973,#2974,#2975,#2976,#2977,#2978,#2979,#2980,#2981,
    #2982,#2983,#2984,#2985,#2986,#2987,#2988,#2989,#2990,#2991,#2992,
    #2993,#2994,#2995,#2996,#2997,#2998,#2999,#3000,#3001,#3002,#3003,
    #3004,#3005,#3006,#3007,#3008,#3009,#3010,#3011,#3012,#3013,#3014,
    #3015,#3016,#3017,#3018,#3019,#3020,#3021,#3022,#3023,#3024,#3025,
    #3026,#3027,#3028,#3029,#3030,#3031,#3032,#3033,#3034,#3035,#3036,
    #3037,#3038,#3039,#3040,#3041,#3042,#3043,#3044,#3045,#3046,#3047),
  .UNSPECIFIED.,.F.,.F.,(9,7,7,7,7,7,7,7,7,7,7,7,7,9),(0.,
    4.501841553245E-02,0.131187919927,0.146228836792,0.268199422957,
    0.374384323117,0.491078172376,0.50096368777,0.626588089633,
    0.731567598221,0.783860646109,0.867811312351,0.955728161635,1.),
  .UNSPECIFIED.);
#2955 = CARTESIAN_POINT('',(0.,6.603038789979));
#2956 = CARTESIAN_POINT('',(3.532475185858E-02,6.61990496501));
#2957 = CARTESIAN_POINT('',(7.064989620837E-02,6.636770172743));
#2958 = CARTESIAN_POINT('',(0.105974885492,6.653634960389));
#2959 = CARTESIAN_POINT('',(0.141299668131,6.670499784733));
#2960 = CARTESIAN_POINT('',(0.176624442685,6.687364973884));
#2961 = CARTESIAN_POINT('',(0.211949412003,6.704230689015));
#2962 = CARTESIAN_POINT('',(0.247274537384,6.721096886112));
#2963 = CARTESIAN_POINT('',(0.350214214861,6.770247146185));
#2964 = CARTESIAN_POINT('',(0.417838543445,6.80253685991));
#2965 = CARTESIAN_POINT('',(0.485458674375,6.834825451712));
#2966 = CARTESIAN_POINT('',(0.553073567144,6.867111564965));
#2967 = CARTESIAN_POINT('',(0.620688467811,6.899397066973));
#2968 = CARTESIAN_POINT('',(0.688308623716,6.931684301096));
#2969 = CARTESIAN_POINT('',(0.75593298996,6.963972977629));
#2970 = CARTESIAN_POINT('',(0.835350138454,7.001891838978));
#2971 = CARTESIAN_POINT('',(0.84715235368,7.007526963373));
#2972 = CARTESIAN_POINT('',(0.858954572436,7.013162077237));
#2973 = CARTESIAN_POINT('',(0.870756793718,7.018797181153));
#2974 = CARTESIAN_POINT('',(0.882559016406,7.024432275677));
#2975 = CARTESIAN_POINT('',(0.894361239257,7.030067361339));
#2976 = CARTESIAN_POINT('',(0.90616346091,7.035702438643));
#2977 = CARTESIAN_POINT('',(1.013672848494,7.087033706435));
#2978 = CARTESIAN_POINT('',(1.109433698562,7.132755100699));
#2979 = CARTESIAN_POINT('',(1.205165349536,7.178462721787));
#2980 = CARTESIAN_POINT('',(1.300874948814,7.224160581018));
#2981 = CARTESIAN_POINT('',(1.396584540518,7.269859017768));
#2982 = CARTESIAN_POINT('',(1.492316171106,7.315568024277));
#2983 = CARTESIAN_POINT('',(1.588076994028,7.361290697446));
#2984 = CARTESIAN_POINT('',(1.767104723223,7.446769907123));
#2985 = CARTESIAN_POINT('',(1.850452155631,7.486564982784));
#2986 = CARTESIAN_POINT('',(1.933785717685,7.526353087845));
#2987 = CARTESIAN_POINT('',(2.017107168962,7.566135130841));
#2988 = CARTESIAN_POINT('',(2.100428616213,7.605917136746));
#2989 = CARTESIAN_POINT('',(2.183762179219,7.645705175166));
#2990 = CARTESIAN_POINT('',(2.267109631061,7.685500258931));
#2991 = CARTESIAN_POINT('',(2.441996788579,7.769002853287));
#2992 = CARTESIAN_POINT('',(2.533606490584,7.81274387894));
#2993 = CARTESIAN_POINT('',(2.625193091079,7.856474474982));
#2994 = CARTESIAN_POINT('',(2.716761505481,7.900196854851));
#2995 = CARTESIAN_POINT('',(2.808329919827,7.94391933009));
#2996 = CARTESIAN_POINT('',(2.899916517647,7.987650165097));
#2997 = CARTESIAN_POINT('',(2.991526221769,8.03139147353));
#2998 = CARTESIAN_POINT('',(3.090849761504,8.078815283572));
#2999 = CARTESIAN_POINT('',(3.098606662293,8.082518950974));
#3000 = CARTESIAN_POINT('',(3.106363563105,8.086222613994));
#3001 = CARTESIAN_POINT('',(3.114120467315,8.089926274226));
#3002 = CARTESIAN_POINT('',(3.121877375274,8.093629931826));
#3003 = CARTESIAN_POINT('',(3.129634284305,8.097333585516));
#3004 = CARTESIAN_POINT('',(3.137391188708,8.101037232584));
#3005 = CARTESIAN_POINT('',(3.243722080111,8.151806406289));
#3006 = CARTESIAN_POINT('',(3.342358229646,8.198900908053));
#3007 = CARTESIAN_POINT('',(3.440960260881,8.245978449756));
#3008 = CARTESIAN_POINT('',(3.53953726835,8.293043664036));
#3009 = CARTESIAN_POINT('',(3.638114276669,8.340109038392));
#3010 = CARTESIAN_POINT('',(3.736716288602,8.387186929388));
#3011 = CARTESIAN_POINT('',(3.835352449461,8.434281774099));
#3012 = CARTESIAN_POINT('',(4.016300953898,8.520678431989));
#3013 = CARTESIAN_POINT('',(4.098700869528,8.560021902699));
#3014 = CARTESIAN_POINT('',(4.181087708393,8.599359409373));
#3015 = CARTESIAN_POINT('',(4.263463047049,8.638691521906));
#3016 = CARTESIAN_POINT('',(4.345838386398,8.678023487567));
#3017 = CARTESIAN_POINT('',(4.428225236543,8.717360640798));
#3018 = CARTESIAN_POINT('',(4.510625183968,8.756703761827));
#3019 = CARTESIAN_POINT('',(4.634032619975,8.81562629219));
#3020 = CARTESIAN_POINT('',(4.675066341845,8.835218350638));
#3021 = CARTESIAN_POINT('',(4.71609971652,8.854810217524));
#3022 = CARTESIAN_POINT('',(4.757132649237,8.874401869378));
#3023 = CARTESIAN_POINT('',(4.79816557806,8.89399354105));
#3024 = CARTESIAN_POINT('',(4.839198943805,8.913585468869));
#3025 = CARTESIAN_POINT('',(4.880232659428,8.933177632743));
#3026 = CARTESIAN_POINT('',(4.987139362556,8.984222054251));
#3027 = CARTESIAN_POINT('',(5.053021426711,9.015678773852));
#3028 = CARTESIAN_POINT('',(5.1188997969,9.047133984412));
#3029 = CARTESIAN_POINT('',(5.184773554841,9.078587244214));
#3030 = CARTESIAN_POINT('',(5.250647311725,9.110040632726));
#3031 = CARTESIAN_POINT('',(5.316525680664,9.141496115319));
#3032 = CARTESIAN_POINT('',(5.382407748288,9.172952981393));
#3033 = CARTESIAN_POINT('',(5.517267498274,9.237343673038));
#3034 = CARTESIAN_POINT('',(5.586263872185,9.27028635488));
#3035 = CARTESIAN_POINT('',(5.655255630097,9.303226108242));
#3036 = CARTESIAN_POINT('',(5.724241616321,9.33616221372));
#3037 = CARTESIAN_POINT('',(5.793227610319,9.369097721796));
#3038 = CARTESIAN_POINT('',(5.862219384999,9.402036214054));
#3039 = CARTESIAN_POINT('',(5.931215769574,9.43497812952));
#3040 = CARTESIAN_POINT('',(6.03494061787,9.484503341564));
#3041 = CARTESIAN_POINT('',(6.069679854655,9.501090591787));
#3042 = CARTESIAN_POINT('',(6.104418936269,9.517678195632));
#3043 = CARTESIAN_POINT('',(6.139157823201,9.534266128406));
#3044 = CARTESIAN_POINT('',(6.173896703667,9.550854376926));
#3045 = CARTESIAN_POINT('',(6.208635769761,9.567442764582));
#3046 = CARTESIAN_POINT('',(6.243374993622,9.584030776396));
#3047 = CARTESIAN_POINT('',(6.278113903587,9.600617384084));
#3048 = ( GEOMETRIC_REPRESENTATION_CONTEXT(2) 
PARAMETRIC_REPRESENTATION_CONTEXT() REPRESENTATION_CONTEXT('2D SPACE',''
  ) );
#3049 = PCURVE('',#1369,#3050);
#3050 = DEFINITIONAL_REPRESENTATION('',(#3051),#3145);
#3051 = B_SPLINE_CURVE_WITH_KNOTS('',8,(#3052,#3053,#3054,#3055,#3056,
    #3057,#3058,#3059,#3060,#3061,#3062,#3063,#3064,#3065,#3066,#3067,
    #3068,#3069,#3070,#3071,#3072,#3073,#3074,#3075,#3076,#3077,#3078,
    #3079,#3080,#3081,#3082,#3083,#3084,#3085,#3086,#3087,#3088,#3089,
    #3090,#3091,#3092,#3093,#3094,#3095,#3096,#3097,#3098,#3099,#3100,
    #3101,#3102,#3103,#3104,#3105,#3106,#3107,#3108,#3109,#3110,#3111,
    #3112,#3113,#3114,#3115,#3116,#3117,#3118,#3119,#3120,#3121,#3122,
    #3123,#3124,#3125,#3126,#3127,#3128,#3129,#3130,#3131,#3132,#3133,
    #3134,#3135,#3136,#3137,#3138,#3139,#3140,#3141,#3142,#3143,#3144),
  .UNSPECIFIED.,.F.,.F.,(9,7,7,7,7,7,7,7,7,7,7,7,7,9),(0.,
    4.501841553245E-02,0.131187919927,0.146228836792,0.268199422957,
    0.374384323117,0.491078172376,0.50096368777,0.626588089633,
    0.731567598221,0.783860646109,0.867811312351,0.955728161635,1.),
  .UNSPECIFIED.);
#3052 = CARTESIAN_POINT('',(-1.069346527947E-04,5.619821940314E-03));
#3053 = CARTESIAN_POINT('',(-1.072435132628E-04,4.476457283903E-02));
#3054 = CARTESIAN_POINT('',(-1.099090008482E-04,8.390980748817E-02));
#3055 = CARTESIAN_POINT('',(-1.133124293688E-04,0.123054921624));
#3056 = CARTESIAN_POINT('',(-1.164751178709E-04,0.162199842179));
#3057 = CARTESIAN_POINT('',(-1.189071999997E-04,0.20134476344));
#3058 = CARTESIAN_POINT('',(-1.2045643337E-04,0.24048988319));
#3059 = CARTESIAN_POINT('',(-1.211570089365E-04,0.279635138868));
#3060 = CARTESIAN_POINT('',(-1.209278195588E-04,0.393706801838));
#3061 = CARTESIAN_POINT('',(-1.179312650044E-04,0.468643930721));
#3062 = CARTESIAN_POINT('',(-1.129700665152E-04,0.543576180894));
#3063 = CARTESIAN_POINT('',(-1.078235452799E-04,0.618502464065));
#3064 = CARTESIAN_POINT('',(-1.038739006317E-04,0.69342871447));
#3065 = CARTESIAN_POINT('',(-1.015461365239E-04,0.768360862879));
#3066 = CARTESIAN_POINT('',(-1.004829877115E-04,0.843297823245));
#3067 = CARTESIAN_POINT('',(-1.004499334306E-04,0.931302968025));
#3068 = CARTESIAN_POINT('',(-1.004757307521E-04,0.944381453742));
#3069 = CARTESIAN_POINT('',(-1.005302465726E-04,0.957459948272));
#3070 = CARTESIAN_POINT('',(-1.006113922159E-04,0.970538450548));
#3071 = CARTESIAN_POINT('',(-1.007169813604E-04,0.983616959329));
#3072 = CARTESIAN_POINT('',(-1.008447300391E-04,0.9966954732));
#3073 = CARTESIAN_POINT('',(-1.009922566399E-04,1.009773990574));
#3074 = CARTESIAN_POINT('',(-1.024936915273E-04,1.128909517855));
#3075 = CARTESIAN_POINT('',(-1.049700229536E-04,1.235026322385));
#3076 = CARTESIAN_POINT('',(-1.073236590349E-04,1.341111018943));
#3077 = CARTESIAN_POINT('',(-1.081618635586E-04,1.447171304665));
#3078 = CARTESIAN_POINT('',(-1.076189212035E-04,1.553231331523));
#3079 = CARTESIAN_POINT('',(-1.067043051767E-04,1.659315459172));
#3080 = CARTESIAN_POINT('',(-1.060972280746E-04,1.765431661621));
#3081 = CARTESIAN_POINT('',(-1.060849626494E-04,1.963818762097));
#3082 = CARTESIAN_POINT('',(-1.065336640484E-04,2.05617893575));
#3083 = CARTESIAN_POINT('',(-1.076242565688E-04,2.14852367471));
#3084 = CARTESIAN_POINT('',(-1.093059646613E-04,2.240855028788));
#3085 = CARTESIAN_POINT('',(-1.111601696192E-04,2.333186496516));
#3086 = CARTESIAN_POINT('',(-1.126488354065E-04,2.425531541739));
#3087 = CARTESIAN_POINT('',(-1.134224339139E-04,2.5178921104));
#3088 = CARTESIAN_POINT('',(-1.133099775795E-04,2.711691604972));
#3089 = CARTESIAN_POINT('',(-1.122519873103E-04,2.813208116289));
#3090 = CARTESIAN_POINT('',(-1.100463716968E-04,2.914699092882));
#3091 = CARTESIAN_POINT('',(-1.068894164069E-04,3.016169899156));
#3092 = CARTESIAN_POINT('',(-1.034590288065E-04,3.11764061017));
#3093 = CARTESIAN_POINT('',(-1.005831944241E-04,3.219131365326));
#3094 = CARTESIAN_POINT('',(-9.8766053549E-05,3.320647653924));
#3095 = CARTESIAN_POINT('',(-9.809266021606E-05,3.430711916649));
#3096 = CARTESIAN_POINT('',(-9.804865149188E-05,3.439307638772));
#3097 = CARTESIAN_POINT('',(-9.801330817269E-05,3.447903360761));
#3098 = CARTESIAN_POINT('',(-9.798669467491E-05,3.456499086386));
#3099 = CARTESIAN_POINT('',(-9.796885595004E-05,3.465094816063));
#3100 = CARTESIAN_POINT('',(-9.795981748465E-05,3.473690546855));
#3101 = CARTESIAN_POINT('',(-9.795958530038E-05,3.482286272475));
#3102 = CARTESIAN_POINT('',(-9.807693410945E-05,3.600115643369));
#3103 = CARTESIAN_POINT('',(-9.960615656446E-05,3.709418171012));
#3104 = CARTESIAN_POINT('',(-1.025275988568E-04,3.81868294841));
#3105 = CARTESIAN_POINT('',(-1.063111412924E-04,3.927920113553));
#3106 = CARTESIAN_POINT('',(-1.09885816395E-04,4.037157408353));
#3107 = CARTESIAN_POINT('',(-1.123329814293E-04,4.146422447262));
#3108 = CARTESIAN_POINT('',(-1.134215293396E-04,4.255725260589));
#3109 = CARTESIAN_POINT('',(-1.133260189471E-04,4.45624155324));
#3110 = CARTESIAN_POINT('',(-1.124862131461E-04,4.547552113368));
#3111 = CARTESIAN_POINT('',(-1.109777098078E-04,4.638848057391));
#3112 = CARTESIAN_POINT('',(-1.091513878731E-04,4.730131114249));
#3113 = CARTESIAN_POINT('',(-1.075229769024E-04,4.821414059396));
#3114 = CARTESIAN_POINT('',(-1.064828542139E-04,4.912709725458));
#3115 = CARTESIAN_POINT('',(-1.06068156507E-04,5.004019966248));
#3116 = CARTESIAN_POINT('',(-1.061028633804E-04,5.140772215918));
#3117 = CARTESIAN_POINT('',(-1.062229344369E-04,5.186243200559));
#3118 = CARTESIAN_POINT('',(-1.064285843291E-04,5.231713839698));
#3119 = CARTESIAN_POINT('',(-1.066818002486E-04,5.27718403485));
#3120 = CARTESIAN_POINT('',(-1.069341863179E-04,5.322654275034));
#3121 = CARTESIAN_POINT('',(-1.071337575819E-04,5.368125048554));
#3122 = CARTESIAN_POINT('',(-1.072338504548E-04,5.413596254741));
#3123 = CARTESIAN_POINT('',(-1.071564682442E-04,5.532064217685));
#3124 = CARTESIAN_POINT('',(-1.067720981494E-04,5.605071090573));
#3125 = CARTESIAN_POINT('',(-1.059333273335E-04,5.678073935005));
#3126 = CARTESIAN_POINT('',(-1.045948293415E-04,5.751071673327));
#3127 = CARTESIAN_POINT('',(-1.029383689549E-04,5.824069342201));
#3128 = CARTESIAN_POINT('',(-1.013818094555E-04,5.897071986864));
#3129 = CARTESIAN_POINT('',(-1.004424214667E-04,5.970078557043));
#3130 = CARTESIAN_POINT('',(-1.004671356038E-04,6.119521749393));
#3131 = CARTESIAN_POINT('',(-1.015555424454E-04,6.195979069851));
#3132 = CARTESIAN_POINT('',(-1.039535477168E-04,6.272431110033));
#3133 = CARTESIAN_POINT('',(-1.080613477003E-04,6.348876663678));
#3134 = CARTESIAN_POINT('',(-1.134073352815E-04,6.425322264516));
#3135 = CARTESIAN_POINT('',(-1.184597317762E-04,6.501774451339));
#3136 = CARTESIAN_POINT('',(-1.212880164429E-04,6.578232007729));
#3137 = CARTESIAN_POINT('',(-1.20966459903E-04,6.693173782833));
#3138 = CARTESIAN_POINT('',(-1.200865605056E-04,6.731669805849));
#3139 = CARTESIAN_POINT('',(-1.183838956373E-04,6.770165696902));
#3140 = CARTESIAN_POINT('',(-1.158531144656E-04,6.808661392485));
#3141 = CARTESIAN_POINT('',(-1.126767217433E-04,6.847157073326));
#3142 = CARTESIAN_POINT('',(-1.093677243743E-04,6.885652923542));
#3143 = CARTESIAN_POINT('',(-1.069122779794E-04,6.9241488898));
#3144 = CARTESIAN_POINT('',(-1.069123334631E-04,6.962644440466));
#3145 = ( GEOMETRIC_REPRESENTATION_CONTEXT(2) 
PARAMETRIC_REPRESENTATION_CONTEXT() REPRESENTATION_CONTEXT('2D SPACE',''
  ) );
#3146 = ORIENTED_EDGE('',*,*,#3147,.T.);
#3147 = EDGE_CURVE('',#2855,#3148,#3150,.T.);
#3148 = VERTEX_POINT('',#3149);
#3149 = CARTESIAN_POINT('',(7.2,-1.763491390772E-15,9.603038789979));
#3150 = SURFACE_CURVE('',#3151,(#3154,#3160),.PCURVE_S1.);
#3151 = B_SPLINE_CURVE_WITH_KNOTS('',1,(#3152,#3153),.UNSPECIFIED.,.F.,
  .F.,(2,2),(0.,1.),.PIECEWISE_BEZIER_KNOTS.);
#3152 = CARTESIAN_POINT('',(7.199907411315,-3.65139493498E-02,
    9.600617384148));
#3153 = CARTESIAN_POINT('',(7.2,-3.989863994747E-15,9.603038789979));
#3154 = PCURVE('',#1416,#3155);
#3155 = DEFINITIONAL_REPRESENTATION('',(#3156),#3159);
#3156 = B_SPLINE_CURVE_WITH_KNOTS('',1,(#3157,#3158),.UNSPECIFIED.,.F.,
  .F.,(2,2),(0.,1.),.PIECEWISE_BEZIER_KNOTS.);
#3157 = CARTESIAN_POINT('',(6.278113903587,9.600617384148));
#3158 = CARTESIAN_POINT('',(6.28318530718,9.603038789979));
#3159 = ( GEOMETRIC_REPRESENTATION_CONTEXT(2) 
PARAMETRIC_REPRESENTATION_CONTEXT() REPRESENTATION_CONTEXT('2D SPACE',''
  ) );
#3160 = PCURVE('',#3161,#3186);
#3161 = B_SPLINE_SURFACE_WITH_KNOTS('',1,11,(
    (#3162,#3163,#3164,#3165,#3166,#3167,#3168,#3169,#3170,#3171,#3172
      ,#3173)
    ,(#3174,#3175,#3176,#3177,#3178,#3179,#3180,#3181,#3182,#3183,#3184
      ,#3185
    )),.UNSPECIFIED.,.F.,.F.,.F.,(2,2),(12,12),(-0.923760430703,-0.),(0.
    ,6.962644440466),.PIECEWISE_BEZIER_KNOTS.);
#3162 = CARTESIAN_POINT('',(6.4,-5.955230308068E-03,9.139802757374));
#3163 = CARTESIAN_POINT('',(6.403401619728,3.64971621172,9.412530030634)
  );
#3164 = CARTESIAN_POINT('',(4.110371080711,7.307441719173,9.685257301333
    ));
#3165 = CARTESIAN_POINT('',(-0.485346996978,9.364611752705,
    9.957984579347));
#3166 = CARTESIAN_POINT('',(-6.103131187696,8.210954798765,
    10.230711842089));
#3167 = CARTESIAN_POINT('',(-10.29558801209,3.393442234503,
    10.503439129143));
#3168 = CARTESIAN_POINT('',(-10.30188541596,-3.374276187925,
    10.776166385669));
#3169 = CARTESIAN_POINT('',(-6.118401263379,-8.199582604925,
    11.048893673036));
#3170 = CARTESIAN_POINT('',(-0.502773776253,-9.363692301643,
    11.321620935372));
#3171 = CARTESIAN_POINT('',(4.096764757658,-7.315078497949,
    11.594348213676));
#3172 = CARTESIAN_POINT('',(6.396598380282,-3.661626672345,
    11.867075484246));
#3173 = CARTESIAN_POINT('',(6.400000000019,-5.955230319312E-03,
    12.13980275754));
#3174 = CARTESIAN_POINT('',(7.2,-3.651748649871E-02,9.600670723097));
#3175 = CARTESIAN_POINT('',(7.220858740308,4.076112896414,9.873397995827
    ));
#3176 = CARTESIAN_POINT('',(4.658230911926,8.201753191663,
    10.146125268542));
#3177 = CARTESIAN_POINT('',(-0.502387409243,10.537490238863,
    10.418852541301));
#3178 = CARTESIAN_POINT('',(-6.827793932897,9.265794117343,
    10.691579813975));
#3179 = CARTESIAN_POINT('',(-11.56677095593,3.865605192885,
    10.964307086761));
#3180 = CARTESIAN_POINT('',(-11.60538665141,-3.74807894957,
    11.237034359449));
#3181 = CARTESIAN_POINT('',(-6.921430073501,-9.196059797454,
    11.509761632185));
#3182 = CARTESIAN_POINT('',(-0.609248461329,-10.53185216285,
    11.782488904923));
#3183 = CARTESIAN_POINT('',(4.574796906471,-8.248581937299,
    12.055216177638));
#3184 = CARTESIAN_POINT('',(7.179141259784,-4.14914786941,
    12.327943450371));
#3185 = CARTESIAN_POINT('',(7.200000000115,-3.651748649884E-02,
    12.600670723097));
#3186 = DEFINITIONAL_REPRESENTATION('',(#3187),#3190);
#3187 = B_SPLINE_CURVE_WITH_KNOTS('',1,(#3188,#3189),.UNSPECIFIED.,.F.,
  .F.,(2,2),(0.,1.),.PIECEWISE_BEZIER_KNOTS.);
#3188 = CARTESIAN_POINT('',(-1.069122048921E-04,0.));
#3189 = CARTESIAN_POINT('',(-1.06939853318E-04,5.619822174991E-03));
#3190 = ( GEOMETRIC_REPRESENTATION_CONTEXT(2) 
PARAMETRIC_REPRESENTATION_CONTEXT() REPRESENTATION_CONTEXT('2D SPACE',''
  ) );
#3191 = ORIENTED_EDGE('',*,*,#3192,.T.);
#3192 = EDGE_CURVE('',#3148,#3193,#3195,.T.);
#3193 = VERTEX_POINT('',#3194);
#3194 = CARTESIAN_POINT('',(7.2,-1.763491390772E-15,9.996956719489));
#3195 = SURFACE_CURVE('',#3196,(#3200,#3207),.PCURVE_S1.);
#3196 = LINE('',#3197,#3198);
#3197 = CARTESIAN_POINT('',(7.2,-1.763491390772E-15,0.));
#3198 = VECTOR('',#3199,1.);
#3199 = DIRECTION('',(0.,0.,1.));
#3200 = PCURVE('',#1416,#3201);
#3201 = DEFINITIONAL_REPRESENTATION('',(#3202),#3206);
#3202 = LINE('',#3203,#3204);
#3203 = CARTESIAN_POINT('',(6.28318530718,-0.));
#3204 = VECTOR('',#3205,1.);
#3205 = DIRECTION('',(0.,1.));
#3206 = ( GEOMETRIC_REPRESENTATION_CONTEXT(2) 
PARAMETRIC_REPRESENTATION_CONTEXT() REPRESENTATION_CONTEXT('2D SPACE',''
  ) );
#3207 = PCURVE('',#3208,#3213);
#3208 = CYLINDRICAL_SURFACE('',#3209,7.2);
#3209 = AXIS2_PLACEMENT_3D('',#3210,#3211,#3212);
#3210 = CARTESIAN_POINT('',(0.,0.,0.));
#3211 = DIRECTION('',(0.,0.,1.));
#3212 = DIRECTION('',(1.,0.,0.));
#3213 = DEFINITIONAL_REPRESENTATION('',(#3214),#3218);
#3214 = LINE('',#3215,#3216);
#3215 = CARTESIAN_POINT('',(0.,-0.));
#3216 = VECTOR('',#3217,1.);
#3217 = DIRECTION('',(0.,1.));
#3218 = ( GEOMETRIC_REPRESENTATION_CONTEXT(2) 
PARAMETRIC_REPRESENTATION_CONTEXT() REPRESENTATION_CONTEXT('2D SPACE',''
  ) );
#3219 = ORIENTED_EDGE('',*,*,#3220,.F.);
#3220 = EDGE_CURVE('',#2560,#3193,#3221,.T.);
#3221 = SURFACE_CURVE('',#3222,(#3267,#3315),.PCURVE_S1.);
#3222 = B_SPLINE_CURVE_WITH_KNOTS('',8,(#3223,#3224,#3225,#3226,#3227,
    #3228,#3229,#3230,#3231,#3232,#3233,#3234,#3235,#3236,#3237,#3238,
    #3239,#3240,#3241,#3242,#3243,#3244,#3245,#3246,#3247,#3248,#3249,
    #3250,#3251,#3252,#3253,#3254,#3255,#3256,#3257,#3258,#3259,#3260,
    #3261,#3262,#3263,#3264,#3265,#3266),.UNSPECIFIED.,.F.,.F.,(9,7,7,7,
    7,7,9),(0.,8.949488283241E-02,0.266700523648,0.435428770685,
    0.540667877248,0.751191209575,1.),.UNSPECIFIED.);
#3223 = CARTESIAN_POINT('',(-7.199907411315,-3.651394934981E-02,
    8.499382615852));
#3224 = CARTESIAN_POINT('',(-7.198626345617,-0.289117531728,
    8.516134126564));
#3225 = CARTESIAN_POINT('',(-7.187216618073,-0.541672146683,
    8.532887076384));
#3226 = CARTESIAN_POINT('',(-7.165680872161,-0.793700419942,
    8.549640399797));
#3227 = CARTESIAN_POINT('',(-7.134048141955,-1.044728451887,
    8.566393567839));
#3228 = CARTESIAN_POINT('',(-7.092373830168,-1.294286002103,
    8.583146404656));
#3229 = CARTESIAN_POINT('',(-7.040739686209,-1.541906673939,
    8.599898904082));
#3230 = CARTESIAN_POINT('',(-6.97925378423,-1.787128099057,
    8.616651046202));
#3231 = CARTESIAN_POINT('',(-6.767063407807,-2.509388520921,
    8.666571798562));
#3232 = CARTESIAN_POINT('',(-6.587953361398,-2.978167005495,
    8.699744503048));
#3233 = CARTESIAN_POINT('',(-6.37177065843,-3.432179198639,
    8.732913726916));
#3234 = CARTESIAN_POINT('',(-6.119971165219,-3.868016771936,
    8.766079909409));
#3235 = CARTESIAN_POINT('',(-5.834353441761,-4.282480163052,
    8.799246732091));
#3236 = CARTESIAN_POINT('',(-5.517035491956,-4.672571885905,
    8.832417338073));
#3237 = CARTESIAN_POINT('',(-5.170471140188,-5.035514433595,
    8.865590967843));
#3238 = CARTESIAN_POINT('',(-4.442383317904,-5.68612731211,
    8.930342271731));
#3239 = CARTESIAN_POINT('',(-4.063225429559,-5.976657422818,
    8.961929101634));
#3240 = CARTESIAN_POINT('',(-3.662458785791,-6.238194115237,
    8.993514497576));
#3241 = CARTESIAN_POINT('',(-3.242690159503,-6.468886077515,
    9.025097734011));
#3242 = CARTESIAN_POINT('',(-2.806678786417,-6.667175142167,
    9.056680823278));
#3243 = CARTESIAN_POINT('',(-2.357324123317,-6.831782916166,
    9.088265898309));
#3244 = CARTESIAN_POINT('',(-1.897669258076,-6.961728575879,
    9.119852518445));
#3245 = CARTESIAN_POINT('',(-1.139799315781,-7.115412415211,
    9.171133446229));
#3246 = CARTESIAN_POINT('',(-0.845889317963,-7.160721802634,
    9.190832307882));
#3247 = CARTESIAN_POINT('',(-0.549953359111,-7.192150201922,
    9.210530932809));
#3248 = CARTESIAN_POINT('',(-0.252757349317,-7.209595467818,
    9.230229299228));
#3249 = CARTESIAN_POINT('',(4.493071587098E-02,-7.213005928363,
    9.249927649474));
#3250 = CARTESIAN_POINT('',(0.342341112167,-7.202379337318,
    9.269626225453));
#3251 = CARTESIAN_POINT('',(0.638702656435,-7.177763947658,
    9.289325004168));
#3252 = CARTESIAN_POINT('',(1.522449634697,-7.062240716021,9.34842873697
    ));
#3253 = CARTESIAN_POINT('',(2.10457464555,-6.929620883109,9.387846462944
    ));
#3254 = CARTESIAN_POINT('',(2.673218087137,-6.742181194812,
    9.427258171233));
#3255 = CARTESIAN_POINT('',(3.222375257481,-6.501604675533,
    9.466664636375));
#3256 = CARTESIAN_POINT('',(3.746385091433,-6.210289902598,
    9.506071225345));
#3257 = CARTESIAN_POINT('',(4.239910630879,-5.871289274668,
    9.545483233126));
#3258 = CARTESIAN_POINT('',(4.697976234487,-5.488361877927,
    9.584901253461));
#3259 = CARTESIAN_POINT('',(5.610233236155,-4.567109036392,9.67087827975
    ));
#3260 = CARTESIAN_POINT('',(6.04905173138,-4.012702822704,9.717477541895
    ));
#3261 = CARTESIAN_POINT('',(6.424795681413,-3.410498198485,
    9.764060768937));
#3262 = CARTESIAN_POINT('',(6.731619181863,-2.769000666737,
    9.810632041112));
#3263 = CARTESIAN_POINT('',(6.964976667475,-2.097283410254,9.857203189)
  );
#3264 = CARTESIAN_POINT('',(7.121713883184,-1.404991951732,
    9.903786141398));
#3265 = CARTESIAN_POINT('',(7.2,-0.702283386998,9.950385163771));
#3266 = CARTESIAN_POINT('',(7.2,-1.7763568394E-15,9.996956719489));
#3267 = PCURVE('',#1416,#3268);
#3268 = DEFINITIONAL_REPRESENTATION('',(#3269),#3314);
#3269 = B_SPLINE_CURVE_WITH_KNOTS('',8,(#3270,#3271,#3272,#3273,#3274,
    #3275,#3276,#3277,#3278,#3279,#3280,#3281,#3282,#3283,#3284,#3285,
    #3286,#3287,#3288,#3289,#3290,#3291,#3292,#3293,#3294,#3295,#3296,
    #3297,#3298,#3299,#3300,#3301,#3302,#3303,#3304,#3305,#3306,#3307,
    #3308,#3309,#3310,#3311,#3312,#3313),.UNSPECIFIED.,.F.,.F.,(9,7,7,7,
    7,7,9),(0.,8.949488283241E-02,0.266700523648,0.435428770685,
    0.540667877248,0.751191209575,1.),.UNSPECIFIED.);
#3270 = CARTESIAN_POINT('',(3.146664057183,8.499382615852));
#3271 = CARTESIAN_POINT('',(3.181748339236,8.516134126564));
#3272 = CARTESIAN_POINT('',(3.216832956334,8.532887076384));
#3273 = CARTESIAN_POINT('',(3.251917408595,8.549640399797));
#3274 = CARTESIAN_POINT('',(3.287001664219,8.566393567839));
#3275 = CARTESIAN_POINT('',(3.322085924452,8.583146404656));
#3276 = CARTESIAN_POINT('',(3.357170388552,8.599898904082));
#3277 = CARTESIAN_POINT('',(3.392255018759,8.616651046202));
#3278 = CARTESIAN_POINT('',(3.496808455614,8.666571798562));
#3279 = CARTESIAN_POINT('',(3.566288346109,8.699744503048));
#3280 = CARTESIAN_POINT('',(3.635763470329,8.732913726916));
#3281 = CARTESIAN_POINT('',(3.705232616444,8.766079909409));
#3282 = CARTESIAN_POINT('',(3.774701762601,8.799246732091));
#3283 = CARTESIAN_POINT('',(3.844176912139,8.832417338073));
#3284 = CARTESIAN_POINT('',(3.913656868622,8.865590967843));
#3285 = CARTESIAN_POINT('',(4.04927168054,8.930342271731));
#3286 = CARTESIAN_POINT('',(4.115425861339,8.961929101634));
#3287 = CARTESIAN_POINT('',(4.181576273718,8.993514497576));
#3288 = CARTESIAN_POINT('',(4.247721979273,9.025097734011));
#3289 = CARTESIAN_POINT('',(4.313867683311,9.056680823278));
#3290 = CARTESIAN_POINT('',(4.380018093964,9.088265898309));
#3291 = CARTESIAN_POINT('',(4.446172277678,9.119852518445));
#3292 = CARTESIAN_POINT('',(4.553574398269,9.171133446229));
#3293 = CARTESIAN_POINT('',(4.594831609302,9.190832307882));
#3294 = CARTESIAN_POINT('',(4.636088463673,9.210530932809));
#3295 = CARTESIAN_POINT('',(4.677344868368,9.230229299228));
#3296 = CARTESIAN_POINT('',(4.718601275335,9.249927649474));
#3297 = CARTESIAN_POINT('',(4.759858137164,9.269626225453));
#3298 = CARTESIAN_POINT('',(4.801115360969,9.289325004168));
#3299 = CARTESIAN_POINT('',(4.924902247434,9.34842873697));
#3300 = CARTESIAN_POINT('',(5.007458382243,9.387846462944));
#3301 = CARTESIAN_POINT('',(5.090001306113,9.427258171233));
#3302 = CARTESIAN_POINT('',(5.172532621395,9.466664636375));
#3303 = CARTESIAN_POINT('',(5.25506393029,9.506071225345));
#3304 = CARTESIAN_POINT('',(5.33760684126,9.545483233126));
#3305 = CARTESIAN_POINT('',(5.420162968993,9.584901253461));
#3306 = CARTESIAN_POINT('',(5.600232809007,9.67087827975));
#3307 = CARTESIAN_POINT('',(5.697831139786,9.717477541895));
#3308 = CARTESIAN_POINT('',(5.795397205247,9.764060768937));
#3309 = CARTESIAN_POINT('',(5.892939366131,9.810632041112));
#3310 = CARTESIAN_POINT('',(5.99048153132,9.857203189));
#3311 = CARTESIAN_POINT('',(6.088047605184,9.903786141398));
#3312 = CARTESIAN_POINT('',(6.185645947874,9.950385163771));
#3313 = CARTESIAN_POINT('',(6.28318530718,9.996956719489));
#3314 = ( GEOMETRIC_REPRESENTATION_CONTEXT(2) 
PARAMETRIC_REPRESENTATION_CONTEXT() REPRESENTATION_CONTEXT('2D SPACE',''
  ) );
#3315 = PCURVE('',#2574,#3316);
#3316 = DEFINITIONAL_REPRESENTATION('',(#3317),#3362);
#3317 = B_SPLINE_CURVE_WITH_KNOTS('',8,(#3318,#3319,#3320,#3321,#3322,
    #3323,#3324,#3325,#3326,#3327,#3328,#3329,#3330,#3331,#3332,#3333,
    #3334,#3335,#3336,#3337,#3338,#3339,#3340,#3341,#3342,#3343,#3344,
    #3345,#3346,#3347,#3348,#3349,#3350,#3351,#3352,#3353,#3354,#3355,
    #3356,#3357,#3358,#3359,#3360,#3361),.UNSPECIFIED.,.F.,.F.,(9,7,7,7,
    7,7,9),(0.,8.949488283241E-02,0.266700523648,0.435428770685,
    0.540667877248,0.751191209575,1.),.UNSPECIFIED.);
#3318 = CARTESIAN_POINT('',(-0.923653518499,0.));
#3319 = CARTESIAN_POINT('',(-0.923653518555,3.88782710434E-02));
#3320 = CARTESIAN_POINT('',(-0.923651014457,7.775698252875E-02));
#3321 = CARTESIAN_POINT('',(-0.923647655408,0.116635571136));
#3322 = CARTESIAN_POINT('',(-0.923644451155,0.15551397838));
#3323 = CARTESIAN_POINT('',(-0.923641921167,0.194392397623));
#3324 = CARTESIAN_POINT('',(-0.923640243825,0.233271021096));
#3325 = CARTESIAN_POINT('',(-0.923639405595,0.272149786911));
#3326 = CARTESIAN_POINT('',(-0.923639240568,0.388009745454));
#3327 = CARTESIAN_POINT('',(-0.923642196541,0.465003083656));
#3328 = CARTESIAN_POINT('',(-0.923647339365,0.541990875907));
#3329 = CARTESIAN_POINT('',(-0.92365270357,0.618971865821));
#3330 = CARTESIAN_POINT('',(-0.923656757374,0.695952824229));
#3331 = CARTESIAN_POINT('',(-0.923659058835,0.772940534194));
#3332 = CARTESIAN_POINT('',(-0.923660047759,0.849933742231));
#3333 = CARTESIAN_POINT('',(-0.923659902557,1.000213676111));
#3334 = CARTESIAN_POINT('',(-0.923658897907,1.073521801368));
#3335 = CARTESIAN_POINT('',(-0.923657310083,1.146825923314));
#3336 = CARTESIAN_POINT('',(-0.923655659651,1.220124960808));
#3337 = CARTESIAN_POINT('',(-0.923654356654,1.29342405904));
#3338 = CARTESIAN_POINT('',(-0.92365356794,1.366728361477));
#3339 = CARTESIAN_POINT('',(-0.923653232221,1.440036774443));
#3340 = CARTESIAN_POINT('',(-0.923653217074,1.559053712484));
#3341 = CARTESIAN_POINT('',(-0.923653337306,1.60477257489));
#3342 = CARTESIAN_POINT('',(-0.923653550759,1.650490995825));
#3343 = CARTESIAN_POINT('',(-0.923653808878,1.69620886851));
#3344 = CARTESIAN_POINT('',(-0.923654058787,1.741926694156));
#3345 = CARTESIAN_POINT('',(-0.923654252348,1.787644978455));
#3346 = CARTESIAN_POINT('',(-0.923654352839,1.833363625515));
#3347 = CARTESIAN_POINT('',(-0.923654312154,1.970536337274));
#3348 = CARTESIAN_POINT('',(-0.923653828209,2.062019647118));
#3349 = CARTESIAN_POINT('',(-0.923652717341,2.153488264716));
#3350 = CARTESIAN_POINT('',(-0.923651043526,2.244944061755));
#3351 = CARTESIAN_POINT('',(-0.923649217677,2.336399970145));
#3352 = CARTESIAN_POINT('',(-0.923647759205,2.42786888034));
#3353 = CARTESIAN_POINT('',(-0.923647004718,2.519352560101));
#3354 = CARTESIAN_POINT('',(-0.923647130403,2.718895193664));
#3355 = CARTESIAN_POINT('',(-0.923648334309,2.827047950715));
#3356 = CARTESIAN_POINT('',(-0.923650842838,2.935165011356));
#3357 = CARTESIAN_POINT('',(-0.923654419712,3.043255540369));
#3358 = CARTESIAN_POINT('',(-0.923658109402,3.151345947425));
#3359 = CARTESIAN_POINT('',(-0.923660952474,3.259462735596));
#3360 = CARTESIAN_POINT('',(-0.92366240188,3.367615227901));
#3361 = CARTESIAN_POINT('',(-0.923662465172,3.475702362354));
#3362 = ( GEOMETRIC_REPRESENTATION_CONTEXT(2) 
PARAMETRIC_REPRESENTATION_CONTEXT() REPRESENTATION_CONTEXT('2D SPACE',''
  ) );
#3363 = ORIENTED_EDGE('',*,*,#2605,.F.);
#3364 = ORIENTED_EDGE('',*,*,#1400,.F.);
#3365 = ADVANCED_FACE('',(#3366),#1369,.F.);
#3366 = FACE_BOUND('',#3367,.F.);
#3367 = EDGE_LOOP('',(#3368,#3422,#3423,#3424,#3425));
#3368 = ORIENTED_EDGE('',*,*,#3369,.F.);
#3369 = EDGE_CURVE('',#1580,#3370,#3372,.T.);
#3370 = VERTEX_POINT('',#3371);
#3371 = CARTESIAN_POINT('',(6.400000000018,-5.955230318973E-03,
    9.139802757535));
#3372 = SURFACE_CURVE('',#3373,(#3386,#3393),.PCURVE_S1.);
#3373 = B_SPLINE_CURVE_WITH_KNOTS('',11,(#3374,#3375,#3376,#3377,#3378,
    #3379,#3380,#3381,#3382,#3383,#3384,#3385),.UNSPECIFIED.,.F.,.F.,(12
    ,12),(0.,6.962644440466),.PIECEWISE_BEZIER_KNOTS.);
#3374 = CARTESIAN_POINT('',(6.4,-5.955230308064E-03,6.139802757374));
#3375 = CARTESIAN_POINT('',(6.403401619729,3.649716211721,6.412530030636
    ));
#3376 = CARTESIAN_POINT('',(4.110371080711,7.307441719168,6.685257301338
    ));
#3377 = CARTESIAN_POINT('',(-0.485346996982,9.364611752727,
    6.957984579291));
#3378 = CARTESIAN_POINT('',(-6.103131187676,8.210954798711,
    7.230711842282));
#3379 = CARTESIAN_POINT('',(-10.29558801213,3.393442234594,
    7.503439128755));
#3380 = CARTESIAN_POINT('',(-10.3018854159,-3.374276188032,7.77616638619
    ));
#3381 = CARTESIAN_POINT('',(-6.118401263435,-8.199582604837,
    8.048893672552));
#3382 = CARTESIAN_POINT('',(-0.502773776217,-9.363692301694,
    8.321620935688));
#3383 = CARTESIAN_POINT('',(4.096764757642,-7.315078497929,
    8.594348213537));
#3384 = CARTESIAN_POINT('',(6.396598380286,-3.66162667235,8.867075484285
    ));
#3385 = CARTESIAN_POINT('',(6.400000000018,-5.955230318973E-03,
    9.139802757535));
#3386 = PCURVE('',#1369,#3387);
#3387 = DEFINITIONAL_REPRESENTATION('',(#3388),#3392);
#3388 = LINE('',#3389,#3390);
#3389 = CARTESIAN_POINT('',(-0.923760430703,0.));
#3390 = VECTOR('',#3391,1.);
#3391 = DIRECTION('',(0.,1.));
#3392 = ( GEOMETRIC_REPRESENTATION_CONTEXT(2) 
PARAMETRIC_REPRESENTATION_CONTEXT() REPRESENTATION_CONTEXT('2D SPACE',''
  ) );
#3393 = PCURVE('',#3394,#3417);
#3394 = B_SPLINE_SURFACE_WITH_KNOTS('',1,10,(
    (#3395,#3396,#3397,#3398,#3399,#3400,#3401,#3402,#3403,#3404,#3405)
    ,(#3406,#3407,#3408,#3409,#3410,#3411,#3412,#3413,#3414,#3415,#3416
    )),.UNSPECIFIED.,.F.,.F.,.F.,(2,2),(11,11),(-0.18,-0.),(0.,
    6.962644440466),.PIECEWISE_BEZIER_KNOTS.);
#3395 = CARTESIAN_POINT('',(6.4,5.955230308069E-03,5.960197242626));
#3396 = CARTESIAN_POINT('',(6.3962582183,4.027193816529,6.260197243214)
  );
#3397 = CARTESIAN_POINT('',(3.585763107034,8.049054802094,6.56019724121)
  );
#3398 = CARTESIAN_POINT('',(-2.035957182976,9.837420215075,
    6.860197245202));
#3399 = CARTESIAN_POINT('',(-8.45127766491,7.318707253042,7.16019724055)
  );
#3400 = CARTESIAN_POINT('',(-11.84396709041,-1.102086743368E-02,
    7.460197242802));
#3401 = CARTESIAN_POINT('',(-8.437642859664,-7.334422473586,
    7.760197244703));
#3402 = CARTESIAN_POINT('',(-2.017646139431,-9.841192112152,
    8.060197240311));
#3403 = CARTESIAN_POINT('',(3.600736250939,-8.042367730413,
    8.360197244163));
#3404 = CARTESIAN_POINT('',(6.403741781675,-4.015283355925,
    8.660197242212));
#3405 = CARTESIAN_POINT('',(6.399999999982,5.955230297139E-03,
    8.960197242787));
#3406 = CARTESIAN_POINT('',(6.4,-5.955230308064E-03,6.139802757374));
#3407 = CARTESIAN_POINT('',(6.403741781701,4.015283355924,6.439802757963
    ));
#3408 = CARTESIAN_POINT('',(3.600736250958,8.042367730436,6.739802755954
    ));
#3409 = CARTESIAN_POINT('',(-2.017646139408,9.841192112168,
    7.039802759959));
#3410 = CARTESIAN_POINT('',(-8.437642859695,7.334422473649,
    7.339802755283));
#3411 = CARTESIAN_POINT('',(-11.84396709042,1.102086742114E-02,
    7.639802757567));
#3412 = CARTESIAN_POINT('',(-8.451277664965,-7.318707253021,
    7.939802759437));
#3413 = CARTESIAN_POINT('',(-2.035957182987,-9.837420215115,
    8.239802755068));
#3414 = CARTESIAN_POINT('',(3.585763107026,-8.049054802117,
    8.539802758908));
#3415 = CARTESIAN_POINT('',(6.396258218313,-4.027193816553,8.83980275696
    ));
#3416 = CARTESIAN_POINT('',(6.400000000018,-5.955230318973E-03,
    9.139802757535));
#3417 = DEFINITIONAL_REPRESENTATION('',(#3418),#3421);
#3418 = B_SPLINE_CURVE_WITH_KNOTS('',1,(#3419,#3420),.UNSPECIFIED.,.F.,
  .F.,(2,2),(0.,6.962644440466),.PIECEWISE_BEZIER_KNOTS.);
#3419 = CARTESIAN_POINT('',(0.,0.));
#3420 = CARTESIAN_POINT('',(0.,6.962644440466));
#3421 = ( GEOMETRIC_REPRESENTATION_CONTEXT(2) 
PARAMETRIC_REPRESENTATION_CONTEXT() REPRESENTATION_CONTEXT('2D SPACE',''
  ) );
#3422 = ORIENTED_EDGE('',*,*,#1654,.T.);
#3423 = ORIENTED_EDGE('',*,*,#1355,.T.);
#3424 = ORIENTED_EDGE('',*,*,#2854,.T.);
#3425 = ORIENTED_EDGE('',*,*,#3426,.F.);
#3426 = EDGE_CURVE('',#3370,#2855,#3427,.T.);
#3427 = SURFACE_CURVE('',#3428,(#3431,#3438),.PCURVE_S1.);
#3428 = B_SPLINE_CURVE_WITH_KNOTS('',1,(#3429,#3430),.UNSPECIFIED.,.F.,
  .F.,(2,2),(-0.923760430703,-0.),.PIECEWISE_BEZIER_KNOTS.);
#3429 = CARTESIAN_POINT('',(6.400000000018,-5.955230318973E-03,
    9.139802757535));
#3430 = CARTESIAN_POINT('',(7.200000000111,-3.651748649865E-02,
    9.600670723097));
#3431 = PCURVE('',#1369,#3432);
#3432 = DEFINITIONAL_REPRESENTATION('',(#3433),#3437);
#3433 = LINE('',#3434,#3435);
#3434 = CARTESIAN_POINT('',(0.,6.962644440466));
#3435 = VECTOR('',#3436,1.);
#3436 = DIRECTION('',(1.,0.));
#3437 = ( GEOMETRIC_REPRESENTATION_CONTEXT(2) 
PARAMETRIC_REPRESENTATION_CONTEXT() REPRESENTATION_CONTEXT('2D SPACE',''
  ) );
#3438 = PCURVE('',#3161,#3439);
#3439 = DEFINITIONAL_REPRESENTATION('',(#3440),#3443);
#3440 = B_SPLINE_CURVE_WITH_KNOTS('',1,(#3441,#3442),.UNSPECIFIED.,.F.,
  .F.,(2,2),(-0.923760430703,-0.),.PIECEWISE_BEZIER_KNOTS.);
#3441 = CARTESIAN_POINT('',(-0.923760430703,0.));
#3442 = CARTESIAN_POINT('',(0.,0.));
#3443 = ( GEOMETRIC_REPRESENTATION_CONTEXT(2) 
PARAMETRIC_REPRESENTATION_CONTEXT() REPRESENTATION_CONTEXT('2D SPACE',''
  ) );
#3444 = ADVANCED_FACE('',(#3445),#1604,.F.);
#3445 = FACE_BOUND('',#3446,.F.);
#3446 = EDGE_LOOP('',(#3447,#3448,#3449,#3450));
#3447 = ORIENTED_EDGE('',*,*,#1864,.F.);
#3448 = ORIENTED_EDGE('',*,*,#1676,.T.);
#3449 = ORIENTED_EDGE('',*,*,#1577,.T.);
#3450 = ORIENTED_EDGE('',*,*,#3451,.F.);
#3451 = EDGE_CURVE('',#1865,#1580,#3452,.T.);
#3452 = SURFACE_CURVE('',#3453,(#3456,#3463),.PCURVE_S1.);
#3453 = B_SPLINE_CURVE_WITH_KNOTS('',1,(#3454,#3455),.UNSPECIFIED.,.F.,
  .F.,(2,2),(-0.18,-0.),.PIECEWISE_BEZIER_KNOTS.);
#3454 = CARTESIAN_POINT('',(6.399999999981,5.95523029686E-03,
    5.960197242792));
#3455 = CARTESIAN_POINT('',(6.400000000019,-5.955230319316E-03,
    6.13980275754));
#3456 = PCURVE('',#1604,#3457);
#3457 = DEFINITIONAL_REPRESENTATION('',(#3458),#3462);
#3458 = LINE('',#3459,#3460);
#3459 = CARTESIAN_POINT('',(0.,6.962644440466));
#3460 = VECTOR('',#3461,1.);
#3461 = DIRECTION('',(1.,0.));
#3462 = ( GEOMETRIC_REPRESENTATION_CONTEXT(2) 
PARAMETRIC_REPRESENTATION_CONTEXT() REPRESENTATION_CONTEXT('2D SPACE',''
  ) );
#3463 = PCURVE('',#3394,#3464);
#3464 = DEFINITIONAL_REPRESENTATION('',(#3465),#3468);
#3465 = B_SPLINE_CURVE_WITH_KNOTS('',1,(#3466,#3467),.UNSPECIFIED.,.F.,
  .F.,(2,2),(-0.18,-0.),.PIECEWISE_BEZIER_KNOTS.);
#3466 = CARTESIAN_POINT('',(-0.18,0.));
#3467 = CARTESIAN_POINT('',(0.,0.));
#3468 = ( GEOMETRIC_REPRESENTATION_CONTEXT(2) 
PARAMETRIC_REPRESENTATION_CONTEXT() REPRESENTATION_CONTEXT('2D SPACE',''
  ) );
#3469 = ADVANCED_FACE('',(#3470),#1812,.F.);
#3470 = FACE_BOUND('',#3471,.F.);
#3471 = EDGE_LOOP('',(#3472));
#3472 = ORIENTED_EDGE('',*,*,#1797,.T.);
#3473 = ADVANCED_FACE('',(#3474),#1961,.T.);
#3474 = FACE_BOUND('',#3475,.T.);
#3475 = EDGE_LOOP('',(#3476,#3477,#3478,#3624,#3816,#3844));
#3476 = ORIENTED_EDGE('',*,*,#1941,.F.);
#3477 = ORIENTED_EDGE('',*,*,#2455,.F.);
#3478 = ORIENTED_EDGE('',*,*,#3479,.T.);
#3479 = EDGE_CURVE('',#2264,#3480,#3482,.T.);
#3480 = VERTEX_POINT('',#3481);
#3481 = CARTESIAN_POINT('',(-7.199907411315,3.651394934556E-02,
    6.600617384082));
#3482 = SURFACE_CURVE('',#3483,(#3528,#3576),.PCURVE_S1.);
#3483 = B_SPLINE_CURVE_WITH_KNOTS('',8,(#3484,#3485,#3486,#3487,#3488,
    #3489,#3490,#3491,#3492,#3493,#3494,#3495,#3496,#3497,#3498,#3499,
    #3500,#3501,#3502,#3503,#3504,#3505,#3506,#3507,#3508,#3509,#3510,
    #3511,#3512,#3513,#3514,#3515,#3516,#3517,#3518,#3519,#3520,#3521,
    #3522,#3523,#3524,#3525,#3526,#3527),.UNSPECIFIED.,.F.,.F.,(9,7,7,7,
    7,7,9),(0.,0.252942236434,0.463276383905,0.565995223637,
    0.73393876235,0.911353765159,1.),.UNSPECIFIED.);
#3484 = CARTESIAN_POINT('',(7.2,-1.336243246092E-15,5.103043280447));
#3485 = CARTESIAN_POINT('',(7.2,0.713947286647,5.150388321569));
#3486 = CARTESIAN_POINT('',(7.119091842581,1.428355867349,5.19776319591)
  );
#3487 = CARTESIAN_POINT('',(6.957093600423,2.131809931688,5.245120579073
    ));
#3488 = CARTESIAN_POINT('',(6.71596999907,2.8136412083,5.292465311364));
#3489 = CARTESIAN_POINT('',(6.399087114591,3.463733289007,5.339810205592
    ));
#3490 = CARTESIAN_POINT('',(6.011295129801,4.072591412753,5.387167928953
    ));
#3491 = CARTESIAN_POINT('',(5.55881963839,4.631332925883,5.434543147731)
  );
#3492 = CARTESIAN_POINT('',(4.626755566786,5.548476563569,5.521258167951
    ));
#3493 = CARTESIAN_POINT('',(4.164214416531,5.925123765298,5.560640583034
    ));
#3494 = CARTESIAN_POINT('',(3.666845157191,6.257472249863,5.600017000156
    ));
#3495 = CARTESIAN_POINT('',(3.139657565472,6.541837052182,5.639387995484
    ));
#3496 = CARTESIAN_POINT('',(2.588012512113,6.77524196576,5.678758841424)
  );
#3497 = CARTESIAN_POINT('',(2.017585514607,6.955366446193,5.718134896824
    ));
#3498 = CARTESIAN_POINT('',(1.434385382963,7.080607172482,5.757516949057
    ));
#3499 = CARTESIAN_POINT('',(0.556874914615,7.184284960063,5.816113238905
    ));
#3500 = CARTESIAN_POINT('',(0.26737562424,7.205053601126,5.835340145569)
  );
#3501 = CARTESIAN_POINT('',(-2.297550318774E-02,7.212486365277,
    5.854566876118));
#3502 = CARTESIAN_POINT('',(-0.313461019231,7.20654605811,5.873793410556
    ));
#3503 = CARTESIAN_POINT('',(-0.603365204261,7.18724132136,5.893019963843
    ));
#3504 = CARTESIAN_POINT('',(-0.891974305206,7.154625699421,
    5.912246751971));
#3505 = CARTESIAN_POINT('',(-1.178576850568,7.108798539363,
    5.931473757241));
#3506 = CARTESIAN_POINT('',(-1.926614725974,6.953622253641,
    5.982135875069));
#3507 = CARTESIAN_POINT('',(-2.383579786413,6.822400155599,
    6.013575409874));
#3508 = CARTESIAN_POINT('',(-2.83020171008,6.656881038237,6.045013441651
    ));
#3509 = CARTESIAN_POINT('',(-3.263483619385,6.45804375369,6.076449532202
    ));
#3510 = CARTESIAN_POINT('',(-3.680570647448,6.227158785714,
    6.107885759265));
#3511 = CARTESIAN_POINT('',(-4.07874658637,5.965770927353,6.139324086891
    ));
#3512 = CARTESIAN_POINT('',(-4.455445809407,5.675712248924,
    6.170763807552));
#3513 = CARTESIAN_POINT('',(-5.181013840791,5.024725130478,
    6.235407149251));
#3514 = CARTESIAN_POINT('',(-5.527224128534,4.660624431468,
    6.268619793305));
#3515 = CARTESIAN_POINT('',(-5.84406133581,4.269372381413,6.301829412897
    ));
#3516 = CARTESIAN_POINT('',(-6.129068990643,3.853761638718,
    6.335035248307));
#3517 = CARTESIAN_POINT('',(-6.380128297349,3.416805135087,
    6.368240459801));
#3518 = CARTESIAN_POINT('',(-6.595441928756,2.9617179288,6.401448764434)
  );
#3519 = CARTESIAN_POINT('',(-6.773557456866,2.491924174221,
    6.434660605195));
#3520 = CARTESIAN_POINT('',(-6.983318602298,1.770837770532,
    6.484461508412));
#3521 = CARTESIAN_POINT('',(-7.043665513612,1.527808241352,
    6.501054733599));
#3522 = CARTESIAN_POINT('',(-7.094341727466,1.282446215393,
    6.517648313931));
#3523 = CARTESIAN_POINT('',(-7.135243164905,1.035201277905,
    6.534242223182));
#3524 = CARTESIAN_POINT('',(-7.166291107312,0.786526828768,
    6.550836447726));
#3525 = CARTESIAN_POINT('',(-7.187432207269,0.536879907234,
    6.567430811214));
#3526 = CARTESIAN_POINT('',(-7.198638499416,0.286721016678,
    6.584024799254));
#3527 = CARTESIAN_POINT('',(-7.199907411315,3.651394934541E-02,
    6.600617384082));
#3528 = PCURVE('',#1961,#3529);
#3529 = DEFINITIONAL_REPRESENTATION('',(#3530),#3575);
#3530 = B_SPLINE_CURVE_WITH_KNOTS('',8,(#3531,#3532,#3533,#3534,#3535,
    #3536,#3537,#3538,#3539,#3540,#3541,#3542,#3543,#3544,#3545,#3546,
    #3547,#3548,#3549,#3550,#3551,#3552,#3553,#3554,#3555,#3556,#3557,
    #3558,#3559,#3560,#3561,#3562,#3563,#3564,#3565,#3566,#3567,#3568,
    #3569,#3570,#3571,#3572,#3573,#3574),.UNSPECIFIED.,.F.,.F.,(9,7,7,7,
    7,7,9),(0.,0.252942236434,0.463276383905,0.565995223637,
    0.73393876235,0.911353765159,1.),.UNSPECIFIED.);
#3531 = CARTESIAN_POINT('',(0.,5.103043280447));
#3532 = CARTESIAN_POINT('',(9.915934536765E-02,5.150388321569));
#3533 = CARTESIAN_POINT('',(0.198382679463,5.19776319591));
#3534 = CARTESIAN_POINT('',(0.297570813434,5.245120579073));
#3535 = CARTESIAN_POINT('',(0.396733274248,5.292465311364));
#3536 = CARTESIAN_POINT('',(0.495895743235,5.339810205592));
#3537 = CARTESIAN_POINT('',(0.595083851975,5.387167928953));
#3538 = CARTESIAN_POINT('',(0.694307225621,5.434543147731));
#3539 = CARTESIAN_POINT('',(0.875922485811,5.521258167951));
#3540 = CARTESIAN_POINT('',(0.958403957453,5.560640583034));
#3541 = CARTESIAN_POINT('',(1.040872283827,5.600017000156));
#3542 = CARTESIAN_POINT('',(1.123329057326,5.639387995484));
#3543 = CARTESIAN_POINT('',(1.205785832753,5.678758841424));
#3544 = CARTESIAN_POINT('',(1.288254169529,5.718134896824));
#3545 = CARTESIAN_POINT('',(1.370735664517,5.757516949057));
#3546 = CARTESIAN_POINT('',(1.493459831553,5.816113238905));
#3547 = CARTESIAN_POINT('',(1.533728778007,5.835340145569));
#3548 = CARTESIAN_POINT('',(1.573997406821,5.854566876118));
#3549 = CARTESIAN_POINT('',(1.614265633041,5.873793410556));
#3550 = CARTESIAN_POINT('',(1.654533856222,5.893019963843));
#3551 = CARTESIAN_POINT('',(1.694802477647,5.912246751971));
#3552 = CARTESIAN_POINT('',(1.735071417393,5.931473757241));
#3553 = CARTESIAN_POINT('',(1.841177469364,5.982135875069));
#3554 = CARTESIAN_POINT('',(1.907023572475,6.013575409874));
#3555 = CARTESIAN_POINT('',(1.972865995276,6.045013441651));
#3556 = CARTESIAN_POINT('',(2.038703818034,6.076449532202));
#3557 = CARTESIAN_POINT('',(2.104541637809,6.107885759265));
#3558 = CARTESIAN_POINT('',(2.170384056322,6.139324086891));
#3559 = CARTESIAN_POINT('',(2.236230164509,6.170763807552));
#3560 = CARTESIAN_POINT('',(2.371618922071,6.235407149251));
#3561 = CARTESIAN_POINT('',(2.441180633491,6.268619793305));
#3562 = CARTESIAN_POINT('',(2.510737543425,6.301829412897));
#3563 = CARTESIAN_POINT('',(2.58028844831,6.335035248307));
#3564 = CARTESIAN_POINT('',(2.649839366774,6.368240459801));
#3565 = CARTESIAN_POINT('',(2.719396321765,6.401448764434));
#3566 = CARTESIAN_POINT('',(2.788958093651,6.434660605195));
#3567 = CARTESIAN_POINT('',(2.893260351673,6.484461508412));
#3568 = CARTESIAN_POINT('',(2.928012103992,6.501054733599));
#3569 = CARTESIAN_POINT('',(2.962763703649,6.517648313931));
#3570 = CARTESIAN_POINT('',(2.997515107632,6.534242223182));
#3571 = CARTESIAN_POINT('',(3.032266503101,6.550836447726));
#3572 = CARTESIAN_POINT('',(3.067018082977,6.567430811214));
#3573 = CARTESIAN_POINT('',(3.101769821536,6.584024799254));
#3574 = CARTESIAN_POINT('',(3.136521249998,6.600617384082));
#3575 = ( GEOMETRIC_REPRESENTATION_CONTEXT(2) 
PARAMETRIC_REPRESENTATION_CONTEXT() REPRESENTATION_CONTEXT('2D SPACE',''
  ) );
#3576 = PCURVE('',#2375,#3577);
#3577 = DEFINITIONAL_REPRESENTATION('',(#3578),#3623);
#3578 = B_SPLINE_CURVE_WITH_KNOTS('',8,(#3579,#3580,#3581,#3582,#3583,
    #3584,#3585,#3586,#3587,#3588,#3589,#3590,#3591,#3592,#3593,#3594,
    #3595,#3596,#3597,#3598,#3599,#3600,#3601,#3602,#3603,#3604,#3605,
    #3606,#3607,#3608,#3609,#3610,#3611,#3612,#3613,#3614,#3615,#3616,
    #3617,#3618,#3619,#3620,#3621,#3622),.UNSPECIFIED.,.F.,.F.,(9,7,7,7,
    7,7,9),(0.,0.252942236434,0.463276383905,0.565995223637,
    0.73393876235,0.911353765159,1.),.UNSPECIFIED.);
#3579 = CARTESIAN_POINT('',(-9.796503502779E-05,3.486942078113));
#3580 = CARTESIAN_POINT('',(-9.802937912993E-05,3.596824381735));
#3581 = CARTESIAN_POINT('',(-9.953163341333E-05,3.70677758972));
#3582 = CARTESIAN_POINT('',(-1.024549576673E-04,3.816691848043));
#3583 = CARTESIAN_POINT('',(-1.062681620289E-04,3.926577775857));
#3584 = CARTESIAN_POINT('',(-1.098784663045E-04,4.03646384429));
#3585 = CARTESIAN_POINT('',(-1.123442991477E-04,4.146378362618));
#3586 = CARTESIAN_POINT('',(-1.134326970937E-04,4.25633189074));
#3587 = CARTESIAN_POINT('',(-1.133157296686E-04,4.457587039784));
#3588 = CARTESIAN_POINT('',(-1.124660572544E-04,4.548987973762));
#3589 = CARTESIAN_POINT('',(-1.109497231797E-04,4.640374215254));
#3590 = CARTESIAN_POINT('',(-1.091204216742E-04,4.731747511022));
#3591 = CARTESIAN_POINT('',(-1.074956340833E-04,4.823120696886));
#3592 = CARTESIAN_POINT('',(-1.064646273298E-04,4.914506660825));
#3593 = CARTESIAN_POINT('',(-1.060604488197E-04,5.005907268506));
#3594 = CARTESIAN_POINT('',(-1.061072811171E-04,5.141902366646));
#3595 = CARTESIAN_POINT('',(-1.062264403554E-04,5.186525876218));
#3596 = CARTESIAN_POINT('',(-1.064273111E-04,5.23114907166));
#3597 = CARTESIAN_POINT('',(-1.066739542922E-04,5.275771864952));
#3598 = CARTESIAN_POINT('',(-1.069208335837E-04,5.320394702266));
#3599 = CARTESIAN_POINT('',(-1.071189908775E-04,5.365018028201));
#3600 = CARTESIAN_POINT('',(-1.072241367747E-04,5.409641750397));
#3601 = CARTESIAN_POINT('',(-1.071780750447E-04,5.527222468076));
#3602 = CARTESIAN_POINT('',(-1.068194619155E-04,5.600189486913));
#3603 = CARTESIAN_POINT('',(-1.06009585828E-04,5.673152494884));
#3604 = CARTESIAN_POINT('',(-1.046955427093E-04,5.746110413723));
#3605 = CARTESIAN_POINT('',(-1.030493221459E-04,5.819068264766));
#3606 = CARTESIAN_POINT('',(-1.014799771379E-04,5.892031079979));
#3607 = CARTESIAN_POINT('',(-1.005013965914E-04,5.964997812306));
#3608 = CARTESIAN_POINT('',(-1.00407386266E-04,6.115027238016));
#3609 = CARTESIAN_POINT('',(-1.014339837237E-04,6.192111037202));
#3610 = CARTESIAN_POINT('',(-1.0378025908E-04,6.269189345024));
#3611 = CARTESIAN_POINT('',(-1.078811335822E-04,6.346260901851));
#3612 = CARTESIAN_POINT('',(-1.1327608716E-04,6.423332509057));
#3613 = CARTESIAN_POINT('',(-1.184051163976E-04,6.500410987157));
#3614 = CARTESIAN_POINT('',(-1.212862268802E-04,6.577495069332));
#3615 = CARTESIAN_POINT('',(-1.209686495626E-04,6.69307669558));
#3616 = CARTESIAN_POINT('',(-1.20090243083E-04,6.731586587508));
#3617 = CARTESIAN_POINT('',(-1.183884745304E-04,6.770096350318));
#3618 = CARTESIAN_POINT('',(-1.158577025116E-04,6.808605916607));
#3619 = CARTESIAN_POINT('',(-1.12680289224E-04,6.847115465909));
#3620 = CARTESIAN_POINT('',(-1.093694794922E-04,6.885625183225));
#3621 = CARTESIAN_POINT('',(-1.069122798048E-04,6.924135017563));
#3622 = CARTESIAN_POINT('',(-1.06912337351E-04,6.962644440466));
#3623 = ( GEOMETRIC_REPRESENTATION_CONTEXT(2) 
PARAMETRIC_REPRESENTATION_CONTEXT() REPRESENTATION_CONTEXT('2D SPACE',''
  ) );
#3624 = ORIENTED_EDGE('',*,*,#3625,.T.);
#3625 = EDGE_CURVE('',#3480,#3626,#3628,.T.);
#3626 = VERTEX_POINT('',#3627);
#3627 = CARTESIAN_POINT('',(7.2,-1.763491390772E-15,8.103043280447));
#3628 = SURFACE_CURVE('',#3629,(#3681,#3736),.PCURVE_S1.);
#3629 = B_SPLINE_CURVE_WITH_KNOTS('',8,(#3630,#3631,#3632,#3633,#3634,
    #3635,#3636,#3637,#3638,#3639,#3640,#3641,#3642,#3643,#3644,#3645,
    #3646,#3647,#3648,#3649,#3650,#3651,#3652,#3653,#3654,#3655,#3656,
    #3657,#3658,#3659,#3660,#3661,#3662,#3663,#3664,#3665,#3666,#3667,
    #3668,#3669,#3670,#3671,#3672,#3673,#3674,#3675,#3676,#3677,#3678,
    #3679,#3680),.UNSPECIFIED.,.F.,.F.,(9,7,7,7,7,7,7,9),(0.,
    9.14301516189E-02,0.26335090244,0.293358996523,0.536707795932,
    0.748557467522,0.947442141349,1.),.UNSPECIFIED.);
#3630 = CARTESIAN_POINT('',(-7.199907411315,3.651394934982E-02,
    6.600617384148));
#3631 = CARTESIAN_POINT('',(-7.201220404133,-0.222385098665,
    6.61778638126));
#3632 = CARTESIAN_POINT('',(-7.191893591523,-0.481341149451,
    6.634954290751));
#3633 = CARTESIAN_POINT('',(-7.171924582726,-0.739839828495,
    6.652121715183));
#3634 = CARTESIAN_POINT('',(-7.141340172197,-0.997370470224,
    6.669289155792));
#3635 = CARTESIAN_POINT('',(-7.100196303082,-1.253426309888,
    6.686456971662));
#3636 = CARTESIAN_POINT('',(-7.048578030696,-1.507504675443,
    6.703625338906));
#3637 = CARTESIAN_POINT('',(-6.986599486004,-1.75910717944,
    6.720794209839));
#3638 = CARTESIAN_POINT('',(-6.778650702943,-2.47525664488,
    6.770247130734));
#3639 = CARTESIAN_POINT('',(-6.606751216986,-2.932349302293,
    6.802536834563));
#3640 = CARTESIAN_POINT('',(-6.399663052539,-3.3756566942,6.834825416471
    ));
#3641 = CARTESIAN_POINT('',(-6.158707209731,-3.802028594074,
    6.867111519835));
#3642 = CARTESIAN_POINT('',(-5.88551436085,-4.208499308538,
    6.899397011955));
#3643 = CARTESIAN_POINT('',(-5.58200500732,-4.5922820675,6.931684236186)
  );
#3644 = CARTESIAN_POINT('',(-5.250403450311,-4.950784233683,
    6.963972902824));
#3645 = CARTESIAN_POINT('',(-4.830952047759,-5.339393491952,
    7.001891614995));
#3646 = CARTESIAN_POINT('',(-4.767839562415,-5.396302930399,7.0075266001
    ));
#3647 = CARTESIAN_POINT('',(-4.703961364543,-5.452359373652,
    7.013161574674));
#3648 = CARTESIAN_POINT('',(-4.639330920223,-5.507550808821,
    7.018796539301));
#3649 = CARTESIAN_POINT('',(-4.573961916021,-5.561865483357,
    7.024431494537));
#3650 = CARTESIAN_POINT('',(-4.507868258995,-5.615291905057,
    7.030066440911));
#3651 = CARTESIAN_POINT('',(-4.441064076687,-5.667818842059,
    7.035701378927));
#3652 = CARTESIAN_POINT('',(-3.826173689208,-6.138016009591,
    7.087032429566));
#3653 = CARTESIAN_POINT('',(-3.232692135763,-6.496958457244,
    7.132753745752));
#3654 = CARTESIAN_POINT('',(-2.601146619843,-6.789938587262,
    7.178461288873));
#3655 = CARTESIAN_POINT('',(-1.94018759179,-7.012466860469,
    7.224159070202));
#3656 = CARTESIAN_POINT('',(-1.258845076627,-7.161322396388,
    7.269857429059));
#3657 = CARTESIAN_POINT('',(-0.566520464033,-7.234626572849,
    7.315566357601));
#3658 = CARTESIAN_POINT('',(0.127058433645,-7.231784140344,
    7.361288952689));
#3659 = CARTESIAN_POINT('',(1.407824916302,-7.086459084146,
    7.446767186365));
#3660 = CARTESIAN_POINT('',(1.997646339188,-6.962043698862,
    7.486561362444));
#3661 = CARTESIAN_POINT('',(2.574616393212,-6.781535820913,
    7.526348568718));
#3662 = CARTESIAN_POINT('',(3.132529425072,-6.546571913002,
    7.566129713527));
#3663 = CARTESIAN_POINT('',(3.665526185627,-6.259536347839,
    7.605910821221));
#3664 = CARTESIAN_POINT('',(4.168074008144,-5.923495826999,
    7.645697960798));
#3665 = CARTESIAN_POINT('',(4.63500520676,-5.542255846144,7.685492144922
    ));
#3666 = CARTESIAN_POINT('',(5.462166269653,-4.724607161469,
    7.762621107191));
#3667 = CARTESIAN_POINT('',(5.827399974849,-4.292782583167,
    7.799977902203));
#3668 = CARTESIAN_POINT('',(6.153424988684,-3.828866835586,
    7.837331023646));
#3669 = CARTESIAN_POINT('',(6.437006798398,-3.337057837924,
    7.874679367341));
#3670 = CARTESIAN_POINT('',(6.675474584419,-2.82186096351,7.912027886691
    ));
#3671 = CARTESIAN_POINT('',(6.866685868181,-2.288055467511,7.94938148511
    ));
#3672 = CARTESIAN_POINT('',(7.009074305735,-1.740704033018,
    7.986738930205));
#3673 = CARTESIAN_POINT('',(7.126279476834,-1.038407714938,
    8.033956446754));
#3674 = CARTESIAN_POINT('',(7.147310476136,-0.891031062241,
    8.043826081489));
#3675 = CARTESIAN_POINT('',(7.164857637907,-0.74317132405,8.053695691372
    ));
#3676 = CARTESIAN_POINT('',(7.178908170251,-0.594924618685,
    8.063565273877));
#3677 = CARTESIAN_POINT('',(7.189452476487,-0.446387336126,
    8.073434826503));
#3678 = CARTESIAN_POINT('',(7.196484155153,-0.297656138013,
    8.083304346772));
#3679 = CARTESIAN_POINT('',(7.2,-0.14882795765,8.09317383223));
#3680 = CARTESIAN_POINT('',(7.2,-1.7763568394E-15,8.103043280447));
#3681 = PCURVE('',#1961,#3682);
#3682 = DEFINITIONAL_REPRESENTATION('',(#3683),#3735);
#3683 = B_SPLINE_CURVE_WITH_KNOTS('',8,(#3684,#3685,#3686,#3687,#3688,
    #3689,#3690,#3691,#3692,#3693,#3694,#3695,#3696,#3697,#3698,#3699,
    #3700,#3701,#3702,#3703,#3704,#3705,#3706,#3707,#3708,#3709,#3710,
    #3711,#3712,#3713,#3714,#3715,#3716,#3717,#3718,#3719,#3720,#3721,
    #3722,#3723,#3724,#3725,#3726,#3727,#3728,#3729,#3730,#3731,#3732,
    #3733,#3734),.UNSPECIFIED.,.F.,.F.,(9,7,7,7,7,7,7,9),(0.,
    9.14301516189E-02,0.26335090244,0.293358996523,0.536707795932,
    0.748557467522,0.947442141349,1.),.UNSPECIFIED.);
#3684 = CARTESIAN_POINT('',(3.136521249997,6.600617384148));
#3685 = CARTESIAN_POINT('',(3.172479913522,6.61778638126));
#3686 = CARTESIAN_POINT('',(3.208439001756,6.634954290751));
#3687 = CARTESIAN_POINT('',(3.244397919692,6.652121715183));
#3688 = CARTESIAN_POINT('',(3.280356612833,6.669289155792));
#3689 = CARTESIAN_POINT('',(3.316315298785,6.686456971662));
#3690 = CARTESIAN_POINT('',(3.352274198855,6.703625338906));
#3691 = CARTESIAN_POINT('',(3.388233269649,6.720794209839));
#3692 = CARTESIAN_POINT('',(3.491806836092,6.770247130734));
#3693 = CARTESIAN_POINT('',(3.559431143951,6.802536834563));
#3694 = CARTESIAN_POINT('',(3.627051254162,6.834825416471));
#3695 = CARTESIAN_POINT('',(3.694666126221,6.867111519835));
#3696 = CARTESIAN_POINT('',(3.762281006176,6.899397011955));
#3697 = CARTESIAN_POINT('',(3.829901141362,6.931684236186));
#3698 = CARTESIAN_POINT('',(3.897525486881,6.963972902824));
#3699 = CARTESIAN_POINT('',(3.976942322934,7.001891614995));
#3700 = CARTESIAN_POINT('',(3.988744246429,7.0075266001));
#3701 = CARTESIAN_POINT('',(4.000546173454,7.013161574674));
#3702 = CARTESIAN_POINT('',(4.012348103006,7.018796539301));
#3703 = CARTESIAN_POINT('',(4.024150033964,7.024431494537));
#3704 = CARTESIAN_POINT('',(4.035951965086,7.030066440911));
#3705 = CARTESIAN_POINT('',(4.047753895009,7.035701378927));
#3706 = CARTESIAN_POINT('',(4.155262827757,7.087032429566));
#3707 = CARTESIAN_POINT('',(4.251023514301,7.132753745752));
#3708 = CARTESIAN_POINT('',(4.346755002007,7.178461288873));
#3709 = CARTESIAN_POINT('',(4.442464438167,7.224159070202));
#3710 = CARTESIAN_POINT('',(4.538173866758,7.269857429059));
#3711 = CARTESIAN_POINT('',(4.633905334054,7.315566357601));
#3712 = CARTESIAN_POINT('',(4.729665993425,7.361288952689));
#3713 = CARTESIAN_POINT('',(4.908691678432,7.446767186365));
#3714 = CARTESIAN_POINT('',(4.992037226699,7.486561362444));
#3715 = CARTESIAN_POINT('',(5.075368906244,7.526348568718));
#3716 = CARTESIAN_POINT('',(5.158688476264,7.566129713527));
#3717 = CARTESIAN_POINT('',(5.242008042256,7.605910821221));
#3718 = CARTESIAN_POINT('',(5.325339722775,7.645697960798));
#3719 = CARTESIAN_POINT('',(5.408685290547,7.685492144922));
#3720 = CARTESIAN_POINT('',(5.570223564993,7.762621107191));
#3721 = CARTESIAN_POINT('',(5.648462500778,7.799977902203));
#3722 = CARTESIAN_POINT('',(5.726692821566,7.837331023646));
#3723 = CARTESIAN_POINT('',(5.804912386493,7.874679367341));
#3724 = CARTESIAN_POINT('',(5.883131948075,7.912027886691));
#3725 = CARTESIAN_POINT('',(5.961362260809,7.94938148511));
#3726 = CARTESIAN_POINT('',(6.03960118856,7.986738930205));
#3727 = CARTESIAN_POINT('',(6.138491362018,8.033956446754));
#3728 = CARTESIAN_POINT('',(6.159161920606,8.043826081489));
#3729 = CARTESIAN_POINT('',(6.179832485584,8.053695691372));
#3730 = CARTESIAN_POINT('',(6.200503055073,8.063565273877));
#3731 = CARTESIAN_POINT('',(6.221173626238,8.073434826503));
#3732 = CARTESIAN_POINT('',(6.241844195295,8.083304346772));
#3733 = CARTESIAN_POINT('',(6.262514757506,8.09317383223));
#3734 = CARTESIAN_POINT('',(6.28318530718,8.103043280447));
#3735 = ( GEOMETRIC_REPRESENTATION_CONTEXT(2) 
PARAMETRIC_REPRESENTATION_CONTEXT() REPRESENTATION_CONTEXT('2D SPACE',''
  ) );
#3736 = PCURVE('',#3737,#3762);
#3737 = B_SPLINE_SURFACE_WITH_KNOTS('',1,11,(
    (#3738,#3739,#3740,#3741,#3742,#3743,#3744,#3745,#3746,#3747,#3748
      ,#3749)
    ,(#3750,#3751,#3752,#3753,#3754,#3755,#3756,#3757,#3758,#3759,#3760
      ,#3761
    )),.UNSPECIFIED.,.F.,.F.,.F.,(2,2),(12,12),(-0.923760430703,-0.),(0.
    ,6.962644440466),.PIECEWISE_BEZIER_KNOTS.);
#3738 = CARTESIAN_POINT('',(-6.4,5.955230308071E-03,6.139802757374));
#3739 = CARTESIAN_POINT('',(-6.403401619728,-3.649716211721,
    6.412530030637));
#3740 = CARTESIAN_POINT('',(-4.110371080711,-7.307441719168,
    6.685257301338));
#3741 = CARTESIAN_POINT('',(0.485346996983,-9.364611752726,
    6.957984579293));
#3742 = CARTESIAN_POINT('',(6.103131187674,-8.210954798712,
    7.230711842279));
#3743 = CARTESIAN_POINT('',(10.295588012136,-3.393442234592,
    7.50343912876));
#3744 = CARTESIAN_POINT('',(10.3018854159,3.374276188029,7.776166386185)
  );
#3745 = CARTESIAN_POINT('',(6.118401263436,8.199582604839,8.048893672556
    ));
#3746 = CARTESIAN_POINT('',(0.502773776216,9.363692301693,8.321620935686
    ));
#3747 = CARTESIAN_POINT('',(-4.096764757641,7.31507849793,8.594348213538
    ));
#3748 = CARTESIAN_POINT('',(-6.396598380286,3.66162667235,8.867075484285
    ));
#3749 = CARTESIAN_POINT('',(-6.400000000018,5.955230318966E-03,
    9.139802757535));
#3750 = CARTESIAN_POINT('',(-7.2,3.651748649872E-02,6.600670723097));
#3751 = CARTESIAN_POINT('',(-7.220858740311,-4.076112896415,
    6.873397995826));
#3752 = CARTESIAN_POINT('',(-4.658230911926,-8.201753191662,
    7.146125268545));
#3753 = CARTESIAN_POINT('',(0.502387409273,-10.53749023887,
    7.418852541293));
#3754 = CARTESIAN_POINT('',(6.82779393278,-9.265794117318,7.691579813994
    ));
#3755 = CARTESIAN_POINT('',(11.56677095618,-3.86560519293,7.964307086731
    ));
#3756 = CARTESIAN_POINT('',(11.605386651088,3.748078949624,
    8.237034359483));
#3757 = CARTESIAN_POINT('',(6.921430073807,9.196059797409,8.509761632157
    ));
#3758 = CARTESIAN_POINT('',(0.609248461129,10.531852162882,8.78248890494
    ));
#3759 = CARTESIAN_POINT('',(-4.574796906381,8.248581937289,
    9.055216177631));
#3760 = CARTESIAN_POINT('',(-7.17914125981,4.149147869413,9.327943450373
    ));
#3761 = CARTESIAN_POINT('',(-7.200000000111,3.651748649865E-02,
    9.600670723097));
#3762 = DEFINITIONAL_REPRESENTATION('',(#3763),#3815);
#3763 = B_SPLINE_CURVE_WITH_KNOTS('',8,(#3764,#3765,#3766,#3767,#3768,
    #3769,#3770,#3771,#3772,#3773,#3774,#3775,#3776,#3777,#3778,#3779,
    #3780,#3781,#3782,#3783,#3784,#3785,#3786,#3787,#3788,#3789,#3790,
    #3791,#3792,#3793,#3794,#3795,#3796,#3797,#3798,#3799,#3800,#3801,
    #3802,#3803,#3804,#3805,#3806,#3807,#3808,#3809,#3810,#3811,#3812,
    #3813,#3814),.UNSPECIFIED.,.F.,.F.,(9,7,7,7,7,7,7,9),(0.,
    9.14301516189E-02,0.26335090244,0.293358996523,0.536707795932,
    0.748557467522,0.947442141349,1.),.UNSPECIFIED.);
#3764 = CARTESIAN_POINT('',(-1.069122048757E-04,0.));
#3765 = CARTESIAN_POINT('',(-1.069122629528E-04,3.984720749675E-02));
#3766 = CARTESIAN_POINT('',(-1.095416380243E-04,7.969493523312E-02));
#3767 = CARTESIAN_POINT('',(-1.13027567967E-04,0.119542529009));
#3768 = CARTESIAN_POINT('',(-1.162995210428E-04,0.159389912566));
#3769 = CARTESIAN_POINT('',(-1.188224703092E-04,0.199237299791));
#3770 = CARTESIAN_POINT('',(-1.204301680293E-04,0.239084906921));
#3771 = CARTESIAN_POINT('',(-1.211584200821E-04,0.278932664745));
#3772 = CARTESIAN_POINT('',(-1.209278200415E-04,0.39370676598));
#3773 = CARTESIAN_POINT('',(-1.179312676564E-04,0.468643871897));
#3774 = CARTESIAN_POINT('',(-1.129700719113E-04,0.543576099111));
#3775 = CARTESIAN_POINT('',(-1.078235522967E-04,0.618502359331));
#3776 = CARTESIAN_POINT('',(-1.038739072818E-04,0.693428586786));
#3777 = CARTESIAN_POINT('',(-1.015461412348E-04,0.768360712235));
#3778 = CARTESIAN_POINT('',(-1.004829900826E-04,0.843297649636));
#3779 = CARTESIAN_POINT('',(-1.004499332183E-04,0.931302448188));
#3780 = CARTESIAN_POINT('',(-1.004757287584E-04,0.944380610626));
#3781 = CARTESIAN_POINT('',(-1.005302414515E-04,0.957458781877));
#3782 = CARTESIAN_POINT('',(-1.006113827818E-04,0.970536960875));
#3783 = CARTESIAN_POINT('',(-1.007169665958E-04,0.983615146378));
#3784 = CARTESIAN_POINT('',(-1.008447091018E-04,0.996693336972));
#3785 = CARTESIAN_POINT('',(-1.009922288698E-04,1.009771531068));
#3786 = CARTESIAN_POINT('',(-1.024936279932E-04,1.128906554318));
#3787 = CARTESIAN_POINT('',(-1.049699521599E-04,1.235023177633));
#3788 = CARTESIAN_POINT('',(-1.073236096649E-04,1.341107693262));
#3789 = CARTESIAN_POINT('',(-1.081618544858E-04,1.447167798233));
#3790 = CARTESIAN_POINT('',(-1.076189433482E-04,1.553227644342));
#3791 = CARTESIAN_POINT('',(-1.06704336684E-04,1.659311591052));
#3792 = CARTESIAN_POINT('',(-1.060972492465E-04,1.765427612271));
#3793 = CARTESIAN_POINT('',(-1.060849448348E-04,1.96381244752));
#3794 = CARTESIAN_POINT('',(-1.06533601204E-04,2.056170533298));
#3795 = CARTESIAN_POINT('',(-1.076241157514E-04,2.148513186189));
#3796 = CARTESIAN_POINT('',(-1.093057317175E-04,2.240842455576));
#3797 = CARTESIAN_POINT('',(-1.111598815819E-04,2.333171838597));
#3798 = CARTESIAN_POINT('',(-1.126485736487E-04,2.425514797743));
#3799 = CARTESIAN_POINT('',(-1.134222808949E-04,2.517873278569));
#3800 = CARTESIAN_POINT('',(-1.133187260269E-04,2.696880338776));
#3801 = CARTESIAN_POINT('',(-1.125433239985E-04,2.783580134642));
#3802 = CARTESIAN_POINT('',(-1.109331657459E-04,2.870270438026));
#3803 = CARTESIAN_POINT('',(-1.086077476101E-04,2.956948824626));
#3804 = CARTESIAN_POINT('',(-1.058895592425E-04,3.043627164114));
#3805 = CARTESIAN_POINT('',(-1.032225443937E-04,3.130317350771));
#3806 = CARTESIAN_POINT('',(-1.010350227736E-04,3.217017020313));
#3807 = CARTESIAN_POINT('',(-9.915386292312E-05,3.32660110182));
#3808 = CARTESIAN_POINT('',(-9.880969436929E-05,3.349506955785));
#3809 = CARTESIAN_POINT('',(-9.851912612069E-05,3.372412814132));
#3810 = CARTESIAN_POINT('',(-9.828579119776E-05,3.395318675206));
#3811 = CARTESIAN_POINT('',(-9.811239684316E-05,3.418224536334));
#3812 = CARTESIAN_POINT('',(-9.800072452184E-05,3.441130393831));
#3813 = CARTESIAN_POINT('',(-9.795162992103E-05,3.464036242996));
#3814 = CARTESIAN_POINT('',(-9.796504295021E-05,3.486942078113));
#3815 = ( GEOMETRIC_REPRESENTATION_CONTEXT(2) 
PARAMETRIC_REPRESENTATION_CONTEXT() REPRESENTATION_CONTEXT('2D SPACE',''
  ) );
#3816 = ORIENTED_EDGE('',*,*,#3817,.T.);
#3817 = EDGE_CURVE('',#3626,#3818,#3820,.T.);
#3818 = VERTEX_POINT('',#3819);
#3819 = CARTESIAN_POINT('',(7.2,-1.763491390772E-15,8.496961209957));
#3820 = SURFACE_CURVE('',#3821,(#3825,#3832),.PCURVE_S1.);
#3821 = LINE('',#3822,#3823);
#3822 = CARTESIAN_POINT('',(7.2,-1.763491390772E-15,0.));
#3823 = VECTOR('',#3824,1.);
#3824 = DIRECTION('',(0.,0.,1.));
#3825 = PCURVE('',#1961,#3826);
#3826 = DEFINITIONAL_REPRESENTATION('',(#3827),#3831);
#3827 = LINE('',#3828,#3829);
#3828 = CARTESIAN_POINT('',(6.28318530718,-0.));
#3829 = VECTOR('',#3830,1.);
#3830 = DIRECTION('',(0.,1.));
#3831 = ( GEOMETRIC_REPRESENTATION_CONTEXT(2) 
PARAMETRIC_REPRESENTATION_CONTEXT() REPRESENTATION_CONTEXT('2D SPACE',''
  ) );
#3832 = PCURVE('',#3833,#3838);
#3833 = CYLINDRICAL_SURFACE('',#3834,7.2);
#3834 = AXIS2_PLACEMENT_3D('',#3835,#3836,#3837);
#3835 = CARTESIAN_POINT('',(0.,0.,0.));
#3836 = DIRECTION('',(0.,0.,1.));
#3837 = DIRECTION('',(1.,0.,0.));
#3838 = DEFINITIONAL_REPRESENTATION('',(#3839),#3843);
#3839 = LINE('',#3840,#3841);
#3840 = CARTESIAN_POINT('',(0.,-0.));
#3841 = VECTOR('',#3842,1.);
#3842 = DIRECTION('',(0.,1.));
#3843 = ( GEOMETRIC_REPRESENTATION_CONTEXT(2) 
PARAMETRIC_REPRESENTATION_CONTEXT() REPRESENTATION_CONTEXT('2D SPACE',''
  ) );
#3844 = ORIENTED_EDGE('',*,*,#3845,.F.);
#3845 = EDGE_CURVE('',#1896,#3818,#3846,.T.);
#3846 = SURFACE_CURVE('',#3847,(#3934,#4024),.PCURVE_S1.);
#3847 = B_SPLINE_CURVE_WITH_KNOTS('',8,(#3848,#3849,#3850,#3851,#3852,
    #3853,#3854,#3855,#3856,#3857,#3858,#3859,#3860,#3861,#3862,#3863,
    #3864,#3865,#3866,#3867,#3868,#3869,#3870,#3871,#3872,#3873,#3874,
    #3875,#3876,#3877,#3878,#3879,#3880,#3881,#3882,#3883,#3884,#3885,
    #3886,#3887,#3888,#3889,#3890,#3891,#3892,#3893,#3894,#3895,#3896,
    #3897,#3898,#3899,#3900,#3901,#3902,#3903,#3904,#3905,#3906,#3907,
    #3908,#3909,#3910,#3911,#3912,#3913,#3914,#3915,#3916,#3917,#3918,
    #3919,#3920,#3921,#3922,#3923,#3924,#3925,#3926,#3927,#3928,#3929,
    #3930,#3931,#3932,#3933),.UNSPECIFIED.,.F.,.F.,(9,7,7,7,7,7,7,7,7,7,
    7,7,9),(0.,4.471144138026E-02,0.133242761035,0.217538042998,
    0.270198389513,0.374657036768,0.502300424501,0.626341129866,
    0.732729128674,0.783830888692,0.870001102019,0.955791046494,1.),
  .UNSPECIFIED.);
#3848 = CARTESIAN_POINT('',(7.199907411315,3.65139493498E-02,
    5.499382615852));
#3849 = CARTESIAN_POINT('',(7.198626345658,0.289117523635,5.516134126028
    ));
#3850 = CARTESIAN_POINT('',(7.187216618804,0.5416721305,5.53288707531));
#3851 = CARTESIAN_POINT('',(7.165680874231,0.793700395719,5.549640398187
    ));
#3852 = CARTESIAN_POINT('',(7.134048146008,1.044728419717,5.566393565691
    ));
#3853 = CARTESIAN_POINT('',(7.092373836843,1.294285962127,5.583146401972
    ));
#3854 = CARTESIAN_POINT('',(7.040739696135,1.54190662634,5.599898900861)
  );
#3855 = CARTESIAN_POINT('',(6.979253798019,1.787128044062,5.616651042445
    ));
#3856 = CARTESIAN_POINT('',(6.767063782627,2.50938726105,5.666571711395)
  );
#3857 = CARTESIAN_POINT('',(6.587954283358,2.97816460321,5.699744332953)
  );
#3858 = CARTESIAN_POINT('',(6.371772310162,3.432175737237,5.732913473926
    ));
#3859 = CARTESIAN_POINT('',(6.119973717251,3.868012359887,5.766079573554
    ));
#3860 = CARTESIAN_POINT('',(5.834357049255,4.282474931713,5.799246313363
    ));
#3861 = CARTESIAN_POINT('',(5.517040291773,4.672565987363,5.83241683643)
  );
#3862 = CARTESIAN_POINT('',(5.170477247737,5.035508038219,5.865590383254
    ));
#3863 = CARTESIAN_POINT('',(4.442395361488,5.686117442906,5.930341240096
    ));
#3864 = CARTESIAN_POINT('',(4.063242529803,5.97664504141,5.961927705597)
  );
#3865 = CARTESIAN_POINT('',(3.662481372794,6.238179946101,5.993512737237
    ));
#3866 = CARTESIAN_POINT('',(3.242718567621,6.468870902089,6.025095609507
    ));
#3867 = CARTESIAN_POINT('',(2.80671324849,6.667159784813,6.056678334623)
  );
#3868 = CARTESIAN_POINT('',(2.357364765664,6.8317682311,6.088263045387)
  );
#3869 = CARTESIAN_POINT('',(1.897716095352,6.961715432871,6.119849301159
    ));
#3870 = CARTESIAN_POINT('',(1.13939242522,7.115497202918,6.171161008316)
  );
#3871 = CARTESIAN_POINT('',(0.845013650471,7.160858704364,6.190891016286
    ));
#3872 = CARTESIAN_POINT('',(0.548603608679,7.192295054994,6.210620785974
    ));
#3873 = CARTESIAN_POINT('',(0.250931865677,7.209703703333,6.230350295382
    ));
#3874 = CARTESIAN_POINT('',(-4.722992610635E-02,7.213032890536,
    6.250079788694));
#3875 = CARTESIAN_POINT('',(-0.345108387293,7.202280592825,
    6.269809509647));
#3876 = CARTESIAN_POINT('',(-0.641928684068,7.177495605081,
    6.289539434971));
#3877 = CARTESIAN_POINT('',(-1.52205787419,7.061984845593,6.348405182245
    ));
#3878 = CARTESIAN_POINT('',(-2.100183892772,6.930351043169,
    6.387553368708));
#3879 = CARTESIAN_POINT('',(-2.665027436827,6.744646297235,
    6.426695752929));
#3880 = CARTESIAN_POINT('',(-3.210705858808,6.506515576567,6.46583305932
    ));
#3881 = CARTESIAN_POINT('',(-3.731669770304,6.218300844182,
    6.504970490621));
#3882 = CARTESIAN_POINT('',(-4.222684472078,5.88298169739,6.544113177731
    ));
#3883 = CARTESIAN_POINT('',(-4.678865709849,5.504226174493,6.58326166528
    ));
#3884 = CARTESIAN_POINT('',(-5.605258377324,4.576148291319,
    6.670220605561));
#3885 = CARTESIAN_POINT('',(-6.056642445087,4.007095700095,
    6.718074824736));
#3886 = CARTESIAN_POINT('',(-6.441486212752,3.387583713938,
    6.765910646486));
#3887 = CARTESIAN_POINT('',(-6.753476061176,2.726840965435,
    6.813733099625));
#3888 = CARTESIAN_POINT('',(-6.98773312877,2.034712097215,6.861555450076
    ));
#3889 = CARTESIAN_POINT('',(-7.140933028604,1.321669608714,
    6.909391033312));
#3890 = CARTESIAN_POINT('',(-7.211211217941,0.598737991044,
    6.957245112606));
#3891 = CARTESIAN_POINT('',(-7.187056782959,-0.822998696288,
    7.051540658698));
#3892 = CARTESIAN_POINT('',(-7.09720216321,-1.52278765997,7.098042090658
    ));
#3893 = CARTESIAN_POINT('',(-6.929417426251,-2.210901203085,
    7.144528979711));
#3894 = CARTESIAN_POINT('',(-6.685688062261,-2.877278664296,
    7.191005017967));
#3895 = CARTESIAN_POINT('',(-6.369304376068,-3.512388315732,
    7.237481014386));
#3896 = CARTESIAN_POINT('',(-5.984926570677,-4.107287995011,
    7.283967805398));
#3897 = CARTESIAN_POINT('',(-5.538495963001,-4.653619505429,
    7.330469153904));
#3898 = CARTESIAN_POINT('',(-4.608399505813,-5.564524110052,
    7.416801183213));
#3899 = CARTESIAN_POINT('',(-4.138713519339,-5.944251552845,
    7.456672831671));
#3900 = CARTESIAN_POINT('',(-3.633492113422,-6.278428830104,
    7.496537383378));
#3901 = CARTESIAN_POINT('',(-3.097952329507,-6.563253704374,
    7.536395866548));
#3902 = CARTESIAN_POINT('',(-2.537675176369,-6.795670550004,
    7.57625439755));
#3903 = CARTESIAN_POINT('',(-1.958566858372,-6.973312894434,
    7.616119056504));
#3904 = CARTESIAN_POINT('',(-1.366878568104,-7.094569571871,
    7.655990767757));
#3905 = CARTESIAN_POINT('',(-0.482200458534,-7.189633939457,
    7.714995409864));
#3906 = CARTESIAN_POINT('',(-0.193724245723,-7.207325689657,
    7.734141450205));
#3907 = CARTESIAN_POINT('',(9.545996067771E-02,-7.211785816197,
    7.753287398046));
#3908 = CARTESIAN_POINT('',(0.384643415227,-7.20298487363,7.772433198413
    ));
#3909 = CARTESIAN_POINT('',(0.673119526198,-7.180938468364,7.79157901739
    ));
#3910 = CARTESIAN_POINT('',(0.960184077815,-7.145706343571,
    7.810725019056));
#3911 = CARTESIAN_POINT('',(1.245135545555,-7.097393251598,
    7.829871143565));
#3912 = CARTESIAN_POINT('',(2.003033295299,-6.932883057442,
    7.881301346681));
#3913 = CARTESIAN_POINT('',(2.470878412365,-6.792835186084,
    7.913590178777));
#3914 = CARTESIAN_POINT('',(2.927391436061,-6.616732188143,
    7.945876799977));
#3915 = CARTESIAN_POINT('',(3.369338481942,-6.405675264377,
    7.978160653867));
#3916 = CARTESIAN_POINT('',(3.793648482458,-6.161087307161,
    8.010444307538));
#3917 = CARTESIAN_POINT('',(4.197408947808,-5.884692710997,
    8.042730464306));
#3918 = CARTESIAN_POINT('',(4.577880205946,-5.578532314324,
    8.075018891935));
#3919 = CARTESIAN_POINT('',(5.285610977551,-4.912966448423,
    8.139445169908));
#3920 = CARTESIAN_POINT('',(5.613196986232,-4.553708742151,
    8.171591934451));
#3921 = CARTESIAN_POINT('',(5.912762416151,-4.169590162517,
    8.203737306973));
#3922 = CARTESIAN_POINT('',(6.182129964014,-3.763184292387,
    8.235880989917));
#3923 = CARTESIAN_POINT('',(6.419422079199,-3.3372535687,8.26802525046)
  );
#3924 = CARTESIAN_POINT('',(6.623047298848,-2.894734504593,
    8.300171888795));
#3925 = CARTESIAN_POINT('',(6.791719593718,-2.43874305376,8.332319565393
    ));
#3926 = CARTESIAN_POINT('',(6.992940154142,-1.732389081317,
    8.381024742292));
#3927 = CARTESIAN_POINT('',(7.051846765773,-1.489462715625,
    8.397587797228));
#3928 = CARTESIAN_POINT('',(7.101104313847,-1.244264883127,
    8.414150389958));
#3929 = CARTESIAN_POINT('',(7.140611707645,-0.997243300716,
    8.430712485372));
#3930 = CARTESIAN_POINT('',(7.170293040961,-0.748849383829,
    8.447274240959));
#3931 = CARTESIAN_POINT('',(7.190097621448,-0.499538091265,8.46383597239
    ));
#3932 = CARTESIAN_POINT('',(7.199999999981,-0.249767769999,
    8.480398119116));
#3933 = CARTESIAN_POINT('',(7.2,-1.7763568394E-15,8.496961209957));
#3934 = PCURVE('',#1961,#3935);
#3935 = DEFINITIONAL_REPRESENTATION('',(#3936),#4023);
#3936 = B_SPLINE_CURVE_WITH_KNOTS('',8,(#3937,#3938,#3939,#3940,#3941,
    #3942,#3943,#3944,#3945,#3946,#3947,#3948,#3949,#3950,#3951,#3952,
    #3953,#3954,#3955,#3956,#3957,#3958,#3959,#3960,#3961,#3962,#3963,
    #3964,#3965,#3966,#3967,#3968,#3969,#3970,#3971,#3972,#3973,#3974,
    #3975,#3976,#3977,#3978,#3979,#3980,#3981,#3982,#3983,#3984,#3985,
    #3986,#3987,#3988,#3989,#3990,#3991,#3992,#3993,#3994,#3995,#3996,
    #3997,#3998,#3999,#4000,#4001,#4002,#4003,#4004,#4005,#4006,#4007,
    #4008,#4009,#4010,#4011,#4012,#4013,#4014,#4015,#4016,#4017,#4018,
    #4019,#4020,#4021,#4022),.UNSPECIFIED.,.F.,.F.,(9,7,7,7,7,7,7,7,7,7,
    7,7,9),(0.,4.471144138026E-02,0.133242761035,0.217538042998,
    0.270198389513,0.374657036768,0.502300424501,0.626341129866,
    0.732729128674,0.783830888692,0.870001102019,0.955791046494,1.),
  .UNSPECIFIED.);
#3937 = CARTESIAN_POINT('',(5.071403592797E-03,5.499382615852));
#3938 = CARTESIAN_POINT('',(4.015568452237E-02,5.516134126028));
#3939 = CARTESIAN_POINT('',(7.524030049609E-02,5.53288707531));
#3940 = CARTESIAN_POINT('',(0.110324751633,5.549640398187));
#3941 = CARTESIAN_POINT('',(0.145409006133,5.566393565691));
#3942 = CARTESIAN_POINT('',(0.180493265242,5.583146401972));
#3943 = CARTESIAN_POINT('',(0.215577728218,5.599898900861));
#3944 = CARTESIAN_POINT('',(0.250662357301,5.616651042445));
#3945 = CARTESIAN_POINT('',(0.355215619464,5.666571711395));
#3946 = CARTESIAN_POINT('',(0.424695336257,5.699744332953));
#3947 = CARTESIAN_POINT('',(0.494170286835,5.732913473926));
#3948 = CARTESIAN_POINT('',(0.563639259382,5.766079573554));
#3949 = CARTESIAN_POINT('',(0.633108231971,5.799246313363));
#3950 = CARTESIAN_POINT('',(0.702583207866,5.83241683643));
#3951 = CARTESIAN_POINT('',(0.772062990649,5.865590383254));
#3952 = CARTESIAN_POINT('',(0.90767686632,5.930341240096));
#3953 = CARTESIAN_POINT('',(0.973830283958,5.961927705597));
#3954 = CARTESIAN_POINT('',(1.039979933392,5.993512737237));
#3955 = CARTESIAN_POINT('',(1.106124876269,6.025095609507));
#3956 = CARTESIAN_POINT('',(1.172269817629,6.056678334623));
#3957 = CARTESIAN_POINT('',(1.238419465336,6.088263045387));
#3958 = CARTESIAN_POINT('',(1.30457288589,6.119849301159));
#3959 = CARTESIAN_POINT('',(1.412039470335,6.171161008316));
#3960 = CARTESIAN_POINT('',(1.453361914322,6.190891016286));
#3961 = CARTESIAN_POINT('',(1.494683998792,6.210620785974));
#3962 = CARTESIAN_POINT('',(1.53600563002,6.230350295382));
#3963 = CARTESIAN_POINT('',(1.577327263538,6.250079788694));
#3964 = CARTESIAN_POINT('',(1.61864935552,6.269809509647));
#3965 = CARTESIAN_POINT('',(1.65997181236,6.289539434971));
#3966 = CARTESIAN_POINT('',(1.783260258808,6.348405182245));
#3967 = CARTESIAN_POINT('',(1.865251871862,6.387553368708));
#3968 = CARTESIAN_POINT('',(1.947230734831,6.426695752929));
#3969 = CARTESIAN_POINT('',(2.029198345337,6.46583305932));
#3970 = CARTESIAN_POINT('',(2.111165950077,6.504970490621));
#3971 = CARTESIAN_POINT('',(2.193144800276,6.544113177731));
#3972 = CARTESIAN_POINT('',(2.275136403491,6.58326166528));
#3973 = CARTESIAN_POINT('',(2.457262687284,6.670220605561));
#3974 = CARTESIAN_POINT('',(2.557489404733,6.718074824736));
#3975 = CARTESIAN_POINT('',(2.657678991558,6.765910646486));
#3976 = CARTESIAN_POINT('',(2.757841786212,6.813733099625));
#3977 = CARTESIAN_POINT('',(2.858004599819,6.861555450076));
#3978 = CARTESIAN_POINT('',(2.958194177067,6.909391033312));
#3979 = CARTESIAN_POINT('',(3.058420964485,6.957245112606));
#3980 = CARTESIAN_POINT('',(3.255912889076,7.051540658698));
#3981 = CARTESIAN_POINT('',(3.353303702786,7.098042090658));
#3982 = CARTESIAN_POINT('',(3.450662588651,7.144528979711));
#3983 = CARTESIAN_POINT('',(3.547997770097,7.191005017967));
#3984 = CARTESIAN_POINT('',(3.645332950038,7.237481014386));
#3985 = CARTESIAN_POINT('',(3.742691832109,7.283967805398));
#3986 = CARTESIAN_POINT('',(3.840082641948,7.330469153904));
#3987 = CARTESIAN_POINT('',(4.020895845854,7.416801183213));
#3988 = CARTESIAN_POINT('',(4.10440370064,7.456672831671));
#3989 = CARTESIAN_POINT('',(4.187897549056,7.496537383378));
#3990 = CARTESIAN_POINT('',(4.27137918535,7.536395866548));
#3991 = CARTESIAN_POINT('',(4.35486082123,7.57625439755));
#3992 = CARTESIAN_POINT('',(4.438354683467,7.616119056504));
#3993 = CARTESIAN_POINT('',(4.521862579381,7.655990767757));
#3994 = CARTESIAN_POINT('',(4.645441897354,7.714995409864));
#3995 = CARTESIAN_POINT('',(4.685541227459,7.734141450205));
#3996 = CARTESIAN_POINT('',(4.725640244805,7.753287398046));
#3997 = CARTESIAN_POINT('',(4.76573886618,7.772433198413));
#3998 = CARTESIAN_POINT('',(4.805837483691,7.79157901739));
#3999 = CARTESIAN_POINT('',(4.845936491885,7.810725019056));
#4000 = CARTESIAN_POINT('',(4.886035814851,7.829871143565));
#4001 = CARTESIAN_POINT('',(4.993750627058,7.881301346681));
#4002 = CARTESIAN_POINT('',(5.061376250115,7.913590178777));
#4003 = CARTESIAN_POINT('',(5.128997682251,7.945876799977));
#4004 = CARTESIAN_POINT('',(5.196613877463,7.978160653867));
#4005 = CARTESIAN_POINT('',(5.264230076619,8.010444307538));
#4006 = CARTESIAN_POINT('',(5.331851519739,8.042730464306));
#4007 = CARTESIAN_POINT('',(5.39947715789,8.075018891935));
#4008 = CARTESIAN_POINT('',(5.534411181473,8.139445169908));
#4009 = CARTESIAN_POINT('',(5.601738215889,8.171591934451));
#4010 = CARTESIAN_POINT('',(5.669061138029,8.203737306973));
#4011 = CARTESIAN_POINT('',(5.736378920241,8.235880989917));
#4012 = CARTESIAN_POINT('',(5.803696691761,8.26802525046));
#4013 = CARTESIAN_POINT('',(5.871019589163,8.300171888795));
#4014 = CARTESIAN_POINT('',(5.938346602675,8.332319565393));
#4015 = CARTESIAN_POINT('',(6.040354383515,8.381024742292));
#4016 = CARTESIAN_POINT('',(6.075044690256,8.397587797228));
#4017 = CARTESIAN_POINT('',(6.109734855092,8.414150389958));
#4018 = CARTESIAN_POINT('',(6.14442484128,8.430712485372));
#4019 = CARTESIAN_POINT('',(6.17911483394,8.447274240959));
#4020 = CARTESIAN_POINT('',(6.213805015164,8.46383597239));
#4021 = CARTESIAN_POINT('',(6.248495339124,8.480398119116));
#4022 = CARTESIAN_POINT('',(6.28318530718,8.496961209957));
#4023 = ( GEOMETRIC_REPRESENTATION_CONTEXT(2) 
PARAMETRIC_REPRESENTATION_CONTEXT() REPRESENTATION_CONTEXT('2D SPACE',''
  ) );
#4024 = PCURVE('',#1910,#4025);
#4025 = DEFINITIONAL_REPRESENTATION('',(#4026),#4113);
#4026 = B_SPLINE_CURVE_WITH_KNOTS('',8,(#4027,#4028,#4029,#4030,#4031,
    #4032,#4033,#4034,#4035,#4036,#4037,#4038,#4039,#4040,#4041,#4042,
    #4043,#4044,#4045,#4046,#4047,#4048,#4049,#4050,#4051,#4052,#4053,
    #4054,#4055,#4056,#4057,#4058,#4059,#4060,#4061,#4062,#4063,#4064,
    #4065,#4066,#4067,#4068,#4069,#4070,#4071,#4072,#4073,#4074,#4075,
    #4076,#4077,#4078,#4079,#4080,#4081,#4082,#4083,#4084,#4085,#4086,
    #4087,#4088,#4089,#4090,#4091,#4092,#4093,#4094,#4095,#4096,#4097,
    #4098,#4099,#4100,#4101,#4102,#4103,#4104,#4105,#4106,#4107,#4108,
    #4109,#4110,#4111,#4112),.UNSPECIFIED.,.F.,.F.,(9,7,7,7,7,7,7,7,7,7,
    7,7,9),(0.,4.471144138026E-02,0.133242761035,0.217538042998,
    0.270198389513,0.374657036768,0.502300424501,0.626341129866,
    0.732729128674,0.783830888692,0.870001102019,0.955791046494,1.),
  .UNSPECIFIED.);
#4027 = CARTESIAN_POINT('',(-0.923653518499,0.));
#4028 = CARTESIAN_POINT('',(-0.923653518555,3.887826979782E-02));
#4029 = CARTESIAN_POINT('',(-0.923651014458,7.775698003756E-02));
#4030 = CARTESIAN_POINT('',(-0.923647655409,0.116635567399));
#4031 = CARTESIAN_POINT('',(-0.923644451156,0.155513973397));
#4032 = CARTESIAN_POINT('',(-0.923641921169,0.194392391395));
#4033 = CARTESIAN_POINT('',(-0.923640243826,0.233271013623));
#4034 = CARTESIAN_POINT('',(-0.923639405596,0.272149778192));
#4035 = CARTESIAN_POINT('',(-0.923639240569,0.388009543151));
#4036 = CARTESIAN_POINT('',(-0.923642196526,0.465002688868));
#4037 = CARTESIAN_POINT('',(-0.923647339327,0.541990288702));
#4038 = CARTESIAN_POINT('',(-0.923652703517,0.618971086281));
#4039 = CARTESIAN_POINT('',(-0.923656757323,0.695951852353));
#4040 = CARTESIAN_POINT('',(-0.923659058799,0.772939369898));
#4041 = CARTESIAN_POINT('',(-0.923660047743,0.849932385448));
#4042 = CARTESIAN_POINT('',(-0.923659902577,1.000211281831));
#4043 = CARTESIAN_POINT('',(-0.923658897961,1.073518561394));
#4044 = CARTESIAN_POINT('',(-0.923657310173,1.146821837881));
#4045 = CARTESIAN_POINT('',(-0.923655659758,1.220120030211));
#4046 = CARTESIAN_POINT('',(-0.923654356753,1.29341828328));
#4047 = CARTESIAN_POINT('',(-0.92365356801,1.366721740263));
#4048 = CARTESIAN_POINT('',(-0.923653232255,1.440029307544));
#4049 = CARTESIAN_POINT('',(-0.923653217046,1.559117680788));
#4050 = CARTESIAN_POINT('',(-0.923653337651,1.604908830538));
#4051 = CARTESIAN_POINT('',(-0.923653551729,1.650699535495));
#4052 = CARTESIAN_POINT('',(-0.923653810466,1.696489688082));
#4053 = CARTESIAN_POINT('',(-0.923654060721,1.742279793494));
#4054 = CARTESIAN_POINT('',(-0.923654254151,1.788070361433));
#4055 = CARTESIAN_POINT('',(-0.923654353932,1.833861295259));
#4056 = CARTESIAN_POINT('',(-0.923654309687,1.970481666691));
#4057 = CARTESIAN_POINT('',(-0.923653828883,2.061339410913));
#4058 = CARTESIAN_POINT('',(-0.923652730981,2.152182974283));
#4059 = CARTESIAN_POINT('',(-0.923651078262,2.243014110191));
#4060 = CARTESIAN_POINT('',(-0.923649269445,2.333845355254));
#4061 = CARTESIAN_POINT('',(-0.923647811172,2.424689204318));
#4062 = CARTESIAN_POINT('',(-0.923647037248,2.515547307922));
#4063 = CARTESIAN_POINT('',(-0.923647088613,2.717368761429));
#4064 = CARTESIAN_POINT('',(-0.923648307306,2.828434143582));
#4065 = CARTESIAN_POINT('',(-0.92365092067,2.939458442375));
#4066 = CARTESIAN_POINT('',(-0.923654648407,3.050453004546));
#4067 = CARTESIAN_POINT('',(-0.923658479485,3.161447448033));
#4068 = CARTESIAN_POINT('',(-0.923661298145,3.272471430981));
#4069 = CARTESIAN_POINT('',(-0.923662611009,3.383536597527));
#4070 = CARTESIAN_POINT('',(-0.923662310033,3.602385035612));
#4071 = CARTESIAN_POINT('',(-0.923660777643,3.710307573497));
#4072 = CARTESIAN_POINT('',(-0.923657898515,3.818194799641));
#4073 = CARTESIAN_POINT('',(-0.923654187512,3.926055879131));
#4074 = CARTESIAN_POINT('',(-0.923650664689,4.03391707943));
#4075 = CARTESIAN_POINT('',(-0.923648213356,4.141804573365));
#4076 = CARTESIAN_POINT('',(-0.923647075554,4.249727374458));
#4077 = CARTESIAN_POINT('',(-0.923647046863,4.450093749204));
#4078 = CARTESIAN_POINT('',(-0.92364785907,4.542632060147));
#4079 = CARTESIAN_POINT('',(-0.92364937571,4.635154716032));
#4080 = CARTESIAN_POINT('',(-0.923651237823,4.727663687584));
#4081 = CARTESIAN_POINT('',(-0.92365290359,4.820172542801));
#4082 = CARTESIAN_POINT('',(-0.923653960563,4.912694915345));
#4083 = CARTESIAN_POINT('',(-0.923654372552,5.005232908616));
#4084 = CARTESIAN_POINT('',(-0.923654322517,5.142175631789));
#4085 = CARTESIAN_POINT('',(-0.923654203532,5.186611184464));
#4086 = CARTESIAN_POINT('',(-0.923654003689,5.23104642883));
#4087 = CARTESIAN_POINT('',(-0.923653758482,5.275481278399));
#4088 = CARTESIAN_POINT('',(-0.923653512832,5.319916170649));
#4089 = CARTESIAN_POINT('',(-0.923653315041,5.364351542314));
#4090 = CARTESIAN_POINT('',(-0.92365320888,5.408787305178));
#4091 = CARTESIAN_POINT('',(-0.923653248942,5.528150757498));
#4092 = CARTESIAN_POINT('',(-0.923653620855,5.603089740563));
#4093 = CARTESIAN_POINT('',(-0.923654471246,5.678024146429));
#4094 = CARTESIAN_POINT('',(-0.923655857703,5.752952750405));
#4095 = CARTESIAN_POINT('',(-0.923657583001,5.827881282039));
#4096 = CARTESIAN_POINT('',(-0.923659184574,5.902815479807));
#4097 = CARTESIAN_POINT('',(-0.92366009414,5.977754146697));
#4098 = CARTESIAN_POINT('',(-0.923659841375,6.127279609404));
#4099 = CARTESIAN_POINT('',(-0.923658660846,6.201887072948));
#4100 = CARTESIAN_POINT('',(-0.923656213444,6.276489838865));
#4101 = CARTESIAN_POINT('',(-0.923652176548,6.351086843001));
#4102 = CARTESIAN_POINT('',(-0.923647014769,6.42568388518));
#4103 = CARTESIAN_POINT('',(-0.923642136925,6.500286774697));
#4104 = CARTESIAN_POINT('',(-0.923639312578,6.574894451639));
#4105 = CARTESIAN_POINT('',(-0.923639366474,6.687933457097));
#4106 = CARTESIAN_POINT('',(-0.923640142243,6.726375247078));
#4107 = CARTESIAN_POINT('',(-0.923641743259,6.764816914002));
#4108 = CARTESIAN_POINT('',(-0.923644186925,6.803258398099));
#4109 = CARTESIAN_POINT('',(-0.923647306618,6.841699878734));
#4110 = CARTESIAN_POINT('',(-0.923650618054,6.880141533352));
#4111 = CARTESIAN_POINT('',(-0.923653185661,6.918583296423));
#4112 = CARTESIAN_POINT('',(-0.923653488949,6.957024618384));
#4113 = ( GEOMETRIC_REPRESENTATION_CONTEXT(2) 
PARAMETRIC_REPRESENTATION_CONTEXT() REPRESENTATION_CONTEXT('2D SPACE',''
  ) );
#4114 = ADVANCED_FACE('',(#4115),#1910,.F.);
#4115 = FACE_BOUND('',#4116,.F.);
#4116 = EDGE_LOOP('',(#4117,#4118,#4119,#4150,#4196));
#4117 = ORIENTED_EDGE('',*,*,#3845,.F.);
#4118 = ORIENTED_EDGE('',*,*,#1895,.T.);
#4119 = ORIENTED_EDGE('',*,*,#4120,.T.);
#4120 = EDGE_CURVE('',#1865,#4121,#4123,.T.);
#4121 = VERTEX_POINT('',#4122);
#4122 = CARTESIAN_POINT('',(6.399999999982,5.955230297139E-03,
    8.960197242787));
#4123 = SURFACE_CURVE('',#4124,(#4137,#4144),.PCURVE_S1.);
#4124 = B_SPLINE_CURVE_WITH_KNOTS('',11,(#4125,#4126,#4127,#4128,#4129,
    #4130,#4131,#4132,#4133,#4134,#4135,#4136),.UNSPECIFIED.,.F.,.F.,(12
    ,12),(0.,6.962644440466),.PIECEWISE_BEZIER_KNOTS.);
#4125 = CARTESIAN_POINT('',(6.4,5.955230308059E-03,5.960197242626));
#4126 = CARTESIAN_POINT('',(6.396598380273,3.661626672327,6.232924515888
    ));
#4127 = CARTESIAN_POINT('',(4.096764757646,7.315078497907,6.505651786593
    ));
#4128 = CARTESIAN_POINT('',(-0.502773776205,9.363692301656,
    6.778379064537));
#4129 = CARTESIAN_POINT('',(-6.118401263397,8.199582604838,
    7.051106327541));
#4130 = CARTESIAN_POINT('',(-10.30188541586,3.374276188033,
    7.323833614003));
#4131 = CARTESIAN_POINT('',(-10.29558801211,-3.393442234572,
    7.59656087144));
#4132 = CARTESIAN_POINT('',(-6.103131187662,-8.210954798664,
    7.86928815781));
#4133 = CARTESIAN_POINT('',(-0.485346997006,-9.36461175271,
    8.142015420934));
#4134 = CARTESIAN_POINT('',(4.110371080691,-7.307441719148,
    8.414742698791));
#4135 = CARTESIAN_POINT('',(6.403401619703,-3.649716211723,
    8.687469969537));
#4136 = CARTESIAN_POINT('',(6.399999999982,5.955230297154E-03,
    8.960197242787));
#4137 = PCURVE('',#1910,#4138);
#4138 = DEFINITIONAL_REPRESENTATION('',(#4139),#4143);
#4139 = LINE('',#4140,#4141);
#4140 = CARTESIAN_POINT('',(-0.,0.));
#4141 = VECTOR('',#4142,1.);
#4142 = DIRECTION('',(0.,1.));
#4143 = ( GEOMETRIC_REPRESENTATION_CONTEXT(2) 
PARAMETRIC_REPRESENTATION_CONTEXT() REPRESENTATION_CONTEXT('2D SPACE',''
  ) );
#4144 = PCURVE('',#3394,#4145);
#4145 = DEFINITIONAL_REPRESENTATION('',(#4146),#4149);
#4146 = B_SPLINE_CURVE_WITH_KNOTS('',1,(#4147,#4148),.UNSPECIFIED.,.F.,
  .F.,(2,2),(0.,6.962644440466),.PIECEWISE_BEZIER_KNOTS.);
#4147 = CARTESIAN_POINT('',(-0.18,0.));
#4148 = CARTESIAN_POINT('',(-0.18,6.962644440466));
#4149 = ( GEOMETRIC_REPRESENTATION_CONTEXT(2) 
PARAMETRIC_REPRESENTATION_CONTEXT() REPRESENTATION_CONTEXT('2D SPACE',''
  ) );
#4150 = ORIENTED_EDGE('',*,*,#4151,.F.);
#4151 = EDGE_CURVE('',#4152,#4121,#4154,.T.);
#4152 = VERTEX_POINT('',#4153);
#4153 = CARTESIAN_POINT('',(7.199907411315,3.651394935404E-02,
    8.499382615787));
#4154 = SURFACE_CURVE('',#4155,(#4158,#4165),.PCURVE_S1.);
#4155 = B_SPLINE_CURVE_WITH_KNOTS('',1,(#4156,#4157),.UNSPECIFIED.,.F.,
  .F.,(2,2),(-0.923760430703,-0.),.PIECEWISE_BEZIER_KNOTS.);
#4156 = CARTESIAN_POINT('',(7.199999999889,3.651748649869E-02,
    8.499329276903));
#4157 = CARTESIAN_POINT('',(6.399999999982,5.955230297154E-03,
    8.960197242787));
#4158 = PCURVE('',#1910,#4159);
#4159 = DEFINITIONAL_REPRESENTATION('',(#4160),#4164);
#4160 = LINE('',#4161,#4162);
#4161 = CARTESIAN_POINT('',(0.,6.962644440466));
#4162 = VECTOR('',#4163,1.);
#4163 = DIRECTION('',(1.,0.));
#4164 = ( GEOMETRIC_REPRESENTATION_CONTEXT(2) 
PARAMETRIC_REPRESENTATION_CONTEXT() REPRESENTATION_CONTEXT('2D SPACE',''
  ) );
#4165 = PCURVE('',#4166,#4191);
#4166 = B_SPLINE_SURFACE_WITH_KNOTS('',1,11,(
    (#4167,#4168,#4169,#4170,#4171,#4172,#4173,#4174,#4175,#4176,#4177
      ,#4178)
    ,(#4179,#4180,#4181,#4182,#4183,#4184,#4185,#4186,#4187,#4188,#4189
      ,#4190
    )),.UNSPECIFIED.,.F.,.F.,.F.,(2,2),(12,12),(-0.923760430703,-0.),(0.
    ,6.962644440466),.PIECEWISE_BEZIER_KNOTS.);
#4167 = CARTESIAN_POINT('',(7.2,3.651748649872E-02,8.499329276903));
#4168 = CARTESIAN_POINT('',(7.179141259693,4.149147869348,8.772056549629
    ));
#4169 = CARTESIAN_POINT('',(4.574796906332,8.248581937166,9.044783822363
    ));
#4170 = CARTESIAN_POINT('',(-0.609248461194,10.531852162698,
    9.317511095076));
#4171 = CARTESIAN_POINT('',(-6.921430073537,9.196059797309,
    9.590238367812));
#4172 = CARTESIAN_POINT('',(-11.60538665116,3.748078949496,
    9.862965640562));
#4173 = CARTESIAN_POINT('',(-11.5667709557,-3.865605192794,
    10.13569291322));
#4174 = CARTESIAN_POINT('',(-6.827793932921,-9.265794117235,
    10.408420186045));
#4175 = CARTESIAN_POINT('',(-0.502387409112,-10.53749023867,
    10.681147458685));
#4176 = CARTESIAN_POINT('',(4.658230911788,-8.201753191545,
    10.953874731464));
#4177 = CARTESIAN_POINT('',(7.220858740217,-4.076112896348,
    11.226602004172));
#4178 = CARTESIAN_POINT('',(7.199999999885,3.651748649885E-02,
    11.499329276903));
#4179 = CARTESIAN_POINT('',(6.4,5.955230308065E-03,8.960197242626));
#4180 = CARTESIAN_POINT('',(6.396598380273,3.661626672326,9.232924515885
    ));
#4181 = CARTESIAN_POINT('',(4.096764757647,7.315078497912,9.505651786589
    ));
#4182 = CARTESIAN_POINT('',(-0.502773776211,9.363692301635,9.77837906459
    ));
#4183 = CARTESIAN_POINT('',(-6.118401263379,8.199582604892,
    10.051106327354));
#4184 = CARTESIAN_POINT('',(-10.3018854159,3.374276187941,
    10.323833614383));
#4185 = CARTESIAN_POINT('',(-10.29558801207,-3.393442234464,
    10.596560870926));
#4186 = CARTESIAN_POINT('',(-6.103131187706,-8.210954798753,
    10.869288158289));
#4187 = CARTESIAN_POINT('',(-0.485346996976,-9.364611752659,
    11.142015420622));
#4188 = CARTESIAN_POINT('',(4.110371080677,-7.307441719168,
    11.414742698929));
#4189 = CARTESIAN_POINT('',(6.403401619707,-3.649716211719,
    11.687469969497));
#4190 = CARTESIAN_POINT('',(6.399999999981,5.955230296868E-03,
    11.960197242792));
#4191 = DEFINITIONAL_REPRESENTATION('',(#4192),#4195);
#4192 = B_SPLINE_CURVE_WITH_KNOTS('',1,(#4193,#4194),.UNSPECIFIED.,.F.,
  .F.,(2,2),(-0.923760430703,-0.),.PIECEWISE_BEZIER_KNOTS.);
#4193 = CARTESIAN_POINT('',(-0.923760430703,0.));
#4194 = CARTESIAN_POINT('',(0.,0.));
#4195 = ( GEOMETRIC_REPRESENTATION_CONTEXT(2) 
PARAMETRIC_REPRESENTATION_CONTEXT() REPRESENTATION_CONTEXT('2D SPACE',''
  ) );
#4196 = ORIENTED_EDGE('',*,*,#4197,.F.);
#4197 = EDGE_CURVE('',#3818,#4152,#4198,.T.);
#4198 = SURFACE_CURVE('',#4199,(#4205,#4214),.PCURVE_S1.);
#4199 = B_SPLINE_CURVE_WITH_KNOTS('',3,(#4200,#4201,#4202,#4203,#4204),
  .UNSPECIFIED.,.F.,.F.,(4,1,4),(0.,0.840521686169,1.),.UNSPECIFIED.);
#4200 = CARTESIAN_POINT('',(7.2,1.209102262756E-15,8.496961209957));
#4201 = CARTESIAN_POINT('',(7.2,1.023029292519E-02,8.497639621229));
#4202 = CARTESIAN_POINT('',(7.199974058929,2.240167854103E-02,
    8.498446756986));
#4203 = CARTESIAN_POINT('',(7.199917255212,3.457290622019E-02,
    8.499253894712));
#4204 = CARTESIAN_POINT('',(7.199907411315,3.651394935397E-02,
    8.499382615787));
#4205 = PCURVE('',#1910,#4206);
#4206 = DEFINITIONAL_REPRESENTATION('',(#4207),#4213);
#4207 = B_SPLINE_CURVE_WITH_KNOTS('',3,(#4208,#4209,#4210,#4211,#4212),
  .UNSPECIFIED.,.F.,.F.,(4,1,4),(0.,0.840521686169,1.),.UNSPECIFIED.);
#4208 = CARTESIAN_POINT('',(-0.923653496179,6.957024618525));
#4209 = CARTESIAN_POINT('',(-0.923653508603,6.95859914507));
#4210 = CARTESIAN_POINT('',(-0.923653517402,6.960472421687));
#4211 = CARTESIAN_POINT('',(-0.923653518627,6.962345694105));
#4212 = CARTESIAN_POINT('',(-0.923653518627,6.962644440466));
#4213 = ( GEOMETRIC_REPRESENTATION_CONTEXT(2) 
PARAMETRIC_REPRESENTATION_CONTEXT() REPRESENTATION_CONTEXT('2D SPACE',''
  ) );
#4214 = PCURVE('',#3833,#4215);
#4215 = DEFINITIONAL_REPRESENTATION('',(#4216),#4222);
#4216 = B_SPLINE_CURVE_WITH_KNOTS('',3,(#4217,#4218,#4219,#4220,#4221),
  .UNSPECIFIED.,.F.,.F.,(4,1,4),(0.,0.840521686169,1.),.UNSPECIFIED.);
#4217 = CARTESIAN_POINT('',(0.,8.496961209957));
#4218 = CARTESIAN_POINT('',(1.420874017387E-03,8.497639621229));
#4219 = CARTESIAN_POINT('',(3.111344241833E-03,8.498446756986));
#4220 = CARTESIAN_POINT('',(4.8018108024E-03,8.499253894712));
#4221 = CARTESIAN_POINT('',(5.071403593375E-03,8.499382615787));
#4222 = ( GEOMETRIC_REPRESENTATION_CONTEXT(2) 
PARAMETRIC_REPRESENTATION_CONTEXT() REPRESENTATION_CONTEXT('2D SPACE',''
  ) );
#4223 = ADVANCED_FACE('',(#4224),#2375,.F.);
#4224 = FACE_BOUND('',#4225,.F.);
#4225 = EDGE_LOOP('',(#4226,#4227,#4228,#4229,#4230));
#4226 = ORIENTED_EDGE('',*,*,#2774,.F.);
#4227 = ORIENTED_EDGE('',*,*,#2828,.T.);
#4228 = ORIENTED_EDGE('',*,*,#2263,.T.);
#4229 = ORIENTED_EDGE('',*,*,#3479,.T.);
#4230 = ORIENTED_EDGE('',*,*,#4231,.F.);
#4231 = EDGE_CURVE('',#2775,#3480,#4232,.T.);
#4232 = SURFACE_CURVE('',#4233,(#4236,#4243),.PCURVE_S1.);
#4233 = B_SPLINE_CURVE_WITH_KNOTS('',1,(#4234,#4235),.UNSPECIFIED.,.F.,
  .F.,(2,2),(-0.923760430703,-0.),.PIECEWISE_BEZIER_KNOTS.);
#4234 = CARTESIAN_POINT('',(-6.400000000019,5.955230319313E-03,
    6.13980275754));
#4235 = CARTESIAN_POINT('',(-7.200000000115,3.651748649885E-02,
    6.600670723097));
#4236 = PCURVE('',#2375,#4237);
#4237 = DEFINITIONAL_REPRESENTATION('',(#4238),#4242);
#4238 = LINE('',#4239,#4240);
#4239 = CARTESIAN_POINT('',(0.,6.962644440466));
#4240 = VECTOR('',#4241,1.);
#4241 = DIRECTION('',(1.,0.));
#4242 = ( GEOMETRIC_REPRESENTATION_CONTEXT(2) 
PARAMETRIC_REPRESENTATION_CONTEXT() REPRESENTATION_CONTEXT('2D SPACE',''
  ) );
#4243 = PCURVE('',#3737,#4244);
#4244 = DEFINITIONAL_REPRESENTATION('',(#4245),#4248);
#4245 = B_SPLINE_CURVE_WITH_KNOTS('',1,(#4246,#4247),.UNSPECIFIED.,.F.,
  .F.,(2,2),(-0.923760430703,-0.),.PIECEWISE_BEZIER_KNOTS.);
#4246 = CARTESIAN_POINT('',(-0.923760430703,0.));
#4247 = CARTESIAN_POINT('',(0.,0.));
#4248 = ( GEOMETRIC_REPRESENTATION_CONTEXT(2) 
PARAMETRIC_REPRESENTATION_CONTEXT() REPRESENTATION_CONTEXT('2D SPACE',''
  ) );
#4249 = ADVANCED_FACE('',(#4250),#2574,.F.);
#4250 = FACE_BOUND('',#4251,.F.);
#4251 = EDGE_LOOP('',(#4252,#4253,#4254,#4308,#4352));
#4252 = ORIENTED_EDGE('',*,*,#3220,.F.);
#4253 = ORIENTED_EDGE('',*,*,#2559,.T.);
#4254 = ORIENTED_EDGE('',*,*,#4255,.T.);
#4255 = EDGE_CURVE('',#2506,#4256,#4258,.T.);
#4256 = VERTEX_POINT('',#4257);
#4257 = CARTESIAN_POINT('',(-6.399999999981,-5.955230296859E-03,
    11.960197242792));
#4258 = SURFACE_CURVE('',#4259,(#4272,#4279),.PCURVE_S1.);
#4259 = B_SPLINE_CURVE_WITH_KNOTS('',11,(#4260,#4261,#4262,#4263,#4264,
    #4265,#4266,#4267,#4268,#4269,#4270,#4271),.UNSPECIFIED.,.F.,.F.,(12
    ,12),(0.,6.962644440466),.PIECEWISE_BEZIER_KNOTS.);
#4260 = CARTESIAN_POINT('',(-6.4,-5.955230308071E-03,8.960197242626));
#4261 = CARTESIAN_POINT('',(-6.396598380273,-3.661626672326,
    9.232924515885));
#4262 = CARTESIAN_POINT('',(-4.096764757646,-7.315078497912,
    9.505651786589));
#4263 = CARTESIAN_POINT('',(0.502773776211,-9.363692301635,
    9.778379064588));
#4264 = CARTESIAN_POINT('',(6.11840126338,-8.199582604893,
    10.051106327357));
#4265 = CARTESIAN_POINT('',(10.301885415901,-3.374276187939,
    10.32383361438));
#4266 = CARTESIAN_POINT('',(10.295588012073,3.393442234461,
    10.59656087093));
#4267 = CARTESIAN_POINT('',(6.103131187704,8.210954798756,
    10.869288158286));
#4268 = CARTESIAN_POINT('',(0.485346996977,9.364611752657,
    11.142015420624));
#4269 = CARTESIAN_POINT('',(-4.110371080677,7.307441719169,
    11.414742698929));
#4270 = CARTESIAN_POINT('',(-6.403401619707,3.649716211719,
    11.687469969497));
#4271 = CARTESIAN_POINT('',(-6.399999999981,-5.955230296856E-03,
    11.960197242792));
#4272 = PCURVE('',#2574,#4273);
#4273 = DEFINITIONAL_REPRESENTATION('',(#4274),#4278);
#4274 = LINE('',#4275,#4276);
#4275 = CARTESIAN_POINT('',(-0.,0.));
#4276 = VECTOR('',#4277,1.);
#4277 = DIRECTION('',(0.,1.));
#4278 = ( GEOMETRIC_REPRESENTATION_CONTEXT(2) 
PARAMETRIC_REPRESENTATION_CONTEXT() REPRESENTATION_CONTEXT('2D SPACE',''
  ) );
#4279 = PCURVE('',#4280,#4303);
#4280 = B_SPLINE_SURFACE_WITH_KNOTS('',1,10,(
    (#4281,#4282,#4283,#4284,#4285,#4286,#4287,#4288,#4289,#4290,#4291)
    ,(#4292,#4293,#4294,#4295,#4296,#4297,#4298,#4299,#4300,#4301,#4302
    )),.UNSPECIFIED.,.F.,.F.,.F.,(2,2),(11,11),(-0.18,-0.),(0.,
    6.962644440466),.PIECEWISE_BEZIER_KNOTS.);
#4281 = CARTESIAN_POINT('',(-6.4,-5.955230308071E-03,8.960197242626));
#4282 = CARTESIAN_POINT('',(-6.396258218301,-4.027193816528,
    9.26019724321));
#4283 = CARTESIAN_POINT('',(-3.58576310703,-8.049054802095,
    9.560197241239));
#4284 = CARTESIAN_POINT('',(2.035957182964,-9.837420215082,
    9.860197245085));
#4285 = CARTESIAN_POINT('',(8.451277664935,-7.318707253015,
    10.160197240822));
#4286 = CARTESIAN_POINT('',(11.843967090377,1.1020867383E-02,
    10.460197242386));
#4287 = CARTESIAN_POINT('',(8.437642859702,7.334422473644,
    10.760197245134));
#4288 = CARTESIAN_POINT('',(2.017646139403,9.841192112108,
    11.060197240004));
#4289 = CARTESIAN_POINT('',(-3.600736250925,8.042367730434,
    11.360197244309));
#4290 = CARTESIAN_POINT('',(-6.403741781679,4.01528335592,
    11.660197242169));
#4291 = CARTESIAN_POINT('',(-6.399999999981,-5.955230296859E-03,
    11.960197242792));
#4292 = CARTESIAN_POINT('',(-6.4,5.955230308066E-03,9.139802757374));
#4293 = CARTESIAN_POINT('',(-6.403741781701,-4.015283355923,
    9.439802757959));
#4294 = CARTESIAN_POINT('',(-3.600736250961,-8.042367730437,
    9.739802755984));
#4295 = CARTESIAN_POINT('',(2.01764613942,-9.841192112174,10.03980275984
    ));
#4296 = CARTESIAN_POINT('',(8.437642859664,-7.334422473623,
    10.339802755559));
#4297 = CARTESIAN_POINT('',(11.843967090475,-1.102086747008E-02,
    10.639802757148));
#4298 = CARTESIAN_POINT('',(8.451277664913,7.318707253077,10.93980275987
    ));
#4299 = CARTESIAN_POINT('',(2.035957183025,9.837420215073,
    11.239802754759));
#4300 = CARTESIAN_POINT('',(-3.585763107044,8.049054802137,
    11.539802759054));
#4301 = CARTESIAN_POINT('',(-6.396258218308,4.027193816548,
    11.839802756917));
#4302 = CARTESIAN_POINT('',(-6.400000000019,5.955230319314E-03,
    12.13980275754));
#4303 = DEFINITIONAL_REPRESENTATION('',(#4304),#4307);
#4304 = B_SPLINE_CURVE_WITH_KNOTS('',1,(#4305,#4306),.UNSPECIFIED.,.F.,
  .F.,(2,2),(0.,6.962644440466),.PIECEWISE_BEZIER_KNOTS.);
#4305 = CARTESIAN_POINT('',(-0.18,0.));
#4306 = CARTESIAN_POINT('',(-0.18,6.962644440466));
#4307 = ( GEOMETRIC_REPRESENTATION_CONTEXT(2) 
PARAMETRIC_REPRESENTATION_CONTEXT() REPRESENTATION_CONTEXT('2D SPACE',''
  ) );
#4308 = ORIENTED_EDGE('',*,*,#4309,.F.);
#4309 = EDGE_CURVE('',#4310,#4256,#4312,.T.);
#4310 = VERTEX_POINT('',#4311);
#4311 = CARTESIAN_POINT('',(-7.199907411315,-3.651394935434E-02,
    11.499382615785));
#4312 = SURFACE_CURVE('',#4313,(#4316,#4323),.PCURVE_S1.);
#4313 = B_SPLINE_CURVE_WITH_KNOTS('',1,(#4314,#4315),.UNSPECIFIED.,.F.,
  .F.,(2,2),(-0.923760430703,-0.),.PIECEWISE_BEZIER_KNOTS.);
#4314 = CARTESIAN_POINT('',(-7.199999999885,-3.651748649886E-02,
    11.499329276903));
#4315 = CARTESIAN_POINT('',(-6.399999999981,-5.955230296856E-03,
    11.960197242792));
#4316 = PCURVE('',#2574,#4317);
#4317 = DEFINITIONAL_REPRESENTATION('',(#4318),#4322);
#4318 = LINE('',#4319,#4320);
#4319 = CARTESIAN_POINT('',(0.,6.962644440466));
#4320 = VECTOR('',#4321,1.);
#4321 = DIRECTION('',(1.,0.));
#4322 = ( GEOMETRIC_REPRESENTATION_CONTEXT(2) 
PARAMETRIC_REPRESENTATION_CONTEXT() REPRESENTATION_CONTEXT('2D SPACE',''
  ) );
#4323 = PCURVE('',#4324,#4347);
#4324 = B_SPLINE_SURFACE_WITH_KNOTS('',1,10,(
    (#4325,#4326,#4327,#4328,#4329,#4330,#4331,#4332,#4333,#4334,#4335)
    ,(#4336,#4337,#4338,#4339,#4340,#4341,#4342,#4343,#4344,#4345,#4346
    )),.UNSPECIFIED.,.F.,.F.,.F.,(2,2),(11,11),(-0.923760430703,-0.),(0.
    ,6.730556292451),.PIECEWISE_BEZIER_KNOTS.);
#4325 = CARTESIAN_POINT('',(-7.2,-3.651748649871E-02,11.499329276903));
#4326 = CARTESIAN_POINT('',(-7.177820205842,-4.409614460256,
    11.7893292769));
#4327 = CARTESIAN_POINT('',(-4.205119605479,-8.770232569804,
    12.079329276915));
#4328 = CARTESIAN_POINT('',(1.713988161429,-10.85531429238,
    12.369329276868));
#4329 = CARTESIAN_POINT('',(8.586102746205,-8.53302031494,
    12.659329276964));
#4330 = CARTESIAN_POINT('',(12.65924874667,-1.26565986064,
    12.949329276828));
#4331 = CARTESIAN_POINT('',(10.10551166133,6.66425016482,13.239329276967
    ));
#4332 = CARTESIAN_POINT('',(3.829187957263,10.301112725079,
    13.529329276865));
#4333 = CARTESIAN_POINT('',(-2.385561065116,9.429162665032,
    13.819329276918));
#4334 = CARTESIAN_POINT('',(-6.162732264056,5.743390433222,14.1093292769
    ));
#4335 = CARTESIAN_POINT('',(-7.050255137517,1.461244682057,
    14.399329276903));
#4336 = CARTESIAN_POINT('',(-6.4,-5.955230308065E-03,11.960197242626));
#4337 = CARTESIAN_POINT('',(-6.396382944309,-3.893152533398,
    12.250197243829));
#4338 = CARTESIAN_POINT('',(-3.77008987291,-7.780119011123,
    12.540197239096));
#4339 = CARTESIAN_POINT('',(1.483553290068,-9.655274943578,
    12.830197248834));
#4340 = CARTESIAN_POINT('',(7.600519956404,-7.616354160769,
    13.120197237624));
#4341 = CARTESIAN_POINT('',(11.247770134432,-1.171607591473,
    13.41019724246));
#4342 = CARTESIAN_POINT('',(9.007020293037,5.886453921622,
    13.700197248253));
#4343 = CARTESIAN_POINT('',(3.441570776415,9.142256569822,
    13.990197236342));
#4344 = CARTESIAN_POINT('',(-2.085744287224,8.390083446284,
    14.28019724645));
#4345 = CARTESIAN_POINT('',(-5.456727057191,5.127814470761,
    14.570197241582));
#4346 = CARTESIAN_POINT('',(-6.261382806675,1.324809727004,
    14.860197242816));
#4347 = DEFINITIONAL_REPRESENTATION('',(#4348),#4351);
#4348 = B_SPLINE_CURVE_WITH_KNOTS('',1,(#4349,#4350),.UNSPECIFIED.,.F.,
  .F.,(2,2),(-0.923760430703,-0.),.PIECEWISE_BEZIER_KNOTS.);
#4349 = CARTESIAN_POINT('',(-0.923760430703,0.));
#4350 = CARTESIAN_POINT('',(0.,0.));
#4351 = ( GEOMETRIC_REPRESENTATION_CONTEXT(2) 
PARAMETRIC_REPRESENTATION_CONTEXT() REPRESENTATION_CONTEXT('2D SPACE',''
  ) );
#4352 = ORIENTED_EDGE('',*,*,#4353,.F.);
#4353 = EDGE_CURVE('',#3193,#4310,#4354,.T.);
#4354 = SURFACE_CURVE('',#4355,(#4400,#4448),.PCURVE_S1.);
#4355 = B_SPLINE_CURVE_WITH_KNOTS('',8,(#4356,#4357,#4358,#4359,#4360,
    #4361,#4362,#4363,#4364,#4365,#4366,#4367,#4368,#4369,#4370,#4371,
    #4372,#4373,#4374,#4375,#4376,#4377,#4378,#4379,#4380,#4381,#4382,
    #4383,#4384,#4385,#4386,#4387,#4388,#4389,#4390,#4391,#4392,#4393,
    #4394,#4395,#4396,#4397,#4398,#4399),.UNSPECIFIED.,.F.,.F.,(9,7,7,7,
    7,7,9),(0.,0.253664119833,0.466632094072,0.564396281965,
    0.739878976468,0.90957545298,1.),.UNSPECIFIED.);
#4356 = CARTESIAN_POINT('',(7.2,-2.09554595898E-15,9.996956719489));
#4357 = CARTESIAN_POINT('',(7.2,0.718298475215,10.04459030741));
#4358 = CARTESIAN_POINT('',(7.118102637195,1.437071748257,
    10.092256068913));
#4359 = CARTESIAN_POINT('',(6.95411952136,2.14468512004,10.139905230637)
  );
#4360 = CARTESIAN_POINT('',(6.710067272556,2.830275444155,
    10.187542333305));
#4361 = CARTESIAN_POINT('',(6.38939356116,3.483547252564,10.235179435437
    ));
#4362 = CARTESIAN_POINT('',(5.99706592538,4.094845946274,10.282828560007
    ));
#4363 = CARTESIAN_POINT('',(5.539455504447,4.655146016756,
    10.330494391548));
#4364 = CARTESIAN_POINT('',(4.593132654469,5.577348165283,
    10.418119643583));
#4365 = CARTESIAN_POINT('',(4.120805239898,5.957030928583,
    10.458123982485));
#4366 = CARTESIAN_POINT('',(3.612835294889,6.290755228727,
    10.498121107669));
#4367 = CARTESIAN_POINT('',(3.074504122209,6.574696597126,
    10.538112078781));
#4368 = CARTESIAN_POINT('',(2.511459004052,6.805788267901,
    10.578103107669));
#4369 = CARTESIAN_POINT('',(1.929674101902,6.981662503956,
    10.618100359397));
#4370 = CARTESIAN_POINT('',(1.335470424357,7.10071819768,10.658104774321
    ));
#4371 = CARTESIAN_POINT('',(0.460177479657,7.190610254178,
    10.716454626722));
#4372 = CARTESIAN_POINT('',(0.183541437057,7.206791378088,
    10.734813287365));
#4373 = CARTESIAN_POINT('',(-9.371524733105E-02,7.210807366093,
    10.753171881213));
#4374 = CARTESIAN_POINT('',(-0.370967806169,7.202632680061,
    10.771530364717));
#4375 = CARTESIAN_POINT('',(-0.647593142321,7.182280174948,
    10.789888866518));
#4376 = CARTESIAN_POINT('',(-0.922970137545,7.149801082032,
    10.808247513331));
#4377 = CARTESIAN_POINT('',(-1.196479961193,7.105284992137,
    10.826606255843));
#4378 = CARTESIAN_POINT('',(-1.953987646595,6.947579010488,
    10.877917336768));
#4379 = CARTESIAN_POINT('',(-2.432554846835,6.807911294991,
    10.910874806374));
#4380 = CARTESIAN_POINT('',(-2.899560981693,6.63059570774,10.94382984823
    ));
#4381 = CARTESIAN_POINT('',(-3.351559542684,6.416783393975,
    10.976781842633));
#4382 = CARTESIAN_POINT('',(-3.785279335373,6.167974941724,
    11.009733623648));
#4383 = CARTESIAN_POINT('',(-4.197619845224,5.885997595214,
    11.042688181684));
#4384 = CARTESIAN_POINT('',(-4.585667144663,5.573022368795,
    11.075645250349));
#4385 = CARTESIAN_POINT('',(-5.295888145514,4.901476831996,
    11.140463756102));
#4386 = CARTESIAN_POINT('',(-5.619911353783,4.544656348127,
    11.172334407112));
#4387 = CARTESIAN_POINT('',(-5.916348440228,4.163455185112,
    11.204203740855));
#4388 = CARTESIAN_POINT('',(-6.183082038211,3.760384393379,
    11.236071468579));
#4389 = CARTESIAN_POINT('',(-6.418284568093,3.338137337147,
    11.267939756937));
#4390 = CARTESIAN_POINT('',(-6.62040524592,2.899575660337,
    11.299810323874));
#4391 = CARTESIAN_POINT('',(-6.788188473117,2.447734379681,
    11.331681876008));
#4392 = CARTESIAN_POINT('',(-6.991346343208,1.739724094307,
    11.380528025939));
#4393 = CARTESIAN_POINT('',(-7.051966414646,1.490728973855,
    11.397507971607));
#4394 = CARTESIAN_POINT('',(-7.102446835435,1.239338921786,
    11.414487427407));
#4395 = CARTESIAN_POINT('',(-7.142678421136,0.986036332617,
    11.431466350569));
#4396 = CARTESIAN_POINT('',(-7.172579818047,0.731307638362,
    11.448444914317));
#4397 = CARTESIAN_POINT('',(-7.192097532311,0.475643129623,
    11.465423469519));
#4398 = CARTESIAN_POINT('',(-7.201205959019,0.219536776693,
    11.48240250632));
#4399 = CARTESIAN_POINT('',(-7.199907411315,-3.651394935441E-02,
    11.499382615785));
#4400 = PCURVE('',#2574,#4401);
#4401 = DEFINITIONAL_REPRESENTATION('',(#4402),#4447);
#4402 = B_SPLINE_CURVE_WITH_KNOTS('',8,(#4403,#4404,#4405,#4406,#4407,
    #4408,#4409,#4410,#4411,#4412,#4413,#4414,#4415,#4416,#4417,#4418,
    #4419,#4420,#4421,#4422,#4423,#4424,#4425,#4426,#4427,#4428,#4429,
    #4430,#4431,#4432,#4433,#4434,#4435,#4436,#4437,#4438,#4439,#4440,
    #4441,#4442,#4443,#4444,#4445,#4446),.UNSPECIFIED.,.F.,.F.,(9,7,7,7,
    7,7,9),(0.,0.253664119833,0.466632094072,0.564396281965,
    0.739878976468,0.90957545298,1.),.UNSPECIFIED.);
#4403 = CARTESIAN_POINT('',(-0.923662465172,3.475702362354));
#4404 = CARTESIAN_POINT('',(-0.923662529908,3.586254349352));
#4405 = CARTESIAN_POINT('',(-0.923661144426,3.696879322131));
#4406 = CARTESIAN_POINT('',(-0.923658268044,3.807464064114));
#4407 = CARTESIAN_POINT('',(-0.923654459751,3.918019703366));
#4408 = CARTESIAN_POINT('',(-0.923650764563,4.028575508877));
#4409 = CARTESIAN_POINT('',(-0.923648216953,4.139160522518));
#4410 = CARTESIAN_POINT('',(-0.923647050227,4.249785918713));
#4411 = CARTESIAN_POINT('',(-0.923647068268,4.453153764245));
#4412 = CARTESIAN_POINT('',(-0.92364790467,4.546000061997));
#4413 = CARTESIAN_POINT('',(-0.923649442617,4.638830429879));
#4414 = CARTESIAN_POINT('',(-0.92365131504,4.731646902181));
#4415 = CARTESIAN_POINT('',(-0.923652973669,4.824463261022));
#4416 = CARTESIAN_POINT('',(-0.923654007649,4.917293339057));
#4417 = CARTESIAN_POINT('',(-0.92365439198,5.010139289795));
#4418 = CARTESIAN_POINT('',(-0.923654310639,5.145562287417));
#4419 = CARTESIAN_POINT('',(-0.923654192733,5.188170426381));
#4420 = CARTESIAN_POINT('',(-0.923654001601,5.230778325533));
#4421 = CARTESIAN_POINT('',(-0.923653769523,5.27338592118));
#4422 = CARTESIAN_POINT('',(-0.923653536328,5.315993557996));
#4423 = CARTESIAN_POINT('',(-0.923653343747,5.358601578396));
#4424 = CARTESIAN_POINT('',(-0.923653229765,5.401209911913));
#4425 = CARTESIAN_POINT('',(-0.923653210801,5.5202968274));
#4426 = CARTESIAN_POINT('',(-0.923653545792,5.596787596126));
#4427 = CARTESIAN_POINT('',(-0.923654375373,5.673273303018));
#4428 = CARTESIAN_POINT('',(-0.923655776898,5.749752599384));
#4429 = CARTESIAN_POINT('',(-0.923657550715,5.826231831578));
#4430 = CARTESIAN_POINT('',(-0.923659204405,5.902717369813));
#4431 = CARTESIAN_POINT('',(-0.923660128217,5.979207889798));
#4432 = CARTESIAN_POINT('',(-0.923659800612,6.129643580037));
#4433 = CARTESIAN_POINT('',(-0.923658594313,6.203610186957));
#4434 = CARTESIAN_POINT('',(-0.923656137223,6.277572288369));
#4435 = CARTESIAN_POINT('',(-0.923652130427,6.351528867997));
#4436 = CARTESIAN_POINT('',(-0.923647033537,6.425485486577));
#4437 = CARTESIAN_POINT('',(-0.923642212378,6.499447712733));
#4438 = CARTESIAN_POINT('',(-0.923639382442,6.573414531051));
#4439 = CARTESIAN_POINT('',(-0.923639329848,6.686780594904));
#4440 = CARTESIAN_POINT('',(-0.923640108626,6.726189938084));
#4441 = CARTESIAN_POINT('',(-0.923641748806,6.765599141755));
#4442 = CARTESIAN_POINT('',(-0.92364427584,6.805008136119));
#4443 = CARTESIAN_POINT('',(-0.923647517687,6.84441712401));
#4444 = CARTESIAN_POINT('',(-0.92365094621,6.883826308216));
#4445 = CARTESIAN_POINT('',(-0.923653518572,6.923235618809));
#4446 = CARTESIAN_POINT('',(-0.923653518631,6.962644440466));
#4447 = ( GEOMETRIC_REPRESENTATION_CONTEXT(2) 
PARAMETRIC_REPRESENTATION_CONTEXT() REPRESENTATION_CONTEXT('2D SPACE',''
  ) );
#4448 = PCURVE('',#3208,#4449);
#4449 = DEFINITIONAL_REPRESENTATION('',(#4450),#4495);
#4450 = B_SPLINE_CURVE_WITH_KNOTS('',8,(#4451,#4452,#4453,#4454,#4455,
    #4456,#4457,#4458,#4459,#4460,#4461,#4462,#4463,#4464,#4465,#4466,
    #4467,#4468,#4469,#4470,#4471,#4472,#4473,#4474,#4475,#4476,#4477,
    #4478,#4479,#4480,#4481,#4482,#4483,#4484,#4485,#4486,#4487,#4488,
    #4489,#4490,#4491,#4492,#4493,#4494),.UNSPECIFIED.,.F.,.F.,(9,7,7,7,
    7,7,9),(0.,0.253664119833,0.466632094072,0.564396281965,
    0.739878976468,0.90957545298,1.),.UNSPECIFIED.);
#4451 = CARTESIAN_POINT('',(0.,9.996956719489));
#4452 = CARTESIAN_POINT('',(9.976367711314E-02,10.04459030741));
#4453 = CARTESIAN_POINT('',(0.199593214019,10.092256068913));
#4454 = CARTESIAN_POINT('',(0.29938638624,10.139905230637));
#4455 = CARTESIAN_POINT('',(0.399153181152,10.187542333305));
#4456 = CARTESIAN_POINT('',(0.498920003889,10.235179435437));
#4457 = CARTESIAN_POINT('',(0.598713154553,10.282828560007));
#4458 = CARTESIAN_POINT('',(0.698542816738,10.330494391548));
#4459 = CARTESIAN_POINT('',(0.88206459169,10.418119643583));
#4460 = CARTESIAN_POINT('',(0.965850381401,10.458123982485));
#4461 = CARTESIAN_POINT('',(1.049621918014,10.498121107669));
#4462 = CARTESIAN_POINT('',(1.133381052584,10.538112078781));
#4463 = CARTESIAN_POINT('',(1.217140188455,10.578103107669));
#4464 = CARTESIAN_POINT('',(1.300911730102,10.618100359397));
#4465 = CARTESIAN_POINT('',(1.384697529043,10.658104774321));
#4466 = CARTESIAN_POINT('',(1.506905413372,10.716454626722));
#4467 = CARTESIAN_POINT('',(1.545355654952,10.734813287365));
#4468 = CARTESIAN_POINT('',(1.583805648,10.753171881213));
#4469 = CARTESIAN_POINT('',(1.622255330787,10.771530364717));
#4470 = CARTESIAN_POINT('',(1.660705012122,10.789888866518));
#4471 = CARTESIAN_POINT('',(1.699155001121,10.808247513331));
#4472 = CARTESIAN_POINT('',(1.737605236985,10.826606255843));
#4473 = CARTESIAN_POINT('',(1.845070515444,10.877917336768));
#4474 = CARTESIAN_POINT('',(1.91409648946,10.910874806374));
#4475 = CARTESIAN_POINT('',(1.983117828202,10.94382984823));
#4476 = CARTESIAN_POINT('',(2.052133376791,10.976781842633));
#4477 = CARTESIAN_POINT('',(2.121148937573,11.009733623648));
#4478 = CARTESIAN_POINT('',(2.190170325437,11.042688181684));
#4479 = CARTESIAN_POINT('',(2.259196378961,11.075645250349));
#4480 = CARTESIAN_POINT('',(2.394951815473,11.140463756102));
#4481 = CARTESIAN_POINT('',(2.461700533273,11.172334407112));
#4482 = CARTESIAN_POINT('',(2.528445308414,11.204203740855));
#4483 = CARTESIAN_POINT('',(2.59518515766,11.236071468579));
#4484 = CARTESIAN_POINT('',(2.661924997336,11.267939756937));
#4485 = CARTESIAN_POINT('',(2.728669749985,11.299810323874));
#4486 = CARTESIAN_POINT('',(2.795418447238,11.331681876008));
#4487 = CARTESIAN_POINT('',(2.897721374729,11.380528025939));
#4488 = CARTESIAN_POINT('',(2.933284813063,11.397507971607));
#4489 = CARTESIAN_POINT('',(2.968848092495,11.414487427407));
#4490 = CARTESIAN_POINT('',(3.004411168711,11.431466350569));
#4491 = CARTESIAN_POINT('',(3.039974250099,11.448444914317));
#4492 = CARTESIAN_POINT('',(3.075537543344,11.465423469519));
#4493 = CARTESIAN_POINT('',(3.111100999019,11.48240250632));
#4494 = CARTESIAN_POINT('',(3.146664057183,11.499382615785));
#4495 = ( GEOMETRIC_REPRESENTATION_CONTEXT(2) 
PARAMETRIC_REPRESENTATION_CONTEXT() REPRESENTATION_CONTEXT('2D SPACE',''
  ) );
#4496 = ADVANCED_FACE('',(#4497),#2530,.F.);
#4497 = FACE_BOUND('',#4498,.F.);
#4498 = EDGE_LOOP('',(#4499,#4500,#4501,#4532));
#4499 = ORIENTED_EDGE('',*,*,#2505,.F.);
#4500 = ORIENTED_EDGE('',*,*,#2805,.T.);
#4501 = ORIENTED_EDGE('',*,*,#4502,.T.);
#4502 = EDGE_CURVE('',#2775,#4503,#4505,.T.);
#4503 = VERTEX_POINT('',#4504);
#4504 = CARTESIAN_POINT('',(-6.400000000018,5.955230318966E-03,
    9.139802757535));
#4505 = SURFACE_CURVE('',#4506,(#4519,#4525),.PCURVE_S1.);
#4506 = B_SPLINE_CURVE_WITH_KNOTS('',11,(#4507,#4508,#4509,#4510,#4511,
    #4512,#4513,#4514,#4515,#4516,#4517,#4518),.UNSPECIFIED.,.F.,.F.,(12
    ,12),(0.,6.962644440466),.PIECEWISE_BEZIER_KNOTS.);
#4507 = CARTESIAN_POINT('',(-6.4,5.955230308071E-03,6.139802757374));
#4508 = CARTESIAN_POINT('',(-6.403401619728,-3.649716211721,
    6.412530030637));
#4509 = CARTESIAN_POINT('',(-4.110371080711,-7.307441719168,
    6.685257301338));
#4510 = CARTESIAN_POINT('',(0.485346996983,-9.364611752726,
    6.957984579293));
#4511 = CARTESIAN_POINT('',(6.103131187674,-8.210954798712,
    7.230711842279));
#4512 = CARTESIAN_POINT('',(10.295588012136,-3.393442234592,
    7.50343912876));
#4513 = CARTESIAN_POINT('',(10.3018854159,3.374276188029,7.776166386185)
  );
#4514 = CARTESIAN_POINT('',(6.118401263436,8.199582604839,8.048893672556
    ));
#4515 = CARTESIAN_POINT('',(0.502773776216,9.363692301693,8.321620935686
    ));
#4516 = CARTESIAN_POINT('',(-4.096764757641,7.31507849793,8.594348213538
    ));
#4517 = CARTESIAN_POINT('',(-6.396598380286,3.66162667235,8.867075484285
    ));
#4518 = CARTESIAN_POINT('',(-6.400000000018,5.955230318966E-03,
    9.139802757535));
#4519 = PCURVE('',#2530,#4520);
#4520 = DEFINITIONAL_REPRESENTATION('',(#4521),#4524);
#4521 = B_SPLINE_CURVE_WITH_KNOTS('',1,(#4522,#4523),.UNSPECIFIED.,.F.,
  .F.,(2,2),(0.,6.962644440466),.PIECEWISE_BEZIER_KNOTS.);
#4522 = CARTESIAN_POINT('',(0.,0.));
#4523 = CARTESIAN_POINT('',(0.,6.962644440466));
#4524 = ( GEOMETRIC_REPRESENTATION_CONTEXT(2) 
PARAMETRIC_REPRESENTATION_CONTEXT() REPRESENTATION_CONTEXT('2D SPACE',''
  ) );
#4525 = PCURVE('',#3737,#4526);
#4526 = DEFINITIONAL_REPRESENTATION('',(#4527),#4531);
#4527 = LINE('',#4528,#4529);
#4528 = CARTESIAN_POINT('',(-0.923760430703,0.));
#4529 = VECTOR('',#4530,1.);
#4530 = DIRECTION('',(0.,1.));
#4531 = ( GEOMETRIC_REPRESENTATION_CONTEXT(2) 
PARAMETRIC_REPRESENTATION_CONTEXT() REPRESENTATION_CONTEXT('2D SPACE',''
  ) );
#4532 = ORIENTED_EDGE('',*,*,#4533,.F.);
#4533 = EDGE_CURVE('',#2506,#4503,#4534,.T.);
#4534 = SURFACE_CURVE('',#4535,(#4538,#4545),.PCURVE_S1.);
#4535 = B_SPLINE_CURVE_WITH_KNOTS('',1,(#4536,#4537),.UNSPECIFIED.,.F.,
  .F.,(2,2),(-0.18,-0.),.PIECEWISE_BEZIER_KNOTS.);
#4536 = CARTESIAN_POINT('',(-6.399999999982,-5.955230297143E-03,
    8.960197242787));
#4537 = CARTESIAN_POINT('',(-6.400000000018,5.955230318966E-03,
    9.139802757535));
#4538 = PCURVE('',#2530,#4539);
#4539 = DEFINITIONAL_REPRESENTATION('',(#4540),#4544);
#4540 = LINE('',#4541,#4542);
#4541 = CARTESIAN_POINT('',(0.,6.962644440466));
#4542 = VECTOR('',#4543,1.);
#4543 = DIRECTION('',(1.,0.));
#4544 = ( GEOMETRIC_REPRESENTATION_CONTEXT(2) 
PARAMETRIC_REPRESENTATION_CONTEXT() REPRESENTATION_CONTEXT('2D SPACE',''
  ) );
#4545 = PCURVE('',#4280,#4546);
#4546 = DEFINITIONAL_REPRESENTATION('',(#4547),#4550);
#4547 = B_SPLINE_CURVE_WITH_KNOTS('',1,(#4548,#4549),.UNSPECIFIED.,.F.,
  .F.,(2,2),(-0.18,-0.),.PIECEWISE_BEZIER_KNOTS.);
#4548 = CARTESIAN_POINT('',(-0.18,0.));
#4549 = CARTESIAN_POINT('',(0.,0.));
#4550 = ( GEOMETRIC_REPRESENTATION_CONTEXT(2) 
PARAMETRIC_REPRESENTATION_CONTEXT() REPRESENTATION_CONTEXT('2D SPACE',''
  ) );
#4551 = ADVANCED_FACE('',(#4552),#3208,.T.);
#4552 = FACE_BOUND('',#4553,.T.);
#4553 = EDGE_LOOP('',(#4554,#4826,#4855,#4918,#4919));
#4554 = ORIENTED_EDGE('',*,*,#4555,.T.);
#4555 = EDGE_CURVE('',#3148,#4556,#4558,.T.);
#4556 = VERTEX_POINT('',#4557);
#4557 = CARTESIAN_POINT('',(2.181297804578,-6.861628078506,12.));
#4558 = SURFACE_CURVE('',#4559,(#4646,#4736),.PCURVE_S1.);
#4559 = B_SPLINE_CURVE_WITH_KNOTS('',8,(#4560,#4561,#4562,#4563,#4564,
    #4565,#4566,#4567,#4568,#4569,#4570,#4571,#4572,#4573,#4574,#4575,
    #4576,#4577,#4578,#4579,#4580,#4581,#4582,#4583,#4584,#4585,#4586,
    #4587,#4588,#4589,#4590,#4591,#4592,#4593,#4594,#4595,#4596,#4597,
    #4598,#4599,#4600,#4601,#4602,#4603,#4604,#4605,#4606,#4607,#4608,
    #4609,#4610,#4611,#4612,#4613,#4614,#4615,#4616,#4617,#4618,#4619,
    #4620,#4621,#4622,#4623,#4624,#4625,#4626,#4627,#4628,#4629,#4630,
    #4631,#4632,#4633,#4634,#4635,#4636,#4637,#4638,#4639,#4640,#4641,
    #4642,#4643,#4644,#4645),.UNSPECIFIED.,.F.,.F.,(9,7,7,7,7,7,7,7,7,7,
    7,7,9),(0.,5.629873714854E-02,0.164059746815,0.182867925136,
    0.335399980148,0.468181685269,0.614094331157,0.630063414389,
    0.763980957403,0.785057949743,0.916188534865,0.978678072552,1.),
  .UNSPECIFIED.);
#4560 = CARTESIAN_POINT('',(7.2,-2.6645352591E-15,9.603038789979));
#4561 = CARTESIAN_POINT('',(7.2,0.254338180008,9.619904962797));
#4562 = CARTESIAN_POINT('',(7.189731893101,0.508679173376,9.636770168317
    ));
#4563 = CARTESIAN_POINT('',(7.169195872107,0.762535444317,9.65363495375)
  );
#4564 = CARTESIAN_POINT('',(7.138419302414,1.015422997774,9.670499775882
    ));
#4565 = CARTESIAN_POINT('',(7.097456686379,1.266861552167,9.687364962819
    ));
#4566 = CARTESIAN_POINT('',(7.046389627701,1.516374712143,9.704230675736
    ));
#4567 = CARTESIAN_POINT('',(6.985326795794,1.763490141321,9.72109687062)
  );
#4568 = CARTESIAN_POINT('',(6.778650864326,2.475256133499,9.770247095183
    ));
#4569 = CARTESIAN_POINT('',(6.606751540879,2.932348471289,9.802536775586
    ));
#4570 = CARTESIAN_POINT('',(6.399663588958,3.375655566909,9.834825334075
    ));
#4571 = CARTESIAN_POINT('',(6.158708005438,3.802027200559,9.86711141403)
  );
#4572 = CARTESIAN_POINT('',(5.885515458498,4.208497684997,9.899396882744
    ));
#4573 = CARTESIAN_POINT('',(5.582006444686,4.592280255701,9.931684083561
    ));
#4574 = CARTESIAN_POINT('',(5.250405259464,4.950782280331,9.963972726779
    ));
#4575 = CARTESIAN_POINT('',(4.830957916023,5.339388103565,
    10.001891086681));
#4576 = CARTESIAN_POINT('',(4.767849183239,5.396294296125,
    10.007525742921));
#4577 = CARTESIAN_POINT('',(4.703974826171,5.452347594088,
    10.013160388633));
#4578 = CARTESIAN_POINT('',(4.639348308514,5.507535986654,
    10.018795024398));
#4579 = CARTESIAN_POINT('',(4.573983314405,5.561847723297,
    10.024429650774));
#4580 = CARTESIAN_POINT('',(4.507893748429,5.61527131377,10.03006426829)
  );
#4581 = CARTESIAN_POINT('',(4.441093735611,5.667795528102,
    10.035698877449));
#4582 = CARTESIAN_POINT('',(3.826212285805,6.137991637498,
    10.087029414679));
#4583 = CARTESIAN_POINT('',(3.232735446682,6.496936391858,
    10.132750545817));
#4584 = CARTESIAN_POINT('',(2.60119452983,6.789919614029,10.178457904147
    ));
#4585 = CARTESIAN_POINT('',(1.940239849546,7.012451760819,
    10.224155500847));
#4586 = CARTESIAN_POINT('',(1.258901298475,7.16131192606,10.269853675081
    ));
#4587 = CARTESIAN_POINT('',(0.566580137815,7.234621437157,
    10.315562418842));
#4588 = CARTESIAN_POINT('',(-0.126995943621,7.231784972797,
    10.361284828867));
#4589 = CARTESIAN_POINT('',(-1.407729101849,7.086475403193,
    10.44676075102));
#4590 = CARTESIAN_POINT('',(-1.997520414107,6.962075031484,
    10.486552796697));
#4591 = CARTESIAN_POINT('',(-2.574462593339,6.781588021859,
    10.52633787445));
#4592 = CARTESIAN_POINT('',(-3.132350959403,6.546650461071,
    10.566116892161));
#4593 = CARTESIAN_POINT('',(-3.665327143264,6.259646197698,
    10.605895872697));
#4594 = CARTESIAN_POINT('',(-4.167859274251,5.923641279691,
    10.645680883622));
#4595 = CARTESIAN_POINT('',(-4.63478036531,5.542440402308,
    10.685472937205));
#4596 = CARTESIAN_POINT('',(-5.530233255252,4.657364354891,
    10.768966109787));
#4597 = CARTESIAN_POINT('',(-5.950789922255,4.14470379811,
    10.812700724165));
#4598 = CARTESIAN_POINT('',(-6.316673960388,3.588945806838,
    10.856424917369));
#4599 = CARTESIAN_POINT('',(-6.622887599167,2.996995098177,
    10.900140899995));
#4600 = CARTESIAN_POINT('',(-6.865448579663,2.376240235409,
    10.943856978332));
#4601 = CARTESIAN_POINT('',(-7.041435067071,1.734549652006,
    10.987581411371));
#4602 = CARTESIAN_POINT('',(-7.148958981557,1.080235212094,
    11.031316309805));
#4603 = CARTESIAN_POINT('',(-7.191841723884,0.350167400534,
    11.079814202736));
#4604 = CARTESIAN_POINT('',(-7.19524725896,0.278100171274,
    11.084598352775));
#4605 = CARTESIAN_POINT('',(-7.197827442861,0.20599550839,
    11.089382496372));
#4606 = CARTESIAN_POINT('',(-7.19958180391,0.133864477598,
    11.094166631019));
#4607 = CARTESIAN_POINT('',(-7.200510047996,6.171812681657E-02,
    11.098950755625));
#4608 = CARTESIAN_POINT('',(-7.200612058575,-1.043251382856E-02,
    11.103734870515));
#4609 = CARTESIAN_POINT('',(-7.199887896667,-8.257643200978E-02,
    11.108518977429));
#4610 = CARTESIAN_POINT('',(-7.185338618692,-0.759556619472,
    11.153422802657));
#4611 = CARTESIAN_POINT('',(-7.114249820452,-1.363363975676,
    11.193555402351));
#4612 = CARTESIAN_POINT('',(-6.985154403234,-1.959310107134,
    11.233680612594));
#4613 = CARTESIAN_POINT('',(-6.799151779905,-2.540903388922,
    11.273799519415));
#4614 = CARTESIAN_POINT('',(-6.558143285201,-3.101940476924,
    11.313918423229));
#4615 = CARTESIAN_POINT('',(-6.264761900008,-3.636491457226,
    11.354043607104));
#4616 = CARTESIAN_POINT('',(-5.922435033952,-4.138934715912,
    11.394176115311));
#4617 = CARTESIAN_POINT('',(-5.474681230881,-4.67727826945,
    11.440609972711));
#4618 = CARTESIAN_POINT('',(-5.412686795821,-4.749564869711,
    11.446924308721));
#4619 = CARTESIAN_POINT('',(-5.349602141189,-4.820911686493,
    11.453238655101));
#4620 = CARTESIAN_POINT('',(-5.2854439047,-4.891299555323,
    11.459553012011));
#4621 = CARTESIAN_POINT('',(-5.220229121837,-4.960709672899,
    11.465867379194));
#4622 = CARTESIAN_POINT('',(-5.153975225849,-5.029123597096,
    11.472181755981));
#4623 = CARTESIAN_POINT('',(-5.086700047752,-5.096523246961,
    11.478496141291));
#4624 = CARTESIAN_POINT('',(-4.593628549208,-5.575797516345,
    11.524095548709));
#4625 = CARTESIAN_POINT('',(-4.129878034184,-5.948886111715,
    11.563392973308));
#4626 = CARTESIAN_POINT('',(-3.631710454157,-6.27766534437,
    11.602684457306));
#4627 = CARTESIAN_POINT('',(-3.104124040449,-6.558503002405,
    11.641970560742));
#4628 = CARTESIAN_POINT('',(-2.55246130274,-6.788471441723,
    11.681256507326));
#4629 = CARTESIAN_POINT('',(-1.982373362829,-6.965295013224,
    11.720547607078));
#4630 = CARTESIAN_POINT('',(-1.399838004303,-7.087411008933,
    11.759844633801));
#4631 = CARTESIAN_POINT('',(-0.530698302628,-7.185962436615,
    11.817850396463));
#4632 = CARTESIAN_POINT('',(-0.248759699672,-7.205199993425,
    11.836571617976));
#4633 = CARTESIAN_POINT('',(3.394501599137E-02,-7.211792349999,
    11.85529268304));
#4634 = CARTESIAN_POINT('',(0.31675354188,-7.205707097852,
    11.874013576591));
#4635 = CARTESIAN_POINT('',(0.599005151243,-7.186953037156,
    11.892734488802));
#4636 = CARTESIAN_POINT('',(0.880040897202,-7.15557938316,
    11.911455610189));
#4637 = CARTESIAN_POINT('',(1.159203885544,-7.111676536339,
    11.930176926109));
#4638 = CARTESIAN_POINT('',(1.530229928467,-7.036169049763,
    11.955285793668));
#4639 = CARTESIAN_POINT('',(1.624326674796,-7.015516451808,
    11.96167359353));
#4640 = CARTESIAN_POINT('',(1.718104014996,-6.993425880449,
    11.968061406227));
#4641 = CARTESIAN_POINT('',(1.81153626903,-6.969903134925,
    11.974449228854));
#4642 = CARTESIAN_POINT('',(1.904597916984,-6.944954555659,
    11.980837059635));
#4643 = CARTESIAN_POINT('',(1.997263599064,-6.918587024263,
    11.987224897917));
#4644 = CARTESIAN_POINT('',(2.089508115597,-6.890807963529,
    11.993612744173));
#4645 = CARTESIAN_POINT('',(2.181306427033,-6.861625337439,12.0000006));
#4646 = PCURVE('',#3208,#4647);
#4647 = DEFINITIONAL_REPRESENTATION('',(#4648),#4735);
#4648 = B_SPLINE_CURVE_WITH_KNOTS('',8,(#4649,#4650,#4651,#4652,#4653,
    #4654,#4655,#4656,#4657,#4658,#4659,#4660,#4661,#4662,#4663,#4664,
    #4665,#4666,#4667,#4668,#4669,#4670,#4671,#4672,#4673,#4674,#4675,
    #4676,#4677,#4678,#4679,#4680,#4681,#4682,#4683,#4684,#4685,#4686,
    #4687,#4688,#4689,#4690,#4691,#4692,#4693,#4694,#4695,#4696,#4697,
    #4698,#4699,#4700,#4701,#4702,#4703,#4704,#4705,#4706,#4707,#4708,
    #4709,#4710,#4711,#4712,#4713,#4714,#4715,#4716,#4717,#4718,#4719,
    #4720,#4721,#4722,#4723,#4724,#4725,#4726,#4727,#4728,#4729,#4730,
    #4731,#4732,#4733,#4734),.UNSPECIFIED.,.F.,.F.,(9,7,7,7,7,7,7,7,7,7,
    7,7,9),(0.,5.629873714854E-02,0.164059746815,0.182867925136,
    0.335399980148,0.468181685269,0.614094331157,0.630063414389,
    0.763980957403,0.785057949743,0.916188534865,0.978678072552,1.),
  .UNSPECIFIED.);
#4649 = CARTESIAN_POINT('',(0.,9.603038789979));
#4650 = CARTESIAN_POINT('',(3.532474722331E-02,9.619904962797));
#4651 = CARTESIAN_POINT('',(7.064988693764E-02,9.636770168317));
#4652 = CARTESIAN_POINT('',(0.105974871586,9.65363495375));
#4653 = CARTESIAN_POINT('',(0.14129964959,9.670499775882));
#4654 = CARTESIAN_POINT('',(0.176624419508,9.687364962819));
#4655 = CARTESIAN_POINT('',(0.211949384191,9.704230675736));
#4656 = CARTESIAN_POINT('',(0.247274504936,9.72109687062));
#4657 = CARTESIAN_POINT('',(0.350214108044,9.770247095183));
#4658 = CARTESIAN_POINT('',(0.417838366846,9.802536775586));
#4659 = CARTESIAN_POINT('',(0.485458428015,9.834825334075));
#4660 = CARTESIAN_POINT('',(0.55307325105,9.86711141403));
#4661 = CARTESIAN_POINT('',(0.620688081982,9.899396882744));
#4662 = CARTESIAN_POINT('',(0.688308168126,9.931684083561));
#4663 = CARTESIAN_POINT('',(0.755932464588,9.963972726779));
#4664 = CARTESIAN_POINT('',(0.835348562844,10.001891086681));
#4665 = CARTESIAN_POINT('',(0.847149797563,10.007525742921));
#4666 = CARTESIAN_POINT('',(0.858951035811,10.013160388633));
#4667 = CARTESIAN_POINT('',(0.870752276587,10.018795024398));
#4668 = CARTESIAN_POINT('',(0.882553518772,10.024429650774));
#4669 = CARTESIAN_POINT('',(0.894354761121,10.03006426829));
#4670 = CARTESIAN_POINT('',(0.906156002272,10.035698877449));
#4671 = CARTESIAN_POINT('',(1.01366385967,10.087029414679));
#4672 = CARTESIAN_POINT('',(1.109424158647,10.132750545817));
#4673 = CARTESIAN_POINT('',(1.205155259387,10.178457904147));
#4674 = CARTESIAN_POINT('',(1.300864308961,10.224155500847));
#4675 = CARTESIAN_POINT('',(1.396573350937,10.269853675081));
#4676 = CARTESIAN_POINT('',(1.492304431233,10.315562418842));
#4677 = CARTESIAN_POINT('',(1.588064702963,10.361284828867));
#4678 = CARTESIAN_POINT('',(1.767085546592,10.44676075102));
#4679 = CARTESIAN_POINT('',(1.850426632813,10.486552796697));
#4680 = CARTESIAN_POINT('',(1.933753854175,10.52633787445));
#4681 = CARTESIAN_POINT('',(2.017068968977,10.566116892161));
#4682 = CARTESIAN_POINT('',(2.100384079743,10.605895872697));
#4683 = CARTESIAN_POINT('',(2.18371130213,10.645680883622));
#4684 = CARTESIAN_POINT('',(2.267052408023,10.685472937205));
#4685 = CARTESIAN_POINT('',(2.441919833987,10.768966109787));
#4686 = CARTESIAN_POINT('',(2.533516109358,10.812700724165));
#4687 = CARTESIAN_POINT('',(2.625089301163,10.856424917369));
#4688 = CARTESIAN_POINT('',(2.716644318486,10.900140899995));
#4689 = CARTESIAN_POINT('',(2.808199335742,10.943856978332));
#4690 = CARTESIAN_POINT('',(2.899772524771,10.987581411371));
#4691 = CARTESIAN_POINT('',(2.991368802349,11.031316309805));
#4692 = CARTESIAN_POINT('',(3.09294187887,11.079814202736));
#4693 = CARTESIAN_POINT('',(3.102961728142,11.084598352775));
#4694 = CARTESIAN_POINT('',(3.112981579297,11.089382496372));
#4695 = CARTESIAN_POINT('',(3.123001427162,11.094166631019));
#4696 = CARTESIAN_POINT('',(3.133021269472,11.098950755625));
#4697 = CARTESIAN_POINT('',(3.143041106869,11.103734870515));
#4698 = CARTESIAN_POINT('',(3.153060942905,11.108518977429));
#4699 = CARTESIAN_POINT('',(3.247107680665,11.153422802657));
#4700 = CARTESIAN_POINT('',(3.331162614459,11.193555402351));
#4701 = CARTESIAN_POINT('',(3.415203052118,11.233680612594));
#4702 = CARTESIAN_POINT('',(3.499230901805,11.273799519415));
#4703 = CARTESIAN_POINT('',(3.583258750128,11.313918423229));
#4704 = CARTESIAN_POINT('',(3.667299184454,11.354043607104));
#4705 = CARTESIAN_POINT('',(3.751354114909,11.394176115311));
#4706 = CARTESIAN_POINT('',(3.848605821728,11.440609972711));
#4707 = CARTESIAN_POINT('',(3.861830632339,11.446924308721));
#4708 = CARTESIAN_POINT('',(3.87505544344,11.453238655101));
#4709 = CARTESIAN_POINT('',(3.888280255482,11.459553012011));
#4710 = CARTESIAN_POINT('',(3.90150506821,11.465867379194));
#4711 = CARTESIAN_POINT('',(3.914729880658,11.472181755981));
#4712 = CARTESIAN_POINT('',(3.927954691153,11.478496141291));
#4713 = CARTESIAN_POINT('',(4.023457677336,11.524095548709));
#4714 = CARTESIAN_POINT('',(4.105761110091,11.563392973308));
#4715 = CARTESIAN_POINT('',(4.188051539246,11.602684457306));
#4716 = CARTESIAN_POINT('',(4.270330527261,11.641970560742));
#4717 = CARTESIAN_POINT('',(4.352609520237,11.681256507326));
#4718 = CARTESIAN_POINT('',(4.434899962004,11.720547607078));
#4719 = CARTESIAN_POINT('',(4.517203408735,11.759844633801));
#4720 = CARTESIAN_POINT('',(4.63869079924,11.817850396463));
#4721 = CARTESIAN_POINT('',(4.677900639061,11.836571617976));
#4722 = CARTESIAN_POINT('',(4.717110197131,11.85529268304));
#4723 = CARTESIAN_POINT('',(4.756319401874,11.874013576591));
#4724 = CARTESIAN_POINT('',(4.795528604961,11.892734488802));
#4725 = CARTESIAN_POINT('',(4.834738158467,11.911455610189));
#4726 = CARTESIAN_POINT('',(4.87394799206,11.930176926109));
#4727 = CARTESIAN_POINT('',(4.926535680634,11.955285793668));
#4728 = CARTESIAN_POINT('',(4.939914188796,11.96167359353));
#4729 = CARTESIAN_POINT('',(4.953292705288,11.968061406227));
#4730 = CARTESIAN_POINT('',(4.966671223287,11.974449228854));
#4731 = CARTESIAN_POINT('',(4.980049738594,11.980837059635));
#4732 = CARTESIAN_POINT('',(4.993428249635,11.987224897917));
#4733 = CARTESIAN_POINT('',(5.006806757461,11.993612744173));
#4734 = CARTESIAN_POINT('',(5.020185265746,12.0000006));
#4735 = ( GEOMETRIC_REPRESENTATION_CONTEXT(2) 
PARAMETRIC_REPRESENTATION_CONTEXT() REPRESENTATION_CONTEXT('2D SPACE',''
  ) );
#4736 = PCURVE('',#3161,#4737);
#4737 = DEFINITIONAL_REPRESENTATION('',(#4738),#4825);
#4738 = B_SPLINE_CURVE_WITH_KNOTS('',8,(#4739,#4740,#4741,#4742,#4743,
    #4744,#4745,#4746,#4747,#4748,#4749,#4750,#4751,#4752,#4753,#4754,
    #4755,#4756,#4757,#4758,#4759,#4760,#4761,#4762,#4763,#4764,#4765,
    #4766,#4767,#4768,#4769,#4770,#4771,#4772,#4773,#4774,#4775,#4776,
    #4777,#4778,#4779,#4780,#4781,#4782,#4783,#4784,#4785,#4786,#4787,
    #4788,#4789,#4790,#4791,#4792,#4793,#4794,#4795,#4796,#4797,#4798,
    #4799,#4800,#4801,#4802,#4803,#4804,#4805,#4806,#4807,#4808,#4809,
    #4810,#4811,#4812,#4813,#4814,#4815,#4816,#4817,#4818,#4819,#4820,
    #4821,#4822,#4823,#4824),.UNSPECIFIED.,.F.,.F.,(9,7,7,7,7,7,7,7,7,7,
    7,7,9),(0.,5.629873714854E-02,0.164059746815,0.182867925136,
    0.335399980148,0.468181685269,0.614094331157,0.630063414389,
    0.763980957403,0.785057949743,0.916188534865,0.978678072552,1.),
  .UNSPECIFIED.);
#4739 = CARTESIAN_POINT('',(-1.069346527556E-04,5.619821940314E-03));
#4740 = CARTESIAN_POINT('',(-1.072435129749E-04,4.476456770251E-02));
#4741 = CARTESIAN_POINT('',(-1.09908999732E-04,8.39097972149E-02));
#4742 = CARTESIAN_POINT('',(-1.133124274702E-04,0.123054906214));
#4743 = CARTESIAN_POINT('',(-1.164751155407E-04,0.162199821633));
#4744 = CARTESIAN_POINT('',(-1.18907197662E-04,0.201344737757));
#4745 = CARTESIAN_POINT('',(-1.204564313799E-04,0.24048985237));
#4746 = CARTESIAN_POINT('',(-1.211570075269E-04,0.279635102912));
#4747 = CARTESIAN_POINT('',(-1.209278204054E-04,0.39370668347));
#4748 = CARTESIAN_POINT('',(-1.179312731718E-04,0.468643735025));
#4749 = CARTESIAN_POINT('',(-1.129700840366E-04,0.543575907894));
#4750 = CARTESIAN_POINT('',(-1.078235683984E-04,0.61850211379));
#4751 = CARTESIAN_POINT('',(-1.038739226261E-04,0.69342828692));
#4752 = CARTESIAN_POINT('',(-1.0154615207E-04,0.768360358024));
#4753 = CARTESIAN_POINT('',(-1.004829954552E-04,0.843297241062));
#4754 = CARTESIAN_POINT('',(-1.00449932506E-04,0.931301222032));
#4755 = CARTESIAN_POINT('',(-1.004757238391E-04,0.944378621211));
#4756 = CARTESIAN_POINT('',(-1.005302291457E-04,0.957456029201));
#4757 = CARTESIAN_POINT('',(-1.006113602911E-04,0.970533444939));
#4758 = CARTESIAN_POINT('',(-1.007169315189E-04,0.983610867183));
#4759 = CARTESIAN_POINT('',(-1.008446594506E-04,0.99668829452));
#4760 = CARTESIAN_POINT('',(-1.009921630861E-04,1.009765725358));
#4761 = CARTESIAN_POINT('',(-1.02493477721E-04,1.12889955695));
#4762 = CARTESIAN_POINT('',(-1.049697846296E-04,1.23501575077));
#4763 = CARTESIAN_POINT('',(-1.073234925918E-04,1.341099837577));
#4764 = CARTESIAN_POINT('',(-1.08161832633E-04,1.44715951416));
#4765 = CARTESIAN_POINT('',(-1.076189952209E-04,1.553218931863));
#4766 = CARTESIAN_POINT('',(-1.067044107886E-04,1.659302449746));
#4767 = CARTESIAN_POINT('',(-1.060972989502E-04,1.765418041427));
#4768 = CARTESIAN_POINT('',(-1.06084902414E-04,1.963797511797));
#4769 = CARTESIAN_POINT('',(-1.065334522543E-04,2.05615065304));
#4770 = CARTESIAN_POINT('',(-1.076237822544E-04,2.148488365674));
#4771 = CARTESIAN_POINT('',(-1.093051800667E-04,2.240812698067));
#4772 = CARTESIAN_POINT('',(-1.111591993671E-04,2.333137144056));
#4773 = CARTESIAN_POINT('',(-1.126479534902E-04,2.425475162925));
#4774 = CARTESIAN_POINT('',(-1.134219180122E-04,2.517828699314));
#4775 = CARTESIAN_POINT('',(-1.133106328404E-04,2.711606328422));
#4776 = CARTESIAN_POINT('',(-1.122536279688E-04,2.81310796107));
#4777 = CARTESIAN_POINT('',(-1.100492802091E-04,2.914584078904));
#4778 = CARTESIAN_POINT('',(-1.068935547669E-04,3.016040039358));
#4779 = CARTESIAN_POINT('',(-1.034637725218E-04,3.117495904623));
#4780 = CARTESIAN_POINT('',(-1.005875333534E-04,3.2189718011));
#4781 = CARTESIAN_POINT('',(-9.876907381448E-05,3.320473211323));
#4782 = CARTESIAN_POINT('',(-9.80782640608E-05,3.433030272966));
#4783 = CARTESIAN_POINT('',(-9.802443436684E-05,3.444133655862));
#4784 = CARTESIAN_POINT('',(-9.798510266539E-05,3.455237040591));
#4785 = CARTESIAN_POINT('',(-9.796039627131E-05,3.466340421484));
#4786 = CARTESIAN_POINT('',(-9.795038816578E-05,3.477443796093));
#4787 = CARTESIAN_POINT('',(-9.79550969963E-05,3.488547165192));
#4788 = CARTESIAN_POINT('',(-9.797448707668E-05,3.49965053278));
#4789 = CARTESIAN_POINT('',(-9.829343738186E-05,3.603867358451));
#4790 = CARTESIAN_POINT('',(-9.960478808701E-05,3.697011884242));
#4791 = CARTESIAN_POINT('',(-1.018893021768E-04,3.790140386816));
#4792 = CARTESIAN_POINT('',(-1.048280702623E-04,3.883255017453));
#4793 = CARTESIAN_POINT('',(-1.078442157713E-04,3.976369730707));
#4794 = CARTESIAN_POINT('',(-1.103626234512E-04,4.069498442908));
#4795 = CARTESIAN_POINT('',(-1.120679456074E-04,4.162643212546));
#4796 = CARTESIAN_POINT('',(-1.130392411969E-04,4.270411816899));
#4797 = CARTESIAN_POINT('',(-1.131498740666E-04,4.285066770504));
#4798 = CARTESIAN_POINT('',(-1.132388553653E-04,4.29972172311));
#4799 = CARTESIAN_POINT('',(-1.133061408878E-04,4.31437667503));
#4800 = CARTESIAN_POINT('',(-1.133518446546E-04,4.329031625804));
#4801 = CARTESIAN_POINT('',(-1.133762389121E-04,4.343686574194));
#4802 = CARTESIAN_POINT('',(-1.133797541323E-04,4.358341518188));
#4803 = CARTESIAN_POINT('',(-1.13258612548E-04,4.464172198101));
#4804 = CARTESIAN_POINT('',(-1.123686175814E-04,4.55537583255));
#4805 = CARTESIAN_POINT('',(-1.10832242246E-04,4.646564931121));
#4806 = CARTESIAN_POINT('',(-1.090084613044E-04,4.737741209262));
#4807 = CARTESIAN_POINT('',(-1.0740997074E-04,4.828917384232));
#4808 = CARTESIAN_POINT('',(-1.064140610626E-04,4.92010621682));
#4809 = CARTESIAN_POINT('',(-1.060414707729E-04,5.011309526945));
#4810 = CARTESIAN_POINT('',(-1.061195071199E-04,5.145934117606));
#4811 = CARTESIAN_POINT('',(-1.062412100346E-04,5.189383994823));
#4812 = CARTESIAN_POINT('',(-1.064381435332E-04,5.232833596046));
#4813 = CARTESIAN_POINT('',(-1.066767682521E-04,5.276282847483));
#4814 = CARTESIAN_POINT('',(-1.069151072568E-04,5.319732141899));
#4815 = CARTESIAN_POINT('',(-1.071081908502E-04,5.363181869384));
#4816 = CARTESIAN_POINT('',(-1.072151310428E-04,5.406631948614));
#4817 = CARTESIAN_POINT('',(-1.072053330372E-04,5.464906642972));
#4818 = CARTESIAN_POINT('',(-1.071896656897E-04,5.479731951232));
#4819 = CARTESIAN_POINT('',(-1.071595031913E-04,5.494557272492));
#4820 = CARTESIAN_POINT('',(-1.071138061784E-04,5.509382598814));
#4821 = CARTESIAN_POINT('',(-1.070518163735E-04,5.524207925194));
#4822 = CARTESIAN_POINT('',(-1.069730565851E-04,5.539033249566));
#4823 = CARTESIAN_POINT('',(-1.068773307081E-04,5.553858572799));
#4824 = CARTESIAN_POINT('',(-1.067647237235E-04,5.568683898698));
#4825 = ( GEOMETRIC_REPRESENTATION_CONTEXT(2) 
PARAMETRIC_REPRESENTATION_CONTEXT() REPRESENTATION_CONTEXT('2D SPACE',''
  ) );
#4826 = ORIENTED_EDGE('',*,*,#4827,.F.);
#4827 = EDGE_CURVE('',#4828,#4556,#4830,.T.);
#4828 = VERTEX_POINT('',#4829);
#4829 = CARTESIAN_POINT('',(-3.559909198513,-6.258358131199,12.));
#4830 = SURFACE_CURVE('',#4831,(#4836,#4843),.PCURVE_S1.);
#4831 = CIRCLE('',#4832,7.2);
#4832 = AXIS2_PLACEMENT_3D('',#4833,#4834,#4835);
#4833 = CARTESIAN_POINT('',(0.,0.,12.));
#4834 = DIRECTION('',(0.,0.,1.));
#4835 = DIRECTION('',(1.,0.,0.));
#4836 = PCURVE('',#3208,#4837);
#4837 = DEFINITIONAL_REPRESENTATION('',(#4838),#4842);
#4838 = LINE('',#4839,#4840);
#4839 = CARTESIAN_POINT('',(0.,12.));
#4840 = VECTOR('',#4841,1.);
#4841 = DIRECTION('',(1.,0.));
#4842 = ( GEOMETRIC_REPRESENTATION_CONTEXT(2) 
PARAMETRIC_REPRESENTATION_CONTEXT() REPRESENTATION_CONTEXT('2D SPACE',''
  ) );
#4843 = PCURVE('',#4844,#4849);
#4844 = PLANE('',#4845);
#4845 = AXIS2_PLACEMENT_3D('',#4846,#4847,#4848);
#4846 = CARTESIAN_POINT('',(0.,0.,12.));
#4847 = DIRECTION('',(0.,0.,1.));
#4848 = DIRECTION('',(1.,0.,0.));
#4849 = DEFINITIONAL_REPRESENTATION('',(#4850),#4854);
#4850 = CIRCLE('',#4851,7.2);
#4851 = AXIS2_PLACEMENT_2D('',#4852,#4853);
#4852 = CARTESIAN_POINT('',(0.,0.));
#4853 = DIRECTION('',(1.,0.));
#4854 = ( GEOMETRIC_REPRESENTATION_CONTEXT(2) 
PARAMETRIC_REPRESENTATION_CONTEXT() REPRESENTATION_CONTEXT('2D SPACE',''
  ) );
#4855 = ORIENTED_EDGE('',*,*,#4856,.F.);
#4856 = EDGE_CURVE('',#4310,#4828,#4857,.T.);
#4857 = SURFACE_CURVE('',#4858,(#4876,#4897),.PCURVE_S1.);
#4858 = B_SPLINE_CURVE_WITH_KNOTS('',6,(#4859,#4860,#4861,#4862,#4863,
    #4864,#4865,#4866,#4867,#4868,#4869,#4870,#4871,#4872,#4873,#4874,
    #4875),.UNSPECIFIED.,.F.,.F.,(7,5,5,7),(0.,0.357075731232,
    0.830601809114,1.),.UNSPECIFIED.);
#4859 = CARTESIAN_POINT('',(-7.199907411315,-3.651394934981E-02,
    11.499382615852));
#4860 = CARTESIAN_POINT('',(-7.197628933249,-0.485789675568,
    11.529176520852));
#4861 = CARTESIAN_POINT('',(-7.161708448466,-0.934915765391,
    11.558974707584));
#4862 = CARTESIAN_POINT('',(-7.092156460049,-1.380696775704,
    11.588774907664));
#4863 = CARTESIAN_POINT('',(-6.989398180038,-1.820013050587,
    11.618574120592));
#4864 = CARTESIAN_POINT('',(-6.854209990102,-2.249813136438,
    11.648372539126));
#4865 = CARTESIAN_POINT('',(-6.467074547957,-3.220547597385,
    11.717677612194));
#4866 = CARTESIAN_POINT('',(-6.191382776714,-3.752125667857,
    11.757189058819));
#4867 = CARTESIAN_POINT('',(-5.863467299353,-4.254859029804,
    11.796688277221));
#4868 = CARTESIAN_POINT('',(-5.487213595804,-4.722515884624,
    11.836186101779));
#4869 = CARTESIAN_POINT('',(-5.067341093483,-5.149469423669,
    11.875692835009));
#4870 = CARTESIAN_POINT('',(-4.445923655977,-5.667379644291,
    11.92933028925));
#4871 = CARTESIAN_POINT('',(-4.277344192257,-5.798023003988,
    11.943463226726));
#4872 = CARTESIAN_POINT('',(-4.104176018266,-5.92263437267,
    11.957596720541));
#4873 = CARTESIAN_POINT('',(-3.926689673772,-6.041014168679,
    11.971730793826));
#4874 = CARTESIAN_POINT('',(-3.74516703897,-6.152979188037,
    11.985865435446));
#4875 = CARTESIAN_POINT('',(-3.559901334481,-6.258362604448,12.0000006)
  );
#4876 = PCURVE('',#3208,#4877);
#4877 = DEFINITIONAL_REPRESENTATION('',(#4878),#4896);
#4878 = B_SPLINE_CURVE_WITH_KNOTS('',6,(#4879,#4880,#4881,#4882,#4883,
    #4884,#4885,#4886,#4887,#4888,#4889,#4890,#4891,#4892,#4893,#4894,
    #4895),.UNSPECIFIED.,.F.,.F.,(7,5,5,7),(0.,0.357075731232,
    0.830601809114,1.),.UNSPECIFIED.);
#4879 = CARTESIAN_POINT('',(3.146664057183,11.499382615852));
#4880 = CARTESIAN_POINT('',(3.20906426604,11.529176520852));
#4881 = CARTESIAN_POINT('',(3.27146736405,11.558974707584));
#4882 = CARTESIAN_POINT('',(3.333867057429,11.588774907664));
#4883 = CARTESIAN_POINT('',(3.396266732754,11.618574120592));
#4884 = CARTESIAN_POINT('',(3.45866974358,11.648372539126));
#4885 = CARTESIAN_POINT('',(3.603820211236,11.717677612194));
#4886 = CARTESIAN_POINT('',(3.686582073072,11.757189058819));
#4887 = CARTESIAN_POINT('',(3.769330567119,11.796688277221));
#4888 = CARTESIAN_POINT('',(3.852079102401,11.836186101779));
#4889 = CARTESIAN_POINT('',(3.934841083569,11.875692835009));
#4890 = CARTESIAN_POINT('',(4.047194436916,11.92933028925));
#4891 = CARTESIAN_POINT('',(4.076797404792,11.943463226726));
#4892 = CARTESIAN_POINT('',(4.106400376538,11.957596720541));
#4893 = CARTESIAN_POINT('',(4.136003338457,11.971730793826));
#4894 = CARTESIAN_POINT('',(4.165606277453,11.985865435446));
#4895 = CARTESIAN_POINT('',(4.195209181033,12.0000006));
#4896 = ( GEOMETRIC_REPRESENTATION_CONTEXT(2) 
PARAMETRIC_REPRESENTATION_CONTEXT() REPRESENTATION_CONTEXT('2D SPACE',''
  ) );
#4897 = PCURVE('',#4324,#4898);
#4898 = DEFINITIONAL_REPRESENTATION('',(#4899),#4917);
#4899 = B_SPLINE_CURVE_WITH_KNOTS('',6,(#4900,#4901,#4902,#4903,#4904,
    #4905,#4906,#4907,#4908,#4909,#4910,#4911,#4912,#4913,#4914,#4915,
    #4916),.UNSPECIFIED.,.F.,.F.,(7,5,5,7),(0.,0.357075731232,
    0.830601809114,1.),.UNSPECIFIED.);
#4900 = CARTESIAN_POINT('',(-0.923653518499,0.));
#4901 = CARTESIAN_POINT('',(-0.923653518634,6.914812249545E-02));
#4902 = CARTESIAN_POINT('',(-0.923643971461,0.138295127576));
#4903 = CARTESIAN_POINT('',(-0.923627880174,0.207439227984));
#4904 = CARTESIAN_POINT('',(-0.923615269554,0.276585067586));
#4905 = CARTESIAN_POINT('',(-0.923608773462,0.34573614349));
#4906 = CARTESIAN_POINT('',(-0.923608867563,0.506585113013));
#4907 = CARTESIAN_POINT('',(-0.923620320767,0.598299759376));
#4908 = CARTESIAN_POINT('',(-0.923643971946,0.690000149487));
#4909 = CARTESIAN_POINT('',(-0.923669394759,0.781699356023));
#4910 = CARTESIAN_POINT('',(-0.923688887645,0.873412372282));
#4911 = CARTESIAN_POINT('',(-0.923704000242,0.997916045312));
#4912 = CARTESIAN_POINT('',(-0.923706909394,1.030720286662));
#4913 = CARTESIAN_POINT('',(-0.923708627218,1.06352443977));
#4914 = CARTESIAN_POINT('',(-0.923709109505,1.096328507135));
#4915 = CARTESIAN_POINT('',(-0.923708386443,1.129132497868));
#4916 = CARTESIAN_POINT('',(-0.923706562615,1.161936427694));
#4917 = ( GEOMETRIC_REPRESENTATION_CONTEXT(2) 
PARAMETRIC_REPRESENTATION_CONTEXT() REPRESENTATION_CONTEXT('2D SPACE',''
  ) );
#4918 = ORIENTED_EDGE('',*,*,#4353,.F.);
#4919 = ORIENTED_EDGE('',*,*,#3192,.F.);
#4920 = ADVANCED_FACE('',(#4921),#3161,.F.);
#4921 = FACE_BOUND('',#4922,.F.);
#4922 = EDGE_LOOP('',(#4923,#4977,#4978,#4979,#4980));
#4923 = ORIENTED_EDGE('',*,*,#4924,.F.);
#4924 = EDGE_CURVE('',#3370,#4925,#4927,.T.);
#4925 = VERTEX_POINT('',#4926);
#4926 = CARTESIAN_POINT('',(6.125901316948,-1.852972732231,12.));
#4927 = SURFACE_CURVE('',#4928,(#4941,#4948),.PCURVE_S1.);
#4928 = B_SPLINE_CURVE_WITH_KNOTS('',11,(#4929,#4930,#4931,#4932,#4933,
    #4934,#4935,#4936,#4937,#4938,#4939,#4940),.UNSPECIFIED.,.F.,.F.,(12
    ,12),(0.,6.962644440466),.PIECEWISE_BEZIER_KNOTS.);
#4929 = CARTESIAN_POINT('',(6.4,-5.955230308068E-03,9.139802757374));
#4930 = CARTESIAN_POINT('',(6.403401619728,3.64971621172,9.412530030634)
  );
#4931 = CARTESIAN_POINT('',(4.110371080711,7.307441719173,9.685257301333
    ));
#4932 = CARTESIAN_POINT('',(-0.485346996978,9.364611752705,
    9.957984579347));
#4933 = CARTESIAN_POINT('',(-6.103131187696,8.210954798765,
    10.230711842089));
#4934 = CARTESIAN_POINT('',(-10.29558801209,3.393442234503,
    10.503439129143));
#4935 = CARTESIAN_POINT('',(-10.30188541596,-3.374276187925,
    10.776166385669));
#4936 = CARTESIAN_POINT('',(-6.118401263379,-8.199582604925,
    11.048893673036));
#4937 = CARTESIAN_POINT('',(-0.502773776253,-9.363692301643,
    11.321620935372));
#4938 = CARTESIAN_POINT('',(4.096764757658,-7.315078497949,
    11.594348213676));
#4939 = CARTESIAN_POINT('',(6.396598380282,-3.661626672345,
    11.867075484246));
#4940 = CARTESIAN_POINT('',(6.400000000019,-5.955230319312E-03,
    12.13980275754));
#4941 = PCURVE('',#3161,#4942);
#4942 = DEFINITIONAL_REPRESENTATION('',(#4943),#4947);
#4943 = LINE('',#4944,#4945);
#4944 = CARTESIAN_POINT('',(-0.923760430703,0.));
#4945 = VECTOR('',#4946,1.);
#4946 = DIRECTION('',(0.,1.));
#4947 = ( GEOMETRIC_REPRESENTATION_CONTEXT(2) 
PARAMETRIC_REPRESENTATION_CONTEXT() REPRESENTATION_CONTEXT('2D SPACE',''
  ) );
#4948 = PCURVE('',#4949,#4972);
#4949 = B_SPLINE_SURFACE_WITH_KNOTS('',1,10,(
    (#4950,#4951,#4952,#4953,#4954,#4955,#4956,#4957,#4958,#4959,#4960)
    ,(#4961,#4962,#4963,#4964,#4965,#4966,#4967,#4968,#4969,#4970,#4971
    )),.UNSPECIFIED.,.F.,.F.,.F.,(2,2),(11,11),(-0.18,-0.),(0.,
    6.962644440466),.PIECEWISE_BEZIER_KNOTS.);
#4950 = CARTESIAN_POINT('',(6.4,5.955230308065E-03,8.960197242626));
#4951 = CARTESIAN_POINT('',(6.396258218301,4.027193816528,9.26019724321)
  );
#4952 = CARTESIAN_POINT('',(3.58576310703,8.049054802095,9.560197241239)
  );
#4953 = CARTESIAN_POINT('',(-2.035957182963,9.837420215081,
    9.860197245084));
#4954 = CARTESIAN_POINT('',(-8.451277664936,7.318707253016,
    10.160197240825));
#4955 = CARTESIAN_POINT('',(-11.84396709037,-1.102086738419E-02,
    10.460197242383));
#4956 = CARTESIAN_POINT('',(-8.437642859703,-7.334422473643,
    10.760197245136));
#4957 = CARTESIAN_POINT('',(-2.017646139403,-9.841192112109,
    11.060197240003));
#4958 = CARTESIAN_POINT('',(3.600736250925,-8.042367730434,
    11.360197244309));
#4959 = CARTESIAN_POINT('',(6.403741781679,-4.01528335592,
    11.660197242168));
#4960 = CARTESIAN_POINT('',(6.399999999981,5.95523029686E-03,
    11.960197242792));
#4961 = CARTESIAN_POINT('',(6.4,-5.955230308065E-03,9.139802757374));
#4962 = CARTESIAN_POINT('',(6.403741781701,4.015283355923,9.439802757959
    ));
#4963 = CARTESIAN_POINT('',(3.600736250961,8.042367730437,9.739802755984
    ));
#4964 = CARTESIAN_POINT('',(-2.01764613942,9.841192112174,
    10.039802759841));
#4965 = CARTESIAN_POINT('',(-8.437642859664,7.334422473623,
    10.339802755557));
#4966 = CARTESIAN_POINT('',(-11.84396709047,1.102086746953E-02,
    10.63980275715));
#4967 = CARTESIAN_POINT('',(-8.451277664914,-7.318707253077,
    10.939802759868));
#4968 = CARTESIAN_POINT('',(-2.035957183025,-9.837420215074,
    11.23980275476));
#4969 = CARTESIAN_POINT('',(3.585763107044,-8.049054802137,
    11.539802759054));
#4970 = CARTESIAN_POINT('',(6.396258218308,-4.027193816548,
    11.839802756917));
#4971 = CARTESIAN_POINT('',(6.400000000019,-5.95523031932E-03,
    12.13980275754));
#4972 = DEFINITIONAL_REPRESENTATION('',(#4973),#4976);
#4973 = B_SPLINE_CURVE_WITH_KNOTS('',1,(#4974,#4975),.UNSPECIFIED.,.F.,
  .F.,(2,2),(0.,6.962644440466),.PIECEWISE_BEZIER_KNOTS.);
#4974 = CARTESIAN_POINT('',(0.,0.));
#4975 = CARTESIAN_POINT('',(0.,6.962644440466));
#4976 = ( GEOMETRIC_REPRESENTATION_CONTEXT(2) 
PARAMETRIC_REPRESENTATION_CONTEXT() REPRESENTATION_CONTEXT('2D SPACE',''
  ) );
#4977 = ORIENTED_EDGE('',*,*,#3426,.T.);
#4978 = ORIENTED_EDGE('',*,*,#3147,.T.);
#4979 = ORIENTED_EDGE('',*,*,#4555,.T.);
#4980 = ORIENTED_EDGE('',*,*,#4981,.T.);
#4981 = EDGE_CURVE('',#4556,#4925,#4982,.T.);
#4982 = SURFACE_CURVE('',#4983,(#5002,#5024),.PCURVE_S1.);
#4983 = B_SPLINE_CURVE_WITH_KNOTS('',5,(#4984,#4985,#4986,#4987,#4988,
    #4989,#4990,#4991,#4992,#4993,#4994,#4995,#4996,#4997,#4998,#4999,
    #5000,#5001),.UNSPECIFIED.,.F.,.F.,(6,4,4,4,6),(0.,0.27468978876,
    0.54070465974,0.772936110972,1.),.UNSPECIFIED.);
#4984 = CARTESIAN_POINT('',(2.180557405557,-6.861960441792,12.));
#4985 = CARTESIAN_POINT('',(2.51414256506,-6.712237620641,12.));
#4986 = CARTESIAN_POINT('',(2.838075832572,-6.541245164045,12.));
#4987 = CARTESIAN_POINT('',(3.150445250446,-6.349620221969,12.));
#4988 = CARTESIAN_POINT('',(3.449389044926,-6.138246854364,12.));
#4989 = CARTESIAN_POINT('',(4.007894081849,-5.685594406856,12.));
#4990 = CARTESIAN_POINT('',(4.268406693675,-5.445465908426,12.));
#4991 = CARTESIAN_POINT('',(4.51303738062,-5.188963948187,12.));
#4992 = CARTESIAN_POINT('',(4.740268975268,-4.917366034562,12.));
#4993 = CARTESIAN_POINT('',(5.130702681566,-4.383235160378,12.));
#4994 = CARTESIAN_POINT('',(5.298374375302,-4.123927648814,12.));
#4995 = CARTESIAN_POINT('',(5.450820745584,-3.855281671181,12.));
#4996 = CARTESIAN_POINT('',(5.587222654466,-3.578427771481,12.));
#4997 = CARTESIAN_POINT('',(5.823876591768,-3.017137354817,12.));
#4998 = CARTESIAN_POINT('',(5.924867071358,-2.733002869641,12.));
#4999 = CARTESIAN_POINT('',(6.009199031088,-2.443399827717,12.));
#5000 = CARTESIAN_POINT('',(6.076339548666,-2.149599877976,12.));
#5001 = CARTESIAN_POINT('',(6.125901316948,-1.852972732231,12.));
#5002 = PCURVE('',#3161,#5003);
#5003 = DEFINITIONAL_REPRESENTATION('',(#5004),#5023);
#5004 = B_SPLINE_CURVE_WITH_KNOTS('',5,(#5005,#5006,#5007,#5008,#5009,
    #5010,#5011,#5012,#5013,#5014,#5015,#5016,#5017,#5018,#5019,#5020,
    #5021,#5022),.UNSPECIFIED.,.F.,.F.,(6,4,4,4,6),(0.,0.27468978876,
    0.54070465974,0.772936110972,1.),.UNSPECIFIED.);
#5005 = CARTESIAN_POINT('',(0.,5.568558883558));
#5006 = CARTESIAN_POINT('',(-4.810125547392E-02,5.624255208735));
#5007 = CARTESIAN_POINT('',(-9.653070332387E-02,5.680331547054));
#5008 = CARTESIAN_POINT('',(-0.145295368296,5.736796032453));
#5009 = CARTESIAN_POINT('',(-0.19440651608,5.793661709445));
#5010 = CARTESIAN_POINT('',(-0.291776808965,5.906406531622));
#5011 = CARTESIAN_POINT('',(-0.340014893241,5.962261290529));
#5012 = CARTESIAN_POINT('',(-0.388594421443,6.018511406515));
#5013 = CARTESIAN_POINT('',(-0.437527000333,6.075170319023));
#5014 = CARTESIAN_POINT('',(-0.529856147689,6.182078011215));
#5015 = CARTESIAN_POINT('',(-0.573167232348,6.232227809407));
#5016 = CARTESIAN_POINT('',(-0.616760998477,6.282704923778));
#5017 = CARTESIAN_POINT('',(-0.660645948747,6.333519199551));
#5018 = CARTESIAN_POINT('',(-0.74802931251,6.434700181119));
#5019 = CARTESIAN_POINT('',(-0.791515188804,6.485052370121));
#5020 = CARTESIAN_POINT('',(-0.835293248376,6.535742877424));
#5021 = CARTESIAN_POINT('',(-0.879372467634,6.586782096784));
#5022 = CARTESIAN_POINT('',(-0.923760430703,6.638178809839));
#5023 = ( GEOMETRIC_REPRESENTATION_CONTEXT(2) 
PARAMETRIC_REPRESENTATION_CONTEXT() REPRESENTATION_CONTEXT('2D SPACE',''
  ) );
#5024 = PCURVE('',#4844,#5025);
#5025 = DEFINITIONAL_REPRESENTATION('',(#5026),#5045);
#5026 = B_SPLINE_CURVE_WITH_KNOTS('',5,(#5027,#5028,#5029,#5030,#5031,
    #5032,#5033,#5034,#5035,#5036,#5037,#5038,#5039,#5040,#5041,#5042,
    #5043,#5044),.UNSPECIFIED.,.F.,.F.,(6,4,4,4,6),(0.,0.27468978876,
    0.54070465974,0.772936110972,1.),.UNSPECIFIED.);
#5027 = CARTESIAN_POINT('',(2.180557405557,-6.861960441792));
#5028 = CARTESIAN_POINT('',(2.51414256506,-6.712237620641));
#5029 = CARTESIAN_POINT('',(2.838075832572,-6.541245164045));
#5030 = CARTESIAN_POINT('',(3.150445250446,-6.349620221969));
#5031 = CARTESIAN_POINT('',(3.449389044926,-6.138246854364));
#5032 = CARTESIAN_POINT('',(4.007894081849,-5.685594406856));
#5033 = CARTESIAN_POINT('',(4.268406693675,-5.445465908426));
#5034 = CARTESIAN_POINT('',(4.51303738062,-5.188963948187));
#5035 = CARTESIAN_POINT('',(4.740268975268,-4.917366034562));
#5036 = CARTESIAN_POINT('',(5.130702681566,-4.383235160378));
#5037 = CARTESIAN_POINT('',(5.298374375302,-4.123927648814));
#5038 = CARTESIAN_POINT('',(5.450820745584,-3.855281671181));
#5039 = CARTESIAN_POINT('',(5.587222654466,-3.578427771481));
#5040 = CARTESIAN_POINT('',(5.823876591768,-3.017137354817));
#5041 = CARTESIAN_POINT('',(5.924867071358,-2.733002869641));
#5042 = CARTESIAN_POINT('',(6.009199031088,-2.443399827717));
#5043 = CARTESIAN_POINT('',(6.076339548666,-2.149599877976));
#5044 = CARTESIAN_POINT('',(6.125901316948,-1.852972732231));
#5045 = ( GEOMETRIC_REPRESENTATION_CONTEXT(2) 
PARAMETRIC_REPRESENTATION_CONTEXT() REPRESENTATION_CONTEXT('2D SPACE',''
  ) );
#5046 = ADVANCED_FACE('',(#5047),#3394,.F.);
#5047 = FACE_BOUND('',#5048,.F.);
#5048 = EDGE_LOOP('',(#5049,#5050,#5051,#5052));
#5049 = ORIENTED_EDGE('',*,*,#4120,.F.);
#5050 = ORIENTED_EDGE('',*,*,#3451,.T.);
#5051 = ORIENTED_EDGE('',*,*,#3369,.T.);
#5052 = ORIENTED_EDGE('',*,*,#5053,.F.);
#5053 = EDGE_CURVE('',#4121,#3370,#5054,.T.);
#5054 = SURFACE_CURVE('',#5055,(#5058,#5065),.PCURVE_S1.);
#5055 = B_SPLINE_CURVE_WITH_KNOTS('',1,(#5056,#5057),.UNSPECIFIED.,.F.,
  .F.,(2,2),(-0.18,-0.),.PIECEWISE_BEZIER_KNOTS.);
#5056 = CARTESIAN_POINT('',(6.399999999982,5.955230297139E-03,
    8.960197242787));
#5057 = CARTESIAN_POINT('',(6.400000000018,-5.955230318973E-03,
    9.139802757535));
#5058 = PCURVE('',#3394,#5059);
#5059 = DEFINITIONAL_REPRESENTATION('',(#5060),#5064);
#5060 = LINE('',#5061,#5062);
#5061 = CARTESIAN_POINT('',(0.,6.962644440466));
#5062 = VECTOR('',#5063,1.);
#5063 = DIRECTION('',(1.,0.));
#5064 = ( GEOMETRIC_REPRESENTATION_CONTEXT(2) 
PARAMETRIC_REPRESENTATION_CONTEXT() REPRESENTATION_CONTEXT('2D SPACE',''
  ) );
#5065 = PCURVE('',#4949,#5066);
#5066 = DEFINITIONAL_REPRESENTATION('',(#5067),#5070);
#5067 = B_SPLINE_CURVE_WITH_KNOTS('',1,(#5068,#5069),.UNSPECIFIED.,.F.,
  .F.,(2,2),(-0.18,-0.),.PIECEWISE_BEZIER_KNOTS.);
#5068 = CARTESIAN_POINT('',(-0.18,0.));
#5069 = CARTESIAN_POINT('',(0.,0.));
#5070 = ( GEOMETRIC_REPRESENTATION_CONTEXT(2) 
PARAMETRIC_REPRESENTATION_CONTEXT() REPRESENTATION_CONTEXT('2D SPACE',''
  ) );
#5071 = ADVANCED_FACE('',(#5072),#3833,.T.);
#5072 = FACE_BOUND('',#5073,.T.);
#5073 = EDGE_LOOP('',(#5074,#5075,#5076,#5222,#5414,#5442));
#5074 = ORIENTED_EDGE('',*,*,#4197,.F.);
#5075 = ORIENTED_EDGE('',*,*,#3817,.F.);
#5076 = ORIENTED_EDGE('',*,*,#5077,.T.);
#5077 = EDGE_CURVE('',#3626,#5078,#5080,.T.);
#5078 = VERTEX_POINT('',#5079);
#5079 = CARTESIAN_POINT('',(-7.199907411315,3.651394934549E-02,
    9.600617384084));
#5080 = SURFACE_CURVE('',#5081,(#5126,#5174),.PCURVE_S1.);
#5081 = B_SPLINE_CURVE_WITH_KNOTS('',8,(#5082,#5083,#5084,#5085,#5086,
    #5087,#5088,#5089,#5090,#5091,#5092,#5093,#5094,#5095,#5096,#5097,
    #5098,#5099,#5100,#5101,#5102,#5103,#5104,#5105,#5106,#5107,#5108,
    #5109,#5110,#5111,#5112,#5113,#5114,#5115,#5116,#5117,#5118,#5119,
    #5120,#5121,#5122,#5123,#5124,#5125),.UNSPECIFIED.,.F.,.F.,(9,7,7,7,
    7,7,9),(0.,0.252870345766,0.460120898013,0.568018210677,
    0.734295503796,0.910897223384,1.),.UNSPECIFIED.);
#5082 = CARTESIAN_POINT('',(7.2,-1.844517224553E-15,8.103043280447));
#5083 = CARTESIAN_POINT('',(7.2,0.713746184064,8.150374985556));
#5084 = CARTESIAN_POINT('',(7.119137416648,1.427952990306,8.197736479821
    ));
#5085 = CARTESIAN_POINT('',(6.957230635287,2.131214723019,8.245080509597
    ));
#5086 = CARTESIAN_POINT('',(6.716242000425,2.812872034479,8.292411902421
    ));
#5087 = CARTESIAN_POINT('',(6.399533850917,3.462816772019,8.339743457335
    ));
#5088 = CARTESIAN_POINT('',(6.011951004485,4.071561536598,8.387087825398
    ));
#5089 = CARTESIAN_POINT('',(5.559712314167,4.630230261713,8.434449665497
    ));
#5090 = CARTESIAN_POINT('',(4.634198248385,5.541336380786,8.520574262923
    ));
#5091 = CARTESIAN_POINT('',(4.179094264104,5.913133336761,8.559378725614
    ));
#5092 = CARTESIAN_POINT('',(3.690102877663,6.241994838702,8.5981776467)
  );
#5093 = CARTESIAN_POINT('',(3.172006036522,6.524384124062,8.636971507592
    ));
#5094 = CARTESIAN_POINT('',(2.629920209981,6.757431357312,8.675765233772
    ));
#5095 = CARTESIAN_POINT('',(2.069262522621,6.938885190429,8.714563828725
    ));
#5096 = CARTESIAN_POINT('',(1.495767953578,7.067169211538,8.753367965253
    ));
#5097 = CARTESIAN_POINT('',(0.613459477388,7.180279748367,8.812356545625
    ));
#5098 = CARTESIAN_POINT('',(0.309504519455,7.204403610304,8.832552882852
    ));
#5099 = CARTESIAN_POINT('',(4.504028537578E-03,7.21381771888,
    8.852748994542));
#5100 = CARTESIAN_POINT('',(-0.300710601434,7.208473610494,
    8.872944856559));
#5101 = CARTESIAN_POINT('',(-0.605309918818,7.188378568971,
    8.893140742711));
#5102 = CARTESIAN_POINT('',(-0.908466733092,7.153594393333,
    8.913336926549));
#5103 = CARTESIAN_POINT('',(-1.209356501456,7.104238633492,
    8.933533379504));
#5104 = CARTESIAN_POINT('',(-1.966090353408,6.942244568992,
    8.984853043956));
#5105 = CARTESIAN_POINT('',(-2.417760282308,6.80979963765,9.015980580692
    ));
#5106 = CARTESIAN_POINT('',(-2.859108937153,6.643793736161,
    9.047106691468));
#5107 = CARTESIAN_POINT('',(-3.287233040921,6.44519166836,9.078230955868
    ));
#5108 = CARTESIAN_POINT('',(-3.699366925422,6.215238005976,
    9.109355346287));
#5109 = CARTESIAN_POINT('',(-4.092879306689,5.955440780233,
    9.140481725992));
#5110 = CARTESIAN_POINT('',(-4.465284582632,5.667583664713,
    9.171609416141));
#5111 = CARTESIAN_POINT('',(-5.184921709536,5.020464227426,
    9.235788750638));
#5112 = CARTESIAN_POINT('',(-5.529260537525,4.657782831846,
    9.268849107841));
#5113 = CARTESIAN_POINT('',(-5.844477931222,4.26821957635,9.301906497354
    ));
#5114 = CARTESIAN_POINT('',(-6.128152608698,3.854529997217,9.33496017892
    ));
#5115 = CARTESIAN_POINT('',(-6.378194869411,3.419685927666,
    9.368013245189));
#5116 = CARTESIAN_POINT('',(-6.59283082318,2.966857833583,9.401069333622
    ));
#5117 = CARTESIAN_POINT('',(-6.770625190518,2.49942161069,9.434128883132
    ));
#5118 = CARTESIAN_POINT('',(-6.981136756514,1.779601486319,
    9.483863063245));
#5119 = CARTESIAN_POINT('',(-7.04209504559,1.53539247455,9.50054176907)
  );
#5120 = CARTESIAN_POINT('',(-7.093285441599,1.28881518187,9.517220833545
    ));
#5121 = CARTESIAN_POINT('',(-7.134601719947,1.040326073485,
    9.533900231508));
#5122 = CARTESIAN_POINT('',(-7.165963542277,0.7903855267,9.550579952226)
  );
#5123 = CARTESIAN_POINT('',(-7.187316467334,0.539457651815,
    9.567259819587));
#5124 = CARTESIAN_POINT('',(-7.198631961832,0.288010113031,
    9.583939312299));
#5125 = CARTESIAN_POINT('',(-7.199907411315,3.65139493455E-02,
    9.600617384084));
#5126 = PCURVE('',#3833,#5127);
#5127 = DEFINITIONAL_REPRESENTATION('',(#5128),#5173);
#5128 = B_SPLINE_CURVE_WITH_KNOTS('',8,(#5129,#5130,#5131,#5132,#5133,
    #5134,#5135,#5136,#5137,#5138,#5139,#5140,#5141,#5142,#5143,#5144,
    #5145,#5146,#5147,#5148,#5149,#5150,#5151,#5152,#5153,#5154,#5155,
    #5156,#5157,#5158,#5159,#5160,#5161,#5162,#5163,#5164,#5165,#5166,
    #5167,#5168,#5169,#5170,#5171,#5172),.UNSPECIFIED.,.F.,.F.,(9,7,7,7,
    7,7,9),(0.,0.252870345766,0.460120898013,0.568018210677,
    0.734295503796,0.910897223384,1.),.UNSPECIFIED.);
#5129 = CARTESIAN_POINT('',(0.,8.103043280447));
#5130 = CARTESIAN_POINT('',(9.913141445333E-02,8.150374985556));
#5131 = CARTESIAN_POINT('',(0.198326724501,8.197736479821));
#5132 = CARTESIAN_POINT('',(0.297486889532,8.245080509597));
#5133 = CARTESIAN_POINT('',(0.39662141043,8.292411902421));
#5134 = CARTESIAN_POINT('',(0.49575594101,8.339743457335));
#5135 = CARTESIAN_POINT('',(0.594916079546,8.387087825398));
#5136 = CARTESIAN_POINT('',(0.694111435017,8.434449665497));
#5137 = CARTESIAN_POINT('',(0.874490122223,8.520574262923));
#5138 = CARTESIAN_POINT('',(0.955761158132,8.559378725614));
#5139 = CARTESIAN_POINT('',(1.037020018623,8.5981776467));
#5140 = CARTESIAN_POINT('',(1.118268077272,8.636971507592));
#5141 = CARTESIAN_POINT('',(1.1995161368,8.675765233772));
#5142 = CARTESIAN_POINT('',(1.28077500561,8.714563828725));
#5143 = CARTESIAN_POINT('',(1.362046064544,8.753367965253));
#5144 = CARTESIAN_POINT('',(1.485591790127,8.812356545625));
#5145 = CARTESIAN_POINT('',(1.527891108926,8.832552882852));
#5146 = CARTESIAN_POINT('',(1.570190018456,8.852748994542));
#5147 = CARTESIAN_POINT('',(1.612488419053,8.872944856559));
#5148 = CARTESIAN_POINT('',(1.654786825213,8.893140742711));
#5149 = CARTESIAN_POINT('',(1.697085750028,8.913336926549));
#5150 = CARTESIAN_POINT('',(1.739385084062,8.933533379504));
#5151 = CARTESIAN_POINT('',(1.846868233009,8.984853043956));
#5152 = CARTESIAN_POINT('',(1.912060856616,9.015980580692));
#5153 = CARTESIAN_POINT('',(1.977249972225,9.047106691468));
#5154 = CARTESIAN_POINT('',(2.042434708902,9.078230955868));
#5155 = CARTESIAN_POINT('',(2.107619445026,9.109355346287));
#5156 = CARTESIAN_POINT('',(2.172808560389,9.140481725992));
#5157 = CARTESIAN_POINT('',(2.238001187444,9.171609416141));
#5158 = CARTESIAN_POINT('',(2.37241816413,9.235788750638));
#5159 = CARTESIAN_POINT('',(2.441660936425,9.268849107841));
#5160 = CARTESIAN_POINT('',(2.510899015113,9.301906497354));
#5161 = CARTESIAN_POINT('',(2.580131223313,9.33496017892));
#5162 = CARTESIAN_POINT('',(2.64936344484,9.368013245189));
#5163 = CARTESIAN_POINT('',(2.718601568461,9.401069333622));
#5164 = CARTESIAN_POINT('',(2.787844402258,9.434128883132));
#5165 = CARTESIAN_POINT('',(2.892007006889,9.483863063245));
#5166 = CARTESIAN_POINT('',(2.926937812461,9.50054176907));
#5167 = CARTESIAN_POINT('',(2.961868463017,9.517220833545));
#5168 = CARTESIAN_POINT('',(2.996798913533,9.533900231508));
#5169 = CARTESIAN_POINT('',(3.031729355378,9.550579952226));
#5170 = CARTESIAN_POINT('',(3.06665998591,9.567259819587));
#5171 = CARTESIAN_POINT('',(3.101590778074,9.583939312299));
#5172 = CARTESIAN_POINT('',(3.136521249998,9.600617384084));
#5173 = ( GEOMETRIC_REPRESENTATION_CONTEXT(2) 
PARAMETRIC_REPRESENTATION_CONTEXT() REPRESENTATION_CONTEXT('2D SPACE',''
  ) );
#5174 = PCURVE('',#3737,#5175);
#5175 = DEFINITIONAL_REPRESENTATION('',(#5176),#5221);
#5176 = B_SPLINE_CURVE_WITH_KNOTS('',8,(#5177,#5178,#5179,#5180,#5181,
    #5182,#5183,#5184,#5185,#5186,#5187,#5188,#5189,#5190,#5191,#5192,
    #5193,#5194,#5195,#5196,#5197,#5198,#5199,#5200,#5201,#5202,#5203,
    #5204,#5205,#5206,#5207,#5208,#5209,#5210,#5211,#5212,#5213,#5214,
    #5215,#5216,#5217,#5218,#5219,#5220),.UNSPECIFIED.,.F.,.F.,(9,7,7,7,
    7,7,9),(0.,0.252870345766,0.460120898013,0.568018210677,
    0.734295503796,0.910897223384,1.),.UNSPECIFIED.);
#5177 = CARTESIAN_POINT('',(-9.796504295021E-05,3.486942078113));
#5178 = CARTESIAN_POINT('',(-9.802936889112E-05,3.596793430409));
#5179 = CARTESIAN_POINT('',(-9.953073079737E-05,3.706715583865));
#5180 = CARTESIAN_POINT('',(-1.024525943595E-04,3.816598848679));
#5181 = CARTESIAN_POINT('',(-1.062637471401E-04,3.926453815042));
#5182 = CARTESIAN_POINT('',(-1.098734438323E-04,4.036308923613));
#5183 = CARTESIAN_POINT('',(-1.12340109007E-04,4.146192446927));
#5184 = CARTESIAN_POINT('',(-1.134305474549E-04,4.256114927067));
#5185 = CARTESIAN_POINT('',(-1.133185136522E-04,4.455999780494));
#5186 = CARTESIAN_POINT('',(-1.12494393826E-04,4.546059385055));
#5187 = CARTESIAN_POINT('',(-1.110206427778E-04,4.636105376002));
#5188 = CARTESIAN_POINT('',(-1.092320028007E-04,4.726139258227));
#5189 = CARTESIAN_POINT('',(-1.076190237104E-04,4.8161730312));
#5190 = CARTESIAN_POINT('',(-1.065597546708E-04,4.906218745156));
#5191 = CARTESIAN_POINT('',(-1.061058520773E-04,4.996278021407));
#5192 = CARTESIAN_POINT('',(-1.060831440276E-04,5.133183498838));
#5193 = CARTESIAN_POINT('',(-1.06194218218E-04,5.180056932486));
#5194 = CARTESIAN_POINT('',(-1.064009786377E-04,5.226929953488));
#5195 = CARTESIAN_POINT('',(-1.066628591219E-04,5.27380245885));
#5196 = CARTESIAN_POINT('',(-1.069270438747E-04,5.320675022894));
#5197 = CARTESIAN_POINT('',(-1.071362215483E-04,5.36754821414));
#5198 = CARTESIAN_POINT('',(-1.072389393956E-04,5.414421906703));
#5199 = CARTESIAN_POINT('',(-1.07146490442E-04,5.533528658452));
#5200 = CARTESIAN_POINT('',(-1.067579924161E-04,5.605771532145));
#5201 = CARTESIAN_POINT('',(-1.059245653231E-04,5.678010581172));
#5202 = CARTESIAN_POINT('',(-1.046051519289E-04,5.750244782256));
#5203 = CARTESIAN_POINT('',(-1.029754905961E-04,5.822478916578));
#5204 = CARTESIAN_POINT('',(-1.014366213092E-04,5.894717772927));
#5205 = CARTESIAN_POINT('',(-1.004865429876E-04,5.966960352421));
#5206 = CARTESIAN_POINT('',(-1.004215440006E-04,6.115912906003));
#5207 = CARTESIAN_POINT('',(-1.014571246628E-04,6.192643275857));
#5208 = CARTESIAN_POINT('',(-1.038038251942E-04,6.2693682762));
#5209 = CARTESIAN_POINT('',(-1.078823954809E-04,6.346086676164));
#5210 = CARTESIAN_POINT('',(-1.132370976413E-04,6.422805125725));
#5211 = CARTESIAN_POINT('',(-1.183370889129E-04,6.499530294443));
#5212 = CARTESIAN_POINT('',(-1.212343639572E-04,6.576260945391));
#5213 = CARTESIAN_POINT('',(-1.209994940393E-04,6.69168781099));
#5214 = CARTESIAN_POINT('',(-1.201425841521E-04,6.730396118239));
#5215 = CARTESIAN_POINT('',(-1.184538113071E-04,6.769104294659));
#5216 = CARTESIAN_POINT('',(-1.159233294032E-04,6.807812270453));
#5217 = CARTESIAN_POINT('',(-1.127314031283E-04,6.846520229437));
#5218 = CARTESIAN_POINT('',(-1.093946492357E-04,6.885228361067));
#5219 = CARTESIAN_POINT('',(-1.069122778201E-04,6.923936612469));
#5220 = CARTESIAN_POINT('',(-1.069123335943E-04,6.962644440466));
#5221 = ( GEOMETRIC_REPRESENTATION_CONTEXT(2) 
PARAMETRIC_REPRESENTATION_CONTEXT() REPRESENTATION_CONTEXT('2D SPACE',''
  ) );
#5222 = ORIENTED_EDGE('',*,*,#5223,.T.);
#5223 = EDGE_CURVE('',#5078,#5224,#5226,.T.);
#5224 = VERTEX_POINT('',#5225);
#5225 = CARTESIAN_POINT('',(7.2,-1.763491390772E-15,11.103043280447));
#5226 = SURFACE_CURVE('',#5227,(#5279,#5334),.PCURVE_S1.);
#5227 = B_SPLINE_CURVE_WITH_KNOTS('',8,(#5228,#5229,#5230,#5231,#5232,
    #5233,#5234,#5235,#5236,#5237,#5238,#5239,#5240,#5241,#5242,#5243,
    #5244,#5245,#5246,#5247,#5248,#5249,#5250,#5251,#5252,#5253,#5254,
    #5255,#5256,#5257,#5258,#5259,#5260,#5261,#5262,#5263,#5264,#5265,
    #5266,#5267,#5268,#5269,#5270,#5271,#5272,#5273,#5274,#5275,#5276,
    #5277,#5278),.UNSPECIFIED.,.F.,.F.,(9,7,7,7,7,7,7,9),(0.,
    9.143005503156E-02,0.263350476942,0.29335620293,0.536703462956,
    0.748537810613,0.945394082917,1.),.UNSPECIFIED.);
#5228 = CARTESIAN_POINT('',(-7.199907411315,3.65139493498E-02,
    9.600617384148));
#5229 = CARTESIAN_POINT('',(-7.201220403982,-0.222385068824,
    9.617786379281));
#5230 = CARTESIAN_POINT('',(-7.191893593673,-0.481341089756,
    9.634954286793));
#5231 = CARTESIAN_POINT('',(-7.171924589631,-0.73983973911,
    9.652121709247));
#5232 = CARTESIAN_POINT('',(-7.141340186298,-0.99737035149,
    9.669289147877));
#5233 = CARTESIAN_POINT('',(-7.100196326793,-1.25342616232,
    9.686456961769));
#5234 = CARTESIAN_POINT('',(-7.048578066393,-1.50750449973,
    9.703625327033));
#5235 = CARTESIAN_POINT('',(-6.98659953601,-1.759106976439,
    9.720794195987));
#5236 = CARTESIAN_POINT('',(-6.778650916969,-2.475255965687,
    9.770247083522));
#5237 = CARTESIAN_POINT('',(-6.606751648447,-2.932348194443,
    9.802536755946));
#5238 = CARTESIAN_POINT('',(-6.3996637685,-3.375655188946,9.834825306458
    ));
#5239 = CARTESIAN_POINT('',(-6.158708272899,-3.802026731686,
    9.867111378439));
#5240 = CARTESIAN_POINT('',(-5.885515828427,-4.208497137513,
    9.89939683918));
#5241 = CARTESIAN_POINT('',(-5.58200692997,-4.592279643806,
    9.931684032022));
#5242 = CARTESIAN_POINT('',(-5.250405871052,-4.950781619907,
    9.963972667263));
#5243 = CARTESIAN_POINT('',(-4.830959893284,-5.339386288062,
    10.001890908673));
#5244 = CARTESIAN_POINT('',(-4.767852421651,-5.396291389858,
    10.007525454394));
#5245 = CARTESIAN_POINT('',(-4.703979355387,-5.452343630863,
    10.013159989587));
#5246 = CARTESIAN_POINT('',(-4.639354157385,-5.507531000979,
    10.018794514834));
#5247 = CARTESIAN_POINT('',(-4.573990510969,-5.561841750362,
    10.024429030693));
#5248 = CARTESIAN_POINT('',(-4.50790231989,-5.61526438942,
    10.030063537692));
#5249 = CARTESIAN_POINT('',(-4.441103708328,-5.667787688818,
    10.035698036333));
#5250 = CARTESIAN_POINT('',(-3.826225256207,-6.137983448069,
    10.087028401559));
#5251 = CARTESIAN_POINT('',(-3.23274999428,-6.496928981685,
    10.132749471042));
#5252 = CARTESIAN_POINT('',(-2.601210615016,-6.789913245499,
    10.178456767806));
#5253 = CARTESIAN_POINT('',(-1.940257387349,-7.012446694809,
    10.224154302989));
#5254 = CARTESIAN_POINT('',(-1.258920159703,-7.161308414737,
    10.269852415714));
#5255 = CARTESIAN_POINT('',(-0.566600150491,-7.234619715715,
    10.315561097909));
#5256 = CARTESIAN_POINT('',(0.126974992685,-7.231785252327,
    10.361283446276));
#5257 = CARTESIAN_POINT('',(1.407696984334,-7.086480873024,
    10.446758593861));
#5258 = CARTESIAN_POINT('',(1.997478201709,-6.962085534096,
    10.48654992531));
#5259 = CARTESIAN_POINT('',(2.574411035533,-6.781605520032,
    10.526334289466));
#5260 = CARTESIAN_POINT('',(3.132291131908,-6.546676791567,
    10.566112594057));
#5261 = CARTESIAN_POINT('',(3.665260416838,-6.259683021584,
    10.605890861452));
#5262 = CARTESIAN_POINT('',(4.16778728653,-5.923690038926,
    10.645675158735));
#5263 = CARTESIAN_POINT('',(4.634704988196,-5.542502270548,
    10.685466498043));
#5264 = CARTESIAN_POINT('',(5.457799589167,-4.728970372382,
    10.762211754791));
#5265 = CARTESIAN_POINT('',(5.819687427727,-4.301936490237,
    10.799187223286));
#5266 = CARTESIAN_POINT('',(6.143204163413,-3.843422926611,
    10.836159211217));
#5267 = CARTESIAN_POINT('',(6.425207177545,-3.35749477368,
    10.873126668717));
#5268 = CARTESIAN_POINT('',(6.663094308586,-2.848513876776,
    10.910094303992));
#5269 = CARTESIAN_POINT('',(6.854770663499,-2.32110713471,
    10.947066775856));
#5270 = CARTESIAN_POINT('',(6.998693575227,-1.780175649602,
    10.984042907471));
#5271 = CARTESIAN_POINT('',(7.120431542989,-1.07859368399,
    11.031264192915));
#5272 = CARTESIAN_POINT('',(7.143128095944,-0.925593574538,
    11.041518441595));
#5273 = CARTESIAN_POINT('',(7.162066739865,-0.772051800582,
    11.05177266416));
#5274 = CARTESIAN_POINT('',(7.177232571764,-0.618076092563,
    11.062026857538));
#5275 = CARTESIAN_POINT('',(7.188614410957,-0.463774508677,
    11.072281018732));
#5276 = CARTESIAN_POINT('',(7.196204799061,-0.309255434865,
    11.082535144827));
#5277 = CARTESIAN_POINT('',(7.2,-0.154627584824,11.092789232985));
#5278 = CARTESIAN_POINT('',(7.2,-1.7763568394E-15,11.103043280447));
#5279 = PCURVE('',#3833,#5280);
#5280 = DEFINITIONAL_REPRESENTATION('',(#5281),#5333);
#5281 = B_SPLINE_CURVE_WITH_KNOTS('',8,(#5282,#5283,#5284,#5285,#5286,
    #5287,#5288,#5289,#5290,#5291,#5292,#5293,#5294,#5295,#5296,#5297,
    #5298,#5299,#5300,#5301,#5302,#5303,#5304,#5305,#5306,#5307,#5308,
    #5309,#5310,#5311,#5312,#5313,#5314,#5315,#5316,#5317,#5318,#5319,
    #5320,#5321,#5322,#5323,#5324,#5325,#5326,#5327,#5328,#5329,#5330,
    #5331,#5332),.UNSPECIFIED.,.F.,.F.,(9,7,7,7,7,7,7,9),(0.,
    9.143005503156E-02,0.263350476942,0.29335620293,0.536703462956,
    0.748537810613,0.945394082917,1.),.UNSPECIFIED.);
#5282 = CARTESIAN_POINT('',(3.136521249997,9.600617384148));
#5283 = CARTESIAN_POINT('',(3.172479909377,9.617786379281));
#5284 = CARTESIAN_POINT('',(3.208438993466,9.634954286793));
#5285 = CARTESIAN_POINT('',(3.244397907258,9.652121709247));
#5286 = CARTESIAN_POINT('',(3.280356596255,9.669289147877));
#5287 = CARTESIAN_POINT('',(3.316315278062,9.686456961769));
#5288 = CARTESIAN_POINT('',(3.352274173987,9.703625327033));
#5289 = CARTESIAN_POINT('',(3.388233240636,9.720794195987));
#5290 = CARTESIAN_POINT('',(3.491806737212,9.770247083522));
#5291 = CARTESIAN_POINT('',(3.559430979304,9.802536755946));
#5292 = CARTESIAN_POINT('',(3.627051023768,9.834825306458));
#5293 = CARTESIAN_POINT('',(3.694665830104,9.867111378439));
#5294 = CARTESIAN_POINT('',(3.762280644338,9.89939683918));
#5295 = CARTESIAN_POINT('',(3.829900713776,9.931684032022));
#5296 = CARTESIAN_POINT('',(3.897524993528,9.963972667263));
#5297 = CARTESIAN_POINT('',(3.976940843614,10.001890908673));
#5298 = CARTESIAN_POINT('',(3.98874184686,10.007525454394));
#5299 = CARTESIAN_POINT('',(4.000542853636,10.013159989587));
#5300 = CARTESIAN_POINT('',(4.012343862941,10.018794514834));
#5301 = CARTESIAN_POINT('',(4.024144873654,10.024429030693));
#5302 = CARTESIAN_POINT('',(4.035945884532,10.030063537692));
#5303 = CARTESIAN_POINT('',(4.047746894212,10.035698036333));
#5304 = CARTESIAN_POINT('',(4.15525439134,10.087028401559));
#5305 = CARTESIAN_POINT('',(4.251014561187,10.132749471042));
#5306 = CARTESIAN_POINT('',(4.346745533004,10.178456767806));
#5307 = CARTESIAN_POINT('',(4.44245445377,10.224154302989));
#5308 = CARTESIAN_POINT('',(4.538163366942,10.269852415714));
#5309 = CARTESIAN_POINT('',(4.633894318295,10.315561097909));
#5310 = CARTESIAN_POINT('',(4.729654460874,10.361283446276));
#5311 = CARTESIAN_POINT('',(4.908673682209,10.446758593861));
#5312 = CARTESIAN_POINT('',(4.992013272506,10.48654992531));
#5313 = CARTESIAN_POINT('',(5.075338999239,10.526334289466));
#5314 = CARTESIAN_POINT('',(5.158652620405,10.566112594057));
#5315 = CARTESIAN_POINT('',(5.241966237534,10.605890861452));
#5316 = CARTESIAN_POINT('',(5.32529196531,10.645675158735));
#5317 = CARTESIAN_POINT('',(5.408631575334,10.685466498043));
#5318 = CARTESIAN_POINT('',(5.569366221191,10.762211754791));
#5319 = CARTESIAN_POINT('',(5.646806527089,10.799187223286));
#5320 = CARTESIAN_POINT('',(5.724238642335,10.836159211217));
#5321 = CARTESIAN_POINT('',(5.8016605311,10.873126668717));
#5322 = CARTESIAN_POINT('',(5.879082416406,10.910094303992));
#5323 = CARTESIAN_POINT('',(5.956514523295,10.947066775856));
#5324 = CARTESIAN_POINT('',(6.033954820797,10.984042907471));
#5325 = CARTESIAN_POINT('',(6.132852817731,11.031264192915));
#5326 = CARTESIAN_POINT('',(6.154328881893,11.041518441595));
#5327 = CARTESIAN_POINT('',(6.175804953722,11.05177266416));
#5328 = CARTESIAN_POINT('',(6.197281030768,11.062026857538));
#5329 = CARTESIAN_POINT('',(6.218757109582,11.072281018732));
#5330 = CARTESIAN_POINT('',(6.240233185719,11.082535144827));
#5331 = CARTESIAN_POINT('',(6.261709253732,11.092789232985));
#5332 = CARTESIAN_POINT('',(6.28318530718,11.103043280447));
#5333 = ( GEOMETRIC_REPRESENTATION_CONTEXT(2) 
PARAMETRIC_REPRESENTATION_CONTEXT() REPRESENTATION_CONTEXT('2D SPACE',''
  ) );
#5334 = PCURVE('',#5335,#5360);
#5335 = B_SPLINE_SURFACE_WITH_KNOTS('',1,11,(
    (#5336,#5337,#5338,#5339,#5340,#5341,#5342,#5343,#5344,#5345,#5346
      ,#5347)
    ,(#5348,#5349,#5350,#5351,#5352,#5353,#5354,#5355,#5356,#5357,#5358
      ,#5359
    )),.UNSPECIFIED.,.F.,.F.,.F.,(2,2),(12,12),(-0.923760430703,-0.),(0.
    ,6.962644440466),.PIECEWISE_BEZIER_KNOTS.);
#5336 = CARTESIAN_POINT('',(-6.4,5.95523030807E-03,9.139802757374));
#5337 = CARTESIAN_POINT('',(-6.403401619728,-3.64971621172,
    9.412530030634));
#5338 = CARTESIAN_POINT('',(-4.110371080712,-7.307441719173,
    9.685257301333));
#5339 = CARTESIAN_POINT('',(0.48534699698,-9.364611752705,9.957984579347
    ));
#5340 = CARTESIAN_POINT('',(6.103131187693,-8.210954798764,
    10.23071184209));
#5341 = CARTESIAN_POINT('',(10.295588012095,-3.393442234504,
    10.503439129142));
#5342 = CARTESIAN_POINT('',(10.301885415958,3.374276187926,
    10.776166385669));
#5343 = CARTESIAN_POINT('',(6.118401263382,8.199582604924,
    11.048893673036));
#5344 = CARTESIAN_POINT('',(0.502773776252,9.363692301644,
    11.321620935372));
#5345 = CARTESIAN_POINT('',(-4.096764757657,7.315078497949,
    11.594348213676));
#5346 = CARTESIAN_POINT('',(-6.396598380282,3.661626672345,
    11.867075484246));
#5347 = CARTESIAN_POINT('',(-6.400000000019,5.955230319306E-03,
    12.13980275754));
#5348 = CARTESIAN_POINT('',(-7.2,3.651748649871E-02,9.600670723097));
#5349 = CARTESIAN_POINT('',(-7.220858740308,-4.076112896414,
    9.873397995827));
#5350 = CARTESIAN_POINT('',(-4.658230911927,-8.201753191663,
    10.146125268542));
#5351 = CARTESIAN_POINT('',(0.502387409244,-10.53749023886,
    10.418852541301));
#5352 = CARTESIAN_POINT('',(6.827793932895,-9.265794117343,
    10.691579813975));
#5353 = CARTESIAN_POINT('',(11.566770955939,-3.865605192885,
    10.964307086761));
#5354 = CARTESIAN_POINT('',(11.605386651412,3.74807894957,
    11.237034359449));
#5355 = CARTESIAN_POINT('',(6.921430073502,9.196059797453,
    11.509761632185));
#5356 = CARTESIAN_POINT('',(0.609248461329,10.531852162855,
    11.782488904923));
#5357 = CARTESIAN_POINT('',(-4.574796906471,8.248581937298,
    12.055216177638));
#5358 = CARTESIAN_POINT('',(-7.179141259784,4.14914786941,
    12.327943450371));
#5359 = CARTESIAN_POINT('',(-7.200000000115,3.651748649884E-02,
    12.600670723097));
#5360 = DEFINITIONAL_REPRESENTATION('',(#5361),#5413);
#5361 = B_SPLINE_CURVE_WITH_KNOTS('',8,(#5362,#5363,#5364,#5365,#5366,
    #5367,#5368,#5369,#5370,#5371,#5372,#5373,#5374,#5375,#5376,#5377,
    #5378,#5379,#5380,#5381,#5382,#5383,#5384,#5385,#5386,#5387,#5388,
    #5389,#5390,#5391,#5392,#5393,#5394,#5395,#5396,#5397,#5398,#5399,
    #5400,#5401,#5402,#5403,#5404,#5405,#5406,#5407,#5408,#5409,#5410,
    #5411,#5412),.UNSPECIFIED.,.F.,.F.,(9,7,7,7,7,7,7,9),(0.,
    9.143005503156E-02,0.263350476942,0.29335620293,0.536703462956,
    0.748537810613,0.945394082917,1.),.UNSPECIFIED.);
#5362 = CARTESIAN_POINT('',(-1.069122048757E-04,0.));
#5363 = CARTESIAN_POINT('',(-1.069122627323E-04,3.984720290394E-02));
#5364 = CARTESIAN_POINT('',(-1.095416370013E-04,7.969492604726E-02));
#5365 = CARTESIAN_POINT('',(-1.130275661878E-04,0.11954251523));
#5366 = CARTESIAN_POINT('',(-1.162995188497E-04,0.159389894194));
#5367 = CARTESIAN_POINT('',(-1.188224681052E-04,0.199237276827));
#5368 = CARTESIAN_POINT('',(-1.204301661398E-04,0.239084879364));
#5369 = CARTESIAN_POINT('',(-1.211584187137E-04,0.278932632595));
#5370 = CARTESIAN_POINT('',(-1.209278207159E-04,0.393706656408));
#5371 = CARTESIAN_POINT('',(-1.17931275186E-04,0.468643689445));
#5372 = CARTESIAN_POINT('',(-1.129700882558E-04,0.543575843802));
#5373 = CARTESIAN_POINT('',(-1.078235739419E-04,0.618502031195));
#5374 = CARTESIAN_POINT('',(-1.038739279001E-04,0.693428185821));
#5375 = CARTESIAN_POINT('',(-1.015461558096E-04,0.768360238413));
#5376 = CARTESIAN_POINT('',(-1.004829973415E-04,0.843297102933));
#5377 = CARTESIAN_POINT('',(-1.004499323331E-04,0.931300808897));
#5378 = CARTESIAN_POINT('',(-1.004757222515E-04,0.944377951572));
#5379 = CARTESIAN_POINT('',(-1.005302250755E-04,0.957455103058));
#5380 = CARTESIAN_POINT('',(-1.006113527978E-04,0.970532262292));
#5381 = CARTESIAN_POINT('',(-1.007169197952E-04,0.983609428034));
#5382 = CARTESIAN_POINT('',(-1.008446428282E-04,0.996686598868));
#5383 = CARTESIAN_POINT('',(-1.009921410416E-04,1.009763773203));
#5384 = CARTESIAN_POINT('',(-1.024934272993E-04,1.128897205559));
#5385 = CARTESIAN_POINT('',(-1.049697284692E-04,1.23501325628));
#5386 = CARTESIAN_POINT('',(-1.073234534397E-04,1.341097200218));
#5387 = CARTESIAN_POINT('',(-1.08161825453E-04,1.447156734065));
#5388 = CARTESIAN_POINT('',(-1.076190127606E-04,1.553216009041));
#5389 = CARTESIAN_POINT('',(-1.0670443575E-04,1.659299384044));
#5390 = CARTESIAN_POINT('',(-1.060973157175E-04,1.765414832616));
#5391 = CARTESIAN_POINT('',(-1.060848882972E-04,1.963792505271));
#5392 = CARTESIAN_POINT('',(-1.065334024318E-04,2.056143988834));
#5393 = CARTESIAN_POINT('',(-1.076236705686E-04,2.148480045222));
#5394 = CARTESIAN_POINT('',(-1.093049952632E-04,2.240802722461));
#5395 = CARTESIAN_POINT('',(-1.111589708051E-04,2.333125513285));
#5396 = CARTESIAN_POINT('',(-1.126477457269E-04,2.4254618759));
#5397 = CARTESIAN_POINT('',(-1.134217964979E-04,2.51781375464));
#5398 = CARTESIAN_POINT('',(-1.133197563595E-04,2.695930281564));
#5399 = CARTESIAN_POINT('',(-1.1255991668E-04,2.781745081799));
#5400 = CARTESIAN_POINT('',(-1.10983873962E-04,2.867550858977));
#5401 = CARTESIAN_POINT('',(-1.087043720096E-04,2.953345307028));
#5402 = CARTESIAN_POINT('',(-1.060297295429E-04,3.039139710141));
#5403 = CARTESIAN_POINT('',(-1.033874538427E-04,3.124945375881));
#5404 = CARTESIAN_POINT('',(-1.011941505238E-04,3.210760055332));
#5405 = CARTESIAN_POINT('',(-9.924942539585E-05,3.320352810397));
#5406 = CARTESIAN_POINT('',(-9.887891307226E-05,3.344151277243));
#5407 = CARTESIAN_POINT('',(-9.856549202688E-05,3.367949749584));
#5408 = CARTESIAN_POINT('',(-9.831338773302E-05,3.391748225175));
#5409 = CARTESIAN_POINT('',(-9.812575157783E-05,3.415546700712));
#5410 = CARTESIAN_POINT('',(-9.800466086235E-05,3.439345171835));
#5411 = CARTESIAN_POINT('',(-9.79511188015E-05,3.463143633127));
#5412 = CARTESIAN_POINT('',(-9.796505452407E-05,3.486942078113));
#5413 = ( GEOMETRIC_REPRESENTATION_CONTEXT(2) 
PARAMETRIC_REPRESENTATION_CONTEXT() REPRESENTATION_CONTEXT('2D SPACE',''
  ) );
#5414 = ORIENTED_EDGE('',*,*,#5415,.T.);
#5415 = EDGE_CURVE('',#5224,#5416,#5418,.T.);
#5416 = VERTEX_POINT('',#5417);
#5417 = CARTESIAN_POINT('',(7.2,-1.763491390772E-15,11.496961209955));
#5418 = SURFACE_CURVE('',#5419,(#5423,#5430),.PCURVE_S1.);
#5419 = LINE('',#5420,#5421);
#5420 = CARTESIAN_POINT('',(7.2,-1.763491390772E-15,0.));
#5421 = VECTOR('',#5422,1.);
#5422 = DIRECTION('',(0.,0.,1.));
#5423 = PCURVE('',#3833,#5424);
#5424 = DEFINITIONAL_REPRESENTATION('',(#5425),#5429);
#5425 = LINE('',#5426,#5427);
#5426 = CARTESIAN_POINT('',(6.28318530718,-0.));
#5427 = VECTOR('',#5428,1.);
#5428 = DIRECTION('',(0.,1.));
#5429 = ( GEOMETRIC_REPRESENTATION_CONTEXT(2) 
PARAMETRIC_REPRESENTATION_CONTEXT() REPRESENTATION_CONTEXT('2D SPACE',''
  ) );
#5430 = PCURVE('',#5431,#5436);
#5431 = CYLINDRICAL_SURFACE('',#5432,7.2);
#5432 = AXIS2_PLACEMENT_3D('',#5433,#5434,#5435);
#5433 = CARTESIAN_POINT('',(0.,0.,0.));
#5434 = DIRECTION('',(0.,0.,1.));
#5435 = DIRECTION('',(1.,0.,0.));
#5436 = DEFINITIONAL_REPRESENTATION('',(#5437),#5441);
#5437 = LINE('',#5438,#5439);
#5438 = CARTESIAN_POINT('',(0.,-0.));
#5439 = VECTOR('',#5440,1.);
#5440 = DIRECTION('',(0.,1.));
#5441 = ( GEOMETRIC_REPRESENTATION_CONTEXT(2) 
PARAMETRIC_REPRESENTATION_CONTEXT() REPRESENTATION_CONTEXT('2D SPACE',''
  ) );
#5442 = ORIENTED_EDGE('',*,*,#5443,.F.);
#5443 = EDGE_CURVE('',#4152,#5416,#5444,.T.);
#5444 = SURFACE_CURVE('',#5445,(#5532,#5622),.PCURVE_S1.);
#5445 = B_SPLINE_CURVE_WITH_KNOTS('',8,(#5446,#5447,#5448,#5449,#5450,
    #5451,#5452,#5453,#5454,#5455,#5456,#5457,#5458,#5459,#5460,#5461,
    #5462,#5463,#5464,#5465,#5466,#5467,#5468,#5469,#5470,#5471,#5472,
    #5473,#5474,#5475,#5476,#5477,#5478,#5479,#5480,#5481,#5482,#5483,
    #5484,#5485,#5486,#5487,#5488,#5489,#5490,#5491,#5492,#5493,#5494,
    #5495,#5496,#5497,#5498,#5499,#5500,#5501,#5502,#5503,#5504,#5505,
    #5506,#5507,#5508,#5509,#5510,#5511,#5512,#5513,#5514,#5515,#5516,
    #5517,#5518,#5519,#5520,#5521,#5522,#5523,#5524,#5525,#5526,#5527,
    #5528,#5529,#5530,#5531),.UNSPECIFIED.,.F.,.F.,(9,7,7,7,7,7,7,7,7,7,
    7,7,9),(0.,4.471128974267E-02,0.133242434888,0.217537987907,
    0.270149241864,0.385330418144,0.501415586549,0.626149934405,
    0.733027714853,0.783685706692,0.87051312049,0.95558636382,1.),
  .UNSPECIFIED.);
#5446 = CARTESIAN_POINT('',(7.199907411315,3.651394934981E-02,
    8.499382615852));
#5447 = CARTESIAN_POINT('',(7.198626345634,0.289117528231,8.516134126332
    ));
#5448 = CARTESIAN_POINT('',(7.187216618389,0.541672139689,8.53288707592)
  );
#5449 = CARTESIAN_POINT('',(7.165680873056,0.793700409474,8.549640399102
    ));
#5450 = CARTESIAN_POINT('',(7.134048143707,1.044728437984,8.566393566911
    ));
#5451 = CARTESIAN_POINT('',(7.092373833053,1.294285984827,8.583146403496
    ));
#5452 = CARTESIAN_POINT('',(7.040739690498,1.541906653369,8.59989890269)
  );
#5453 = CARTESIAN_POINT('',(6.979253790189,1.78712807529,8.616651044578)
  );
#5454 = CARTESIAN_POINT('',(6.767063567005,2.509387985933,8.666571761547
    ));
#5455 = CARTESIAN_POINT('',(6.587953752757,2.978165985844,8.69974443085)
  );
#5456 = CARTESIAN_POINT('',(6.371771359431,3.432177729667,8.73291361955)
  );
#5457 = CARTESIAN_POINT('',(6.119972248208,3.868014899665,8.766079766887
    ));
#5458 = CARTESIAN_POINT('',(5.834354972565,4.282477943214,8.79924655441)
  );
#5459 = CARTESIAN_POINT('',(5.517037528637,4.672569383026,8.832417125214
    ));
#5460 = CARTESIAN_POINT('',(5.170473731707,5.035511719955,8.865590719794
    ));
#5461 = CARTESIAN_POINT('',(4.442388432608,5.686123120497,8.930341833599
    ));
#5462 = CARTESIAN_POINT('',(4.063232694987,5.976652161895,8.96192850848)
  );
#5463 = CARTESIAN_POINT('',(3.662468384958,6.238188093173,8.993513749443
    ));
#5464 = CARTESIAN_POINT('',(3.242702234695,6.468879626717,9.025096830957
    ));
#5465 = CARTESIAN_POINT('',(2.806693436739,6.667168613306,9.05667976531)
  );
#5466 = CARTESIAN_POINT('',(2.357341402558,6.831776672617,9.088264685376
    ));
#5467 = CARTESIAN_POINT('',(1.897689172522,6.961722987641,9.119851150507
    ));
#5468 = CARTESIAN_POINT('',(1.139632579675,7.115447193894,9.171144741106
    ));
#5469 = CARTESIAN_POINT('',(0.845529653919,7.160778067371,9.190856421625
    ));
#5470 = CARTESIAN_POINT('',(0.549398582291,7.192209785517,9.21056786478)
  );
#5471 = CARTESIAN_POINT('',(0.252006777965,7.209640035904,9.230279048703
    ));
#5472 = CARTESIAN_POINT('',(-4.587625986081E-02,7.213017110619,
    9.249990216492));
#5473 = CARTESIAN_POINT('',(-0.34347930389,7.20233885462,9.269701610799)
  );
#5474 = CARTESIAN_POINT('',(-0.640029669685,7.17765374341,9.289413208504
    ));
#5475 = CARTESIAN_POINT('',(-1.579988465289,7.054580232839,
    9.352278047923));
#5476 = CARTESIAN_POINT('',(-2.216785780997,6.90341060024,9.395451150384
    ));
#5477 = CARTESIAN_POINT('',(-2.836655591841,6.686561029948,
    9.438614316523));
#5478 = CARTESIAN_POINT('',(-3.431747161387,6.406393858456,
    9.481769635272));
#5479 = CARTESIAN_POINT('',(-3.994697887265,6.066226292195,
    9.524925034557));
#5480 = CARTESIAN_POINT('',(-4.518666997908,5.67034964208,9.568088366739
    ));
#5481 = CARTESIAN_POINT('',(-4.997338334453,5.223990398337,
    9.611261550774));
#5482 = CARTESIAN_POINT('',(-5.856361099484,4.23947802938,9.697907124105
    ));
#5483 = CARTESIAN_POINT('',(-6.236304559427,3.700181346056,
    9.741418824868));
#5484 = CARTESIAN_POINT('',(-6.559160089076,3.122295722337,
    9.784919302443));
#5485 = CARTESIAN_POINT('',(-6.820513145049,2.512960789823,
    9.828410950141));
#5486 = CARTESIAN_POINT('',(-7.016977381565,1.879718103959,
    9.871902612272));
#5487 = CARTESIAN_POINT('',(-7.146236609965,1.230503522614,
    9.915403155095));
#5488 = CARTESIAN_POINT('',(-7.207017834184,0.573614175683,
    9.958915017171));
#5489 = CARTESIAN_POINT('',(-7.191486006948,-0.786862805665,
    10.049140354487));
#5490 = CARTESIAN_POINT('',(-7.104612065871,-1.491064879101,
    10.095902610237));
#5491 = CARTESIAN_POINT('',(-6.938865817147,-2.183838015934,
    10.142649881723));
#5492 = CARTESIAN_POINT('',(-6.696222476777,-2.854941870867,
    10.189386047739));
#5493 = CARTESIAN_POINT('',(-6.379990639428,-3.49467116978,
    10.236122184704));
#5494 = CARTESIAN_POINT('',(-5.9948823382,-4.093919000872,
    10.282869389164));
#5495 = CARTESIAN_POINT('',(-5.546918790166,-4.644170109165,
    10.32963160439));
#5496 = CARTESIAN_POINT('',(-4.61314984917,-5.560886627067,
    10.416407377571));
#5497 = CARTESIAN_POINT('',(-4.141573136663,-5.942746949062,
    10.456462959524));
#5498 = CARTESIAN_POINT('',(-3.634098760468,-6.278657272609,
    10.496511277812));
#5499 = CARTESIAN_POINT('',(-3.096014921373,-6.564759759159,
    10.536553406276));
#5500 = CARTESIAN_POINT('',(-2.532980405632,-6.797957138697,
    10.576595583675));
#5501 = CARTESIAN_POINT('',(-1.950984456362,-6.975853448,10.616644026673
    ));
#5502 = CARTESIAN_POINT('',(-1.356367231103,-7.09682173432,
    10.656699712915));
#5503 = CARTESIAN_POINT('',(-0.471251650666,-7.190259693673,
    10.715721787532));
#5504 = CARTESIAN_POINT('',(-0.185259545328,-7.207376440309,
    10.734701611051));
#5505 = CARTESIAN_POINT('',(0.101410052008,-7.211489684072,
    10.753681346159));
#5506 = CARTESIAN_POINT('',(0.388066703391,-7.202571624665,
    10.772660940724));
#5507 = CARTESIAN_POINT('',(0.674022068346,-7.180637969989,
    10.79164055383));
#5508 = CARTESIAN_POINT('',(0.958590114959,-7.14574706987,
    10.810620342201));
#5509 = CARTESIAN_POINT('',(1.241087421466,-7.098000746413,
    10.829600247745));
#5510 = CARTESIAN_POINT('',(2.000316342407,-6.933929251273,
    10.881110571226));
#5511 = CARTESIAN_POINT('',(2.471801004964,-6.79296130234,
    10.913645899933));
#5512 = CARTESIAN_POINT('',(2.931786885171,-6.615380619779,
    10.946178938768));
#5513 = CARTESIAN_POINT('',(3.376965232155,-6.40231408049,
    10.978709109238));
#5514 = CARTESIAN_POINT('',(3.804195405081,-6.155219943575,
    11.011239076045));
#5515 = CARTESIAN_POINT('',(4.210500420369,-5.875866732726,
    11.043771645694));
#5516 = CARTESIAN_POINT('',(4.593081856062,-5.566348850076,
    11.076306575596));
#5517 = CARTESIAN_POINT('',(5.298428617703,-4.898741630521,
    11.140710795067));
#5518 = CARTESIAN_POINT('',(5.622343306988,-4.541668081976,
    11.172588974868));
#5519 = CARTESIAN_POINT('',(5.918646032798,-4.160216730344,
    11.204465835847));
#5520 = CARTESIAN_POINT('',(6.185219258585,-3.756901535185,
    11.236341088213));
#5521 = CARTESIAN_POINT('',(6.42023560702,-3.334418779009,
    11.268216899501));
#5522 = CARTESIAN_POINT('',(6.62214484297,-2.895633021228,
    11.300094987594));
#5523 = CARTESIAN_POINT('',(6.789692292131,-2.443582188225,
    11.331974056848));
#5524 = CARTESIAN_POINT('',(6.991025378847,-1.740266489046,
    11.380487579391));
#5525 = CARTESIAN_POINT('',(7.050474349411,-1.496278217141,
    11.397127384738));
#5526 = CARTESIAN_POINT('',(7.100187005643,-1.249986926422,
    11.41376672355));
#5527 = CARTESIAN_POINT('',(7.140060373221,-1.001846498329,
    11.430405557681));
#5528 = CARTESIAN_POINT('',(7.170017133118,-0.752314594203,
    11.447044045249));
#5529 = CARTESIAN_POINT('',(7.190005649894,-0.501852496357,
    11.463682505221));
#5530 = CARTESIAN_POINT('',(7.199999999987,-0.250924949139,
    11.480321381989));
#5531 = CARTESIAN_POINT('',(7.2,-5.329070518201E-15,11.496961209955));
#5532 = PCURVE('',#3833,#5533);
#5533 = DEFINITIONAL_REPRESENTATION('',(#5534),#5621);
#5534 = B_SPLINE_CURVE_WITH_KNOTS('',8,(#5535,#5536,#5537,#5538,#5539,
    #5540,#5541,#5542,#5543,#5544,#5545,#5546,#5547,#5548,#5549,#5550,
    #5551,#5552,#5553,#5554,#5555,#5556,#5557,#5558,#5559,#5560,#5561,
    #5562,#5563,#5564,#5565,#5566,#5567,#5568,#5569,#5570,#5571,#5572,
    #5573,#5574,#5575,#5576,#5577,#5578,#5579,#5580,#5581,#5582,#5583,
    #5584,#5585,#5586,#5587,#5588,#5589,#5590,#5591,#5592,#5593,#5594,
    #5595,#5596,#5597,#5598,#5599,#5600,#5601,#5602,#5603,#5604,#5605,
    #5606,#5607,#5608,#5609,#5610,#5611,#5612,#5613,#5614,#5615,#5616,
    #5617,#5618,#5619,#5620),.UNSPECIFIED.,.F.,.F.,(9,7,7,7,7,7,7,7,7,7,
    7,7,9),(0.,4.471128974267E-02,0.133242434888,0.217537987907,
    0.270149241864,0.385330418144,0.501415586549,0.626149934405,
    0.733027714853,0.783685706692,0.87051312049,0.95558636382,1.),
  .UNSPECIFIED.);
#5535 = CARTESIAN_POINT('',(5.071403592798E-03,8.499382615852));
#5536 = CARTESIAN_POINT('',(4.015568516064E-02,8.516134126332));
#5537 = CARTESIAN_POINT('',(7.524030177264E-02,8.53288707592));
#5538 = CARTESIAN_POINT('',(0.110324753548,8.549640399102));
#5539 = CARTESIAN_POINT('',(0.145409008686,8.566393566911));
#5540 = CARTESIAN_POINT('',(0.180493268433,8.583146403496));
#5541 = CARTESIAN_POINT('',(0.215577732048,8.59989890269));
#5542 = CARTESIAN_POINT('',(0.250662361769,8.616651044578));
#5543 = CARTESIAN_POINT('',(0.355215724501,8.666571761547));
#5544 = CARTESIAN_POINT('',(0.424695541302,8.69974443085));
#5545 = CARTESIAN_POINT('',(0.494170591854,8.73291361955));
#5546 = CARTESIAN_POINT('',(0.563639664331,8.766079766887));
#5547 = CARTESIAN_POINT('',(0.633108736851,8.79924655441));
#5548 = CARTESIAN_POINT('',(0.70258381272,8.832417125214));
#5549 = CARTESIAN_POINT('',(0.77206369551,8.865590719794));
#5550 = CARTESIAN_POINT('',(0.907678109337,8.930341833599));
#5551 = CARTESIAN_POINT('',(0.973831965477,8.96192850848));
#5552 = CARTESIAN_POINT('',(1.039982053289,8.993513749443));
#5553 = CARTESIAN_POINT('',(1.10612743439,9.025096830957));
#5554 = CARTESIAN_POINT('',(1.172272813975,9.05667976531));
#5555 = CARTESIAN_POINT('',(1.23842290006,9.088264685376));
#5556 = CARTESIAN_POINT('',(1.304576759115,9.119851150507));
#5557 = CARTESIAN_POINT('',(1.412005400514,9.171144741106));
#5558 = CARTESIAN_POINT('',(1.453289459424,9.190856421625));
#5559 = CARTESIAN_POINT('',(1.4945731605,9.21056786478));
#5560 = CARTESIAN_POINT('',(1.535856410448,9.230279048703));
#5561 = CARTESIAN_POINT('',(1.577139662688,9.249990216492));
#5562 = CARTESIAN_POINT('',(1.618423371271,9.269701610799));
#5563 = CARTESIAN_POINT('',(1.659707442997,9.289413208504));
#5564 = CARTESIAN_POINT('',(1.791371591651,9.352278047923));
#5565 = CARTESIAN_POINT('',(1.881792913702,9.395451150384));
#5566 = CARTESIAN_POINT('',(1.972192669153,9.438614316523));
#5567 = CARTESIAN_POINT('',(2.062575234656,9.481769635272));
#5568 = CARTESIAN_POINT('',(2.152957788998,9.524925034557));
#5569 = CARTESIAN_POINT('',(2.243357507188,9.568088366739));
#5570 = CARTESIAN_POINT('',(2.333778801378,9.611261550774));
#5571 = CARTESIAN_POINT('',(2.515250022031,9.697907124105));
#5572 = CARTESIAN_POINT('',(2.606382298245,9.741418824868));
#5573 = CARTESIAN_POINT('',(2.697492116274,9.784919302443));
#5574 = CARTESIAN_POINT('',(2.788584172456,9.828410950141));
#5575 = CARTESIAN_POINT('',(2.879676230095,9.871902612272));
#5576 = CARTESIAN_POINT('',(2.9707860515,9.915403155095));
#5577 = CARTESIAN_POINT('',(3.061918330471,9.958915017171));
#5578 = CARTESIAN_POINT('',(3.250885780149,10.049140354487));
#5579 = CARTESIAN_POINT('',(3.348822919319,10.095902610237));
#5580 = CARTESIAN_POINT('',(3.446727172086,10.142649881723));
#5581 = CARTESIAN_POINT('',(3.544607144383,10.189386047739));
#5582 = CARTESIAN_POINT('',(3.642487115175,10.236122184704));
#5583 = CARTESIAN_POINT('',(3.740391361005,10.282869389164));
#5584 = CARTESIAN_POINT('',(3.838328498268,10.32963160439));
#5585 = CARTESIAN_POINT('',(4.020071050024,10.416407377571));
#5586 = CARTESIAN_POINT('',(4.103964131524,10.456462959524));
#5587 = CARTESIAN_POINT('',(4.187842868033,10.496511277812));
#5588 = CARTESIAN_POINT('',(4.271709145326,10.536553406276));
#5589 = CARTESIAN_POINT('',(4.355575421287,10.576595583675));
#5590 = CARTESIAN_POINT('',(4.439454201024,10.616644026673));
#5591 = CARTESIAN_POINT('',(4.523347405465,10.656699712915));
#5592 = CARTESIAN_POINT('',(4.646963217094,10.715721787532));
#5593 = CARTESIAN_POINT('',(4.686714420151,10.734701611051));
#5594 = CARTESIAN_POINT('',(4.726465321939,10.753681346159));
#5595 = CARTESIAN_POINT('',(4.766215844607,10.772660940724));
#5596 = CARTESIAN_POINT('',(4.80596636451,10.79164055383));
#5597 = CARTESIAN_POINT('',(4.845717259406,10.810620342201));
#5598 = CARTESIAN_POINT('',(4.885468455729,10.829600247745));
#5599 = CARTESIAN_POINT('',(4.993351065999,10.881110571226));
#5600 = CARTESIAN_POINT('',(5.061492947846,10.913645899933));
#5601 = CARTESIAN_POINT('',(5.129630480043,10.946178938768));
#5602 = CARTESIAN_POINT('',(5.19776257469,10.978709109238));
#5603 = CARTESIAN_POINT('',(5.265894672337,11.011239076045));
#5604 = CARTESIAN_POINT('',(5.334032214515,11.043771645694));
#5605 = CARTESIAN_POINT('',(5.40217411385,11.076306575596));
#5606 = CARTESIAN_POINT('',(5.537061859658,11.140710795067));
#5607 = CARTESIAN_POINT('',(5.60382633706,11.172588974868));
#5608 = CARTESIAN_POINT('',(5.670586867032,11.204465835847));
#5609 = CARTESIAN_POINT('',(5.737342465387,11.236341088213));
#5610 = CARTESIAN_POINT('',(5.804098054287,11.268216899501));
#5611 = CARTESIAN_POINT('',(5.870858562043,11.300094987594));
#5612 = CARTESIAN_POINT('',(5.937623019096,11.331974056848));
#5613 = CARTESIAN_POINT('',(6.039229329402,11.380487579391));
#5614 = CARTESIAN_POINT('',(6.074080361659,11.397127384738));
#5615 = CARTESIAN_POINT('',(6.108931249934,11.41376672355));
#5616 = CARTESIAN_POINT('',(6.143781955234,11.430405557681));
#5617 = CARTESIAN_POINT('',(6.178632666405,11.447044045249));
#5618 = CARTESIAN_POINT('',(6.213483569944,11.463682505221));
#5619 = CARTESIAN_POINT('',(6.248334619799,11.480321381989));
#5620 = CARTESIAN_POINT('',(6.28318530718,11.496961209955));
#5621 = ( GEOMETRIC_REPRESENTATION_CONTEXT(2) 
PARAMETRIC_REPRESENTATION_CONTEXT() REPRESENTATION_CONTEXT('2D SPACE',''
  ) );
#5622 = PCURVE('',#4166,#5623);
#5623 = DEFINITIONAL_REPRESENTATION('',(#5624),#5711);
#5624 = B_SPLINE_CURVE_WITH_KNOTS('',8,(#5625,#5626,#5627,#5628,#5629,
    #5630,#5631,#5632,#5633,#5634,#5635,#5636,#5637,#5638,#5639,#5640,
    #5641,#5642,#5643,#5644,#5645,#5646,#5647,#5648,#5649,#5650,#5651,
    #5652,#5653,#5654,#5655,#5656,#5657,#5658,#5659,#5660,#5661,#5662,
    #5663,#5664,#5665,#5666,#5667,#5668,#5669,#5670,#5671,#5672,#5673,
    #5674,#5675,#5676,#5677,#5678,#5679,#5680,#5681,#5682,#5683,#5684,
    #5685,#5686,#5687,#5688,#5689,#5690,#5691,#5692,#5693,#5694,#5695,
    #5696,#5697,#5698,#5699,#5700,#5701,#5702,#5703,#5704,#5705,#5706,
    #5707,#5708,#5709,#5710),.UNSPECIFIED.,.F.,.F.,(9,7,7,7,7,7,7,7,7,7,
    7,7,9),(0.,4.471128974267E-02,0.133242434888,0.217537987907,
    0.270149241864,0.385330418144,0.501415586549,0.626149934405,
    0.733027714853,0.783685706692,0.87051312049,0.95558636382,1.),
  .UNSPECIFIED.);
#5625 = CARTESIAN_POINT('',(-0.923653518499,0.));
#5626 = CARTESIAN_POINT('',(-0.923653518555,3.887827050511E-02));
#5627 = CARTESIAN_POINT('',(-0.923651014457,7.775698145216E-02));
#5628 = CARTESIAN_POINT('',(-0.923647655409,0.116635569521));
#5629 = CARTESIAN_POINT('',(-0.923644451155,0.155513976227));
#5630 = CARTESIAN_POINT('',(-0.923641921168,0.194392394932));
#5631 = CARTESIAN_POINT('',(-0.923640243825,0.233271017867));
#5632 = CARTESIAN_POINT('',(-0.923639405595,0.272149783143));
#5633 = CARTESIAN_POINT('',(-0.923639240568,0.388009659547));
#5634 = CARTESIAN_POINT('',(-0.923642196534,0.465002916086));
#5635 = CARTESIAN_POINT('',(-0.923647339349,0.541990626703));
#5636 = CARTESIAN_POINT('',(-0.923652703548,0.618971535018));
#5637 = CARTESIAN_POINT('',(-0.923656757352,0.695952411827));
#5638 = CARTESIAN_POINT('',(-0.92365905882,0.772940040157));
#5639 = CARTESIAN_POINT('',(-0.923660047752,0.84993316653));
#5640 = CARTESIAN_POINT('',(-0.923659902565,1.000212659267));
#5641 = CARTESIAN_POINT('',(-0.92365889793,1.073520424754));
#5642 = CARTESIAN_POINT('',(-0.923657310121,1.146824187031));
#5643 = CARTESIAN_POINT('',(-0.923655659696,1.22012286498));
#5644 = CARTESIAN_POINT('',(-0.923654356696,1.293421603669));
#5645 = CARTESIAN_POINT('',(-0.92365356797,1.366725546438));
#5646 = CARTESIAN_POINT('',(-0.923653232235,1.440033599638));
#5647 = CARTESIAN_POINT('',(-0.923653217062,1.559079926541));
#5648 = CARTESIAN_POINT('',(-0.923653337447,1.604828540194));
#5649 = CARTESIAN_POINT('',(-0.923653551158,1.650576711013));
#5650 = CARTESIAN_POINT('',(-0.92365380953,1.696324331902));
#5651 = CARTESIAN_POINT('',(-0.923654059582,1.742071905711));
#5652 = CARTESIAN_POINT('',(-0.92365425309,1.787819939767));
#5653 = CARTESIAN_POINT('',(-0.92365435329,1.833568337846));
#5654 = CARTESIAN_POINT('',(-0.92365430838,1.979470127407));
#5655 = CARTESIAN_POINT('',(-0.923653729144,2.079669110653));
#5656 = CARTESIAN_POINT('',(-0.923652379475,2.179844140788));
#5657 = CARTESIAN_POINT('',(-0.92365036971,2.280000193748));
#5658 = CARTESIAN_POINT('',(-0.923648336116,2.380156406015));
#5659 = CARTESIAN_POINT('',(-0.923646981924,2.480331816287));
#5660 = CARTESIAN_POINT('',(-0.923646645291,2.580531269767));
#5661 = CARTESIAN_POINT('',(-0.923647995222,2.781626939331));
#5662 = CARTESIAN_POINT('',(-0.923649698253,2.882614411735));
#5663 = CARTESIAN_POINT('',(-0.923652417457,2.983577013079));
#5664 = CARTESIAN_POINT('',(-0.923655785083,3.084519872124));
#5665 = CARTESIAN_POINT('',(-0.923659030861,3.185462623588));
#5666 = CARTESIAN_POINT('',(-0.923661399683,3.286424970654));
#5667 = CARTESIAN_POINT('',(-0.923662538804,3.3874121645));
#5668 = CARTESIAN_POINT('',(-0.923662385434,3.596814301329));
#5669 = CARTESIAN_POINT('',(-0.923660905197,3.705342240706));
#5670 = CARTESIAN_POINT('',(-0.92365804444,3.813833804884));
#5671 = CARTESIAN_POINT('',(-0.923654311945,3.922298585195));
#5672 = CARTESIAN_POINT('',(-0.92365074493,4.030763489695));
#5673 = CARTESIAN_POINT('',(-0.923648252761,4.1392553251));
#5674 = CARTESIAN_POINT('',(-0.923647088184,4.247783535927));
#5675 = CARTESIAN_POINT('',(-0.92364703655,4.449179761041));
#5676 = CARTESIAN_POINT('',(-0.923647847114,4.542144957924));
#5677 = CARTESIAN_POINT('',(-0.923649371581,4.635094123326));
#5678 = CARTESIAN_POINT('',(-0.923651246622,4.728029328809));
#5679 = CARTESIAN_POINT('',(-0.923652921172,4.820964415719));
#5680 = CARTESIAN_POINT('',(-0.923653976795,4.913913327684));
#5681 = CARTESIAN_POINT('',(-0.923654380591,5.006878295613));
#5682 = CARTESIAN_POINT('',(-0.923654317661,5.143861462643));
#5683 = CARTESIAN_POINT('',(-0.923654197218,5.187911244086));
#5684 = CARTESIAN_POINT('',(-0.923653998266,5.231960729431));
#5685 = CARTESIAN_POINT('',(-0.923653755562,5.27600983793));
#5686 = CARTESIAN_POINT('',(-0.923653512874,5.320058989481));
#5687 = CARTESIAN_POINT('',(-0.923653317182,5.364108602217));
#5688 = CARTESIAN_POINT('',(-0.92365321109,5.408158590646));
#5689 = CARTESIAN_POINT('',(-0.923653244717,5.527707985386));
#5690 = CARTESIAN_POINT('',(-0.92365361661,5.603219057848));
#5691 = CARTESIAN_POINT('',(-0.923654474617,5.678725378658));
#5692 = CARTESIAN_POINT('',(-0.923655879008,5.754225674988));
#5693 = CARTESIAN_POINT('',(-0.923657626263,5.829725895641));
#5694 = CARTESIAN_POINT('',(-0.923659238607,5.90523200097));
#5695 = CARTESIAN_POINT('',(-0.923660131695,5.980742751344));
#5696 = CARTESIAN_POINT('',(-0.923659792631,6.130216918956));
#5697 = CARTESIAN_POINT('',(-0.923658577203,6.204200988736));
#5698 = CARTESIAN_POINT('',(-0.923656109734,6.278180547952));
#5699 = CARTESIAN_POINT('',(-0.92365209278,6.35215457962));
#5700 = CARTESIAN_POINT('',(-0.923646989959,6.426128651162));
#5701 = CARTESIAN_POINT('',(-0.923642172672,6.500108337515));
#5702 = CARTESIAN_POINT('',(-0.923639359447,6.574092621525));
#5703 = CARTESIAN_POINT('',(-0.923639341896,6.686686737211));
#5704 = CARTESIAN_POINT('',(-0.923640099404,6.725306633038));
#5705 = CARTESIAN_POINT('',(-0.923641687518,6.763926404198));
#5706 = CARTESIAN_POINT('',(-0.923644127956,6.802545988271));
#5707 = CARTESIAN_POINT('',(-0.923647258361,6.841165568459));
#5708 = CARTESIAN_POINT('',(-0.923650593587,6.879785326746));
#5709 = CARTESIAN_POINT('',(-0.923653186984,6.918405197062));
#5710 = CARTESIAN_POINT('',(-0.923653491687,6.957024618434));
#5711 = ( GEOMETRIC_REPRESENTATION_CONTEXT(2) 
PARAMETRIC_REPRESENTATION_CONTEXT() REPRESENTATION_CONTEXT('2D SPACE',''
  ) );
#5712 = ADVANCED_FACE('',(#5713),#3737,.F.);
#5713 = FACE_BOUND('',#5714,.F.);
#5714 = EDGE_LOOP('',(#5715,#5716,#5717,#5718,#5719));
#5715 = ORIENTED_EDGE('',*,*,#4502,.F.);
#5716 = ORIENTED_EDGE('',*,*,#4231,.T.);
#5717 = ORIENTED_EDGE('',*,*,#3625,.T.);
#5718 = ORIENTED_EDGE('',*,*,#5077,.T.);
#5719 = ORIENTED_EDGE('',*,*,#5720,.F.);
#5720 = EDGE_CURVE('',#4503,#5078,#5721,.T.);
#5721 = SURFACE_CURVE('',#5722,(#5725,#5732),.PCURVE_S1.);
#5722 = B_SPLINE_CURVE_WITH_KNOTS('',1,(#5723,#5724),.UNSPECIFIED.,.F.,
  .F.,(2,2),(-0.923760430703,-0.),.PIECEWISE_BEZIER_KNOTS.);
#5723 = CARTESIAN_POINT('',(-6.400000000018,5.955230318966E-03,
    9.139802757535));
#5724 = CARTESIAN_POINT('',(-7.200000000111,3.651748649865E-02,
    9.600670723097));
#5725 = PCURVE('',#3737,#5726);
#5726 = DEFINITIONAL_REPRESENTATION('',(#5727),#5731);
#5727 = LINE('',#5728,#5729);
#5728 = CARTESIAN_POINT('',(0.,6.962644440466));
#5729 = VECTOR('',#5730,1.);
#5730 = DIRECTION('',(1.,0.));
#5731 = ( GEOMETRIC_REPRESENTATION_CONTEXT(2) 
PARAMETRIC_REPRESENTATION_CONTEXT() REPRESENTATION_CONTEXT('2D SPACE',''
  ) );
#5732 = PCURVE('',#5335,#5733);
#5733 = DEFINITIONAL_REPRESENTATION('',(#5734),#5737);
#5734 = B_SPLINE_CURVE_WITH_KNOTS('',1,(#5735,#5736),.UNSPECIFIED.,.F.,
  .F.,(2,2),(-0.923760430703,-0.),.PIECEWISE_BEZIER_KNOTS.);
#5735 = CARTESIAN_POINT('',(-0.923760430703,0.));
#5736 = CARTESIAN_POINT('',(0.,0.));
#5737 = ( GEOMETRIC_REPRESENTATION_CONTEXT(2) 
PARAMETRIC_REPRESENTATION_CONTEXT() REPRESENTATION_CONTEXT('2D SPACE',''
  ) );
#5738 = ADVANCED_FACE('',(#5739),#4166,.F.);
#5739 = FACE_BOUND('',#5740,.F.);
#5740 = EDGE_LOOP('',(#5741,#5742,#5743,#5774,#5818));
#5741 = ORIENTED_EDGE('',*,*,#5443,.F.);
#5742 = ORIENTED_EDGE('',*,*,#4151,.T.);
#5743 = ORIENTED_EDGE('',*,*,#5744,.T.);
#5744 = EDGE_CURVE('',#4121,#5745,#5747,.T.);
#5745 = VERTEX_POINT('',#5746);
#5746 = CARTESIAN_POINT('',(6.399999999981,5.95523029686E-03,
    11.960197242792));
#5747 = SURFACE_CURVE('',#5748,(#5761,#5768),.PCURVE_S1.);
#5748 = B_SPLINE_CURVE_WITH_KNOTS('',11,(#5749,#5750,#5751,#5752,#5753,
    #5754,#5755,#5756,#5757,#5758,#5759,#5760),.UNSPECIFIED.,.F.,.F.,(12
    ,12),(0.,6.962644440466),.PIECEWISE_BEZIER_KNOTS.);
#5749 = CARTESIAN_POINT('',(6.4,5.955230308065E-03,8.960197242626));
#5750 = CARTESIAN_POINT('',(6.396598380273,3.661626672326,9.232924515885
    ));
#5751 = CARTESIAN_POINT('',(4.096764757647,7.315078497912,9.505651786589
    ));
#5752 = CARTESIAN_POINT('',(-0.502773776211,9.363692301635,9.77837906459
    ));
#5753 = CARTESIAN_POINT('',(-6.118401263379,8.199582604892,
    10.051106327354));
#5754 = CARTESIAN_POINT('',(-10.3018854159,3.374276187941,
    10.323833614383));
#5755 = CARTESIAN_POINT('',(-10.29558801207,-3.393442234464,
    10.596560870926));
#5756 = CARTESIAN_POINT('',(-6.103131187706,-8.210954798753,
    10.869288158289));
#5757 = CARTESIAN_POINT('',(-0.485346996976,-9.364611752659,
    11.142015420622));
#5758 = CARTESIAN_POINT('',(4.110371080677,-7.307441719168,
    11.414742698929));
#5759 = CARTESIAN_POINT('',(6.403401619707,-3.649716211719,
    11.687469969497));
#5760 = CARTESIAN_POINT('',(6.399999999981,5.955230296868E-03,
    11.960197242792));
#5761 = PCURVE('',#4166,#5762);
#5762 = DEFINITIONAL_REPRESENTATION('',(#5763),#5767);
#5763 = LINE('',#5764,#5765);
#5764 = CARTESIAN_POINT('',(-0.,0.));
#5765 = VECTOR('',#5766,1.);
#5766 = DIRECTION('',(0.,1.));
#5767 = ( GEOMETRIC_REPRESENTATION_CONTEXT(2) 
PARAMETRIC_REPRESENTATION_CONTEXT() REPRESENTATION_CONTEXT('2D SPACE',''
  ) );
#5768 = PCURVE('',#4949,#5769);
#5769 = DEFINITIONAL_REPRESENTATION('',(#5770),#5773);
#5770 = B_SPLINE_CURVE_WITH_KNOTS('',1,(#5771,#5772),.UNSPECIFIED.,.F.,
  .F.,(2,2),(0.,6.962644440466),.PIECEWISE_BEZIER_KNOTS.);
#5771 = CARTESIAN_POINT('',(-0.18,0.));
#5772 = CARTESIAN_POINT('',(-0.18,6.962644440466));
#5773 = ( GEOMETRIC_REPRESENTATION_CONTEXT(2) 
PARAMETRIC_REPRESENTATION_CONTEXT() REPRESENTATION_CONTEXT('2D SPACE',''
  ) );
#5774 = ORIENTED_EDGE('',*,*,#5775,.F.);
#5775 = EDGE_CURVE('',#5776,#5745,#5778,.T.);
#5776 = VERTEX_POINT('',#5777);
#5777 = CARTESIAN_POINT('',(7.199907411315,3.651394935434E-02,
    11.499382615785));
#5778 = SURFACE_CURVE('',#5779,(#5782,#5789),.PCURVE_S1.);
#5779 = B_SPLINE_CURVE_WITH_KNOTS('',1,(#5780,#5781),.UNSPECIFIED.,.F.,
  .F.,(2,2),(-0.923760430703,-0.),.PIECEWISE_BEZIER_KNOTS.);
#5780 = CARTESIAN_POINT('',(7.199999999885,3.651748649885E-02,
    11.499329276903));
#5781 = CARTESIAN_POINT('',(6.399999999981,5.955230296868E-03,
    11.960197242792));
#5782 = PCURVE('',#4166,#5783);
#5783 = DEFINITIONAL_REPRESENTATION('',(#5784),#5788);
#5784 = LINE('',#5785,#5786);
#5785 = CARTESIAN_POINT('',(0.,6.962644440466));
#5786 = VECTOR('',#5787,1.);
#5787 = DIRECTION('',(1.,0.));
#5788 = ( GEOMETRIC_REPRESENTATION_CONTEXT(2) 
PARAMETRIC_REPRESENTATION_CONTEXT() REPRESENTATION_CONTEXT('2D SPACE',''
  ) );
#5789 = PCURVE('',#5790,#5813);
#5790 = B_SPLINE_SURFACE_WITH_KNOTS('',1,10,(
    (#5791,#5792,#5793,#5794,#5795,#5796,#5797,#5798,#5799,#5800,#5801)
    ,(#5802,#5803,#5804,#5805,#5806,#5807,#5808,#5809,#5810,#5811,#5812
    )),.UNSPECIFIED.,.F.,.F.,.F.,(2,2),(11,11),(-0.923760430703,-0.),(0.
    ,6.730556292451),.PIECEWISE_BEZIER_KNOTS.);
#5791 = CARTESIAN_POINT('',(7.2,3.651748649871E-02,11.499329276903));
#5792 = CARTESIAN_POINT('',(7.177820205842,4.409614460256,11.7893292769)
  );
#5793 = CARTESIAN_POINT('',(4.20511960548,8.770232569804,12.079329276915
    ));
#5794 = CARTESIAN_POINT('',(-1.713988161429,10.855314292381,
    12.369329276868));
#5795 = CARTESIAN_POINT('',(-8.586102746205,8.533020314941,
    12.659329276964));
#5796 = CARTESIAN_POINT('',(-12.65924874667,1.265659860639,
    12.949329276828));
#5797 = CARTESIAN_POINT('',(-10.10551166133,-6.664250164819,
    13.239329276967));
#5798 = CARTESIAN_POINT('',(-3.829187957263,-10.30111272508,
    13.529329276865));
#5799 = CARTESIAN_POINT('',(2.385561065116,-9.429162665032,
    13.819329276918));
#5800 = CARTESIAN_POINT('',(6.162732264056,-5.743390433223,14.1093292769
    ));
#5801 = CARTESIAN_POINT('',(7.050255137517,-1.461244682057,
    14.399329276903));
#5802 = CARTESIAN_POINT('',(6.4,5.955230308072E-03,11.960197242626));
#5803 = CARTESIAN_POINT('',(6.396382944309,3.893152533398,
    12.250197243829));
#5804 = CARTESIAN_POINT('',(3.77008987291,7.780119011123,12.540197239096
    ));
#5805 = CARTESIAN_POINT('',(-1.483553290068,9.655274943577,
    12.830197248834));
#5806 = CARTESIAN_POINT('',(-7.600519956403,7.61635416077,
    13.120197237624));
#5807 = CARTESIAN_POINT('',(-11.24777013443,1.171607591472,
    13.410197242459));
#5808 = CARTESIAN_POINT('',(-9.007020293036,-5.886453921621,
    13.700197248254));
#5809 = CARTESIAN_POINT('',(-3.441570776416,-9.142256569823,
    13.990197236341));
#5810 = CARTESIAN_POINT('',(2.085744287224,-8.390083446284,
    14.280197246451));
#5811 = CARTESIAN_POINT('',(5.456727057191,-5.127814470761,
    14.570197241582));
#5812 = CARTESIAN_POINT('',(6.261382806675,-1.324809727004,
    14.860197242816));
#5813 = DEFINITIONAL_REPRESENTATION('',(#5814),#5817);
#5814 = B_SPLINE_CURVE_WITH_KNOTS('',1,(#5815,#5816),.UNSPECIFIED.,.F.,
  .F.,(2,2),(-0.923760430703,-0.),.PIECEWISE_BEZIER_KNOTS.);
#5815 = CARTESIAN_POINT('',(-0.923760430703,0.));
#5816 = CARTESIAN_POINT('',(0.,0.));
#5817 = ( GEOMETRIC_REPRESENTATION_CONTEXT(2) 
PARAMETRIC_REPRESENTATION_CONTEXT() REPRESENTATION_CONTEXT('2D SPACE',''
  ) );
#5818 = ORIENTED_EDGE('',*,*,#5819,.F.);
#5819 = EDGE_CURVE('',#5416,#5776,#5820,.T.);
#5820 = SURFACE_CURVE('',#5821,(#5827,#5836),.PCURVE_S1.);
#5821 = B_SPLINE_CURVE_WITH_KNOTS('',3,(#5822,#5823,#5824,#5825,#5826),
  .UNSPECIFIED.,.F.,.F.,(4,1,4),(0.,0.208638773956,1.),.UNSPECIFIED.);
#5822 = CARTESIAN_POINT('',(7.2,-4.49727061147E-15,11.496961209955));
#5823 = CARTESIAN_POINT('',(7.2,2.539418197696E-03,11.497129608841));
#5824 = CARTESIAN_POINT('',(7.199993560807,1.47107794729E-02,
    11.497936740778));
#5825 = CARTESIAN_POINT('',(7.199956258579,2.688212948647E-02,
    11.49874387768));
#5826 = CARTESIAN_POINT('',(7.199907411314,3.651394935436E-02,
    11.499382615785));
#5827 = PCURVE('',#4166,#5828);
#5828 = DEFINITIONAL_REPRESENTATION('',(#5829),#5835);
#5829 = B_SPLINE_CURVE_WITH_KNOTS('',3,(#5830,#5831,#5832,#5833,#5834),
  .UNSPECIFIED.,.F.,.F.,(4,1,4),(0.,0.208638773956,1.),.UNSPECIFIED.);
#5830 = CARTESIAN_POINT('',(-0.923653496183,6.957024618525));
#5831 = CARTESIAN_POINT('',(-0.923653499267,6.957415455952));
#5832 = CARTESIAN_POINT('',(-0.923653512563,6.959288728912));
#5833 = CARTESIAN_POINT('',(-0.923653518629,6.961162005024));
#5834 = CARTESIAN_POINT('',(-0.923653518631,6.962644440466));
#5835 = ( GEOMETRIC_REPRESENTATION_CONTEXT(2) 
PARAMETRIC_REPRESENTATION_CONTEXT() REPRESENTATION_CONTEXT('2D SPACE',''
  ) );
#5836 = PCURVE('',#5431,#5837);
#5837 = DEFINITIONAL_REPRESENTATION('',(#5838),#5844);
#5838 = B_SPLINE_CURVE_WITH_KNOTS('',3,(#5839,#5840,#5841,#5842,#5843),
  .UNSPECIFIED.,.F.,.F.,(4,1,4),(0.,0.208638773956,1.),.UNSPECIFIED.);
#5839 = CARTESIAN_POINT('',(0.,11.496961209955));
#5840 = CARTESIAN_POINT('',(3.526969719029E-04,11.497129608841));
#5841 = CARTESIAN_POINT('',(2.043163815677E-03,11.497936740778));
#5842 = CARTESIAN_POINT('',(3.733633630895E-03,11.49874387768));
#5843 = CARTESIAN_POINT('',(5.07140359343E-03,11.499382615785));
#5844 = ( GEOMETRIC_REPRESENTATION_CONTEXT(2) 
PARAMETRIC_REPRESENTATION_CONTEXT() REPRESENTATION_CONTEXT('2D SPACE',''
  ) );
#5845 = ADVANCED_FACE('',(#5846),#4324,.F.);
#5846 = FACE_BOUND('',#5847,.F.);
#5847 = EDGE_LOOP('',(#5848,#5849,#5850,#5903));
#5848 = ORIENTED_EDGE('',*,*,#4856,.F.);
#5849 = ORIENTED_EDGE('',*,*,#4309,.T.);
#5850 = ORIENTED_EDGE('',*,*,#5851,.T.);
#5851 = EDGE_CURVE('',#4256,#5852,#5854,.T.);
#5852 = VERTEX_POINT('',#5853);
#5853 = CARTESIAN_POINT('',(-6.377282802043,-0.538851414075,12.));
#5854 = SURFACE_CURVE('',#5855,(#5867,#5874),.PCURVE_S1.);
#5855 = B_SPLINE_CURVE_WITH_KNOTS('',10,(#5856,#5857,#5858,#5859,#5860,
    #5861,#5862,#5863,#5864,#5865,#5866),.UNSPECIFIED.,.F.,.F.,(11,11),(
    0.,6.730556292451),.PIECEWISE_BEZIER_KNOTS.);
#5856 = CARTESIAN_POINT('',(-6.4,-5.955230308065E-03,11.960197242626));
#5857 = CARTESIAN_POINT('',(-6.396382944309,-3.893152533398,
    12.250197243829));
#5858 = CARTESIAN_POINT('',(-3.77008987291,-7.780119011123,
    12.540197239096));
#5859 = CARTESIAN_POINT('',(1.483553290068,-9.655274943578,
    12.830197248834));
#5860 = CARTESIAN_POINT('',(7.600519956404,-7.616354160769,
    13.120197237624));
#5861 = CARTESIAN_POINT('',(11.247770134432,-1.171607591473,
    13.41019724246));
#5862 = CARTESIAN_POINT('',(9.007020293037,5.886453921622,
    13.700197248253));
#5863 = CARTESIAN_POINT('',(3.441570776415,9.142256569822,
    13.990197236342));
#5864 = CARTESIAN_POINT('',(-2.085744287224,8.390083446284,
    14.28019724645));
#5865 = CARTESIAN_POINT('',(-5.456727057191,5.127814470761,
    14.570197241582));
#5866 = CARTESIAN_POINT('',(-6.261382806675,1.324809727004,
    14.860197242816));
#5867 = PCURVE('',#4324,#5868);
#5868 = DEFINITIONAL_REPRESENTATION('',(#5869),#5873);
#5869 = LINE('',#5870,#5871);
#5870 = CARTESIAN_POINT('',(-0.,0.));
#5871 = VECTOR('',#5872,1.);
#5872 = DIRECTION('',(0.,1.));
#5873 = ( GEOMETRIC_REPRESENTATION_CONTEXT(2) 
PARAMETRIC_REPRESENTATION_CONTEXT() REPRESENTATION_CONTEXT('2D SPACE',''
  ) );
#5874 = PCURVE('',#5875,#5898);
#5875 = B_SPLINE_SURFACE_WITH_KNOTS('',1,10,(
    (#5876,#5877,#5878,#5879,#5880,#5881,#5882,#5883,#5884,#5885,#5886)
    ,(#5887,#5888,#5889,#5890,#5891,#5892,#5893,#5894,#5895,#5896,#5897
    )),.UNSPECIFIED.,.F.,.F.,.F.,(2,2),(11,11),(-0.18,-0.),(0.,
    6.730556292451),.PIECEWISE_BEZIER_KNOTS.);
#5876 = CARTESIAN_POINT('',(-6.4,-5.955230308068E-03,11.960197242626));
#5877 = CARTESIAN_POINT('',(-6.396382944309,-3.893152533398,
    12.250197243829));
#5878 = CARTESIAN_POINT('',(-3.77008987291,-7.780119011123,
    12.540197239096));
#5879 = CARTESIAN_POINT('',(1.483553290068,-9.655274943577,
    12.830197248835));
#5880 = CARTESIAN_POINT('',(7.600519956404,-7.61635416077,
    13.120197237623));
#5881 = CARTESIAN_POINT('',(11.247770134432,-1.171607591472,
    13.410197242461));
#5882 = CARTESIAN_POINT('',(9.007020293037,5.886453921621,
    13.700197248252));
#5883 = CARTESIAN_POINT('',(3.441570776415,9.142256569823,
    13.990197236342));
#5884 = CARTESIAN_POINT('',(-2.085744287224,8.390083446284,
    14.28019724645));
#5885 = CARTESIAN_POINT('',(-5.456727057191,5.127814470761,
    14.570197241582));
#5886 = CARTESIAN_POINT('',(-6.261382806675,1.324809727004,
    14.860197242816));
#5887 = CARTESIAN_POINT('',(-6.4,5.95523030806E-03,12.139802757374));
#5888 = CARTESIAN_POINT('',(-6.403617055693,-3.881242072794,
    12.429802758578));
#5889 = CARTESIAN_POINT('',(-3.784562205749,-7.773089371576,
    12.719802753839));
#5890 = CARTESIAN_POINT('',(1.465582176392,-9.658019128321,
    13.009802763595));
#5891 = CARTESIAN_POINT('',(7.586332701602,-7.630485598612,
    13.299802752351));
#5892 = CARTESIAN_POINT('',(11.245570285998,-1.192537752062,
    13.589802757233));
#5893 = CARTESIAN_POINT('',(9.017959431121,5.869681593516,13.87980276298
    ));
#5894 = CARTESIAN_POINT('',(3.458578630125,9.135835947521,
    14.169802751102));
#5895 = CARTESIAN_POINT('',(-2.070126665373,8.39395050421,
    14.459802761194));
#5896 = CARTESIAN_POINT('',(-5.447174704525,5.137960602927,
    14.749802756331));
#5897 = CARTESIAN_POINT('',(-6.258906482712,1.336459915488,
    15.039802757564));
#5898 = DEFINITIONAL_REPRESENTATION('',(#5899),#5902);
#5899 = B_SPLINE_CURVE_WITH_KNOTS('',1,(#5900,#5901),.UNSPECIFIED.,.F.,
  .F.,(2,2),(0.,6.730556292451),.PIECEWISE_BEZIER_KNOTS.);
#5900 = CARTESIAN_POINT('',(-0.18,0.));
#5901 = CARTESIAN_POINT('',(-0.18,6.730556292451));
#5902 = ( GEOMETRIC_REPRESENTATION_CONTEXT(2) 
PARAMETRIC_REPRESENTATION_CONTEXT() REPRESENTATION_CONTEXT('2D SPACE',''
  ) );
#5903 = ORIENTED_EDGE('',*,*,#5904,.T.);
#5904 = EDGE_CURVE('',#5852,#4828,#5905,.T.);
#5905 = SURFACE_CURVE('',#5906,(#5925,#5947),.PCURVE_S1.);
#5906 = B_SPLINE_CURVE_WITH_KNOTS('',5,(#5907,#5908,#5909,#5910,#5911,
    #5912,#5913,#5914,#5915,#5916,#5917,#5918,#5919,#5920,#5921,#5922,
    #5923,#5924),.UNSPECIFIED.,.F.,.F.,(6,4,4,4,6),(0.,0.229013970005,
    0.46229146712,0.727361645221,1.),.UNSPECIFIED.);
#5907 = CARTESIAN_POINT('',(-6.377282802043,-0.538851414075,12.));
#5908 = CARTESIAN_POINT('',(-6.39059226728,-0.841880191694,12.));
#5909 = CARTESIAN_POINT('',(-6.385815959998,-1.145813979071,12.));
#5910 = CARTESIAN_POINT('',(-6.363048787248,-1.449195595379,12.));
#5911 = CARTESIAN_POINT('',(-6.322553034262,-1.750635710286,12.));
#5912 = CARTESIAN_POINT('',(-6.205839723364,-2.352541887244,12.));
#5913 = CARTESIAN_POINT('',(-6.12897030406,-2.652889739078,12.));
#5914 = CARTESIAN_POINT('',(-6.034555665955,-2.948461963697,12.));
#5915 = CARTESIAN_POINT('',(-5.923172877784,-3.237967049142,12.));
#5916 = CARTESIAN_POINT('',(-5.650473138146,-3.840921827963,12.));
#5917 = CARTESIAN_POINT('',(-5.484416975797,-4.152263236214,12.));
#5918 = CARTESIAN_POINT('',(-5.298380677065,-4.452485181093,12.));
#5919 = CARTESIAN_POINT('',(-5.093574449634,-4.740043995844,12.));
#5920 = CARTESIAN_POINT('',(-4.642786644426,-5.294934953112,12.));
#5921 = CARTESIAN_POINT('',(-4.395791579112,-5.561461104577,12.));
#5922 = CARTESIAN_POINT('',(-4.131841407615,-5.811691098678,12.));
#5923 = CARTESIAN_POINT('',(-3.852537718831,-6.044403276508,12.));
#5924 = CARTESIAN_POINT('',(-3.559578681606,-6.258599802611,12.));
#5925 = PCURVE('',#4324,#5926);
#5926 = DEFINITIONAL_REPRESENTATION('',(#5927),#5946);
#5927 = B_SPLINE_CURVE_WITH_KNOTS('',5,(#5928,#5929,#5930,#5931,#5932,
    #5933,#5934,#5935,#5936,#5937,#5938,#5939,#5940,#5941,#5942,#5943,
    #5944,#5945),.UNSPECIFIED.,.F.,.F.,(6,4,4,4,6),(0.,0.229013970005,
    0.46229146712,0.727361645221,1.),.UNSPECIFIED.);
#5928 = CARTESIAN_POINT('',(0.,9.237748216831E-02));
#5929 = CARTESIAN_POINT('',(-4.476719672724E-02,0.144213308853));
#5930 = CARTESIAN_POINT('',(-8.921992931124E-02,0.195685018357));
#5931 = CARTESIAN_POINT('',(-0.13336705232,0.246802863321));
#5932 = CARTESIAN_POINT('',(-0.177217838833,0.297577581001));
#5933 = CARTESIAN_POINT('',(-0.265150615454,0.399394726448));
#5934 = CARTESIAN_POINT('',(-0.309222354135,0.450425284112));
#5935 = CARTESIAN_POINT('',(-0.353001007726,0.501116479269));
#5936 = CARTESIAN_POINT('',(-0.396494926554,0.551477980739));
#5937 = CARTESIAN_POINT('',(-0.488814649704,0.658374760746));
#5938 = CARTESIAN_POINT('',(-0.537560133836,0.71481703673));
#5939 = CARTESIAN_POINT('',(-0.585955158317,0.770853516341));
#5940 = CARTESIAN_POINT('',(-0.634011062228,0.826497329074));
#5941 = CARTESIAN_POINT('',(-0.730821933737,0.938594398656));
#5942 = CARTESIAN_POINT('',(-0.77955872618,0.995026610537));
#5943 = CARTESIAN_POINT('',(-0.827954034688,1.051063419012));
#5944 = CARTESIAN_POINT('',(-0.87601893061,1.106717643568));
#5945 = CARTESIAN_POINT('',(-0.923760430703,1.161997408892));
#5946 = ( GEOMETRIC_REPRESENTATION_CONTEXT(2) 
PARAMETRIC_REPRESENTATION_CONTEXT() REPRESENTATION_CONTEXT('2D SPACE',''
  ) );
#5947 = PCURVE('',#4844,#5948);
#5948 = DEFINITIONAL_REPRESENTATION('',(#5949),#5968);
#5949 = B_SPLINE_CURVE_WITH_KNOTS('',5,(#5950,#5951,#5952,#5953,#5954,
    #5955,#5956,#5957,#5958,#5959,#5960,#5961,#5962,#5963,#5964,#5965,
    #5966,#5967),.UNSPECIFIED.,.F.,.F.,(6,4,4,4,6),(0.,0.229013970005,
    0.46229146712,0.727361645221,1.),.UNSPECIFIED.);
#5950 = CARTESIAN_POINT('',(-6.377282802043,-0.538851414075));
#5951 = CARTESIAN_POINT('',(-6.39059226728,-0.841880191694));
#5952 = CARTESIAN_POINT('',(-6.385815959998,-1.145813979071));
#5953 = CARTESIAN_POINT('',(-6.363048787248,-1.449195595379));
#5954 = CARTESIAN_POINT('',(-6.322553034262,-1.750635710286));
#5955 = CARTESIAN_POINT('',(-6.205839723364,-2.352541887244));
#5956 = CARTESIAN_POINT('',(-6.12897030406,-2.652889739078));
#5957 = CARTESIAN_POINT('',(-6.034555665955,-2.948461963697));
#5958 = CARTESIAN_POINT('',(-5.923172877784,-3.237967049142));
#5959 = CARTESIAN_POINT('',(-5.650473138146,-3.840921827963));
#5960 = CARTESIAN_POINT('',(-5.484416975797,-4.152263236214));
#5961 = CARTESIAN_POINT('',(-5.298380677065,-4.452485181093));
#5962 = CARTESIAN_POINT('',(-5.093574449634,-4.740043995844));
#5963 = CARTESIAN_POINT('',(-4.642786644426,-5.294934953112));
#5964 = CARTESIAN_POINT('',(-4.395791579112,-5.561461104577));
#5965 = CARTESIAN_POINT('',(-4.131841407615,-5.811691098678));
#5966 = CARTESIAN_POINT('',(-3.852537718831,-6.044403276508));
#5967 = CARTESIAN_POINT('',(-3.559578681606,-6.258599802611));
#5968 = ( GEOMETRIC_REPRESENTATION_CONTEXT(2) 
PARAMETRIC_REPRESENTATION_CONTEXT() REPRESENTATION_CONTEXT('2D SPACE',''
  ) );
#5969 = ADVANCED_FACE('',(#5970),#4280,.F.);
#5970 = FACE_BOUND('',#5971,.F.);
#5971 = EDGE_LOOP('',(#5972,#5973,#5974,#6005,#6049));
#5972 = ORIENTED_EDGE('',*,*,#4255,.F.);
#5973 = ORIENTED_EDGE('',*,*,#4533,.T.);
#5974 = ORIENTED_EDGE('',*,*,#5975,.T.);
#5975 = EDGE_CURVE('',#4503,#5976,#5978,.T.);
#5976 = VERTEX_POINT('',#5977);
#5977 = CARTESIAN_POINT('',(-6.125901316948,1.852972732231,12.));
#5978 = SURFACE_CURVE('',#5979,(#5992,#5998),.PCURVE_S1.);
#5979 = B_SPLINE_CURVE_WITH_KNOTS('',11,(#5980,#5981,#5982,#5983,#5984,
    #5985,#5986,#5987,#5988,#5989,#5990,#5991),.UNSPECIFIED.,.F.,.F.,(12
    ,12),(0.,6.962644440466),.PIECEWISE_BEZIER_KNOTS.);
#5980 = CARTESIAN_POINT('',(-6.4,5.95523030807E-03,9.139802757374));
#5981 = CARTESIAN_POINT('',(-6.403401619728,-3.64971621172,
    9.412530030634));
#5982 = CARTESIAN_POINT('',(-4.110371080712,-7.307441719173,
    9.685257301333));
#5983 = CARTESIAN_POINT('',(0.48534699698,-9.364611752705,9.957984579347
    ));
#5984 = CARTESIAN_POINT('',(6.103131187693,-8.210954798764,
    10.23071184209));
#5985 = CARTESIAN_POINT('',(10.295588012095,-3.393442234504,
    10.503439129142));
#5986 = CARTESIAN_POINT('',(10.301885415958,3.374276187926,
    10.776166385669));
#5987 = CARTESIAN_POINT('',(6.118401263382,8.199582604924,
    11.048893673036));
#5988 = CARTESIAN_POINT('',(0.502773776252,9.363692301644,
    11.321620935372));
#5989 = CARTESIAN_POINT('',(-4.096764757657,7.315078497949,
    11.594348213676));
#5990 = CARTESIAN_POINT('',(-6.396598380282,3.661626672345,
    11.867075484246));
#5991 = CARTESIAN_POINT('',(-6.400000000019,5.955230319306E-03,
    12.13980275754));
#5992 = PCURVE('',#4280,#5993);
#5993 = DEFINITIONAL_REPRESENTATION('',(#5994),#5997);
#5994 = B_SPLINE_CURVE_WITH_KNOTS('',1,(#5995,#5996),.UNSPECIFIED.,.F.,
  .F.,(2,2),(0.,6.962644440466),.PIECEWISE_BEZIER_KNOTS.);
#5995 = CARTESIAN_POINT('',(0.,0.));
#5996 = CARTESIAN_POINT('',(0.,6.962644440466));
#5997 = ( GEOMETRIC_REPRESENTATION_CONTEXT(2) 
PARAMETRIC_REPRESENTATION_CONTEXT() REPRESENTATION_CONTEXT('2D SPACE',''
  ) );
#5998 = PCURVE('',#5335,#5999);
#5999 = DEFINITIONAL_REPRESENTATION('',(#6000),#6004);
#6000 = LINE('',#6001,#6002);
#6001 = CARTESIAN_POINT('',(-0.923760430703,0.));
#6002 = VECTOR('',#6003,1.);
#6003 = DIRECTION('',(0.,1.));
#6004 = ( GEOMETRIC_REPRESENTATION_CONTEXT(2) 
PARAMETRIC_REPRESENTATION_CONTEXT() REPRESENTATION_CONTEXT('2D SPACE',''
  ) );
#6005 = ORIENTED_EDGE('',*,*,#6006,.T.);
#6006 = EDGE_CURVE('',#5976,#6007,#6009,.T.);
#6007 = VERTEX_POINT('',#6008);
#6008 = CARTESIAN_POINT('',(-6.39999999999,-3.315727980888E-03,12.));
#6009 = SURFACE_CURVE('',#6010,(#6021,#6035),.PCURVE_S1.);
#6010 = B_SPLINE_CURVE_WITH_KNOTS('',5,(#6011,#6012,#6013,#6014,#6015,
    #6016,#6017,#6018,#6019,#6020),.UNSPECIFIED.,.F.,.F.,(6,4,6),(0.,
    0.953253724181,1.),.UNSPECIFIED.);
#6011 = CARTESIAN_POINT('',(-6.125901235498,1.85306031734,12.));
#6012 = CARTESIAN_POINT('',(-6.229851942692,1.509388496815,12.));
#6013 = CARTESIAN_POINT('',(-6.309700963321,1.158419745757,12.));
#6014 = CARTESIAN_POINT('',(-6.364763911481,0.802426591383,12.));
#6015 = CARTESIAN_POINT('',(-6.394687508581,0.44373526498,12.));
#6016 = CARTESIAN_POINT('',(-6.399673097146,6.711236135753E-02,12.));
#6017 = CARTESIAN_POINT('',(-6.399845624787,4.950584396587E-02,12.));
#6018 = CARTESIAN_POINT('',(-6.399957618705,3.189880484038E-02,12.));
#6019 = CARTESIAN_POINT('',(-6.400009077091,1.429152161232E-02,12.));
#6020 = CARTESIAN_POINT('',(-6.39999999999,-3.315727981046E-03,12.));
#6021 = PCURVE('',#4280,#6022);
#6022 = DEFINITIONAL_REPRESENTATION('',(#6023),#6034);
#6023 = B_SPLINE_CURVE_WITH_KNOTS('',5,(#6024,#6025,#6026,#6027,#6028,
    #6029,#6030,#6031,#6032,#6033),.UNSPECIFIED.,.F.,.F.,(6,4,6),(0.,
    0.953253724181,1.),.UNSPECIFIED.);
#6024 = CARTESIAN_POINT('',(0.,6.638178809873));
#6025 = CARTESIAN_POINT('',(-2.671255869557E-02,6.700039621653));
#6026 = CARTESIAN_POINT('',(-5.342494994418E-02,6.761900045649));
#6027 = CARTESIAN_POINT('',(-8.013582602031E-02,6.823756960796));
#6028 = CARTESIAN_POINT('',(-0.106847291764,6.885615241459));
#6029 = CARTESIAN_POINT('',(-0.134869955152,6.950509987107));
#6030 = CARTESIAN_POINT('',(-0.136179914483,6.953543584463));
#6031 = CARTESIAN_POINT('',(-0.137489878243,6.956577192078));
#6032 = CARTESIAN_POINT('',(-0.13879984669,6.959610810544));
#6033 = CARTESIAN_POINT('',(-0.140109820083,6.962644440466));
#6034 = ( GEOMETRIC_REPRESENTATION_CONTEXT(2) 
PARAMETRIC_REPRESENTATION_CONTEXT() REPRESENTATION_CONTEXT('2D SPACE',''
  ) );
#6035 = PCURVE('',#4844,#6036);
#6036 = DEFINITIONAL_REPRESENTATION('',(#6037),#6048);
#6037 = B_SPLINE_CURVE_WITH_KNOTS('',5,(#6038,#6039,#6040,#6041,#6042,
    #6043,#6044,#6045,#6046,#6047),.UNSPECIFIED.,.F.,.F.,(6,4,6),(0.,
    0.953253724181,1.),.UNSPECIFIED.);
#6038 = CARTESIAN_POINT('',(-6.125901235498,1.85306031734));
#6039 = CARTESIAN_POINT('',(-6.229851942692,1.509388496815));
#6040 = CARTESIAN_POINT('',(-6.309700963321,1.158419745757));
#6041 = CARTESIAN_POINT('',(-6.364763911481,0.802426591383));
#6042 = CARTESIAN_POINT('',(-6.394687508581,0.44373526498));
#6043 = CARTESIAN_POINT('',(-6.399673097146,6.711236135753E-02));
#6044 = CARTESIAN_POINT('',(-6.399845624787,4.950584396587E-02));
#6045 = CARTESIAN_POINT('',(-6.399957618705,3.189880484038E-02));
#6046 = CARTESIAN_POINT('',(-6.400009077091,1.429152161232E-02));
#6047 = CARTESIAN_POINT('',(-6.39999999999,-3.315727981046E-03));
#6048 = ( GEOMETRIC_REPRESENTATION_CONTEXT(2) 
PARAMETRIC_REPRESENTATION_CONTEXT() REPRESENTATION_CONTEXT('2D SPACE',''
  ) );
#6049 = ORIENTED_EDGE('',*,*,#6050,.F.);
#6050 = EDGE_CURVE('',#4256,#6007,#6051,.T.);
#6051 = SURFACE_CURVE('',#6052,(#6055,#6062),.PCURVE_S1.);
#6052 = B_SPLINE_CURVE_WITH_KNOTS('',1,(#6053,#6054),.UNSPECIFIED.,.F.,
  .F.,(2,2),(-0.18,-0.),.PIECEWISE_BEZIER_KNOTS.);
#6053 = CARTESIAN_POINT('',(-6.399999999981,-5.955230296859E-03,
    11.960197242792));
#6054 = CARTESIAN_POINT('',(-6.400000000019,5.955230319314E-03,
    12.13980275754));
#6055 = PCURVE('',#4280,#6056);
#6056 = DEFINITIONAL_REPRESENTATION('',(#6057),#6061);
#6057 = LINE('',#6058,#6059);
#6058 = CARTESIAN_POINT('',(0.,6.962644440466));
#6059 = VECTOR('',#6060,1.);
#6060 = DIRECTION('',(1.,0.));
#6061 = ( GEOMETRIC_REPRESENTATION_CONTEXT(2) 
PARAMETRIC_REPRESENTATION_CONTEXT() REPRESENTATION_CONTEXT('2D SPACE',''
  ) );
#6062 = PCURVE('',#5875,#6063);
#6063 = DEFINITIONAL_REPRESENTATION('',(#6064),#6067);
#6064 = B_SPLINE_CURVE_WITH_KNOTS('',1,(#6065,#6066),.UNSPECIFIED.,.F.,
  .F.,(2,2),(-0.18,-0.),.PIECEWISE_BEZIER_KNOTS.);
#6065 = CARTESIAN_POINT('',(-0.18,0.));
#6066 = CARTESIAN_POINT('',(0.,0.));
#6067 = ( GEOMETRIC_REPRESENTATION_CONTEXT(2) 
PARAMETRIC_REPRESENTATION_CONTEXT() REPRESENTATION_CONTEXT('2D SPACE',''
  ) );
#6068 = ADVANCED_FACE('',(#6069),#4844,.T.);
#6069 = FACE_BOUND('',#6070,.T.);
#6070 = EDGE_LOOP('',(#6071,#6141,#6165,#6231,#6232,#6259,#6260,#6261,
    #6262,#6306));
#6071 = ORIENTED_EDGE('',*,*,#6072,.T.);
#6072 = EDGE_CURVE('',#6073,#6075,#6077,.T.);
#6073 = VERTEX_POINT('',#6074);
#6074 = CARTESIAN_POINT('',(6.377282802043,0.538851414075,12.));
#6075 = VERTEX_POINT('',#6076);
#6076 = CARTESIAN_POINT('',(3.559909198513,6.258358131199,12.));
#6077 = SURFACE_CURVE('',#6078,(#6097,#6119),.PCURVE_S1.);
#6078 = B_SPLINE_CURVE_WITH_KNOTS('',5,(#6079,#6080,#6081,#6082,#6083,
    #6084,#6085,#6086,#6087,#6088,#6089,#6090,#6091,#6092,#6093,#6094,
    #6095,#6096),.UNSPECIFIED.,.F.,.F.,(6,4,4,4,6),(0.,0.229013970005,
    0.46229146712,0.727361645221,1.),.UNSPECIFIED.);
#6079 = CARTESIAN_POINT('',(6.377282802043,0.538851414075,12.));
#6080 = CARTESIAN_POINT('',(6.39059226728,0.841880191694,12.));
#6081 = CARTESIAN_POINT('',(6.385815959998,1.145813979071,12.));
#6082 = CARTESIAN_POINT('',(6.363048787248,1.449195595379,12.));
#6083 = CARTESIAN_POINT('',(6.322553034262,1.750635710286,12.));
#6084 = CARTESIAN_POINT('',(6.205839723364,2.352541887245,12.));
#6085 = CARTESIAN_POINT('',(6.12897030406,2.652889739078,12.));
#6086 = CARTESIAN_POINT('',(6.034555665955,2.948461963697,12.));
#6087 = CARTESIAN_POINT('',(5.923172877784,3.237967049142,12.));
#6088 = CARTESIAN_POINT('',(5.650473138146,3.840921827964,12.));
#6089 = CARTESIAN_POINT('',(5.484416975797,4.152263236214,12.));
#6090 = CARTESIAN_POINT('',(5.298380677064,4.452485181093,12.));
#6091 = CARTESIAN_POINT('',(5.093574449634,4.740043995844,12.));
#6092 = CARTESIAN_POINT('',(4.642786644426,5.294934953112,12.));
#6093 = CARTESIAN_POINT('',(4.395791579112,5.561461104577,12.));
#6094 = CARTESIAN_POINT('',(4.131841407615,5.811691098678,12.));
#6095 = CARTESIAN_POINT('',(3.852537718831,6.044403276508,12.));
#6096 = CARTESIAN_POINT('',(3.559578681606,6.258599802611,12.));
#6097 = PCURVE('',#4844,#6098);
#6098 = DEFINITIONAL_REPRESENTATION('',(#6099),#6118);
#6099 = B_SPLINE_CURVE_WITH_KNOTS('',5,(#6100,#6101,#6102,#6103,#6104,
    #6105,#6106,#6107,#6108,#6109,#6110,#6111,#6112,#6113,#6114,#6115,
    #6116,#6117),.UNSPECIFIED.,.F.,.F.,(6,4,4,4,6),(0.,0.229013970005,
    0.46229146712,0.727361645221,1.),.UNSPECIFIED.);
#6100 = CARTESIAN_POINT('',(6.377282802043,0.538851414075));
#6101 = CARTESIAN_POINT('',(6.39059226728,0.841880191694));
#6102 = CARTESIAN_POINT('',(6.385815959998,1.145813979071));
#6103 = CARTESIAN_POINT('',(6.363048787248,1.449195595379));
#6104 = CARTESIAN_POINT('',(6.322553034262,1.750635710286));
#6105 = CARTESIAN_POINT('',(6.205839723364,2.352541887245));
#6106 = CARTESIAN_POINT('',(6.12897030406,2.652889739078));
#6107 = CARTESIAN_POINT('',(6.034555665955,2.948461963697));
#6108 = CARTESIAN_POINT('',(5.923172877784,3.237967049142));
#6109 = CARTESIAN_POINT('',(5.650473138146,3.840921827964));
#6110 = CARTESIAN_POINT('',(5.484416975797,4.152263236214));
#6111 = CARTESIAN_POINT('',(5.298380677064,4.452485181093));
#6112 = CARTESIAN_POINT('',(5.093574449634,4.740043995844));
#6113 = CARTESIAN_POINT('',(4.642786644426,5.294934953112));
#6114 = CARTESIAN_POINT('',(4.395791579112,5.561461104577));
#6115 = CARTESIAN_POINT('',(4.131841407615,5.811691098678));
#6116 = CARTESIAN_POINT('',(3.852537718831,6.044403276508));
#6117 = CARTESIAN_POINT('',(3.559578681606,6.258599802611));
#6118 = ( GEOMETRIC_REPRESENTATION_CONTEXT(2) 
PARAMETRIC_REPRESENTATION_CONTEXT() REPRESENTATION_CONTEXT('2D SPACE',''
  ) );
#6119 = PCURVE('',#5790,#6120);
#6120 = DEFINITIONAL_REPRESENTATION('',(#6121),#6140);
#6121 = B_SPLINE_CURVE_WITH_KNOTS('',5,(#6122,#6123,#6124,#6125,#6126,
    #6127,#6128,#6129,#6130,#6131,#6132,#6133,#6134,#6135,#6136,#6137,
    #6138,#6139),.UNSPECIFIED.,.F.,.F.,(6,4,4,4,6),(0.,0.229013970005,
    0.46229146712,0.727361645221,1.),.UNSPECIFIED.);
#6122 = CARTESIAN_POINT('',(0.,9.237748216833E-02));
#6123 = CARTESIAN_POINT('',(-4.476719672723E-02,0.144213308853));
#6124 = CARTESIAN_POINT('',(-8.921992931126E-02,0.195685018357));
#6125 = CARTESIAN_POINT('',(-0.13336705232,0.246802863321));
#6126 = CARTESIAN_POINT('',(-0.177217838833,0.297577581001));
#6127 = CARTESIAN_POINT('',(-0.265150615454,0.399394726448));
#6128 = CARTESIAN_POINT('',(-0.309222354135,0.450425284112));
#6129 = CARTESIAN_POINT('',(-0.353001007726,0.501116479269));
#6130 = CARTESIAN_POINT('',(-0.396494926554,0.551477980739));
#6131 = CARTESIAN_POINT('',(-0.488814649704,0.658374760746));
#6132 = CARTESIAN_POINT('',(-0.537560133836,0.71481703673));
#6133 = CARTESIAN_POINT('',(-0.585955158317,0.770853516341));
#6134 = CARTESIAN_POINT('',(-0.634011062228,0.826497329074));
#6135 = CARTESIAN_POINT('',(-0.730821933737,0.938594398656));
#6136 = CARTESIAN_POINT('',(-0.77955872618,0.995026610537));
#6137 = CARTESIAN_POINT('',(-0.827954034688,1.051063419012));
#6138 = CARTESIAN_POINT('',(-0.87601893061,1.106717643568));
#6139 = CARTESIAN_POINT('',(-0.923760430703,1.161997408893));
#6140 = ( GEOMETRIC_REPRESENTATION_CONTEXT(2) 
PARAMETRIC_REPRESENTATION_CONTEXT() REPRESENTATION_CONTEXT('2D SPACE',''
  ) );
#6141 = ORIENTED_EDGE('',*,*,#6142,.T.);
#6142 = EDGE_CURVE('',#6075,#6143,#6145,.T.);
#6143 = VERTEX_POINT('',#6144);
#6144 = CARTESIAN_POINT('',(-2.181297804578,6.861628078506,12.));
#6145 = SURFACE_CURVE('',#6146,(#6151,#6158),.PCURVE_S1.);
#6146 = CIRCLE('',#6147,7.2);
#6147 = AXIS2_PLACEMENT_3D('',#6148,#6149,#6150);
#6148 = CARTESIAN_POINT('',(0.,0.,12.));
#6149 = DIRECTION('',(0.,0.,1.));
#6150 = DIRECTION('',(1.,0.,0.));
#6151 = PCURVE('',#4844,#6152);
#6152 = DEFINITIONAL_REPRESENTATION('',(#6153),#6157);
#6153 = CIRCLE('',#6154,7.2);
#6154 = AXIS2_PLACEMENT_2D('',#6155,#6156);
#6155 = CARTESIAN_POINT('',(0.,0.));
#6156 = DIRECTION('',(1.,0.));
#6157 = ( GEOMETRIC_REPRESENTATION_CONTEXT(2) 
PARAMETRIC_REPRESENTATION_CONTEXT() REPRESENTATION_CONTEXT('2D SPACE',''
  ) );
#6158 = PCURVE('',#5431,#6159);
#6159 = DEFINITIONAL_REPRESENTATION('',(#6160),#6164);
#6160 = LINE('',#6161,#6162);
#6161 = CARTESIAN_POINT('',(0.,12.));
#6162 = VECTOR('',#6163,1.);
#6163 = DIRECTION('',(1.,0.));
#6164 = ( GEOMETRIC_REPRESENTATION_CONTEXT(2) 
PARAMETRIC_REPRESENTATION_CONTEXT() REPRESENTATION_CONTEXT('2D SPACE',''
  ) );
#6165 = ORIENTED_EDGE('',*,*,#6166,.T.);
#6166 = EDGE_CURVE('',#6143,#5976,#6167,.T.);
#6167 = SURFACE_CURVE('',#6168,(#6187,#6209),.PCURVE_S1.);
#6168 = B_SPLINE_CURVE_WITH_KNOTS('',5,(#6169,#6170,#6171,#6172,#6173,
    #6174,#6175,#6176,#6177,#6178,#6179,#6180,#6181,#6182,#6183,#6184,
    #6185,#6186),.UNSPECIFIED.,.F.,.F.,(6,4,4,4,6),(0.,0.27468978876,
    0.54070465974,0.772936110973,1.),.UNSPECIFIED.);
#6169 = CARTESIAN_POINT('',(-2.180557405557,6.861960441792,12.));
#6170 = CARTESIAN_POINT('',(-2.51414256506,6.712237620641,12.));
#6171 = CARTESIAN_POINT('',(-2.838075832571,6.541245164045,12.));
#6172 = CARTESIAN_POINT('',(-3.150445250446,6.349620221969,12.));
#6173 = CARTESIAN_POINT('',(-3.449389044926,6.138246854364,12.));
#6174 = CARTESIAN_POINT('',(-4.007894081849,5.685594406856,12.));
#6175 = CARTESIAN_POINT('',(-4.268406693675,5.445465908427,12.));
#6176 = CARTESIAN_POINT('',(-4.51303738062,5.188963948187,12.));
#6177 = CARTESIAN_POINT('',(-4.740268975268,4.917366034562,12.));
#6178 = CARTESIAN_POINT('',(-5.130702681566,4.383235160378,12.));
#6179 = CARTESIAN_POINT('',(-5.298374375302,4.123927648814,12.));
#6180 = CARTESIAN_POINT('',(-5.450820745584,3.855281671181,12.));
#6181 = CARTESIAN_POINT('',(-5.587222654466,3.578427771481,12.));
#6182 = CARTESIAN_POINT('',(-5.823876591768,3.017137354817,12.));
#6183 = CARTESIAN_POINT('',(-5.924867071358,2.733002869641,12.));
#6184 = CARTESIAN_POINT('',(-6.009199031088,2.443399827717,12.));
#6185 = CARTESIAN_POINT('',(-6.076339548666,2.149599877976,12.));
#6186 = CARTESIAN_POINT('',(-6.125901316948,1.852972732231,12.));
#6187 = PCURVE('',#4844,#6188);
#6188 = DEFINITIONAL_REPRESENTATION('',(#6189),#6208);
#6189 = B_SPLINE_CURVE_WITH_KNOTS('',5,(#6190,#6191,#6192,#6193,#6194,
    #6195,#6196,#6197,#6198,#6199,#6200,#6201,#6202,#6203,#6204,#6205,
    #6206,#6207),.UNSPECIFIED.,.F.,.F.,(6,4,4,4,6),(0.,0.27468978876,
    0.54070465974,0.772936110973,1.),.UNSPECIFIED.);
#6190 = CARTESIAN_POINT('',(-2.180557405557,6.861960441792));
#6191 = CARTESIAN_POINT('',(-2.51414256506,6.712237620641));
#6192 = CARTESIAN_POINT('',(-2.838075832571,6.541245164045));
#6193 = CARTESIAN_POINT('',(-3.150445250446,6.349620221969));
#6194 = CARTESIAN_POINT('',(-3.449389044926,6.138246854364));
#6195 = CARTESIAN_POINT('',(-4.007894081849,5.685594406856));
#6196 = CARTESIAN_POINT('',(-4.268406693675,5.445465908427));
#6197 = CARTESIAN_POINT('',(-4.51303738062,5.188963948187));
#6198 = CARTESIAN_POINT('',(-4.740268975268,4.917366034562));
#6199 = CARTESIAN_POINT('',(-5.130702681566,4.383235160378));
#6200 = CARTESIAN_POINT('',(-5.298374375302,4.123927648814));
#6201 = CARTESIAN_POINT('',(-5.450820745584,3.855281671181));
#6202 = CARTESIAN_POINT('',(-5.587222654466,3.578427771481));
#6203 = CARTESIAN_POINT('',(-5.823876591768,3.017137354817));
#6204 = CARTESIAN_POINT('',(-5.924867071358,2.733002869641));
#6205 = CARTESIAN_POINT('',(-6.009199031088,2.443399827717));
#6206 = CARTESIAN_POINT('',(-6.076339548666,2.149599877976));
#6207 = CARTESIAN_POINT('',(-6.125901316948,1.852972732231));
#6208 = ( GEOMETRIC_REPRESENTATION_CONTEXT(2) 
PARAMETRIC_REPRESENTATION_CONTEXT() REPRESENTATION_CONTEXT('2D SPACE',''
  ) );
#6209 = PCURVE('',#5335,#6210);
#6210 = DEFINITIONAL_REPRESENTATION('',(#6211),#6230);
#6211 = B_SPLINE_CURVE_WITH_KNOTS('',5,(#6212,#6213,#6214,#6215,#6216,
    #6217,#6218,#6219,#6220,#6221,#6222,#6223,#6224,#6225,#6226,#6227,
    #6228,#6229),.UNSPECIFIED.,.F.,.F.,(6,4,4,4,6),(0.,0.27468978876,
    0.54070465974,0.772936110973,1.),.UNSPECIFIED.);
#6212 = CARTESIAN_POINT('',(0.,5.568558883558));
#6213 = CARTESIAN_POINT('',(-4.810125547392E-02,5.624255208735));
#6214 = CARTESIAN_POINT('',(-9.653070332386E-02,5.680331547054));
#6215 = CARTESIAN_POINT('',(-0.145295368296,5.736796032453));
#6216 = CARTESIAN_POINT('',(-0.19440651608,5.793661709445));
#6217 = CARTESIAN_POINT('',(-0.291776808965,5.906406531622));
#6218 = CARTESIAN_POINT('',(-0.340014893241,5.962261290529));
#6219 = CARTESIAN_POINT('',(-0.388594421443,6.018511406515));
#6220 = CARTESIAN_POINT('',(-0.437527000333,6.075170319023));
#6221 = CARTESIAN_POINT('',(-0.529856147689,6.182078011215));
#6222 = CARTESIAN_POINT('',(-0.573167232348,6.232227809407));
#6223 = CARTESIAN_POINT('',(-0.616760998477,6.282704923779));
#6224 = CARTESIAN_POINT('',(-0.660645948747,6.333519199551));
#6225 = CARTESIAN_POINT('',(-0.74802931251,6.434700181119));
#6226 = CARTESIAN_POINT('',(-0.791515188804,6.485052370121));
#6227 = CARTESIAN_POINT('',(-0.835293248376,6.535742877423));
#6228 = CARTESIAN_POINT('',(-0.879372467634,6.586782096784));
#6229 = CARTESIAN_POINT('',(-0.923760430703,6.638178809839));
#6230 = ( GEOMETRIC_REPRESENTATION_CONTEXT(2) 
PARAMETRIC_REPRESENTATION_CONTEXT() REPRESENTATION_CONTEXT('2D SPACE',''
  ) );
#6231 = ORIENTED_EDGE('',*,*,#6006,.T.);
#6232 = ORIENTED_EDGE('',*,*,#6233,.T.);
#6233 = EDGE_CURVE('',#6007,#5852,#6234,.T.);
#6234 = SURFACE_CURVE('',#6235,(#6241,#6250),.PCURVE_S1.);
#6235 = B_SPLINE_CURVE_WITH_KNOTS('',4,(#6236,#6237,#6238,#6239,#6240),
  .UNSPECIFIED.,.F.,.F.,(5,5),(0.,1.),.PIECEWISE_BEZIER_KNOTS.);
#6236 = CARTESIAN_POINT('',(-6.4,-3.31572798109E-03,12.));
#6237 = CARTESIAN_POINT('',(-6.399930896351,-0.137359097121,12.));
#6238 = CARTESIAN_POINT('',(-6.396119538552,-0.271400670307,12.));
#6239 = CARTESIAN_POINT('',(-6.388565859815,-0.405283561498,12.));
#6240 = CARTESIAN_POINT('',(-6.377282802043,-0.538851414075,12.));
#6241 = PCURVE('',#4844,#6242);
#6242 = DEFINITIONAL_REPRESENTATION('',(#6243),#6249);
#6243 = B_SPLINE_CURVE_WITH_KNOTS('',4,(#6244,#6245,#6246,#6247,#6248),
  .UNSPECIFIED.,.F.,.F.,(5,5),(0.,1.),.PIECEWISE_BEZIER_KNOTS.);
#6244 = CARTESIAN_POINT('',(-6.4,-3.31572798109E-03));
#6245 = CARTESIAN_POINT('',(-6.399930896351,-0.137359097121));
#6246 = CARTESIAN_POINT('',(-6.396119538552,-0.271400670307));
#6247 = CARTESIAN_POINT('',(-6.388565859815,-0.405283561498));
#6248 = CARTESIAN_POINT('',(-6.377282802043,-0.538851414075));
#6249 = ( GEOMETRIC_REPRESENTATION_CONTEXT(2) 
PARAMETRIC_REPRESENTATION_CONTEXT() REPRESENTATION_CONTEXT('2D SPACE',''
  ) );
#6250 = PCURVE('',#5875,#6251);
#6251 = DEFINITIONAL_REPRESENTATION('',(#6252),#6258);
#6252 = B_SPLINE_CURVE_WITH_KNOTS('',4,(#6253,#6254,#6255,#6256,#6257),
  .UNSPECIFIED.,.F.,.F.,(5,5),(0.,1.),.PIECEWISE_BEZIER_KNOTS.);
#6253 = CARTESIAN_POINT('',(-0.140109819916,0.));
#6254 = CARTESIAN_POINT('',(-0.150082601095,2.309491740979E-02));
#6255 = CARTESIAN_POINT('',(-0.160055158247,4.618931603761E-02));
#6256 = CARTESIAN_POINT('',(-0.170027604677,6.928345827342E-02));
#6257 = CARTESIAN_POINT('',(-0.18,9.23774821683E-02));
#6258 = ( GEOMETRIC_REPRESENTATION_CONTEXT(2) 
PARAMETRIC_REPRESENTATION_CONTEXT() REPRESENTATION_CONTEXT('2D SPACE',''
  ) );
#6259 = ORIENTED_EDGE('',*,*,#5904,.T.);
#6260 = ORIENTED_EDGE('',*,*,#4827,.T.);
#6261 = ORIENTED_EDGE('',*,*,#4981,.T.);
#6262 = ORIENTED_EDGE('',*,*,#6263,.T.);
#6263 = EDGE_CURVE('',#4925,#6264,#6266,.T.);
#6264 = VERTEX_POINT('',#6265);
#6265 = CARTESIAN_POINT('',(6.39999999999,3.315727980888E-03,12.));
#6266 = SURFACE_CURVE('',#6267,(#6278,#6292),.PCURVE_S1.);
#6267 = B_SPLINE_CURVE_WITH_KNOTS('',5,(#6268,#6269,#6270,#6271,#6272,
    #6273,#6274,#6275,#6276,#6277),.UNSPECIFIED.,.F.,.F.,(6,4,6),(0.,
    0.953253724181,1.),.UNSPECIFIED.);
#6268 = CARTESIAN_POINT('',(6.125901235498,-1.85306031734,12.));
#6269 = CARTESIAN_POINT('',(6.229851942692,-1.509388496815,12.));
#6270 = CARTESIAN_POINT('',(6.309700963321,-1.158419745757,12.));
#6271 = CARTESIAN_POINT('',(6.364763911481,-0.802426591383,12.));
#6272 = CARTESIAN_POINT('',(6.394687508581,-0.44373526498,12.));
#6273 = CARTESIAN_POINT('',(6.399673097146,-6.711236135764E-02,12.));
#6274 = CARTESIAN_POINT('',(6.399845624787,-4.950584396597E-02,12.));
#6275 = CARTESIAN_POINT('',(6.399957618705,-3.189880484046E-02,12.));
#6276 = CARTESIAN_POINT('',(6.400009077091,-1.429152161239E-02,12.));
#6277 = CARTESIAN_POINT('',(6.39999999999,3.315727980991E-03,12.));
#6278 = PCURVE('',#4844,#6279);
#6279 = DEFINITIONAL_REPRESENTATION('',(#6280),#6291);
#6280 = B_SPLINE_CURVE_WITH_KNOTS('',5,(#6281,#6282,#6283,#6284,#6285,
    #6286,#6287,#6288,#6289,#6290),.UNSPECIFIED.,.F.,.F.,(6,4,6),(0.,
    0.953253724181,1.),.UNSPECIFIED.);
#6281 = CARTESIAN_POINT('',(6.125901235498,-1.85306031734));
#6282 = CARTESIAN_POINT('',(6.229851942692,-1.509388496815));
#6283 = CARTESIAN_POINT('',(6.309700963321,-1.158419745757));
#6284 = CARTESIAN_POINT('',(6.364763911481,-0.802426591383));
#6285 = CARTESIAN_POINT('',(6.394687508581,-0.44373526498));
#6286 = CARTESIAN_POINT('',(6.399673097146,-6.711236135764E-02));
#6287 = CARTESIAN_POINT('',(6.399845624787,-4.950584396597E-02));
#6288 = CARTESIAN_POINT('',(6.399957618705,-3.189880484046E-02));
#6289 = CARTESIAN_POINT('',(6.400009077091,-1.429152161239E-02));
#6290 = CARTESIAN_POINT('',(6.39999999999,3.315727980991E-03));
#6291 = ( GEOMETRIC_REPRESENTATION_CONTEXT(2) 
PARAMETRIC_REPRESENTATION_CONTEXT() REPRESENTATION_CONTEXT('2D SPACE',''
  ) );
#6292 = PCURVE('',#4949,#6293);
#6293 = DEFINITIONAL_REPRESENTATION('',(#6294),#6305);
#6294 = B_SPLINE_CURVE_WITH_KNOTS('',5,(#6295,#6296,#6297,#6298,#6299,
    #6300,#6301,#6302,#6303,#6304),.UNSPECIFIED.,.F.,.F.,(6,4,6),(0.,
    0.953253724181,1.),.UNSPECIFIED.);
#6295 = CARTESIAN_POINT('',(0.,6.638178809873));
#6296 = CARTESIAN_POINT('',(-2.671255869557E-02,6.700039621653));
#6297 = CARTESIAN_POINT('',(-5.342494994419E-02,6.761900045649));
#6298 = CARTESIAN_POINT('',(-8.01358260203E-02,6.823756960796));
#6299 = CARTESIAN_POINT('',(-0.106847291764,6.885615241459));
#6300 = CARTESIAN_POINT('',(-0.134869955152,6.950509987107));
#6301 = CARTESIAN_POINT('',(-0.136179914483,6.953543584463));
#6302 = CARTESIAN_POINT('',(-0.137489878243,6.956577192078));
#6303 = CARTESIAN_POINT('',(-0.13879984669,6.959610810544));
#6304 = CARTESIAN_POINT('',(-0.140109820083,6.962644440466));
#6305 = ( GEOMETRIC_REPRESENTATION_CONTEXT(2) 
PARAMETRIC_REPRESENTATION_CONTEXT() REPRESENTATION_CONTEXT('2D SPACE',''
  ) );
#6306 = ORIENTED_EDGE('',*,*,#6307,.T.);
#6307 = EDGE_CURVE('',#6264,#6073,#6308,.T.);
#6308 = SURFACE_CURVE('',#6309,(#6315,#6324),.PCURVE_S1.);
#6309 = B_SPLINE_CURVE_WITH_KNOTS('',4,(#6310,#6311,#6312,#6313,#6314),
  .UNSPECIFIED.,.F.,.F.,(5,5),(0.,1.),.PIECEWISE_BEZIER_KNOTS.);
#6310 = CARTESIAN_POINT('',(6.4,3.315727981082E-03,12.));
#6311 = CARTESIAN_POINT('',(6.399930896351,0.137359097121,12.));
#6312 = CARTESIAN_POINT('',(6.396119538552,0.271400670307,12.));
#6313 = CARTESIAN_POINT('',(6.388565859815,0.405283561498,12.));
#6314 = CARTESIAN_POINT('',(6.377282802043,0.538851414075,12.));
#6315 = PCURVE('',#4844,#6316);
#6316 = DEFINITIONAL_REPRESENTATION('',(#6317),#6323);
#6317 = B_SPLINE_CURVE_WITH_KNOTS('',4,(#6318,#6319,#6320,#6321,#6322),
  .UNSPECIFIED.,.F.,.F.,(5,5),(0.,1.),.PIECEWISE_BEZIER_KNOTS.);
#6318 = CARTESIAN_POINT('',(6.4,3.315727981082E-03));
#6319 = CARTESIAN_POINT('',(6.399930896351,0.137359097121));
#6320 = CARTESIAN_POINT('',(6.396119538552,0.271400670307));
#6321 = CARTESIAN_POINT('',(6.388565859815,0.405283561498));
#6322 = CARTESIAN_POINT('',(6.377282802043,0.538851414075));
#6323 = ( GEOMETRIC_REPRESENTATION_CONTEXT(2) 
PARAMETRIC_REPRESENTATION_CONTEXT() REPRESENTATION_CONTEXT('2D SPACE',''
  ) );
#6324 = PCURVE('',#6325,#6348);
#6325 = B_SPLINE_SURFACE_WITH_KNOTS('',1,10,(
    (#6326,#6327,#6328,#6329,#6330,#6331,#6332,#6333,#6334,#6335,#6336)
    ,(#6337,#6338,#6339,#6340,#6341,#6342,#6343,#6344,#6345,#6346,#6347
    )),.UNSPECIFIED.,.F.,.F.,.F.,(2,2),(11,11),(-0.18,-0.),(0.,
    6.730556292451),.PIECEWISE_BEZIER_KNOTS.);
#6326 = CARTESIAN_POINT('',(6.4,5.955230308065E-03,11.960197242626));
#6327 = CARTESIAN_POINT('',(6.396382944309,3.893152533398,
    12.250197243829));
#6328 = CARTESIAN_POINT('',(3.77008987291,7.780119011123,12.540197239096
    ));
#6329 = CARTESIAN_POINT('',(-1.483553290068,9.655274943577,
    12.830197248836));
#6330 = CARTESIAN_POINT('',(-7.600519956405,7.61635416077,
    13.120197237622));
#6331 = CARTESIAN_POINT('',(-11.24777013443,1.171607591472,
    13.410197242462));
#6332 = CARTESIAN_POINT('',(-9.007020293037,-5.886453921621,
    13.700197248251));
#6333 = CARTESIAN_POINT('',(-3.441570776415,-9.142256569823,
    13.990197236343));
#6334 = CARTESIAN_POINT('',(2.085744287224,-8.390083446284,
    14.28019724645));
#6335 = CARTESIAN_POINT('',(5.456727057191,-5.127814470761,
    14.570197241582));
#6336 = CARTESIAN_POINT('',(6.261382806675,-1.324809727004,
    14.860197242816));
#6337 = CARTESIAN_POINT('',(6.4,-5.955230308064E-03,12.139802757374));
#6338 = CARTESIAN_POINT('',(6.403617055693,3.881242072794,
    12.429802758578));
#6339 = CARTESIAN_POINT('',(3.784562205749,7.773089371576,
    12.719802753839));
#6340 = CARTESIAN_POINT('',(-1.465582176392,9.658019128321,
    13.009802763595));
#6341 = CARTESIAN_POINT('',(-7.586332701603,7.630485598612,
    13.299802752351));
#6342 = CARTESIAN_POINT('',(-11.24557028599,1.192537752062,
    13.589802757233));
#6343 = CARTESIAN_POINT('',(-9.017959431121,-5.869681593517,
    13.87980276298));
#6344 = CARTESIAN_POINT('',(-3.458578630124,-9.135835947521,
    14.169802751102));
#6345 = CARTESIAN_POINT('',(2.070126665373,-8.39395050421,
    14.459802761194));
#6346 = CARTESIAN_POINT('',(5.447174704525,-5.137960602927,
    14.749802756331));
#6347 = CARTESIAN_POINT('',(6.258906482712,-1.336459915488,
    15.039802757564));
#6348 = DEFINITIONAL_REPRESENTATION('',(#6349),#6355);
#6349 = B_SPLINE_CURVE_WITH_KNOTS('',4,(#6350,#6351,#6352,#6353,#6354),
  .UNSPECIFIED.,.F.,.F.,(5,5),(0.,1.),.PIECEWISE_BEZIER_KNOTS.);
#6350 = CARTESIAN_POINT('',(-0.140109819916,0.));
#6351 = CARTESIAN_POINT('',(-0.150082601095,2.309491740978E-02));
#6352 = CARTESIAN_POINT('',(-0.160055158247,4.61893160376E-02));
#6353 = CARTESIAN_POINT('',(-0.170027604677,6.928345827342E-02));
#6354 = CARTESIAN_POINT('',(-0.18,9.237748216829E-02));
#6355 = ( GEOMETRIC_REPRESENTATION_CONTEXT(2) 
PARAMETRIC_REPRESENTATION_CONTEXT() REPRESENTATION_CONTEXT('2D SPACE',''
  ) );
#6356 = ADVANCED_FACE('',(#6357),#4949,.F.);
#6357 = FACE_BOUND('',#6358,.F.);
#6358 = EDGE_LOOP('',(#6359,#6360,#6361,#6362,#6363));
#6359 = ORIENTED_EDGE('',*,*,#5744,.F.);
#6360 = ORIENTED_EDGE('',*,*,#5053,.T.);
#6361 = ORIENTED_EDGE('',*,*,#4924,.T.);
#6362 = ORIENTED_EDGE('',*,*,#6263,.T.);
#6363 = ORIENTED_EDGE('',*,*,#6364,.F.);
#6364 = EDGE_CURVE('',#5745,#6264,#6365,.T.);
#6365 = SURFACE_CURVE('',#6366,(#6369,#6376),.PCURVE_S1.);
#6366 = B_SPLINE_CURVE_WITH_KNOTS('',1,(#6367,#6368),.UNSPECIFIED.,.F.,
  .F.,(2,2),(-0.18,-0.),.PIECEWISE_BEZIER_KNOTS.);
#6367 = CARTESIAN_POINT('',(6.399999999981,5.95523029686E-03,
    11.960197242792));
#6368 = CARTESIAN_POINT('',(6.400000000019,-5.95523031932E-03,
    12.13980275754));
#6369 = PCURVE('',#4949,#6370);
#6370 = DEFINITIONAL_REPRESENTATION('',(#6371),#6375);
#6371 = LINE('',#6372,#6373);
#6372 = CARTESIAN_POINT('',(0.,6.962644440466));
#6373 = VECTOR('',#6374,1.);
#6374 = DIRECTION('',(1.,0.));
#6375 = ( GEOMETRIC_REPRESENTATION_CONTEXT(2) 
PARAMETRIC_REPRESENTATION_CONTEXT() REPRESENTATION_CONTEXT('2D SPACE',''
  ) );
#6376 = PCURVE('',#6325,#6377);
#6377 = DEFINITIONAL_REPRESENTATION('',(#6378),#6381);
#6378 = B_SPLINE_CURVE_WITH_KNOTS('',1,(#6379,#6380),.UNSPECIFIED.,.F.,
  .F.,(2,2),(-0.18,-0.),.PIECEWISE_BEZIER_KNOTS.);
#6379 = CARTESIAN_POINT('',(-0.18,0.));
#6380 = CARTESIAN_POINT('',(0.,0.));
#6381 = ( GEOMETRIC_REPRESENTATION_CONTEXT(2) 
PARAMETRIC_REPRESENTATION_CONTEXT() REPRESENTATION_CONTEXT('2D SPACE',''
  ) );
#6382 = ADVANCED_FACE('',(#6383),#5431,.T.);
#6383 = FACE_BOUND('',#6384,.T.);
#6384 = EDGE_LOOP('',(#6385,#6386,#6387,#6489,#6490));
#6385 = ORIENTED_EDGE('',*,*,#5819,.F.);
#6386 = ORIENTED_EDGE('',*,*,#5415,.F.);
#6387 = ORIENTED_EDGE('',*,*,#6388,.T.);
#6388 = EDGE_CURVE('',#5224,#6143,#6389,.T.);
#6389 = SURFACE_CURVE('',#6390,(#6421,#6455),.PCURVE_S1.);
#6390 = B_SPLINE_CURVE_WITH_KNOTS('',8,(#6391,#6392,#6393,#6394,#6395,
    #6396,#6397,#6398,#6399,#6400,#6401,#6402,#6403,#6404,#6405,#6406,
    #6407,#6408,#6409,#6410,#6411,#6412,#6413,#6414,#6415,#6416,#6417,
    #6418,#6419,#6420),.UNSPECIFIED.,.F.,.F.,(9,7,7,7,9),(0.,
    0.421682749965,0.768191987046,0.943533446521,1.),.UNSPECIFIED.);
#6391 = CARTESIAN_POINT('',(7.2,-2.070898638168E-15,11.103043280447));
#6392 = CARTESIAN_POINT('',(7.2,0.71285235676,11.150315711866));
#6393 = CARTESIAN_POINT('',(7.11933981944,1.426162521029,11.197617748013
    ));
#6394 = CARTESIAN_POINT('',(6.957839178504,2.128569415046,
    11.244902431077));
#6395 = CARTESIAN_POINT('',(6.717449910651,2.809453442958,
    11.292174544257));
#6396 = CARTESIAN_POINT('',(6.401517780016,3.458743006082,
    11.339446815638));
#6397 = CARTESIAN_POINT('',(6.014863747838,4.066983378426,
    11.386731832156));
#6398 = CARTESIAN_POINT('',(5.563677033082,4.625327676525,
    11.434034202866));
#6399 = CARTESIAN_POINT('',(4.639142331527,5.537281557112,
    11.520151991615));
#6400 = CARTESIAN_POINT('',(4.183740888797,5.909982569083,
    11.559008996299));
#6401 = CARTESIAN_POINT('',(3.69432327911,6.239659657009,11.597860421037
    ));
#6402 = CARTESIAN_POINT('',(3.175688248462,6.522757846605,
    11.636706755913));
#6403 = CARTESIAN_POINT('',(2.632971251538,6.756392494188,
    11.675552956224));
#6404 = CARTESIAN_POINT('',(2.071610263378,6.938300454034,
    11.714404057074));
#6405 = CARTESIAN_POINT('',(1.497363168511,7.066896933431,
    11.753260741858));
#6406 = CARTESIAN_POINT('',(0.622351523179,7.179174025636,
    11.811762338106));
#6407 = CARTESIAN_POINT('',(0.326567498503,7.203066991834,
    11.831419173478));
#6408 = CARTESIAN_POINT('',(2.977038224183E-02,7.213028449463,
    11.851075809744));
#6409 = CARTESIAN_POINT('',(-0.267273484074,7.209012153067,
    11.870732225777));
#6410 = CARTESIAN_POINT('',(-0.563799292684,7.191021913494,
    11.890388661571));
#6411 = CARTESIAN_POINT('',(-0.859044047877,7.159110546829,
    11.910045357523));
#6412 = CARTESIAN_POINT('',(-1.152246895566,7.113380922867,
    11.929702290877));
#6413 = CARTESIAN_POINT('',(-1.536170080975,7.03486271364,
    11.955689080754));
#6414 = CARTESIAN_POINT('',(-1.629400999455,7.014319276132,
    11.962019269081));
#6415 = CARTESIAN_POINT('',(-1.722317109256,6.992363944563,
    11.968349469785));
#6416 = CARTESIAN_POINT('',(-1.814893419472,6.969002383221,
    11.974679679764));
#6417 = CARTESIAN_POINT('',(-1.907105098646,6.944240776725,
    11.981009897334));
#6418 = CARTESIAN_POINT('',(-1.998927474766,6.918085830022,
    11.987340122226));
#6419 = CARTESIAN_POINT('',(-2.090336035268,6.890544768391,
    11.993670355592));
#6420 = CARTESIAN_POINT('',(-2.181306427033,6.861625337439,12.0000006));
#6421 = PCURVE('',#5431,#6422);
#6422 = DEFINITIONAL_REPRESENTATION('',(#6423),#6454);
#6423 = B_SPLINE_CURVE_WITH_KNOTS('',8,(#6424,#6425,#6426,#6427,#6428,
    #6429,#6430,#6431,#6432,#6433,#6434,#6435,#6436,#6437,#6438,#6439,
    #6440,#6441,#6442,#6443,#6444,#6445,#6446,#6447,#6448,#6449,#6450,
    #6451,#6452,#6453),.UNSPECIFIED.,.F.,.F.,(9,7,7,7,9),(0.,
    0.421682749965,0.768191987046,0.943533446521,1.),.UNSPECIFIED.);
#6424 = CARTESIAN_POINT('',(0.,11.103043280447));
#6425 = CARTESIAN_POINT('',(9.900727177218E-02,11.150315711866));
#6426 = CARTESIAN_POINT('',(0.198078049103,11.197617748013));
#6427 = CARTESIAN_POINT('',(0.297113911262,11.244902431077));
#6428 = CARTESIAN_POINT('',(0.396124269152,11.292174544257));
#6429 = CARTESIAN_POINT('',(0.495134633847,11.339446815638));
#6430 = CARTESIAN_POINT('',(0.594170471511,11.386731832156));
#6431 = CARTESIAN_POINT('',(0.693241283742,11.434034202866));
#6432 = CARTESIAN_POINT('',(0.873605728257,11.520151991615));
#6433 = CARTESIAN_POINT('',(0.954986812087,11.559008996299));
#6434 = CARTESIAN_POINT('',(1.03635563584,11.597860421037));
#6435 = CARTESIAN_POINT('',(1.117713591943,11.636706755913));
#6436 = CARTESIAN_POINT('',(1.199071548219,11.675552956224));
#6437 = CARTESIAN_POINT('',(1.280440381822,11.714404057074));
#6438 = CARTESIAN_POINT('',(1.361821496223,11.753260741858));
#6439 = CARTESIAN_POINT('',(1.484347281247,11.811762338106));
#6440 = CARTESIAN_POINT('',(1.525516661797,11.831419173478));
#6441 = CARTESIAN_POINT('',(1.566685685973,11.851075809744));
#6442 = CARTESIAN_POINT('',(1.607854264735,11.870732225777));
#6443 = CARTESIAN_POINT('',(1.649022846878,11.890388661571));
#6444 = CARTESIAN_POINT('',(1.690191880753,11.910045357523));
#6445 = CARTESIAN_POINT('',(1.731361271935,11.929702290877));
#6446 = CARTESIAN_POINT('',(1.785787665179,11.955689080754));
#6447 = CARTESIAN_POINT('',(1.799045511641,11.962019269081));
#6448 = CARTESIAN_POINT('',(1.812303365782,11.968349469785));
#6449 = CARTESIAN_POINT('',(1.825561220389,11.974679679764));
#6450 = CARTESIAN_POINT('',(1.838819071477,11.981009897334));
#6451 = CARTESIAN_POINT('',(1.852076918286,11.987340122226));
#6452 = CARTESIAN_POINT('',(1.865334763281,11.993670355592));
#6453 = CARTESIAN_POINT('',(1.878592612156,12.0000006));
#6454 = ( GEOMETRIC_REPRESENTATION_CONTEXT(2) 
PARAMETRIC_REPRESENTATION_CONTEXT() REPRESENTATION_CONTEXT('2D SPACE',''
  ) );
#6455 = PCURVE('',#5335,#6456);
#6456 = DEFINITIONAL_REPRESENTATION('',(#6457),#6488);
#6457 = B_SPLINE_CURVE_WITH_KNOTS('',8,(#6458,#6459,#6460,#6461,#6462,
    #6463,#6464,#6465,#6466,#6467,#6468,#6469,#6470,#6471,#6472,#6473,
    #6474,#6475,#6476,#6477,#6478,#6479,#6480,#6481,#6482,#6483,#6484,
    #6485,#6486,#6487),.UNSPECIFIED.,.F.,.F.,(9,7,7,7,9),(0.,
    0.421682749965,0.768191987046,0.943533446521,1.),.UNSPECIFIED.);
#6458 = CARTESIAN_POINT('',(-9.796505452407E-05,3.486942078113));
#6459 = CARTESIAN_POINT('',(-9.802929993477E-05,3.596655863106));
#6460 = CARTESIAN_POINT('',(-9.952688243604E-05,3.706440017054));
#6461 = CARTESIAN_POINT('',(-1.024417904973E-04,3.816185536842));
#6462 = CARTESIAN_POINT('',(-1.062444452715E-04,3.925902912715));
#6463 = CARTESIAN_POINT('',(-1.098509433894E-04,4.035620427231));
#6464 = CARTESIAN_POINT('',(-1.123214960469E-04,4.145366207281));
#6465 = CARTESIAN_POINT('',(-1.134209354432E-04,4.255150676411));
#6466 = CARTESIAN_POINT('',(-1.133273122053E-04,4.455019749025));
#6467 = CARTESIAN_POINT('',(-1.125081954293E-04,4.545201303116));
#6468 = CARTESIAN_POINT('',(-1.110351029713E-04,4.635369149577));
#6469 = CARTESIAN_POINT('',(-1.092431426985E-04,4.725524813858));
#6470 = CARTESIAN_POINT('',(-1.076253150178E-04,4.815680367455));
#6471 = CARTESIAN_POINT('',(-1.065622661159E-04,4.905847936999));
#6472 = CARTESIAN_POINT('',(-1.061064362244E-04,4.996029169291));
#6473 = CARTESIAN_POINT('',(-1.060830981317E-04,5.13180441356));
#6474 = CARTESIAN_POINT('',(-1.061878989322E-04,5.177425720081));
#6475 = CARTESIAN_POINT('',(-1.063839656534E-04,5.223046670178));
#6476 = CARTESIAN_POINT('',(-1.066343936374E-04,5.268667172085));
#6477 = CARTESIAN_POINT('',(-1.068911260783E-04,5.314287727155));
#6478 = CARTESIAN_POINT('',(-1.071016307352E-04,5.359908832495));
#6479 = CARTESIAN_POINT('',(-1.07217877308E-04,5.405530379672));
#6480 = CARTESIAN_POINT('',(-1.072043107847E-04,5.465842623319));
#6481 = CARTESIAN_POINT('',(-1.071879522312E-04,5.480534221231));
#6482 = CARTESIAN_POINT('',(-1.071573322797E-04,5.495225831356));
#6483 = CARTESIAN_POINT('',(-1.071114844532E-04,5.509917445375));
#6484 = CARTESIAN_POINT('',(-1.070496833367E-04,5.524609058538));
#6485 = CARTESIAN_POINT('',(-1.069714445773E-04,5.539300669663));
#6486 = CARTESIAN_POINT('',(-1.068765248846E-04,5.55399228114));
#6487 = CARTESIAN_POINT('',(-1.067649220304E-04,5.568683898927));
#6488 = ( GEOMETRIC_REPRESENTATION_CONTEXT(2) 
PARAMETRIC_REPRESENTATION_CONTEXT() REPRESENTATION_CONTEXT('2D SPACE',''
  ) );
#6489 = ORIENTED_EDGE('',*,*,#6142,.F.);
#6490 = ORIENTED_EDGE('',*,*,#6491,.F.);
#6491 = EDGE_CURVE('',#5776,#6075,#6492,.T.);
#6492 = SURFACE_CURVE('',#6493,(#6511,#6532),.PCURVE_S1.);
#6493 = B_SPLINE_CURVE_WITH_KNOTS('',6,(#6494,#6495,#6496,#6497,#6498,
    #6499,#6500,#6501,#6502,#6503,#6504,#6505,#6506,#6507,#6508,#6509,
    #6510),.UNSPECIFIED.,.F.,.F.,(7,5,5,7),(0.,0.357075731322,
    0.830601807844,1.),.UNSPECIFIED.);
#6494 = CARTESIAN_POINT('',(7.199907411315,3.651394934981E-02,
    11.499382615852));
#6495 = CARTESIAN_POINT('',(7.197628933248,0.485789675681,11.52917652086
    ));
#6496 = CARTESIAN_POINT('',(7.161708448448,0.934915765617,
    11.558974707599));
#6497 = CARTESIAN_POINT('',(7.092156459996,1.380696776041,
    11.588774907687));
#6498 = CARTESIAN_POINT('',(6.989398179934,1.820013051028,
    11.618574120622));
#6499 = CARTESIAN_POINT('',(6.854209989932,2.249813136978,
    11.648372539163));
#6500 = CARTESIAN_POINT('',(6.467074548288,3.220547596404,
    11.717677612125));
#6501 = CARTESIAN_POINT('',(6.191382777945,3.752125665385,
    11.757189058637));
#6502 = CARTESIAN_POINT('',(5.863467301779,4.254859026023,
    11.796688276925));
#6503 = CARTESIAN_POINT('',(5.487213599683,4.722515879767,11.83618610137
    ));
#6504 = CARTESIAN_POINT('',(5.067341099028,5.149469418014,
    11.875692834486));
#6505 = CARTESIAN_POINT('',(4.445923662299,5.667379639392,11.92933028872
    ));
#6506 = CARTESIAN_POINT('',(4.277344197453,5.79802300025,11.943463226302
    ));
#6507 = CARTESIAN_POINT('',(4.10417602226,5.922634370007,11.957596720223
    ));
#6508 = CARTESIAN_POINT('',(3.926689676495,6.041014166999,
    11.971730793614));
#6509 = CARTESIAN_POINT('',(3.745167040359,6.152979187247,11.98586543534
    ));
#6510 = CARTESIAN_POINT('',(3.559901334481,6.258362604449,12.0000006));
#6511 = PCURVE('',#5431,#6512);
#6512 = DEFINITIONAL_REPRESENTATION('',(#6513),#6531);
#6513 = B_SPLINE_CURVE_WITH_KNOTS('',6,(#6514,#6515,#6516,#6517,#6518,
    #6519,#6520,#6521,#6522,#6523,#6524,#6525,#6526,#6527,#6528,#6529,
    #6530),.UNSPECIFIED.,.F.,.F.,(7,5,5,7),(0.,0.357075731322,
    0.830601807844,1.),.UNSPECIFIED.);
#6514 = CARTESIAN_POINT('',(5.071403592797E-03,11.499382615852));
#6515 = CARTESIAN_POINT('',(6.747161246561E-02,11.52917652086));
#6516 = CARTESIAN_POINT('',(0.129874710492,11.558974707599));
#6517 = CARTESIAN_POINT('',(0.192274403886,11.588774907687));
#6518 = CARTESIAN_POINT('',(0.254674079227,11.618574120622));
#6519 = CARTESIAN_POINT('',(0.317077090069,11.648372539163));
#6520 = CARTESIAN_POINT('',(0.462227557503,11.717677612125));
#6521 = CARTESIAN_POINT('',(0.544989419101,11.757189058637));
#6522 = CARTESIAN_POINT('',(0.627737912911,11.796688276925));
#6523 = CARTESIAN_POINT('',(0.710486447955,11.83618610137));
#6524 = CARTESIAN_POINT('',(0.793248428885,11.875692834486));
#6525 = CARTESIAN_POINT('',(0.905601782216,11.92933028872));
#6526 = CARTESIAN_POINT('',(0.935204750314,11.943463226302));
#6527 = CARTESIAN_POINT('',(0.964807722282,11.957596720223));
#6528 = CARTESIAN_POINT('',(0.994410684423,11.971730793614));
#6529 = CARTESIAN_POINT('',(1.024013623642,11.98586543534));
#6530 = CARTESIAN_POINT('',(1.053616527443,12.0000006));
#6531 = ( GEOMETRIC_REPRESENTATION_CONTEXT(2) 
PARAMETRIC_REPRESENTATION_CONTEXT() REPRESENTATION_CONTEXT('2D SPACE',''
  ) );
#6532 = PCURVE('',#5790,#6533);
#6533 = DEFINITIONAL_REPRESENTATION('',(#6534),#6552);
#6534 = B_SPLINE_CURVE_WITH_KNOTS('',6,(#6535,#6536,#6537,#6538,#6539,
    #6540,#6541,#6542,#6543,#6544,#6545,#6546,#6547,#6548,#6549,#6550,
    #6551),.UNSPECIFIED.,.F.,.F.,(7,5,5,7),(0.,0.357075731322,
    0.830601807844,1.),.UNSPECIFIED.);
#6535 = CARTESIAN_POINT('',(-0.923653518499,0.));
#6536 = CARTESIAN_POINT('',(-0.923653518634,6.914812251286E-02));
#6537 = CARTESIAN_POINT('',(-0.923643971461,0.138295127611));
#6538 = CARTESIAN_POINT('',(-0.923627880174,0.207439228037));
#6539 = CARTESIAN_POINT('',(-0.923615269554,0.276585067656));
#6540 = CARTESIAN_POINT('',(-0.923608773462,0.345736143577));
#6541 = CARTESIAN_POINT('',(-0.923608867563,0.506585112854));
#6542 = CARTESIAN_POINT('',(-0.923620320767,0.598299758954));
#6543 = CARTESIAN_POINT('',(-0.923643971946,0.690000148801));
#6544 = CARTESIAN_POINT('',(-0.923669394759,0.781699355073));
#6545 = CARTESIAN_POINT('',(-0.923688887645,0.873412371069));
#6546 = CARTESIAN_POINT('',(-0.923704000242,0.997916044082));
#6547 = CARTESIAN_POINT('',(-0.923706909394,1.030720285678));
#6548 = CARTESIAN_POINT('',(-0.923708627218,1.063524439032));
#6549 = CARTESIAN_POINT('',(-0.923709109505,1.096328506643));
#6550 = CARTESIAN_POINT('',(-0.923708386443,1.129132497622));
#6551 = CARTESIAN_POINT('',(-0.923706562615,1.161936427694));
#6552 = ( GEOMETRIC_REPRESENTATION_CONTEXT(2) 
PARAMETRIC_REPRESENTATION_CONTEXT() REPRESENTATION_CONTEXT('2D SPACE',''
  ) );
#6553 = ADVANCED_FACE('',(#6554),#5335,.F.);
#6554 = FACE_BOUND('',#6555,.F.);
#6555 = EDGE_LOOP('',(#6556,#6557,#6558,#6559,#6560));
#6556 = ORIENTED_EDGE('',*,*,#5975,.F.);
#6557 = ORIENTED_EDGE('',*,*,#5720,.T.);
#6558 = ORIENTED_EDGE('',*,*,#5223,.T.);
#6559 = ORIENTED_EDGE('',*,*,#6388,.T.);
#6560 = ORIENTED_EDGE('',*,*,#6166,.T.);
#6561 = ADVANCED_FACE('',(#6562),#5790,.F.);
#6562 = FACE_BOUND('',#6563,.F.);
#6563 = EDGE_LOOP('',(#6564,#6565,#6566,#6594));
#6564 = ORIENTED_EDGE('',*,*,#6491,.F.);
#6565 = ORIENTED_EDGE('',*,*,#5775,.T.);
#6566 = ORIENTED_EDGE('',*,*,#6567,.T.);
#6567 = EDGE_CURVE('',#5745,#6073,#6568,.T.);
#6568 = SURFACE_CURVE('',#6569,(#6581,#6588),.PCURVE_S1.);
#6569 = B_SPLINE_CURVE_WITH_KNOTS('',10,(#6570,#6571,#6572,#6573,#6574,
    #6575,#6576,#6577,#6578,#6579,#6580),.UNSPECIFIED.,.F.,.F.,(11,11),(
    0.,6.730556292451),.PIECEWISE_BEZIER_KNOTS.);
#6570 = CARTESIAN_POINT('',(6.4,5.955230308072E-03,11.960197242626));
#6571 = CARTESIAN_POINT('',(6.396382944309,3.893152533398,
    12.250197243829));
#6572 = CARTESIAN_POINT('',(3.77008987291,7.780119011123,12.540197239096
    ));
#6573 = CARTESIAN_POINT('',(-1.483553290068,9.655274943577,
    12.830197248834));
#6574 = CARTESIAN_POINT('',(-7.600519956403,7.61635416077,
    13.120197237624));
#6575 = CARTESIAN_POINT('',(-11.24777013443,1.171607591472,
    13.410197242459));
#6576 = CARTESIAN_POINT('',(-9.007020293036,-5.886453921621,
    13.700197248254));
#6577 = CARTESIAN_POINT('',(-3.441570776416,-9.142256569823,
    13.990197236341));
#6578 = CARTESIAN_POINT('',(2.085744287224,-8.390083446284,
    14.280197246451));
#6579 = CARTESIAN_POINT('',(5.456727057191,-5.127814470761,
    14.570197241582));
#6580 = CARTESIAN_POINT('',(6.261382806675,-1.324809727004,
    14.860197242816));
#6581 = PCURVE('',#5790,#6582);
#6582 = DEFINITIONAL_REPRESENTATION('',(#6583),#6587);
#6583 = LINE('',#6584,#6585);
#6584 = CARTESIAN_POINT('',(-0.,0.));
#6585 = VECTOR('',#6586,1.);
#6586 = DIRECTION('',(0.,1.));
#6587 = ( GEOMETRIC_REPRESENTATION_CONTEXT(2) 
PARAMETRIC_REPRESENTATION_CONTEXT() REPRESENTATION_CONTEXT('2D SPACE',''
  ) );
#6588 = PCURVE('',#6325,#6589);
#6589 = DEFINITIONAL_REPRESENTATION('',(#6590),#6593);
#6590 = B_SPLINE_CURVE_WITH_KNOTS('',1,(#6591,#6592),.UNSPECIFIED.,.F.,
  .F.,(2,2),(0.,6.730556292451),.PIECEWISE_BEZIER_KNOTS.);
#6591 = CARTESIAN_POINT('',(-0.18,0.));
#6592 = CARTESIAN_POINT('',(-0.18,6.730556292451));
#6593 = ( GEOMETRIC_REPRESENTATION_CONTEXT(2) 
PARAMETRIC_REPRESENTATION_CONTEXT() REPRESENTATION_CONTEXT('2D SPACE',''
  ) );
#6594 = ORIENTED_EDGE('',*,*,#6072,.T.);
#6595 = ADVANCED_FACE('',(#6596),#5875,.F.);
#6596 = FACE_BOUND('',#6597,.F.);
#6597 = EDGE_LOOP('',(#6598,#6599,#6600));
#6598 = ORIENTED_EDGE('',*,*,#5851,.F.);
#6599 = ORIENTED_EDGE('',*,*,#6050,.T.);
#6600 = ORIENTED_EDGE('',*,*,#6233,.T.);
#6601 = ADVANCED_FACE('',(#6602),#6325,.F.);
#6602 = FACE_BOUND('',#6603,.F.);
#6603 = EDGE_LOOP('',(#6604,#6605,#6606));
#6604 = ORIENTED_EDGE('',*,*,#6567,.F.);
#6605 = ORIENTED_EDGE('',*,*,#6364,.T.);
#6606 = ORIENTED_EDGE('',*,*,#6307,.T.);
#6607 = ( GEOMETRIC_REPRESENTATION_CONTEXT(3) 
GLOBAL_UNCERTAINTY_ASSIGNED_CONTEXT((#6611)) 
GLOBAL_UNIT_ASSIGNED_CONTEXT((#6608,#6609,#6610)) REPRESENTATION_CONTEXT
('Context #1','3D Context with UNIT and UNCERTAINTY') );
#6608 = ( LENGTH_UNIT() NAMED_UNIT(*) SI_UNIT(.MILLI.,.METRE.) );
#6609 = ( NAMED_UNIT(*) PLANE_ANGLE_UNIT() SI_UNIT($,.RADIAN.) );
#6610 = ( NAMED_UNIT(*) SI_UNIT($,.STERADIAN.) SOLID_ANGLE_UNIT() );
#6611 = UNCERTAINTY_MEASURE_WITH_UNIT(LENGTH_MEASURE(5.E-05),#6608,
  'distance_accuracy_value','confusion accuracy');
#6612 = PRODUCT_RELATED_PRODUCT_CATEGORY('part',$,(#7));

#6613=DESCRIPTIVE_REPRESENTATION_ITEM('cadpy:generator','cadpy');
#6614=REPRESENTATION('cadpy:generator',(#6613),#6607);
#6615=PROPERTY_DEFINITION('cadpy metadata','cadpy:generator',#5);
#6616=PROPERTY_DEFINITION_REPRESENTATION(#6615,#6614);
#6617=DESCRIPTIVE_REPRESENTATION_ITEM('cadpy:entryKind','part');
#6618=REPRESENTATION('cadpy:entryKind',(#6617),#6607);
#6619=PROPERTY_DEFINITION('cadpy metadata','cadpy:entryKind',#5);
#6620=PROPERTY_DEFINITION_REPRESENTATION(#6619,#6618);
#6621=DESCRIPTIVE_REPRESENTATION_ITEM('cadpy:sourcePath','dual_start_thread_male_cast.py');
#6622=REPRESENTATION('cadpy:sourcePath',(#6621),#6607);
#6623=PROPERTY_DEFINITION('cadpy metadata','cadpy:sourcePath',#5);
#6624=PROPERTY_DEFINITION_REPRESENTATION(#6623,#6622);
#6625=DESCRIPTIVE_REPRESENTATION_ITEM('cadpy:sourceFingerprint','d2cc2826e890bdbf987ea6e754c38aa6115abd2d14bd6346b497368678d2a6d1');
#6626=REPRESENTATION('cadpy:sourceFingerprint',(#6625),#6607);
#6627=PROPERTY_DEFINITION('cadpy metadata','cadpy:sourceFingerprint',#5);
#6628=PROPERTY_DEFINITION_REPRESENTATION(#6627,#6626);
#6629=DESCRIPTIVE_REPRESENTATION_ITEM('cadpy:sourceHash','adc74f3a05ba9c0c525aea4fd777ed61f0f253ced061bc86a5c0bac7b71327e2');
#6630=REPRESENTATION('cadpy:sourceHash',(#6629),#6607);
#6631=PROPERTY_DEFINITION('cadpy metadata','cadpy:sourceHash',#5);
#6632=PROPERTY_DEFINITION_REPRESENTATION(#6631,#6630);
ENDSEC;
END-ISO-10303-21;
