ISO-10303-21;
HEADER;
FILE_DESCRIPTION(('Open CASCADE Model'),'2;1');
FILE_NAME('male_thread_grip','2026-06-08T00:57:12',('Author'),(
    'Open CASCADE'),'Open CASCADE STEP processor 7.8','cadpy','Unknown'
  );
FILE_SCHEMA(('AUTOMOTIVE_DESIGN { 1 0 10303 214 1 1 1 1 }'));
ENDSEC;
DATA;
#1 = APPLICATION_PROTOCOL_DEFINITION('international standard',
  'automotive_design',2000,#2);
#2 = APPLICATION_CONTEXT(
  'core data for automotive mechanical design processes');
#3 = SHAPE_DEFINITION_REPRESENTATION(#4,#10);
#4 = PRODUCT_DEFINITION_SHAPE('','',#5);
#5 = PRODUCT_DEFINITION('design','',#6,#9);
#6 = PRODUCT_DEFINITION_FORMATION('','',#7);
#7 = PRODUCT('male_thread_grip','male_thread_grip','',(#8));
#8 = PRODUCT_CONTEXT('',#2,'mechanical');
#9 = PRODUCT_DEFINITION_CONTEXT('part definition',#2,'design');
#10 = SHAPE_REPRESENTATION('',(#11,#15,#3075),#7872);
#11 = AXIS2_PLACEMENT_3D('',#12,#13,#14);
#12 = CARTESIAN_POINT('',(0.,0.,0.));
#13 = DIRECTION('',(0.,0.,1.));
#14 = DIRECTION('',(1.,0.,-0.));
#15 = MANIFOLD_SOLID_BREP('',#16);
#16 = CLOSED_SHELL('',(#17,#79,#822,#877,#906,#935,#964,#1023,#1435,
    #1732,#1786,#2141,#2503,#2532,#2561,#2590,#2619,#2648,#2677,#2681,
    #2728,#2943,#2978,#3034,#3061,#3068));
#17 = ADVANCED_FACE('',(#18),#33,.T.);
#18 = FACE_BOUND('',#19,.T.);
#19 = EDGE_LOOP('',(#20,#51,#52));
#20 = ORIENTED_EDGE('',*,*,#21,.T.);
#21 = EDGE_CURVE('',#22,#24,#26,.T.);
#22 = VERTEX_POINT('',#23);
#23 = CARTESIAN_POINT('',(9.690169943749,-5.877852522925,6.));
#24 = VERTEX_POINT('',#25);
#25 = CARTESIAN_POINT('',(8.090169943749,-5.877852522925,9.2));
#26 = SEAM_CURVE('',#27,(#32,#44),.PCURVE_S1.);
#27 = CIRCLE('',#28,2.);
#28 = AXIS2_PLACEMENT_3D('',#29,#30,#31);
#29 = CARTESIAN_POINT('',(8.090169943749,-5.877852522925,7.2));
#30 = DIRECTION('',(-2.449293598295E-16,-1.,0.));
#31 = DIRECTION('',(1.,-2.449293598295E-16,0.));
#32 = PCURVE('',#33,#38);
#33 = SPHERICAL_SURFACE('',#34,2.);
#34 = AXIS2_PLACEMENT_3D('',#35,#36,#37);
#35 = CARTESIAN_POINT('',(8.090169943749,-5.877852522925,7.2));
#36 = DIRECTION('',(0.,0.,1.));
#37 = DIRECTION('',(1.,0.,0.));
#38 = DEFINITIONAL_REPRESENTATION('',(#39),#43);
#39 = LINE('',#40,#41);
#40 = CARTESIAN_POINT('',(6.28318530718,-6.28318530718));
#41 = VECTOR('',#42,1.);
#42 = DIRECTION('',(0.,1.));
#43 = ( GEOMETRIC_REPRESENTATION_CONTEXT(2) 
PARAMETRIC_REPRESENTATION_CONTEXT() REPRESENTATION_CONTEXT('2D SPACE',''
  ) );
#44 = PCURVE('',#33,#45);
#45 = DEFINITIONAL_REPRESENTATION('',(#46),#50);
#46 = LINE('',#47,#48);
#47 = CARTESIAN_POINT('',(0.,-6.28318530718));
#48 = VECTOR('',#49,1.);
#49 = DIRECTION('',(0.,1.));
#50 = ( GEOMETRIC_REPRESENTATION_CONTEXT(2) 
PARAMETRIC_REPRESENTATION_CONTEXT() REPRESENTATION_CONTEXT('2D SPACE',''
  ) );
#51 = ORIENTED_EDGE('',*,*,#21,.F.);
#52 = ORIENTED_EDGE('',*,*,#53,.T.);
#53 = EDGE_CURVE('',#22,#22,#54,.T.);
#54 = SURFACE_CURVE('',#55,(#60,#67),.PCURVE_S1.);
#55 = CIRCLE('',#56,1.6);
#56 = AXIS2_PLACEMENT_3D('',#57,#58,#59);
#57 = CARTESIAN_POINT('',(8.090169943749,-5.877852522925,6.));
#58 = DIRECTION('',(0.,0.,1.));
#59 = DIRECTION('',(1.,0.,-0.));
#60 = PCURVE('',#33,#61);
#61 = DEFINITIONAL_REPRESENTATION('',(#62),#66);
#62 = LINE('',#63,#64);
#63 = CARTESIAN_POINT('',(0.,-0.643501108793));
#64 = VECTOR('',#65,1.);
#65 = DIRECTION('',(1.,0.));
#66 = ( GEOMETRIC_REPRESENTATION_CONTEXT(2) 
PARAMETRIC_REPRESENTATION_CONTEXT() REPRESENTATION_CONTEXT('2D SPACE',''
  ) );
#67 = PCURVE('',#68,#73);
#68 = PLANE('',#69);
#69 = AXIS2_PLACEMENT_3D('',#70,#71,#72);
#70 = CARTESIAN_POINT('',(0.,0.,6.));
#71 = DIRECTION('',(0.,0.,1.));
#72 = DIRECTION('',(1.,0.,0.));
#73 = DEFINITIONAL_REPRESENTATION('',(#74),#78);
#74 = CIRCLE('',#75,1.6);
#75 = AXIS2_PLACEMENT_2D('',#76,#77);
#76 = CARTESIAN_POINT('',(8.090169943749,-5.877852522925));
#77 = DIRECTION('',(1.,0.));
#78 = ( GEOMETRIC_REPRESENTATION_CONTEXT(2) 
PARAMETRIC_REPRESENTATION_CONTEXT() REPRESENTATION_CONTEXT('2D SPACE',''
  ) );
#79 = ADVANCED_FACE('',(#80,#111,#142,#173,#204,#207,#636,#667,#698,#729
    ,#760,#791),#68,.T.);
#80 = FACE_BOUND('',#81,.T.);
#81 = EDGE_LOOP('',(#82));
#82 = ORIENTED_EDGE('',*,*,#83,.T.);
#83 = EDGE_CURVE('',#84,#84,#86,.T.);
#84 = VERTEX_POINT('',#85);
#85 = CARTESIAN_POINT('',(12.,-2.939152317954E-15,6.));
#86 = SURFACE_CURVE('',#87,(#92,#99),.PCURVE_S1.);
#87 = CIRCLE('',#88,12.);
#88 = AXIS2_PLACEMENT_3D('',#89,#90,#91);
#89 = CARTESIAN_POINT('',(0.,0.,6.));
#90 = DIRECTION('',(0.,0.,1.));
#91 = DIRECTION('',(1.,0.,0.));
#92 = PCURVE('',#68,#93);
#93 = DEFINITIONAL_REPRESENTATION('',(#94),#98);
#94 = CIRCLE('',#95,12.);
#95 = AXIS2_PLACEMENT_2D('',#96,#97);
#96 = CARTESIAN_POINT('',(0.,0.));
#97 = DIRECTION('',(1.,0.));
#98 = ( GEOMETRIC_REPRESENTATION_CONTEXT(2) 
PARAMETRIC_REPRESENTATION_CONTEXT() REPRESENTATION_CONTEXT('2D SPACE',''
  ) );
#99 = PCURVE('',#100,#105);
#100 = CYLINDRICAL_SURFACE('',#101,12.);
#101 = AXIS2_PLACEMENT_3D('',#102,#103,#104);
#102 = CARTESIAN_POINT('',(0.,0.,0.));
#103 = DIRECTION('',(0.,0.,1.));
#104 = DIRECTION('',(1.,0.,0.));
#105 = DEFINITIONAL_REPRESENTATION('',(#106),#110);
#106 = LINE('',#107,#108);
#107 = CARTESIAN_POINT('',(0.,6.));
#108 = VECTOR('',#109,1.);
#109 = DIRECTION('',(1.,0.));
#110 = ( GEOMETRIC_REPRESENTATION_CONTEXT(2) 
PARAMETRIC_REPRESENTATION_CONTEXT() REPRESENTATION_CONTEXT('2D SPACE',''
  ) );
#111 = FACE_BOUND('',#112,.T.);
#112 = EDGE_LOOP('',(#113));
#113 = ORIENTED_EDGE('',*,*,#114,.F.);
#114 = EDGE_CURVE('',#115,#115,#117,.T.);
#115 = VERTEX_POINT('',#116);
#116 = CARTESIAN_POINT('',(-6.490169943749,-5.877852522925,6.));
#117 = SURFACE_CURVE('',#118,(#123,#130),.PCURVE_S1.);
#118 = CIRCLE('',#119,1.6);
#119 = AXIS2_PLACEMENT_3D('',#120,#121,#122);
#120 = CARTESIAN_POINT('',(-8.090169943749,-5.877852522925,6.));
#121 = DIRECTION('',(0.,0.,1.));
#122 = DIRECTION('',(1.,0.,-0.));
#123 = PCURVE('',#68,#124);
#124 = DEFINITIONAL_REPRESENTATION('',(#125),#129);
#125 = CIRCLE('',#126,1.6);
#126 = AXIS2_PLACEMENT_2D('',#127,#128);
#127 = CARTESIAN_POINT('',(-8.090169943749,-5.877852522925));
#128 = DIRECTION('',(1.,0.));
#129 = ( GEOMETRIC_REPRESENTATION_CONTEXT(2) 
PARAMETRIC_REPRESENTATION_CONTEXT() REPRESENTATION_CONTEXT('2D SPACE',''
  ) );
#130 = PCURVE('',#131,#136);
#131 = SPHERICAL_SURFACE('',#132,2.);
#132 = AXIS2_PLACEMENT_3D('',#133,#134,#135);
#133 = CARTESIAN_POINT('',(-8.090169943749,-5.877852522925,7.2));
#134 = DIRECTION('',(0.,0.,1.));
#135 = DIRECTION('',(1.,0.,0.));
#136 = DEFINITIONAL_REPRESENTATION('',(#137),#141);
#137 = LINE('',#138,#139);
#138 = CARTESIAN_POINT('',(0.,-0.643501108793));
#139 = VECTOR('',#140,1.);
#140 = DIRECTION('',(1.,0.));
#141 = ( GEOMETRIC_REPRESENTATION_CONTEXT(2) 
PARAMETRIC_REPRESENTATION_CONTEXT() REPRESENTATION_CONTEXT('2D SPACE',''
  ) );
#142 = FACE_BOUND('',#143,.T.);
#143 = EDGE_LOOP('',(#144));
#144 = ORIENTED_EDGE('',*,*,#145,.F.);
#145 = EDGE_CURVE('',#146,#146,#148,.T.);
#146 = VERTEX_POINT('',#147);
#147 = CARTESIAN_POINT('',(-1.490169943749,-9.510565162952,6.));
#148 = SURFACE_CURVE('',#149,(#154,#161),.PCURVE_S1.);
#149 = CIRCLE('',#150,1.6);
#150 = AXIS2_PLACEMENT_3D('',#151,#152,#153);
#151 = CARTESIAN_POINT('',(-3.090169943749,-9.510565162952,6.));
#152 = DIRECTION('',(0.,0.,1.));
#153 = DIRECTION('',(1.,0.,-0.));
#154 = PCURVE('',#68,#155);
#155 = DEFINITIONAL_REPRESENTATION('',(#156),#160);
#156 = CIRCLE('',#157,1.6);
#157 = AXIS2_PLACEMENT_2D('',#158,#159);
#158 = CARTESIAN_POINT('',(-3.090169943749,-9.510565162952));
#159 = DIRECTION('',(1.,0.));
#160 = ( GEOMETRIC_REPRESENTATION_CONTEXT(2) 
PARAMETRIC_REPRESENTATION_CONTEXT() REPRESENTATION_CONTEXT('2D SPACE',''
  ) );
#161 = PCURVE('',#162,#167);
#162 = SPHERICAL_SURFACE('',#163,2.);
#163 = AXIS2_PLACEMENT_3D('',#164,#165,#166);
#164 = CARTESIAN_POINT('',(-3.090169943749,-9.510565162952,7.2));
#165 = DIRECTION('',(0.,0.,1.));
#166 = DIRECTION('',(1.,0.,0.));
#167 = DEFINITIONAL_REPRESENTATION('',(#168),#172);
#168 = LINE('',#169,#170);
#169 = CARTESIAN_POINT('',(0.,-0.643501108793));
#170 = VECTOR('',#171,1.);
#171 = DIRECTION('',(1.,0.));
#172 = ( GEOMETRIC_REPRESENTATION_CONTEXT(2) 
PARAMETRIC_REPRESENTATION_CONTEXT() REPRESENTATION_CONTEXT('2D SPACE',''
  ) );
#173 = FACE_BOUND('',#174,.T.);
#174 = EDGE_LOOP('',(#175));
#175 = ORIENTED_EDGE('',*,*,#176,.F.);
#176 = EDGE_CURVE('',#177,#177,#179,.T.);
#177 = VERTEX_POINT('',#178);
#178 = CARTESIAN_POINT('',(4.690169943749,-9.510565162952,6.));
#179 = SURFACE_CURVE('',#180,(#185,#192),.PCURVE_S1.);
#180 = CIRCLE('',#181,1.6);
#181 = AXIS2_PLACEMENT_3D('',#182,#183,#184);
#182 = CARTESIAN_POINT('',(3.090169943749,-9.510565162952,6.));
#183 = DIRECTION('',(0.,0.,1.));
#184 = DIRECTION('',(1.,0.,-0.));
#185 = PCURVE('',#68,#186);
#186 = DEFINITIONAL_REPRESENTATION('',(#187),#191);
#187 = CIRCLE('',#188,1.6);
#188 = AXIS2_PLACEMENT_2D('',#189,#190);
#189 = CARTESIAN_POINT('',(3.090169943749,-9.510565162952));
#190 = DIRECTION('',(1.,0.));
#191 = ( GEOMETRIC_REPRESENTATION_CONTEXT(2) 
PARAMETRIC_REPRESENTATION_CONTEXT() REPRESENTATION_CONTEXT('2D SPACE',''
  ) );
#192 = PCURVE('',#193,#198);
#193 = SPHERICAL_SURFACE('',#194,2.);
#194 = AXIS2_PLACEMENT_3D('',#195,#196,#197);
#195 = CARTESIAN_POINT('',(3.090169943749,-9.510565162952,7.2));
#196 = DIRECTION('',(0.,0.,1.));
#197 = DIRECTION('',(1.,0.,0.));
#198 = DEFINITIONAL_REPRESENTATION('',(#199),#203);
#199 = LINE('',#200,#201);
#200 = CARTESIAN_POINT('',(0.,-0.643501108793));
#201 = VECTOR('',#202,1.);
#202 = DIRECTION('',(1.,0.));
#203 = ( GEOMETRIC_REPRESENTATION_CONTEXT(2) 
PARAMETRIC_REPRESENTATION_CONTEXT() REPRESENTATION_CONTEXT('2D SPACE',''
  ) );
#204 = FACE_BOUND('',#205,.T.);
#205 = EDGE_LOOP('',(#206));
#206 = ORIENTED_EDGE('',*,*,#53,.F.);
#207 = FACE_BOUND('',#208,.T.);
#208 = EDGE_LOOP('',(#209,#301,#329,#422,#512,#545));
#209 = ORIENTED_EDGE('',*,*,#210,.F.);
#210 = EDGE_CURVE('',#211,#213,#215,.T.);
#211 = VERTEX_POINT('',#212);
#212 = CARTESIAN_POINT('',(-6.899999748118,-3.229230729395E-03,6.));
#213 = VERTEX_POINT('',#214);
#214 = CARTESIAN_POINT('',(-3.484640656664,-5.955529394158,6.));
#215 = SURFACE_CURVE('',#216,(#234,#255),.PCURVE_S1.);
#216 = B_SPLINE_CURVE_WITH_KNOTS('',6,(#217,#218,#219,#220,#221,#222,
    #223,#224,#225,#226,#227,#228,#229,#230,#231,#232,#233),
  .UNSPECIFIED.,.F.,.F.,(7,5,5,7),(0.,0.230526374582,0.387905882846,1.),
  .UNSPECIFIED.);
#217 = CARTESIAN_POINT('',(-6.9,-3.229230729399E-03,6.));
#218 = CARTESIAN_POINT('',(-6.899871395638,-0.27916846051,6.));
#219 = CARTESIAN_POINT('',(-6.886503537024,-0.555103732069,6.));
#220 = CARTESIAN_POINT('',(-6.859894655031,-0.830236188957,6.));
#221 = CARTESIAN_POINT('',(-6.820107478156,-1.103774016348,6.));
#222 = CARTESIAN_POINT('',(-6.767268676669,-1.37493290031,6.));
#223 = CARTESIAN_POINT('',(-6.656714905793,-1.825901550297,6.));
#224 = CARTESIAN_POINT('',(-6.605866769593,-2.007397370639,6.));
#225 = CARTESIAN_POINT('',(-6.549084306269,-2.187177737644,6.));
#226 = CARTESIAN_POINT('',(-6.486441046419,-2.365000830427,6.));
#227 = CARTESIAN_POINT('',(-6.418023643116,-2.540629217683,6.));
#228 = CARTESIAN_POINT('',(-6.055767689776,-3.387456901017,6.));
#229 = CARTESIAN_POINT('',(-5.681655436913,-4.024625203732,6.));
#230 = CARTESIAN_POINT('',(-5.227587762971,-4.611022860856,6.));
#231 = CARTESIAN_POINT('',(-4.70247878294,-5.134758515325,6.));
#232 = CARTESIAN_POINT('',(-4.11701186205,-5.585503623657,6.));
#233 = CARTESIAN_POINT('',(-3.484640656664,-5.955529394158,6.));
#234 = PCURVE('',#68,#235);
#235 = DEFINITIONAL_REPRESENTATION('',(#236),#254);
#236 = B_SPLINE_CURVE_WITH_KNOTS('',6,(#237,#238,#239,#240,#241,#242,
    #243,#244,#245,#246,#247,#248,#249,#250,#251,#252,#253),
  .UNSPECIFIED.,.F.,.F.,(7,5,5,7),(0.,0.230526374582,0.387905882846,1.),
  .UNSPECIFIED.);
#237 = CARTESIAN_POINT('',(-6.9,-3.229230729399E-03));
#238 = CARTESIAN_POINT('',(-6.899871395638,-0.27916846051));
#239 = CARTESIAN_POINT('',(-6.886503537024,-0.555103732069));
#240 = CARTESIAN_POINT('',(-6.859894655031,-0.830236188957));
#241 = CARTESIAN_POINT('',(-6.820107478156,-1.103774016348));
#242 = CARTESIAN_POINT('',(-6.767268676669,-1.37493290031));
#243 = CARTESIAN_POINT('',(-6.656714905793,-1.825901550297));
#244 = CARTESIAN_POINT('',(-6.605866769593,-2.007397370639));
#245 = CARTESIAN_POINT('',(-6.549084306269,-2.187177737644));
#246 = CARTESIAN_POINT('',(-6.486441046419,-2.365000830427));
#247 = CARTESIAN_POINT('',(-6.418023643116,-2.540629217683));
#248 = CARTESIAN_POINT('',(-6.055767689776,-3.387456901017));
#249 = CARTESIAN_POINT('',(-5.681655436913,-4.024625203732));
#250 = CARTESIAN_POINT('',(-5.227587762971,-4.611022860856));
#251 = CARTESIAN_POINT('',(-4.70247878294,-5.134758515325));
#252 = CARTESIAN_POINT('',(-4.11701186205,-5.585503623657));
#253 = CARTESIAN_POINT('',(-3.484640656664,-5.955529394158));
#254 = ( GEOMETRIC_REPRESENTATION_CONTEXT(2) 
PARAMETRIC_REPRESENTATION_CONTEXT() REPRESENTATION_CONTEXT('2D SPACE',''
  ) );
#255 = PCURVE('',#256,#281);
#256 = B_SPLINE_SURFACE_WITH_KNOTS('',1,11,(
    (#257,#258,#259,#260,#261,#262,#263,#264,#265,#266,#267,#268)
    ,(#269,#270,#271,#272,#273,#274,#275,#276,#277,#278,#279,#280
  )),.UNSPECIFIED.,.F.,.F.,.F.,(2,2),(12,12),(-1.026025403784,-0.),(0.,
    6.878838390627),.PIECEWISE_BEZIER_KNOTS.);
#257 = CARTESIAN_POINT('',(-6.9,3.306384189622E-02,6.561946105232));
#258 = CARTESIAN_POINT('',(-6.91888602305,-3.908206941726,6.816491559779
    ));
#259 = CARTESIAN_POINT('',(-4.461930776383,-7.861252292913,
    7.071037014313));
#260 = CARTESIAN_POINT('',(0.484281525467,-10.0982789947,7.325582468889)
  );
#261 = CARTESIAN_POINT('',(6.545779589304,-8.877874595976,7.580127923385
    ));
#262 = CARTESIAN_POINT('',(11.085843713996,-3.701429245667,
    7.834673377982));
#263 = CARTESIAN_POINT('',(11.120807326334,3.595018057494,8.089218832497
    ));
#264 = CARTESIAN_POINT('',(6.630560083578,8.814735405712,8.343764287044)
  );
#265 = CARTESIAN_POINT('',(0.581036183751,10.093174140258,8.598309741604
    ));
#266 = CARTESIAN_POINT('',(-4.386387549535,7.903652205671,8.852855196136
    ));
#267 = CARTESIAN_POINT('',(-6.881113977046,3.974334625519,9.107400650687
    ));
#268 = CARTESIAN_POINT('',(-6.900000000103,3.306384189627E-02,
    9.361946105232));
#269 = CARTESIAN_POINT('',(-6.9,-3.306384189621E-02,5.538053894768));
#270 = CARTESIAN_POINT('',(-6.881113976951,-3.974334625461,
    5.792599349312));
#271 = CARTESIAN_POINT('',(-4.386387549448,-7.903652205555,
    6.047144803866));
#272 = CARTESIAN_POINT('',(0.581036183701,-10.0931741401,6.301690258392)
  );
#273 = CARTESIAN_POINT('',(6.63056008353,-8.814735405584,6.556235712963)
  );
#274 = CARTESIAN_POINT('',(11.120807326142,-3.595018057435,
    6.810781167497));
#275 = CARTESIAN_POINT('',(11.085843713822,3.701429245606,7.065326622022
    ));
#276 = CARTESIAN_POINT('',(6.545779589245,8.877874595852,7.319872076615)
  );
#277 = CARTESIAN_POINT('',(0.484281525421,10.098278994553,7.57441753111)
  );
#278 = CARTESIAN_POINT('',(-4.461930776296,7.861252292798,7.828962985688
    ));
#279 = CARTESIAN_POINT('',(-6.918886022955,3.908206941668,8.083508440221
    ));
#280 = CARTESIAN_POINT('',(-6.899999999897,-3.306384189626E-02,
    8.338053894768));
#281 = DEFINITIONAL_REPRESENTATION('',(#282),#300);
#282 = B_SPLINE_CURVE_WITH_KNOTS('',6,(#283,#284,#285,#286,#287,#288,
    #289,#290,#291,#292,#293,#294,#295,#296,#297,#298,#299),
  .UNSPECIFIED.,.F.,.F.,(7,5,5,7),(0.,0.230526374582,0.387905882846,1.),
  .UNSPECIFIED.);
#283 = CARTESIAN_POINT('',(-0.462908531097,0.));
#284 = CARTESIAN_POINT('',(-0.445124154545,4.36005377244E-02));
#285 = CARTESIAN_POINT('',(-0.427339606185,8.720149665616E-02));
#286 = CARTESIAN_POINT('',(-0.409555209244,0.130802084367));
#287 = CARTESIAN_POINT('',(-0.391770812636,0.17440267126));
#288 = CARTESIAN_POINT('',(-0.373986265062,0.218003628265));
#289 = CARTESIAN_POINT('',(-0.34406056103,0.291370090325));
#290 = CARTESIAN_POINT('',(-0.331919237759,0.321136004343));
#291 = CARTESIAN_POINT('',(-0.319777924769,0.350901893155));
#292 = CARTESIAN_POINT('',(-0.307636626417,0.380667746081));
#293 = CARTESIAN_POINT('',(-0.295495345936,0.410433555195));
#294 = CARTESIAN_POINT('',(-0.236133235593,0.555966907112));
#295 = CARTESIAN_POINT('',(-0.18889475912,0.671777712709));
#296 = CARTESIAN_POINT('',(-0.141677155002,0.787537347217));
#297 = CARTESIAN_POINT('',(-9.445944759587E-02,0.903297234947));
#298 = CARTESIAN_POINT('',(-4.72208103778E-02,1.019108434628));
#299 = CARTESIAN_POINT('',(0.,1.134875929667));
#300 = ( GEOMETRIC_REPRESENTATION_CONTEXT(2) 
PARAMETRIC_REPRESENTATION_CONTEXT() REPRESENTATION_CONTEXT('2D SPACE',''
  ) );
#301 = ORIENTED_EDGE('',*,*,#302,.F.);
#302 = EDGE_CURVE('',#303,#211,#305,.T.);
#303 = VERTEX_POINT('',#304);
#304 = CARTESIAN_POINT('',(3.485190528762,5.955119392441,6.));
#305 = SURFACE_CURVE('',#306,(#311,#318),.PCURVE_S1.);
#306 = CIRCLE('',#307,6.9);
#307 = AXIS2_PLACEMENT_3D('',#308,#309,#310);
#308 = CARTESIAN_POINT('',(0.,0.,6.));
#309 = DIRECTION('',(0.,0.,1.));
#310 = DIRECTION('',(1.,0.,0.));
#311 = PCURVE('',#68,#312);
#312 = DEFINITIONAL_REPRESENTATION('',(#313),#317);
#313 = CIRCLE('',#314,6.9);
#314 = AXIS2_PLACEMENT_2D('',#315,#316);
#315 = CARTESIAN_POINT('',(0.,0.));
#316 = DIRECTION('',(1.,0.));
#317 = ( GEOMETRIC_REPRESENTATION_CONTEXT(2) 
PARAMETRIC_REPRESENTATION_CONTEXT() REPRESENTATION_CONTEXT('2D SPACE',''
  ) );
#318 = PCURVE('',#319,#324);
#319 = CYLINDRICAL_SURFACE('',#320,6.9);
#320 = AXIS2_PLACEMENT_3D('',#321,#322,#323);
#321 = CARTESIAN_POINT('',(0.,0.,6.));
#322 = DIRECTION('',(0.,0.,1.));
#323 = DIRECTION('',(1.,0.,0.));
#324 = DEFINITIONAL_REPRESENTATION('',(#325),#328);
#325 = B_SPLINE_CURVE_WITH_KNOTS('',1,(#326,#327),.UNSPECIFIED.,.F.,.F.,
  (2,2),(1.041298409921,3.14206065806),.PIECEWISE_BEZIER_KNOTS.);
#326 = CARTESIAN_POINT('',(1.041298409921,0.));
#327 = CARTESIAN_POINT('',(3.14206065806,0.));
#328 = ( GEOMETRIC_REPRESENTATION_CONTEXT(2) 
PARAMETRIC_REPRESENTATION_CONTEXT() REPRESENTATION_CONTEXT('2D SPACE',''
  ) );
#329 = ORIENTED_EDGE('',*,*,#330,.T.);
#330 = EDGE_CURVE('',#303,#331,#333,.T.);
#331 = VERTEX_POINT('',#332);
#332 = CARTESIAN_POINT('',(3.484640656664,5.955529394158,6.));
#333 = SURFACE_CURVE('',#334,(#353,#375),.PCURVE_S1.);
#334 = B_SPLINE_CURVE_WITH_KNOTS('',5,(#335,#336,#337,#338,#339,#340,
    #341,#342,#343,#344,#345,#346,#347,#348,#349,#350,#351,#352),
  .UNSPECIFIED.,.F.,.F.,(6,4,4,4,6),(0.,0.228256463908,0.461594441084,
    0.727599627962,1.),.UNSPECIFIED.);
#335 = CARTESIAN_POINT('',(6.135880698853,0.416558288607,6.));
#336 = CARTESIAN_POINT('',(6.152407508452,0.707343305718,6.));
#337 = CARTESIAN_POINT('',(6.15159968133,0.999217819804,6.));
#338 = CARTESIAN_POINT('',(6.133524536314,1.2907852657,6.));
#339 = CARTESIAN_POINT('',(6.098413584341,1.580710236985,6.));
#340 = CARTESIAN_POINT('',(5.993706441984,2.16111833407,6.));
#341 = CARTESIAN_POINT('',(5.923359150371,2.451474557338,6.));
#342 = CARTESIAN_POINT('',(5.835989789705,2.737429690774,6.));
#343 = CARTESIAN_POINT('',(5.732138479071,3.017722298892,6.));
#344 = CARTESIAN_POINT('',(5.476039851222,3.602928877782,6.));
#345 = CARTESIAN_POINT('',(5.319050010526,3.905801795587,6.));
#346 = CARTESIAN_POINT('',(5.142477174078,4.198070753155,6.));
#347 = CARTESIAN_POINT('',(4.94748534711,4.478203947359,6.));
#348 = CARTESIAN_POINT('',(4.518187359814,5.017912289918,6.));
#349 = CARTESIAN_POINT('',(4.283043979782,5.276837238165,6.));
#350 = CARTESIAN_POINT('',(4.031363856468,5.520182045577,6.));
#351 = CARTESIAN_POINT('',(3.764684057358,5.746742121102,6.));
#352 = CARTESIAN_POINT('',(3.484640656664,5.955529394158,6.));
#353 = PCURVE('',#68,#354);
#354 = DEFINITIONAL_REPRESENTATION('',(#355),#374);
#355 = B_SPLINE_CURVE_WITH_KNOTS('',5,(#356,#357,#358,#359,#360,#361,
    #362,#363,#364,#365,#366,#367,#368,#369,#370,#371,#372,#373),
  .UNSPECIFIED.,.F.,.F.,(6,4,4,4,6),(0.,0.228256463908,0.461594441084,
    0.727599627962,1.),.UNSPECIFIED.);
#356 = CARTESIAN_POINT('',(6.135880698853,0.416558288607));
#357 = CARTESIAN_POINT('',(6.152407508452,0.707343305718));
#358 = CARTESIAN_POINT('',(6.15159968133,0.999217819804));
#359 = CARTESIAN_POINT('',(6.133524536314,1.2907852657));
#360 = CARTESIAN_POINT('',(6.098413584341,1.580710236985));
#361 = CARTESIAN_POINT('',(5.993706441984,2.16111833407));
#362 = CARTESIAN_POINT('',(5.923359150371,2.451474557338));
#363 = CARTESIAN_POINT('',(5.835989789705,2.737429690774));
#364 = CARTESIAN_POINT('',(5.732138479071,3.017722298892));
#365 = CARTESIAN_POINT('',(5.476039851222,3.602928877782));
#366 = CARTESIAN_POINT('',(5.319050010526,3.905801795587));
#367 = CARTESIAN_POINT('',(5.142477174078,4.198070753155));
#368 = CARTESIAN_POINT('',(4.94748534711,4.478203947359));
#369 = CARTESIAN_POINT('',(4.518187359814,5.017912289918));
#370 = CARTESIAN_POINT('',(4.283043979782,5.276837238165));
#371 = CARTESIAN_POINT('',(4.031363856468,5.520182045577));
#372 = CARTESIAN_POINT('',(3.764684057358,5.746742121102));
#373 = CARTESIAN_POINT('',(3.484640656664,5.955529394158));
#374 = ( GEOMETRIC_REPRESENTATION_CONTEXT(2) 
PARAMETRIC_REPRESENTATION_CONTEXT() REPRESENTATION_CONTEXT('2D SPACE',''
  ) );
#375 = PCURVE('',#376,#401);
#376 = B_SPLINE_SURFACE_WITH_KNOTS('',1,11,(
    (#377,#378,#379,#380,#381,#382,#383,#384,#385,#386,#387,#388)
    ,(#389,#390,#391,#392,#393,#394,#395,#396,#397,#398,#399,#400
  )),.UNSPECIFIED.,.F.,.F.,.F.,(2,2),(12,12),(-0.866025403784,-0.),(0.,
    6.878838390627),.PIECEWISE_BEZIER_KNOTS.);
#377 = CARTESIAN_POINT('',(6.9,3.306384189623E-02,5.538053894768));
#378 = CARTESIAN_POINT('',(6.881113976951,3.974334625461,5.792599349312)
  );
#379 = CARTESIAN_POINT('',(4.386387549448,7.903652205555,6.047144803865)
  );
#380 = CARTESIAN_POINT('',(-0.581036183701,10.093174140108,
    6.301690258394));
#381 = CARTESIAN_POINT('',(-6.63056008353,8.814735405586,6.556235712959)
  );
#382 = CARTESIAN_POINT('',(-11.12080732614,3.595018057432,6.810781167502
    ));
#383 = CARTESIAN_POINT('',(-11.08584371382,-3.701429245604,
    7.065326622017));
#384 = CARTESIAN_POINT('',(-6.545779589246,-8.877874595854,
    7.319872076618));
#385 = CARTESIAN_POINT('',(-0.48428152542,-10.09827899455,7.574417531108
    ));
#386 = CARTESIAN_POINT('',(4.461930776296,-7.861252292798,7.828962985688
    ));
#387 = CARTESIAN_POINT('',(6.918886022955,-3.908206941668,8.08350844022)
  );
#388 = CARTESIAN_POINT('',(6.899999999897,3.306384189626E-02,
    8.338053894768));
#389 = CARTESIAN_POINT('',(6.15,5.156027018326E-03,5.970166326745));
#390 = CARTESIAN_POINT('',(6.147054884142,3.518027803554,6.224711781778)
  );
#391 = CARTESIAN_POINT('',(3.937382133084,7.028969963568,6.479257234474)
  );
#392 = CARTESIAN_POINT('',(-0.482305188822,8.997966812671,6.733802693816
    ));
#393 = CARTESIAN_POINT('',(-5.878674821022,7.879827374361,6.988348139357
    ));
#394 = CARTESIAN_POINT('',(-9.899168451188,3.243380257138,7.242893606731
    ));
#395 = CARTESIAN_POINT('',(-9.893716171024,-3.259974183596,7.49743904687
    ));
#396 = CARTESIAN_POINT('',(-5.865454018664,-7.889673398045,
    7.751984514363));
#397 = CARTESIAN_POINT('',(-0.467217116684,-8.998762871632,
    8.006529959751));
#398 = CARTESIAN_POINT('',(3.949162461563,-7.022358055117,8.261075419201
    ));
#399 = CARTESIAN_POINT('',(6.152945115839,-3.507715749529,8.51562087185)
  );
#400 = CARTESIAN_POINT('',(6.149999999984,5.156027008447E-03,
    8.770166326895));
#401 = DEFINITIONAL_REPRESENTATION('',(#402),#421);
#402 = B_SPLINE_CURVE_WITH_KNOTS('',5,(#403,#404,#405,#406,#407,#408,
    #409,#410,#411,#412,#413,#414,#415,#416,#417,#418,#419,#420),
  .UNSPECIFIED.,.F.,.F.,(6,4,4,4,6),(0.,0.228256463908,0.461594441084,
    0.727599627962,1.),.UNSPECIFIED.);
#403 = CARTESIAN_POINT('',(0.,7.329322021999E-02));
#404 = CARTESIAN_POINT('',(-4.177823020515E-02,0.124505397801));
#405 = CARTESIAN_POINT('',(-8.327166759744E-02,0.175368473505));
#406 = CARTESIAN_POINT('',(-0.124487070857,0.225890732169));
#407 = CARTESIAN_POINT('',(-0.165432636126,0.276082220698));
#408 = CARTESIAN_POINT('',(-0.24770111772,0.37692775851));
#409 = CARTESIAN_POINT('',(-0.289012762972,0.427567991597));
#410 = CARTESIAN_POINT('',(-0.330055337977,0.477878395648));
#411 = CARTESIAN_POINT('',(-0.370836644007,0.527868533543));
#412 = CARTESIAN_POINT('',(-0.457561030177,0.634176164306));
#413 = CARTESIAN_POINT('',(-0.503428293669,0.690400720357));
#414 = CARTESIAN_POINT('',(-0.548971953016,0.746228599169));
#415 = CARTESIAN_POINT('',(-0.594202574517,0.801672753018));
#416 = CARTESIAN_POINT('',(-0.68513096961,0.913133700481));
#417 = CARTESIAN_POINT('',(-0.730814841765,0.969133453573));
#418 = CARTESIAN_POINT('',(-0.776185859021,1.024749705961));
#419 = CARTESIAN_POINT('',(-0.821254012544,1.079994704919));
#420 = CARTESIAN_POINT('',(-0.866025403784,1.134875929667));
#421 = ( GEOMETRIC_REPRESENTATION_CONTEXT(2) 
PARAMETRIC_REPRESENTATION_CONTEXT() REPRESENTATION_CONTEXT('2D SPACE',''
  ) );
#422 = ORIENTED_EDGE('',*,*,#423,.F.);
#423 = EDGE_CURVE('',#424,#331,#426,.T.);
#424 = VERTEX_POINT('',#425);
#425 = CARTESIAN_POINT('',(6.899999748118,3.229230729402E-03,6.));
#426 = SURFACE_CURVE('',#427,(#445,#466),.PCURVE_S1.);
#427 = B_SPLINE_CURVE_WITH_KNOTS('',6,(#428,#429,#430,#431,#432,#433,
    #434,#435,#436,#437,#438,#439,#440,#441,#442,#443,#444),
  .UNSPECIFIED.,.F.,.F.,(7,5,5,7),(0.,0.230526374582,0.387905882846,1.),
  .UNSPECIFIED.);
#428 = CARTESIAN_POINT('',(6.9,3.229230729402E-03,6.));
#429 = CARTESIAN_POINT('',(6.899871395638,0.27916846051,6.));
#430 = CARTESIAN_POINT('',(6.886503537024,0.555103732069,6.));
#431 = CARTESIAN_POINT('',(6.859894655031,0.830236188957,6.));
#432 = CARTESIAN_POINT('',(6.820107478156,1.103774016348,6.));
#433 = CARTESIAN_POINT('',(6.767268676669,1.37493290031,6.));
#434 = CARTESIAN_POINT('',(6.656714905793,1.825901550297,6.));
#435 = CARTESIAN_POINT('',(6.605866769593,2.007397370639,6.));
#436 = CARTESIAN_POINT('',(6.549084306269,2.187177737644,6.));
#437 = CARTESIAN_POINT('',(6.486441046419,2.365000830427,6.));
#438 = CARTESIAN_POINT('',(6.418023643116,2.540629217683,6.));
#439 = CARTESIAN_POINT('',(6.055767689776,3.387456901018,6.));
#440 = CARTESIAN_POINT('',(5.681655436913,4.024625203731,6.));
#441 = CARTESIAN_POINT('',(5.227587762971,4.611022860857,6.));
#442 = CARTESIAN_POINT('',(4.702478782941,5.134758515325,6.));
#443 = CARTESIAN_POINT('',(4.11701186205,5.585503623657,6.));
#444 = CARTESIAN_POINT('',(3.484640656664,5.955529394158,6.));
#445 = PCURVE('',#68,#446);
#446 = DEFINITIONAL_REPRESENTATION('',(#447),#465);
#447 = B_SPLINE_CURVE_WITH_KNOTS('',6,(#448,#449,#450,#451,#452,#453,
    #454,#455,#456,#457,#458,#459,#460,#461,#462,#463,#464),
  .UNSPECIFIED.,.F.,.F.,(7,5,5,7),(0.,0.230526374582,0.387905882846,1.),
  .UNSPECIFIED.);
#448 = CARTESIAN_POINT('',(6.9,3.229230729402E-03));
#449 = CARTESIAN_POINT('',(6.899871395638,0.27916846051));
#450 = CARTESIAN_POINT('',(6.886503537024,0.555103732069));
#451 = CARTESIAN_POINT('',(6.859894655031,0.830236188957));
#452 = CARTESIAN_POINT('',(6.820107478156,1.103774016348));
#453 = CARTESIAN_POINT('',(6.767268676669,1.37493290031));
#454 = CARTESIAN_POINT('',(6.656714905793,1.825901550297));
#455 = CARTESIAN_POINT('',(6.605866769593,2.007397370639));
#456 = CARTESIAN_POINT('',(6.549084306269,2.187177737644));
#457 = CARTESIAN_POINT('',(6.486441046419,2.365000830427));
#458 = CARTESIAN_POINT('',(6.418023643116,2.540629217683));
#459 = CARTESIAN_POINT('',(6.055767689776,3.387456901018));
#460 = CARTESIAN_POINT('',(5.681655436913,4.024625203731));
#461 = CARTESIAN_POINT('',(5.227587762971,4.611022860857));
#462 = CARTESIAN_POINT('',(4.702478782941,5.134758515325));
#463 = CARTESIAN_POINT('',(4.11701186205,5.585503623657));
#464 = CARTESIAN_POINT('',(3.484640656664,5.955529394158));
#465 = ( GEOMETRIC_REPRESENTATION_CONTEXT(2) 
PARAMETRIC_REPRESENTATION_CONTEXT() REPRESENTATION_CONTEXT('2D SPACE',''
  ) );
#466 = PCURVE('',#467,#492);
#467 = B_SPLINE_SURFACE_WITH_KNOTS('',1,11,(
    (#468,#469,#470,#471,#472,#473,#474,#475,#476,#477,#478,#479)
    ,(#480,#481,#482,#483,#484,#485,#486,#487,#488,#489,#490,#491
  )),.UNSPECIFIED.,.F.,.F.,.F.,(2,2),(12,12),(-1.026025403784,-0.),(0.,
    6.878838390627),.PIECEWISE_BEZIER_KNOTS.);
#468 = CARTESIAN_POINT('',(6.9,-3.306384189622E-02,6.561946105232));
#469 = CARTESIAN_POINT('',(6.91888602305,3.908206941726,6.816491559779)
  );
#470 = CARTESIAN_POINT('',(4.461930776383,7.861252292912,7.071037014313)
  );
#471 = CARTESIAN_POINT('',(-0.484281525467,10.098278994706,
    7.325582468889));
#472 = CARTESIAN_POINT('',(-6.545779589303,8.877874595975,7.580127923385
    ));
#473 = CARTESIAN_POINT('',(-11.08584371399,3.701429245669,7.834673377982
    ));
#474 = CARTESIAN_POINT('',(-11.12080732633,-3.595018057496,
    8.089218832497));
#475 = CARTESIAN_POINT('',(-6.630560083578,-8.81473540571,8.343764287044
    ));
#476 = CARTESIAN_POINT('',(-0.581036183751,-10.09317414025,
    8.598309741604));
#477 = CARTESIAN_POINT('',(4.386387549535,-7.903652205671,8.852855196136
    ));
#478 = CARTESIAN_POINT('',(6.881113977046,-3.974334625519,9.107400650687
    ));
#479 = CARTESIAN_POINT('',(6.900000000103,-3.306384189626E-02,
    9.361946105232));
#480 = CARTESIAN_POINT('',(6.9,3.306384189622E-02,5.538053894768));
#481 = CARTESIAN_POINT('',(6.881113976951,3.974334625461,5.792599349312)
  );
#482 = CARTESIAN_POINT('',(4.386387549448,7.903652205555,6.047144803866)
  );
#483 = CARTESIAN_POINT('',(-0.5810361837,10.093174140109,6.301690258392)
  );
#484 = CARTESIAN_POINT('',(-6.630560083532,8.814735405585,6.556235712963
    ));
#485 = CARTESIAN_POINT('',(-11.12080732614,3.595018057434,6.810781167497
    ));
#486 = CARTESIAN_POINT('',(-11.08584371382,-3.701429245605,
    7.065326622022));
#487 = CARTESIAN_POINT('',(-6.545779589244,-8.877874595853,
    7.319872076615));
#488 = CARTESIAN_POINT('',(-0.484281525421,-10.09827899455,7.57441753111
    ));
#489 = CARTESIAN_POINT('',(4.461930776296,-7.861252292798,7.828962985688
    ));
#490 = CARTESIAN_POINT('',(6.918886022955,-3.908206941668,8.083508440221
    ));
#491 = CARTESIAN_POINT('',(6.899999999897,3.306384189626E-02,
    8.338053894768));
#492 = DEFINITIONAL_REPRESENTATION('',(#493),#511);
#493 = B_SPLINE_CURVE_WITH_KNOTS('',6,(#494,#495,#496,#497,#498,#499,
    #500,#501,#502,#503,#504,#505,#506,#507,#508,#509,#510),
  .UNSPECIFIED.,.F.,.F.,(7,5,5,7),(0.,0.230526374582,0.387905882846,1.),
  .UNSPECIFIED.);
#494 = CARTESIAN_POINT('',(-0.462908531097,0.));
#495 = CARTESIAN_POINT('',(-0.445124154545,4.360053772441E-02));
#496 = CARTESIAN_POINT('',(-0.427339606185,8.720149665614E-02));
#497 = CARTESIAN_POINT('',(-0.409555209244,0.130802084367));
#498 = CARTESIAN_POINT('',(-0.391770812636,0.17440267126));
#499 = CARTESIAN_POINT('',(-0.373986265062,0.218003628265));
#500 = CARTESIAN_POINT('',(-0.34406056103,0.291370090325));
#501 = CARTESIAN_POINT('',(-0.331919237759,0.321136004343));
#502 = CARTESIAN_POINT('',(-0.319777924769,0.350901893155));
#503 = CARTESIAN_POINT('',(-0.307636626417,0.380667746081));
#504 = CARTESIAN_POINT('',(-0.295495345936,0.410433555195));
#505 = CARTESIAN_POINT('',(-0.236133235593,0.555966907112));
#506 = CARTESIAN_POINT('',(-0.18889475912,0.671777712709));
#507 = CARTESIAN_POINT('',(-0.141677155002,0.787537347217));
#508 = CARTESIAN_POINT('',(-9.445944759591E-02,0.903297234947));
#509 = CARTESIAN_POINT('',(-4.722081037779E-02,1.019108434628));
#510 = CARTESIAN_POINT('',(0.,1.134875929667));
#511 = ( GEOMETRIC_REPRESENTATION_CONTEXT(2) 
PARAMETRIC_REPRESENTATION_CONTEXT() REPRESENTATION_CONTEXT('2D SPACE',''
  ) );
#512 = ORIENTED_EDGE('',*,*,#513,.T.);
#513 = EDGE_CURVE('',#424,#514,#516,.T.);
#514 = VERTEX_POINT('',#515);
#515 = CARTESIAN_POINT('',(-3.485190528762,-5.955119392441,6.));
#516 = SURFACE_CURVE('',#517,(#522,#533),.PCURVE_S1.);
#517 = CIRCLE('',#518,6.9);
#518 = AXIS2_PLACEMENT_3D('',#519,#520,#521);
#519 = CARTESIAN_POINT('',(0.,0.,6.));
#520 = DIRECTION('',(0.,0.,-1.));
#521 = DIRECTION('',(0.999999890486,4.680044193678E-04,0.));
#522 = PCURVE('',#68,#523);
#523 = DEFINITIONAL_REPRESENTATION('',(#524),#532);
#524 = ( BOUNDED_CURVE() B_SPLINE_CURVE(2,(#525,#526,#527,#528,#529,#530
,#531),.UNSPECIFIED.,.T.,.F.) B_SPLINE_CURVE_WITH_KNOTS((1,2,2,2,2,1),(
    -2.094395102393,0.,2.094395102393,4.188790204786,6.28318530718,
8.377580409573),.UNSPECIFIED.) CURVE() GEOMETRIC_REPRESENTATION_ITEM() 
RATIONAL_B_SPLINE_CURVE((1.,0.5,1.,0.5,1.,0.5,1.)) REPRESENTATION_ITEM(
  '') );
#525 = CARTESIAN_POINT('',(6.899999244353,3.229230493638E-03));
#526 = CARTESIAN_POINT('',(6.905592435637,-11.94792003291));
#527 = CARTESIAN_POINT('',(-3.447203026534,-5.97718924695));
#528 = CARTESIAN_POINT('',(-13.7999984887,-6.458460987278E-03));
#529 = CARTESIAN_POINT('',(-3.452796217819,5.973960016456));
#530 = CARTESIAN_POINT('',(6.894406053069,11.9543784939));
#531 = CARTESIAN_POINT('',(6.899999244353,3.229230493638E-03));
#532 = ( GEOMETRIC_REPRESENTATION_CONTEXT(2) 
PARAMETRIC_REPRESENTATION_CONTEXT() REPRESENTATION_CONTEXT('2D SPACE',''
  ) );
#533 = PCURVE('',#534,#539);
#534 = CYLINDRICAL_SURFACE('',#535,6.9);
#535 = AXIS2_PLACEMENT_3D('',#536,#537,#538);
#536 = CARTESIAN_POINT('',(0.,0.,6.));
#537 = DIRECTION('',(0.,0.,1.));
#538 = DIRECTION('',(1.,0.,0.));
#539 = DEFINITIONAL_REPRESENTATION('',(#540),#544);
#540 = LINE('',#541,#542);
#541 = CARTESIAN_POINT('',(6.28365331165,0.));
#542 = VECTOR('',#543,1.);
#543 = DIRECTION('',(-1.,-0.));
#544 = ( GEOMETRIC_REPRESENTATION_CONTEXT(2) 
PARAMETRIC_REPRESENTATION_CONTEXT() REPRESENTATION_CONTEXT('2D SPACE',''
  ) );
#545 = ORIENTED_EDGE('',*,*,#546,.T.);
#546 = EDGE_CURVE('',#514,#213,#547,.T.);
#547 = SURFACE_CURVE('',#548,(#567,#589),.PCURVE_S1.);
#548 = B_SPLINE_CURVE_WITH_KNOTS('',5,(#549,#550,#551,#552,#553,#554,
    #555,#556,#557,#558,#559,#560,#561,#562,#563,#564,#565,#566),
  .UNSPECIFIED.,.F.,.F.,(6,4,4,4,6),(0.,0.228256463908,0.461594441084,
    0.727599627962,1.),.UNSPECIFIED.);
#549 = CARTESIAN_POINT('',(-6.135880698853,-0.416558288607,6.));
#550 = CARTESIAN_POINT('',(-6.152407508452,-0.707343305718,6.));
#551 = CARTESIAN_POINT('',(-6.15159968133,-0.999217819804,6.));
#552 = CARTESIAN_POINT('',(-6.133524536314,-1.290785265699,6.));
#553 = CARTESIAN_POINT('',(-6.098413584341,-1.580710236985,6.));
#554 = CARTESIAN_POINT('',(-5.993706441984,-2.16111833407,6.));
#555 = CARTESIAN_POINT('',(-5.923359150371,-2.451474557338,6.));
#556 = CARTESIAN_POINT('',(-5.835989789705,-2.737429690774,6.));
#557 = CARTESIAN_POINT('',(-5.732138479071,-3.017722298892,6.));
#558 = CARTESIAN_POINT('',(-5.476039851222,-3.602928877782,6.));
#559 = CARTESIAN_POINT('',(-5.319050010526,-3.905801795587,6.));
#560 = CARTESIAN_POINT('',(-5.142477174078,-4.198070753155,6.));
#561 = CARTESIAN_POINT('',(-4.94748534711,-4.478203947359,6.));
#562 = CARTESIAN_POINT('',(-4.518187359814,-5.017912289918,6.));
#563 = CARTESIAN_POINT('',(-4.283043979782,-5.276837238165,6.));
#564 = CARTESIAN_POINT('',(-4.031363856468,-5.520182045578,6.));
#565 = CARTESIAN_POINT('',(-3.764684057358,-5.746742121102,6.));
#566 = CARTESIAN_POINT('',(-3.484640656664,-5.955529394158,6.));
#567 = PCURVE('',#68,#568);
#568 = DEFINITIONAL_REPRESENTATION('',(#569),#588);
#569 = B_SPLINE_CURVE_WITH_KNOTS('',5,(#570,#571,#572,#573,#574,#575,
    #576,#577,#578,#579,#580,#581,#582,#583,#584,#585,#586,#587),
  .UNSPECIFIED.,.F.,.F.,(6,4,4,4,6),(0.,0.228256463908,0.461594441084,
    0.727599627962,1.),.UNSPECIFIED.);
#570 = CARTESIAN_POINT('',(-6.135880698853,-0.416558288607));
#571 = CARTESIAN_POINT('',(-6.152407508452,-0.707343305718));
#572 = CARTESIAN_POINT('',(-6.15159968133,-0.999217819804));
#573 = CARTESIAN_POINT('',(-6.133524536314,-1.290785265699));
#574 = CARTESIAN_POINT('',(-6.098413584341,-1.580710236985));
#575 = CARTESIAN_POINT('',(-5.993706441984,-2.16111833407));
#576 = CARTESIAN_POINT('',(-5.923359150371,-2.451474557338));
#577 = CARTESIAN_POINT('',(-5.835989789705,-2.737429690774));
#578 = CARTESIAN_POINT('',(-5.732138479071,-3.017722298892));
#579 = CARTESIAN_POINT('',(-5.476039851222,-3.602928877782));
#580 = CARTESIAN_POINT('',(-5.319050010526,-3.905801795587));
#581 = CARTESIAN_POINT('',(-5.142477174078,-4.198070753155));
#582 = CARTESIAN_POINT('',(-4.94748534711,-4.478203947359));
#583 = CARTESIAN_POINT('',(-4.518187359814,-5.017912289918));
#584 = CARTESIAN_POINT('',(-4.283043979782,-5.276837238165));
#585 = CARTESIAN_POINT('',(-4.031363856468,-5.520182045578));
#586 = CARTESIAN_POINT('',(-3.764684057358,-5.746742121102));
#587 = CARTESIAN_POINT('',(-3.484640656664,-5.955529394158));
#588 = ( GEOMETRIC_REPRESENTATION_CONTEXT(2) 
PARAMETRIC_REPRESENTATION_CONTEXT() REPRESENTATION_CONTEXT('2D SPACE',''
  ) );
#589 = PCURVE('',#590,#615);
#590 = B_SPLINE_SURFACE_WITH_KNOTS('',1,11,(
    (#591,#592,#593,#594,#595,#596,#597,#598,#599,#600,#601,#602)
    ,(#603,#604,#605,#606,#607,#608,#609,#610,#611,#612,#613,#614
  )),.UNSPECIFIED.,.F.,.F.,.F.,(2,2),(12,12),(-0.866025403784,-0.),(0.,
    6.878838390627),.PIECEWISE_BEZIER_KNOTS.);
#591 = CARTESIAN_POINT('',(-6.9,-3.306384189622E-02,5.538053894768));
#592 = CARTESIAN_POINT('',(-6.881113976951,-3.974334625461,
    5.792599349312));
#593 = CARTESIAN_POINT('',(-4.386387549448,-7.903652205555,
    6.047144803865));
#594 = CARTESIAN_POINT('',(0.5810361837,-10.09317414011,6.301690258393)
  );
#595 = CARTESIAN_POINT('',(6.630560083531,-8.814735405584,6.55623571296)
  );
#596 = CARTESIAN_POINT('',(11.120807326141,-3.595018057435,6.8107811675)
  );
#597 = CARTESIAN_POINT('',(11.085843713824,3.701429245607,7.065326622018
    ));
#598 = CARTESIAN_POINT('',(6.545779589243,8.877874595852,7.319872076617)
  );
#599 = CARTESIAN_POINT('',(0.484281525422,10.098278994553,7.574417531109
    ));
#600 = CARTESIAN_POINT('',(-4.461930776297,7.861252292798,7.828962985688
    ));
#601 = CARTESIAN_POINT('',(-6.918886022955,3.908206941668,8.08350844022)
  );
#602 = CARTESIAN_POINT('',(-6.899999999897,-3.306384189625E-02,
    8.338053894768));
#603 = CARTESIAN_POINT('',(-6.15,-5.156027018328E-03,5.970166326745));
#604 = CARTESIAN_POINT('',(-6.147054884142,-3.518027803555,
    6.224711781778));
#605 = CARTESIAN_POINT('',(-3.937382133085,-7.028969963568,
    6.479257234474));
#606 = CARTESIAN_POINT('',(0.482305188823,-8.997966812672,6.733802693817
    ));
#607 = CARTESIAN_POINT('',(5.87867482102,-7.879827374361,6.988348139356)
  );
#608 = CARTESIAN_POINT('',(9.899168451191,-3.243380257138,7.242893606734
    ));
#609 = CARTESIAN_POINT('',(9.893716171021,3.259974183596,7.497439046867)
  );
#610 = CARTESIAN_POINT('',(5.865454018666,7.889673398045,7.751984514365)
  );
#611 = CARTESIAN_POINT('',(0.467217116683,8.998762871632,8.006529959749)
  );
#612 = CARTESIAN_POINT('',(-3.949162461563,7.022358055117,8.261075419202
    ));
#613 = CARTESIAN_POINT('',(-6.152945115839,3.507715749528,8.51562087185)
  );
#614 = CARTESIAN_POINT('',(-6.149999999984,-5.156027008449E-03,
    8.770166326895));
#615 = DEFINITIONAL_REPRESENTATION('',(#616),#635);
#616 = B_SPLINE_CURVE_WITH_KNOTS('',5,(#617,#618,#619,#620,#621,#622,
    #623,#624,#625,#626,#627,#628,#629,#630,#631,#632,#633,#634),
  .UNSPECIFIED.,.F.,.F.,(6,4,4,4,6),(0.,0.228256463908,0.461594441084,
    0.727599627962,1.),.UNSPECIFIED.);
#617 = CARTESIAN_POINT('',(0.,7.329322021997E-02));
#618 = CARTESIAN_POINT('',(-4.177823020515E-02,0.124505397801));
#619 = CARTESIAN_POINT('',(-8.327166759747E-02,0.175368473505));
#620 = CARTESIAN_POINT('',(-0.124487070857,0.225890732168));
#621 = CARTESIAN_POINT('',(-0.165432636126,0.276082220698));
#622 = CARTESIAN_POINT('',(-0.24770111772,0.37692775851));
#623 = CARTESIAN_POINT('',(-0.289012762972,0.427567991597));
#624 = CARTESIAN_POINT('',(-0.330055337977,0.477878395648));
#625 = CARTESIAN_POINT('',(-0.370836644007,0.527868533543));
#626 = CARTESIAN_POINT('',(-0.457561030177,0.634176164306));
#627 = CARTESIAN_POINT('',(-0.503428293669,0.690400720357));
#628 = CARTESIAN_POINT('',(-0.548971953016,0.746228599169));
#629 = CARTESIAN_POINT('',(-0.594202574517,0.801672753018));
#630 = CARTESIAN_POINT('',(-0.68513096961,0.913133700482));
#631 = CARTESIAN_POINT('',(-0.730814841765,0.969133453573));
#632 = CARTESIAN_POINT('',(-0.776185859021,1.024749705961));
#633 = CARTESIAN_POINT('',(-0.821254012544,1.079994704919));
#634 = CARTESIAN_POINT('',(-0.866025403784,1.134875929667));
#635 = ( GEOMETRIC_REPRESENTATION_CONTEXT(2) 
PARAMETRIC_REPRESENTATION_CONTEXT() REPRESENTATION_CONTEXT('2D SPACE',''
  ) );
#636 = FACE_BOUND('',#637,.T.);
#637 = EDGE_LOOP('',(#638));
#638 = ORIENTED_EDGE('',*,*,#639,.F.);
#639 = EDGE_CURVE('',#640,#640,#642,.T.);
#640 = VERTEX_POINT('',#641);
#641 = CARTESIAN_POINT('',(11.6,-3.918869757272E-16,6.));
#642 = SURFACE_CURVE('',#643,(#648,#655),.PCURVE_S1.);
#643 = CIRCLE('',#644,1.6);
#644 = AXIS2_PLACEMENT_3D('',#645,#646,#647);
#645 = CARTESIAN_POINT('',(10.,0.,6.));
#646 = DIRECTION('',(0.,0.,1.));
#647 = DIRECTION('',(1.,0.,-0.));
#648 = PCURVE('',#68,#649);
#649 = DEFINITIONAL_REPRESENTATION('',(#650),#654);
#650 = CIRCLE('',#651,1.6);
#651 = AXIS2_PLACEMENT_2D('',#652,#653);
#652 = CARTESIAN_POINT('',(10.,0.));
#653 = DIRECTION('',(1.,0.));
#654 = ( GEOMETRIC_REPRESENTATION_CONTEXT(2) 
PARAMETRIC_REPRESENTATION_CONTEXT() REPRESENTATION_CONTEXT('2D SPACE',''
  ) );
#655 = PCURVE('',#656,#661);
#656 = SPHERICAL_SURFACE('',#657,2.);
#657 = AXIS2_PLACEMENT_3D('',#658,#659,#660);
#658 = CARTESIAN_POINT('',(10.,0.,7.2));
#659 = DIRECTION('',(0.,0.,1.));
#660 = DIRECTION('',(1.,0.,0.));
#661 = DEFINITIONAL_REPRESENTATION('',(#662),#666);
#662 = LINE('',#663,#664);
#663 = CARTESIAN_POINT('',(0.,-0.643501108793));
#664 = VECTOR('',#665,1.);
#665 = DIRECTION('',(1.,0.));
#666 = ( GEOMETRIC_REPRESENTATION_CONTEXT(2) 
PARAMETRIC_REPRESENTATION_CONTEXT() REPRESENTATION_CONTEXT('2D SPACE',''
  ) );
#667 = FACE_BOUND('',#668,.T.);
#668 = EDGE_LOOP('',(#669));
#669 = ORIENTED_EDGE('',*,*,#670,.F.);
#670 = EDGE_CURVE('',#671,#671,#673,.T.);
#671 = VERTEX_POINT('',#672);
#672 = CARTESIAN_POINT('',(-8.4,8.327598234202E-16,6.));
#673 = SURFACE_CURVE('',#674,(#679,#686),.PCURVE_S1.);
#674 = CIRCLE('',#675,1.6);
#675 = AXIS2_PLACEMENT_3D('',#676,#677,#678);
#676 = CARTESIAN_POINT('',(-10.,1.224646799147E-15,6.));
#677 = DIRECTION('',(0.,0.,1.));
#678 = DIRECTION('',(1.,0.,-0.));
#679 = PCURVE('',#68,#680);
#680 = DEFINITIONAL_REPRESENTATION('',(#681),#685);
#681 = CIRCLE('',#682,1.6);
#682 = AXIS2_PLACEMENT_2D('',#683,#684);
#683 = CARTESIAN_POINT('',(-10.,1.224646799147E-15));
#684 = DIRECTION('',(1.,0.));
#685 = ( GEOMETRIC_REPRESENTATION_CONTEXT(2) 
PARAMETRIC_REPRESENTATION_CONTEXT() REPRESENTATION_CONTEXT('2D SPACE',''
  ) );
#686 = PCURVE('',#687,#692);
#687 = SPHERICAL_SURFACE('',#688,2.);
#688 = AXIS2_PLACEMENT_3D('',#689,#690,#691);
#689 = CARTESIAN_POINT('',(-10.,1.224646799147E-15,7.2));
#690 = DIRECTION('',(0.,0.,1.));
#691 = DIRECTION('',(1.,0.,0.));
#692 = DEFINITIONAL_REPRESENTATION('',(#693),#697);
#693 = LINE('',#694,#695);
#694 = CARTESIAN_POINT('',(0.,-0.643501108793));
#695 = VECTOR('',#696,1.);
#696 = DIRECTION('',(1.,0.));
#697 = ( GEOMETRIC_REPRESENTATION_CONTEXT(2) 
PARAMETRIC_REPRESENTATION_CONTEXT() REPRESENTATION_CONTEXT('2D SPACE',''
  ) );
#698 = FACE_BOUND('',#699,.T.);
#699 = EDGE_LOOP('',(#700));
#700 = ORIENTED_EDGE('',*,*,#701,.F.);
#701 = EDGE_CURVE('',#702,#702,#704,.T.);
#702 = VERTEX_POINT('',#703);
#703 = CARTESIAN_POINT('',(-6.490169943749,5.877852522925,6.));
#704 = SURFACE_CURVE('',#705,(#710,#717),.PCURVE_S1.);
#705 = CIRCLE('',#706,1.6);
#706 = AXIS2_PLACEMENT_3D('',#707,#708,#709);
#707 = CARTESIAN_POINT('',(-8.090169943749,5.877852522925,6.));
#708 = DIRECTION('',(0.,0.,1.));
#709 = DIRECTION('',(1.,0.,-0.));
#710 = PCURVE('',#68,#711);
#711 = DEFINITIONAL_REPRESENTATION('',(#712),#716);
#712 = CIRCLE('',#713,1.6);
#713 = AXIS2_PLACEMENT_2D('',#714,#715);
#714 = CARTESIAN_POINT('',(-8.090169943749,5.877852522925));
#715 = DIRECTION('',(1.,0.));
#716 = ( GEOMETRIC_REPRESENTATION_CONTEXT(2) 
PARAMETRIC_REPRESENTATION_CONTEXT() REPRESENTATION_CONTEXT('2D SPACE',''
  ) );
#717 = PCURVE('',#718,#723);
#718 = SPHERICAL_SURFACE('',#719,2.);
#719 = AXIS2_PLACEMENT_3D('',#720,#721,#722);
#720 = CARTESIAN_POINT('',(-8.090169943749,5.877852522925,7.2));
#721 = DIRECTION('',(0.,0.,1.));
#722 = DIRECTION('',(1.,0.,0.));
#723 = DEFINITIONAL_REPRESENTATION('',(#724),#728);
#724 = LINE('',#725,#726);
#725 = CARTESIAN_POINT('',(0.,-0.643501108793));
#726 = VECTOR('',#727,1.);
#727 = DIRECTION('',(1.,0.));
#728 = ( GEOMETRIC_REPRESENTATION_CONTEXT(2) 
PARAMETRIC_REPRESENTATION_CONTEXT() REPRESENTATION_CONTEXT('2D SPACE',''
  ) );
#729 = FACE_BOUND('',#730,.T.);
#730 = EDGE_LOOP('',(#731));
#731 = ORIENTED_EDGE('',*,*,#732,.F.);
#732 = EDGE_CURVE('',#733,#733,#735,.T.);
#733 = VERTEX_POINT('',#734);
#734 = CARTESIAN_POINT('',(-1.490169943749,9.510565162952,6.));
#735 = SURFACE_CURVE('',#736,(#741,#748),.PCURVE_S1.);
#736 = CIRCLE('',#737,1.6);
#737 = AXIS2_PLACEMENT_3D('',#738,#739,#740);
#738 = CARTESIAN_POINT('',(-3.090169943749,9.510565162952,6.));
#739 = DIRECTION('',(0.,0.,1.));
#740 = DIRECTION('',(1.,0.,-0.));
#741 = PCURVE('',#68,#742);
#742 = DEFINITIONAL_REPRESENTATION('',(#743),#747);
#743 = CIRCLE('',#744,1.6);
#744 = AXIS2_PLACEMENT_2D('',#745,#746);
#745 = CARTESIAN_POINT('',(-3.090169943749,9.510565162952));
#746 = DIRECTION('',(1.,0.));
#747 = ( GEOMETRIC_REPRESENTATION_CONTEXT(2) 
PARAMETRIC_REPRESENTATION_CONTEXT() REPRESENTATION_CONTEXT('2D SPACE',''
  ) );
#748 = PCURVE('',#749,#754);
#749 = SPHERICAL_SURFACE('',#750,2.);
#750 = AXIS2_PLACEMENT_3D('',#751,#752,#753);
#751 = CARTESIAN_POINT('',(-3.090169943749,9.510565162952,7.2));
#752 = DIRECTION('',(0.,0.,1.));
#753 = DIRECTION('',(1.,0.,0.));
#754 = DEFINITIONAL_REPRESENTATION('',(#755),#759);
#755 = LINE('',#756,#757);
#756 = CARTESIAN_POINT('',(0.,-0.643501108793));
#757 = VECTOR('',#758,1.);
#758 = DIRECTION('',(1.,0.));
#759 = ( GEOMETRIC_REPRESENTATION_CONTEXT(2) 
PARAMETRIC_REPRESENTATION_CONTEXT() REPRESENTATION_CONTEXT('2D SPACE',''
  ) );
#760 = FACE_BOUND('',#761,.T.);
#761 = EDGE_LOOP('',(#762));
#762 = ORIENTED_EDGE('',*,*,#763,.F.);
#763 = EDGE_CURVE('',#764,#764,#766,.T.);
#764 = VERTEX_POINT('',#765);
#765 = CARTESIAN_POINT('',(4.690169943749,9.510565162952,6.));
#766 = SURFACE_CURVE('',#767,(#772,#779),.PCURVE_S1.);
#767 = CIRCLE('',#768,1.6);
#768 = AXIS2_PLACEMENT_3D('',#769,#770,#771);
#769 = CARTESIAN_POINT('',(3.090169943749,9.510565162952,6.));
#770 = DIRECTION('',(0.,0.,1.));
#771 = DIRECTION('',(1.,0.,-0.));
#772 = PCURVE('',#68,#773);
#773 = DEFINITIONAL_REPRESENTATION('',(#774),#778);
#774 = CIRCLE('',#775,1.6);
#775 = AXIS2_PLACEMENT_2D('',#776,#777);
#776 = CARTESIAN_POINT('',(3.090169943749,9.510565162952));
#777 = DIRECTION('',(1.,0.));
#778 = ( GEOMETRIC_REPRESENTATION_CONTEXT(2) 
PARAMETRIC_REPRESENTATION_CONTEXT() REPRESENTATION_CONTEXT('2D SPACE',''
  ) );
#779 = PCURVE('',#780,#785);
#780 = SPHERICAL_SURFACE('',#781,2.);
#781 = AXIS2_PLACEMENT_3D('',#782,#783,#784);
#782 = CARTESIAN_POINT('',(3.090169943749,9.510565162952,7.2));
#783 = DIRECTION('',(0.,0.,1.));
#784 = DIRECTION('',(1.,0.,0.));
#785 = DEFINITIONAL_REPRESENTATION('',(#786),#790);
#786 = LINE('',#787,#788);
#787 = CARTESIAN_POINT('',(0.,-0.643501108793));
#788 = VECTOR('',#789,1.);
#789 = DIRECTION('',(1.,0.));
#790 = ( GEOMETRIC_REPRESENTATION_CONTEXT(2) 
PARAMETRIC_REPRESENTATION_CONTEXT() REPRESENTATION_CONTEXT('2D SPACE',''
  ) );
#791 = FACE_BOUND('',#792,.T.);
#792 = EDGE_LOOP('',(#793));
#793 = ORIENTED_EDGE('',*,*,#794,.F.);
#794 = EDGE_CURVE('',#795,#795,#797,.T.);
#795 = VERTEX_POINT('',#796);
#796 = CARTESIAN_POINT('',(9.690169943749,5.877852522925,6.));
#797 = SURFACE_CURVE('',#798,(#803,#810),.PCURVE_S1.);
#798 = CIRCLE('',#799,1.6);
#799 = AXIS2_PLACEMENT_3D('',#800,#801,#802);
#800 = CARTESIAN_POINT('',(8.090169943749,5.877852522925,6.));
#801 = DIRECTION('',(0.,0.,1.));
#802 = DIRECTION('',(1.,0.,-0.));
#803 = PCURVE('',#68,#804);
#804 = DEFINITIONAL_REPRESENTATION('',(#805),#809);
#805 = CIRCLE('',#806,1.6);
#806 = AXIS2_PLACEMENT_2D('',#807,#808);
#807 = CARTESIAN_POINT('',(8.090169943749,5.877852522925));
#808 = DIRECTION('',(1.,0.));
#809 = ( GEOMETRIC_REPRESENTATION_CONTEXT(2) 
PARAMETRIC_REPRESENTATION_CONTEXT() REPRESENTATION_CONTEXT('2D SPACE',''
  ) );
#810 = PCURVE('',#811,#816);
#811 = SPHERICAL_SURFACE('',#812,2.);
#812 = AXIS2_PLACEMENT_3D('',#813,#814,#815);
#813 = CARTESIAN_POINT('',(8.090169943749,5.877852522925,7.2));
#814 = DIRECTION('',(0.,0.,1.));
#815 = DIRECTION('',(1.,0.,0.));
#816 = DEFINITIONAL_REPRESENTATION('',(#817),#821);
#817 = LINE('',#818,#819);
#818 = CARTESIAN_POINT('',(0.,-0.643501108793));
#819 = VECTOR('',#820,1.);
#820 = DIRECTION('',(1.,0.));
#821 = ( GEOMETRIC_REPRESENTATION_CONTEXT(2) 
PARAMETRIC_REPRESENTATION_CONTEXT() REPRESENTATION_CONTEXT('2D SPACE',''
  ) );
#822 = ADVANCED_FACE('',(#823),#100,.T.);
#823 = FACE_BOUND('',#824,.T.);
#824 = EDGE_LOOP('',(#825,#826,#849,#876));
#825 = ORIENTED_EDGE('',*,*,#83,.F.);
#826 = ORIENTED_EDGE('',*,*,#827,.F.);
#827 = EDGE_CURVE('',#828,#84,#830,.T.);
#828 = VERTEX_POINT('',#829);
#829 = CARTESIAN_POINT('',(12.,-2.939152317954E-15,0.));
#830 = SEAM_CURVE('',#831,(#835,#842),.PCURVE_S1.);
#831 = LINE('',#832,#833);
#832 = CARTESIAN_POINT('',(12.,-2.939152317954E-15,0.));
#833 = VECTOR('',#834,1.);
#834 = DIRECTION('',(0.,0.,1.));
#835 = PCURVE('',#100,#836);
#836 = DEFINITIONAL_REPRESENTATION('',(#837),#841);
#837 = LINE('',#838,#839);
#838 = CARTESIAN_POINT('',(6.28318530718,-0.));
#839 = VECTOR('',#840,1.);
#840 = DIRECTION('',(0.,1.));
#841 = ( GEOMETRIC_REPRESENTATION_CONTEXT(2) 
PARAMETRIC_REPRESENTATION_CONTEXT() REPRESENTATION_CONTEXT('2D SPACE',''
  ) );
#842 = PCURVE('',#100,#843);
#843 = DEFINITIONAL_REPRESENTATION('',(#844),#848);
#844 = LINE('',#845,#846);
#845 = CARTESIAN_POINT('',(0.,-0.));
#846 = VECTOR('',#847,1.);
#847 = DIRECTION('',(0.,1.));
#848 = ( GEOMETRIC_REPRESENTATION_CONTEXT(2) 
PARAMETRIC_REPRESENTATION_CONTEXT() REPRESENTATION_CONTEXT('2D SPACE',''
  ) );
#849 = ORIENTED_EDGE('',*,*,#850,.T.);
#850 = EDGE_CURVE('',#828,#828,#851,.T.);
#851 = SURFACE_CURVE('',#852,(#857,#864),.PCURVE_S1.);
#852 = CIRCLE('',#853,12.);
#853 = AXIS2_PLACEMENT_3D('',#854,#855,#856);
#854 = CARTESIAN_POINT('',(0.,0.,0.));
#855 = DIRECTION('',(0.,0.,1.));
#856 = DIRECTION('',(1.,0.,0.));
#857 = PCURVE('',#100,#858);
#858 = DEFINITIONAL_REPRESENTATION('',(#859),#863);
#859 = LINE('',#860,#861);
#860 = CARTESIAN_POINT('',(0.,0.));
#861 = VECTOR('',#862,1.);
#862 = DIRECTION('',(1.,0.));
#863 = ( GEOMETRIC_REPRESENTATION_CONTEXT(2) 
PARAMETRIC_REPRESENTATION_CONTEXT() REPRESENTATION_CONTEXT('2D SPACE',''
  ) );
#864 = PCURVE('',#865,#870);
#865 = PLANE('',#866);
#866 = AXIS2_PLACEMENT_3D('',#867,#868,#869);
#867 = CARTESIAN_POINT('',(0.,0.,0.));
#868 = DIRECTION('',(0.,0.,1.));
#869 = DIRECTION('',(1.,0.,0.));
#870 = DEFINITIONAL_REPRESENTATION('',(#871),#875);
#871 = CIRCLE('',#872,12.);
#872 = AXIS2_PLACEMENT_2D('',#873,#874);
#873 = CARTESIAN_POINT('',(0.,0.));
#874 = DIRECTION('',(1.,0.));
#875 = ( GEOMETRIC_REPRESENTATION_CONTEXT(2) 
PARAMETRIC_REPRESENTATION_CONTEXT() REPRESENTATION_CONTEXT('2D SPACE',''
  ) );
#876 = ORIENTED_EDGE('',*,*,#827,.T.);
#877 = ADVANCED_FACE('',(#878),#131,.T.);
#878 = FACE_BOUND('',#879,.T.);
#879 = EDGE_LOOP('',(#880,#904,#905));
#880 = ORIENTED_EDGE('',*,*,#881,.T.);
#881 = EDGE_CURVE('',#115,#882,#884,.T.);
#882 = VERTEX_POINT('',#883);
#883 = CARTESIAN_POINT('',(-8.090169943749,-5.877852522925,9.2));
#884 = SEAM_CURVE('',#885,(#890,#897),.PCURVE_S1.);
#885 = CIRCLE('',#886,2.);
#886 = AXIS2_PLACEMENT_3D('',#887,#888,#889);
#887 = CARTESIAN_POINT('',(-8.090169943749,-5.877852522925,7.2));
#888 = DIRECTION('',(-2.449293598295E-16,-1.,0.));
#889 = DIRECTION('',(1.,-2.449293598295E-16,0.));
#890 = PCURVE('',#131,#891);
#891 = DEFINITIONAL_REPRESENTATION('',(#892),#896);
#892 = LINE('',#893,#894);
#893 = CARTESIAN_POINT('',(6.28318530718,-6.28318530718));
#894 = VECTOR('',#895,1.);
#895 = DIRECTION('',(0.,1.));
#896 = ( GEOMETRIC_REPRESENTATION_CONTEXT(2) 
PARAMETRIC_REPRESENTATION_CONTEXT() REPRESENTATION_CONTEXT('2D SPACE',''
  ) );
#897 = PCURVE('',#131,#898);
#898 = DEFINITIONAL_REPRESENTATION('',(#899),#903);
#899 = LINE('',#900,#901);
#900 = CARTESIAN_POINT('',(0.,-6.28318530718));
#901 = VECTOR('',#902,1.);
#902 = DIRECTION('',(0.,1.));
#903 = ( GEOMETRIC_REPRESENTATION_CONTEXT(2) 
PARAMETRIC_REPRESENTATION_CONTEXT() REPRESENTATION_CONTEXT('2D SPACE',''
  ) );
#904 = ORIENTED_EDGE('',*,*,#881,.F.);
#905 = ORIENTED_EDGE('',*,*,#114,.T.);
#906 = ADVANCED_FACE('',(#907),#162,.T.);
#907 = FACE_BOUND('',#908,.T.);
#908 = EDGE_LOOP('',(#909,#933,#934));
#909 = ORIENTED_EDGE('',*,*,#910,.T.);
#910 = EDGE_CURVE('',#146,#911,#913,.T.);
#911 = VERTEX_POINT('',#912);
#912 = CARTESIAN_POINT('',(-3.090169943749,-9.510565162952,9.2));
#913 = SEAM_CURVE('',#914,(#919,#926),.PCURVE_S1.);
#914 = CIRCLE('',#915,2.);
#915 = AXIS2_PLACEMENT_3D('',#916,#917,#918);
#916 = CARTESIAN_POINT('',(-3.090169943749,-9.510565162952,7.2));
#917 = DIRECTION('',(-2.449293598295E-16,-1.,0.));
#918 = DIRECTION('',(1.,-2.449293598295E-16,0.));
#919 = PCURVE('',#162,#920);
#920 = DEFINITIONAL_REPRESENTATION('',(#921),#925);
#921 = LINE('',#922,#923);
#922 = CARTESIAN_POINT('',(6.28318530718,-6.28318530718));
#923 = VECTOR('',#924,1.);
#924 = DIRECTION('',(0.,1.));
#925 = ( GEOMETRIC_REPRESENTATION_CONTEXT(2) 
PARAMETRIC_REPRESENTATION_CONTEXT() REPRESENTATION_CONTEXT('2D SPACE',''
  ) );
#926 = PCURVE('',#162,#927);
#927 = DEFINITIONAL_REPRESENTATION('',(#928),#932);
#928 = LINE('',#929,#930);
#929 = CARTESIAN_POINT('',(0.,-6.28318530718));
#930 = VECTOR('',#931,1.);
#931 = DIRECTION('',(0.,1.));
#932 = ( GEOMETRIC_REPRESENTATION_CONTEXT(2) 
PARAMETRIC_REPRESENTATION_CONTEXT() REPRESENTATION_CONTEXT('2D SPACE',''
  ) );
#933 = ORIENTED_EDGE('',*,*,#910,.F.);
#934 = ORIENTED_EDGE('',*,*,#145,.T.);
#935 = ADVANCED_FACE('',(#936),#193,.T.);
#936 = FACE_BOUND('',#937,.T.);
#937 = EDGE_LOOP('',(#938,#962,#963));
#938 = ORIENTED_EDGE('',*,*,#939,.T.);
#939 = EDGE_CURVE('',#177,#940,#942,.T.);
#940 = VERTEX_POINT('',#941);
#941 = CARTESIAN_POINT('',(3.090169943749,-9.510565162952,9.2));
#942 = SEAM_CURVE('',#943,(#948,#955),.PCURVE_S1.);
#943 = CIRCLE('',#944,2.);
#944 = AXIS2_PLACEMENT_3D('',#945,#946,#947);
#945 = CARTESIAN_POINT('',(3.090169943749,-9.510565162952,7.2));
#946 = DIRECTION('',(-2.449293598295E-16,-1.,0.));
#947 = DIRECTION('',(1.,-2.449293598295E-16,0.));
#948 = PCURVE('',#193,#949);
#949 = DEFINITIONAL_REPRESENTATION('',(#950),#954);
#950 = LINE('',#951,#952);
#951 = CARTESIAN_POINT('',(6.28318530718,-6.28318530718));
#952 = VECTOR('',#953,1.);
#953 = DIRECTION('',(0.,1.));
#954 = ( GEOMETRIC_REPRESENTATION_CONTEXT(2) 
PARAMETRIC_REPRESENTATION_CONTEXT() REPRESENTATION_CONTEXT('2D SPACE',''
  ) );
#955 = PCURVE('',#193,#956);
#956 = DEFINITIONAL_REPRESENTATION('',(#957),#961);
#957 = LINE('',#958,#959);
#958 = CARTESIAN_POINT('',(0.,-6.28318530718));
#959 = VECTOR('',#960,1.);
#960 = DIRECTION('',(0.,1.));
#961 = ( GEOMETRIC_REPRESENTATION_CONTEXT(2) 
PARAMETRIC_REPRESENTATION_CONTEXT() REPRESENTATION_CONTEXT('2D SPACE',''
  ) );
#962 = ORIENTED_EDGE('',*,*,#939,.F.);
#963 = ORIENTED_EDGE('',*,*,#176,.T.);
#964 = ADVANCED_FACE('',(#965),#256,.F.);
#965 = FACE_BOUND('',#966,.F.);
#966 = EDGE_LOOP('',(#967,#968,#994));
#967 = ORIENTED_EDGE('',*,*,#210,.F.);
#968 = ORIENTED_EDGE('',*,*,#969,.T.);
#969 = EDGE_CURVE('',#211,#970,#972,.T.);
#970 = VERTEX_POINT('',#971);
#971 = CARTESIAN_POINT('',(-6.9,-3.306384189622E-02,5.538053894768));
#972 = SURFACE_CURVE('',#973,(#976,#983),.PCURVE_S1.);
#973 = B_SPLINE_CURVE_WITH_KNOTS('',1,(#974,#975),.UNSPECIFIED.,.F.,.F.,
  (2,2),(-1.026025403784,-0.),.PIECEWISE_BEZIER_KNOTS.);
#974 = CARTESIAN_POINT('',(-6.9,3.306384189622E-02,6.561946105232));
#975 = CARTESIAN_POINT('',(-6.9,-3.306384189621E-02,5.538053894768));
#976 = PCURVE('',#256,#977);
#977 = DEFINITIONAL_REPRESENTATION('',(#978),#982);
#978 = LINE('',#979,#980);
#979 = CARTESIAN_POINT('',(0.,0.));
#980 = VECTOR('',#981,1.);
#981 = DIRECTION('',(1.,0.));
#982 = ( GEOMETRIC_REPRESENTATION_CONTEXT(2) 
PARAMETRIC_REPRESENTATION_CONTEXT() REPRESENTATION_CONTEXT('2D SPACE',''
  ) );
#983 = PCURVE('',#984,#989);
#984 = PLANE('',#985);
#985 = AXIS2_PLACEMENT_3D('',#986,#987,#988);
#986 = CARTESIAN_POINT('',(-6.636292338821,1.537628271416E-15,6.05));
#987 = DIRECTION('',(-9.696549563321E-15,-0.997920915688,
    6.4450337729E-02));
#988 = DIRECTION('',(0.,-6.4450337729E-02,-0.997920915688));
#989 = DEFINITIONAL_REPRESENTATION('',(#990),#993);
#990 = B_SPLINE_CURVE_WITH_KNOTS('',1,(#991,#992),.UNSPECIFIED.,.F.,.F.,
  (2,2),(-1.026025403784,-0.),.PIECEWISE_BEZIER_KNOTS.);
#991 = CARTESIAN_POINT('',(-0.513012701892,-0.263707661179));
#992 = CARTESIAN_POINT('',(0.513012701892,-0.263707661179));
#993 = ( GEOMETRIC_REPRESENTATION_CONTEXT(2) 
PARAMETRIC_REPRESENTATION_CONTEXT() REPRESENTATION_CONTEXT('2D SPACE',''
  ) );
#994 = ORIENTED_EDGE('',*,*,#995,.T.);
#995 = EDGE_CURVE('',#970,#213,#996,.T.);
#996 = SURFACE_CURVE('',#997,(#1010,#1017),.PCURVE_S1.);
#997 = B_SPLINE_CURVE_WITH_KNOTS('',11,(#998,#999,#1000,#1001,#1002,
    #1003,#1004,#1005,#1006,#1007,#1008,#1009),.UNSPECIFIED.,.F.,.F.,(12
    ,12),(0.,6.878838390627),.PIECEWISE_BEZIER_KNOTS.);
#998 = CARTESIAN_POINT('',(-6.9,-3.306384189621E-02,5.538053894768));
#999 = CARTESIAN_POINT('',(-6.881113976951,-3.974334625461,
    5.792599349312));
#1000 = CARTESIAN_POINT('',(-4.386387549448,-7.903652205555,
    6.047144803866));
#1001 = CARTESIAN_POINT('',(0.581036183701,-10.0931741401,6.301690258392
    ));
#1002 = CARTESIAN_POINT('',(6.63056008353,-8.814735405584,6.556235712963
    ));
#1003 = CARTESIAN_POINT('',(11.120807326142,-3.595018057435,
    6.810781167497));
#1004 = CARTESIAN_POINT('',(11.085843713822,3.701429245606,
    7.065326622022));
#1005 = CARTESIAN_POINT('',(6.545779589245,8.877874595852,7.319872076615
    ));
#1006 = CARTESIAN_POINT('',(0.484281525421,10.098278994553,7.57441753111
    ));
#1007 = CARTESIAN_POINT('',(-4.461930776296,7.861252292798,
    7.828962985688));
#1008 = CARTESIAN_POINT('',(-6.918886022955,3.908206941668,
    8.083508440221));
#1009 = CARTESIAN_POINT('',(-6.899999999897,-3.306384189626E-02,
    8.338053894768));
#1010 = PCURVE('',#256,#1011);
#1011 = DEFINITIONAL_REPRESENTATION('',(#1012),#1016);
#1012 = LINE('',#1013,#1014);
#1013 = CARTESIAN_POINT('',(-0.,0.));
#1014 = VECTOR('',#1015,1.);
#1015 = DIRECTION('',(0.,1.));
#1016 = ( GEOMETRIC_REPRESENTATION_CONTEXT(2) 
PARAMETRIC_REPRESENTATION_CONTEXT() REPRESENTATION_CONTEXT('2D SPACE',''
  ) );
#1017 = PCURVE('',#590,#1018);
#1018 = DEFINITIONAL_REPRESENTATION('',(#1019),#1022);
#1019 = B_SPLINE_CURVE_WITH_KNOTS('',1,(#1020,#1021),.UNSPECIFIED.,.F.,
  .F.,(2,2),(0.,6.878838390627),.PIECEWISE_BEZIER_KNOTS.);
#1020 = CARTESIAN_POINT('',(-0.866025403784,0.));
#1021 = CARTESIAN_POINT('',(-0.866025403784,6.878838390627));
#1022 = ( GEOMETRIC_REPRESENTATION_CONTEXT(2) 
PARAMETRIC_REPRESENTATION_CONTEXT() REPRESENTATION_CONTEXT('2D SPACE',''
  ) );
#1023 = ADVANCED_FACE('',(#1024),#590,.F.);
#1024 = FACE_BOUND('',#1025,.F.);
#1025 = EDGE_LOOP('',(#1026,#1027,#1048,#1102,#1175,#1434));
#1026 = ORIENTED_EDGE('',*,*,#995,.F.);
#1027 = ORIENTED_EDGE('',*,*,#1028,.T.);
#1028 = EDGE_CURVE('',#970,#1029,#1031,.T.);
#1029 = VERTEX_POINT('',#1030);
#1030 = CARTESIAN_POINT('',(-6.15,-5.156027018321E-03,5.970166326745));
#1031 = SURFACE_CURVE('',#1032,(#1035,#1042),.PCURVE_S1.);
#1032 = B_SPLINE_CURVE_WITH_KNOTS('',1,(#1033,#1034),.UNSPECIFIED.,.F.,
  .F.,(2,2),(-0.866025403784,-0.),.PIECEWISE_BEZIER_KNOTS.);
#1033 = CARTESIAN_POINT('',(-6.9,-3.306384189622E-02,5.538053894768));
#1034 = CARTESIAN_POINT('',(-6.15,-5.156027018328E-03,5.970166326745));
#1035 = PCURVE('',#590,#1036);
#1036 = DEFINITIONAL_REPRESENTATION('',(#1037),#1041);
#1037 = LINE('',#1038,#1039);
#1038 = CARTESIAN_POINT('',(0.,0.));
#1039 = VECTOR('',#1040,1.);
#1040 = DIRECTION('',(1.,0.));
#1041 = ( GEOMETRIC_REPRESENTATION_CONTEXT(2) 
PARAMETRIC_REPRESENTATION_CONTEXT() REPRESENTATION_CONTEXT('2D SPACE',''
  ) );
#1042 = PCURVE('',#984,#1043);
#1043 = DEFINITIONAL_REPRESENTATION('',(#1044),#1047);
#1044 = B_SPLINE_CURVE_WITH_KNOTS('',1,(#1045,#1046),.UNSPECIFIED.,.F.,
  .F.,(2,2),(-0.866025403784,-0.),.PIECEWISE_BEZIER_KNOTS.);
#1045 = CARTESIAN_POINT('',(0.513012701892,-0.263707661179));
#1046 = CARTESIAN_POINT('',(8.E-02,0.486292338821));
#1047 = ( GEOMETRIC_REPRESENTATION_CONTEXT(2) 
PARAMETRIC_REPRESENTATION_CONTEXT() REPRESENTATION_CONTEXT('2D SPACE',''
  ) );
#1048 = ORIENTED_EDGE('',*,*,#1049,.T.);
#1049 = EDGE_CURVE('',#1029,#1050,#1052,.T.);
#1050 = VERTEX_POINT('',#1051);
#1051 = CARTESIAN_POINT('',(-0.416565687036,6.135877957868,8.1));
#1052 = SURFACE_CURVE('',#1053,(#1066,#1073),.PCURVE_S1.);
#1053 = B_SPLINE_CURVE_WITH_KNOTS('',11,(#1054,#1055,#1056,#1057,#1058,
    #1059,#1060,#1061,#1062,#1063,#1064,#1065),.UNSPECIFIED.,.F.,.F.,(12
    ,12),(0.,6.878838390627),.PIECEWISE_BEZIER_KNOTS.);
#1054 = CARTESIAN_POINT('',(-6.15,-5.156027018328E-03,5.970166326745));
#1055 = CARTESIAN_POINT('',(-6.147054884142,-3.518027803555,
    6.224711781778));
#1056 = CARTESIAN_POINT('',(-3.937382133085,-7.028969963568,
    6.479257234474));
#1057 = CARTESIAN_POINT('',(0.482305188823,-8.997966812672,
    6.733802693817));
#1058 = CARTESIAN_POINT('',(5.87867482102,-7.879827374361,6.988348139356
    ));
#1059 = CARTESIAN_POINT('',(9.899168451191,-3.243380257138,
    7.242893606734));
#1060 = CARTESIAN_POINT('',(9.893716171021,3.259974183596,7.497439046867
    ));
#1061 = CARTESIAN_POINT('',(5.865454018666,7.889673398045,7.751984514365
    ));
#1062 = CARTESIAN_POINT('',(0.467217116683,8.998762871632,8.006529959749
    ));
#1063 = CARTESIAN_POINT('',(-3.949162461563,7.022358055117,
    8.261075419202));
#1064 = CARTESIAN_POINT('',(-6.152945115839,3.507715749528,8.51562087185
    ));
#1065 = CARTESIAN_POINT('',(-6.149999999984,-5.156027008449E-03,
    8.770166326895));
#1066 = PCURVE('',#590,#1067);
#1067 = DEFINITIONAL_REPRESENTATION('',(#1068),#1072);
#1068 = LINE('',#1069,#1070);
#1069 = CARTESIAN_POINT('',(-0.,0.));
#1070 = VECTOR('',#1071,1.);
#1071 = DIRECTION('',(0.,1.));
#1072 = ( GEOMETRIC_REPRESENTATION_CONTEXT(2) 
PARAMETRIC_REPRESENTATION_CONTEXT() REPRESENTATION_CONTEXT('2D SPACE',''
  ) );
#1073 = PCURVE('',#1074,#1097);
#1074 = B_SPLINE_SURFACE_WITH_KNOTS('',1,10,(
    (#1075,#1076,#1077,#1078,#1079,#1080,#1081,#1082,#1083,#1084,#1085)
    ,(#1086,#1087,#1088,#1089,#1090,#1091,#1092,#1093,#1094,#1095,#1096
    )),.UNSPECIFIED.,.F.,.F.,.F.,(2,2),(11,11),(-0.16,-0.),(0.,
    6.878838390627),.PIECEWISE_BEZIER_KNOTS.);
#1075 = CARTESIAN_POINT('',(-6.15,-5.156027018321E-03,5.970166326745));
#1076 = CARTESIAN_POINT('',(-6.146760372557,-3.869314981208,
    6.25016632728));
#1077 = CARTESIAN_POINT('',(-3.446406503712,-7.73432049597,
    6.530166325467));
#1078 = CARTESIAN_POINT('',(1.955556554561,-9.453325417511,
    6.810166329039));
#1079 = CARTESIAN_POINT('',(8.120501027451,-7.033567818055,
    7.090166324984));
#1080 = CARTESIAN_POINT('',(11.38131212595,9.541845953624E-03,
    7.370166326701));
#1081 = CARTESIAN_POINT('',(8.108696039134,7.047174025974,7.650166328854
    ));
#1082 = CARTESIAN_POINT('',(1.939702888055,9.456591118785,7.93016632448)
  );
#1083 = CARTESIAN_POINT('',(-3.459370223083,7.728530842092,8.21016632822
    ));
#1084 = CARTESIAN_POINT('',(-6.153239627424,3.859002927182,
    8.490166326346));
#1085 = CARTESIAN_POINT('',(-6.149999999984,-5.156027008451E-03,
    8.770166326895));
#1086 = CARTESIAN_POINT('',(-6.15,5.156027018314E-03,6.129833673255));
#1087 = CARTESIAN_POINT('',(-6.153239627446,-3.859002927181,
    6.409833673791));
#1088 = CARTESIAN_POINT('',(-3.459370223106,-7.72853084211,
    6.689833671974));
#1089 = CARTESIAN_POINT('',(1.939702888049,-9.456591118804,
    6.969833675556));
#1090 = CARTESIAN_POINT('',(8.108696039132,-7.047174026021,
    7.249833671482));
#1091 = CARTESIAN_POINT('',(11.381312125998,-9.541845952507E-03,
    7.529833673226));
#1092 = CARTESIAN_POINT('',(8.120501027463,7.033567818044,7.809833675351
    ));
#1093 = CARTESIAN_POINT('',(1.955556554597,9.453325417542,8.089833670998
    ));
#1094 = CARTESIAN_POINT('',(-3.446406503716,7.734320495991,
    8.369833674728));
#1095 = CARTESIAN_POINT('',(-6.146760372564,3.869314981229,
    8.649833672856));
#1096 = CARTESIAN_POINT('',(-6.150000000016,5.156027028212E-03,
    8.929833673405));
#1097 = DEFINITIONAL_REPRESENTATION('',(#1098),#1101);
#1098 = B_SPLINE_CURVE_WITH_KNOTS('',1,(#1099,#1100),.UNSPECIFIED.,.F.,
  .F.,(2,2),(0.,6.878838390627),.PIECEWISE_BEZIER_KNOTS.);
#1099 = CARTESIAN_POINT('',(-0.16,0.));
#1100 = CARTESIAN_POINT('',(-0.16,6.878838390627));
#1101 = ( GEOMETRIC_REPRESENTATION_CONTEXT(2) 
PARAMETRIC_REPRESENTATION_CONTEXT() REPRESENTATION_CONTEXT('2D SPACE',''
  ) );
#1102 = ORIENTED_EDGE('',*,*,#1103,.T.);
#1103 = EDGE_CURVE('',#1050,#1104,#1106,.T.);
#1104 = VERTEX_POINT('',#1105);
#1105 = CARTESIAN_POINT('',(-5.955091545168,3.485238110756,8.1));
#1106 = SURFACE_CURVE('',#1107,(#1126,#1148),.PCURVE_S1.);
#1107 = B_SPLINE_CURVE_WITH_KNOTS('',5,(#1108,#1109,#1110,#1111,#1112,
    #1113,#1114,#1115,#1116,#1117,#1118,#1119,#1120,#1121,#1122,#1123,
    #1124,#1125),.UNSPECIFIED.,.F.,.F.,(6,4,4,4,6),(0.,0.228256496165,
    0.461593139977,0.72759747018,1.),.UNSPECIFIED.);
#1108 = CARTESIAN_POINT('',(-0.416565687036,6.135877957868,8.1));
#1109 = CARTESIAN_POINT('',(-0.707350275434,6.152402061856,8.1));
#1110 = CARTESIAN_POINT('',(-0.999224186759,6.151590621636,8.1));
#1111 = CARTESIAN_POINT('',(-1.290790814557,6.133513167082,8.1));
#1112 = CARTESIAN_POINT('',(-1.580714887867,6.098401164088,8.1));
#1113 = CARTESIAN_POINT('',(-2.161119925414,5.99369416286,8.1));
#1114 = CARTESIAN_POINT('',(-2.451473947808,5.92334832039,8.1));
#1115 = CARTESIAN_POINT('',(-2.737427184864,5.835981280971,8.1));
#1116 = CARTESIAN_POINT('',(-3.017718144776,5.732132579295,8.1));
#1117 = CARTESIAN_POINT('',(-3.602922327915,5.476039387897,8.1));
#1118 = CARTESIAN_POINT('',(-3.90579452082,5.319052287962,8.1));
#1119 = CARTESIAN_POINT('',(-4.198062749754,5.142481876916,8.1));
#1120 = CARTESIAN_POINT('',(-4.478195269767,4.94749227151,8.1));
#1121 = CARTESIAN_POINT('',(-5.017905594769,4.518196386461,8.1));
#1122 = CARTESIAN_POINT('',(-5.276832894405,4.283052482202,8.1));
#1123 = CARTESIAN_POINT('',(-5.52018004924,4.031371646076,8.1));
#1124 = CARTESIAN_POINT('',(-5.746742622349,3.764691136112,8.1));
#1125 = CARTESIAN_POINT('',(-5.955532393878,3.484646878247,8.1));
#1126 = PCURVE('',#590,#1127);
#1127 = DEFINITIONAL_REPRESENTATION('',(#1128),#1147);
#1128 = B_SPLINE_CURVE_WITH_KNOTS('',5,(#1129,#1130,#1131,#1132,#1133,
    #1134,#1135,#1136,#1137,#1138,#1139,#1140,#1141,#1142,#1143,#1144,
    #1145,#1146),.UNSPECIFIED.,.F.,.F.,(6,4,4,4,6),(0.,0.228256496165,
    0.461593139977,0.72759747018,1.),.UNSPECIFIED.);
#1129 = CARTESIAN_POINT('',(0.,5.232422013126));
#1130 = CARTESIAN_POINT('',(-4.177814122824E-02,5.283634081699));
#1131 = CARTESIAN_POINT('',(-8.327150353201E-02,5.334497065382));
#1132 = CARTESIAN_POINT('',(-0.124486893039,5.385019307196));
#1133 = CARTESIAN_POINT('',(-0.165432504838,5.435210852762));
#1134 = CARTESIAN_POINT('',(-0.247701008412,5.536056417509));
#1135 = CARTESIAN_POINT('',(-0.289012623803,5.586696613985));
#1136 = CARTESIAN_POINT('',(-0.330055235664,5.637007063208));
#1137 = CARTESIAN_POINT('',(-0.370836602675,5.686997275849));
#1138 = CARTESIAN_POINT('',(-0.457561192507,5.793305156254));
#1139 = CARTESIAN_POINT('',(-0.503428593504,5.849529880858));
#1140 = CARTESIAN_POINT('',(-0.548972292418,5.905357808171));
#1141 = CARTESIAN_POINT('',(-0.59420281659,5.960801842716));
#1142 = CARTESIAN_POINT('',(-0.685131234289,6.072262817892));
#1143 = CARTESIAN_POINT('',(-0.730815212893,6.128262701471));
#1144 = CARTESIAN_POINT('',(-0.776186185887,6.183878899605));
#1145 = CARTESIAN_POINT('',(-0.82125419099,6.23912371663));
#1146 = CARTESIAN_POINT('',(-0.866025403784,6.294004722637));
#1147 = ( GEOMETRIC_REPRESENTATION_CONTEXT(2) 
PARAMETRIC_REPRESENTATION_CONTEXT() REPRESENTATION_CONTEXT('2D SPACE',''
  ) );
#1148 = PCURVE('',#1149,#1154);
#1149 = PLANE('',#1150);
#1150 = AXIS2_PLACEMENT_3D('',#1151,#1152,#1153);
#1151 = CARTESIAN_POINT('',(0.,0.,8.1));
#1152 = DIRECTION('',(0.,0.,1.));
#1153 = DIRECTION('',(1.,0.,0.));
#1154 = DEFINITIONAL_REPRESENTATION('',(#1155),#1174);
#1155 = B_SPLINE_CURVE_WITH_KNOTS('',5,(#1156,#1157,#1158,#1159,#1160,
    #1161,#1162,#1163,#1164,#1165,#1166,#1167,#1168,#1169,#1170,#1171,
    #1172,#1173),.UNSPECIFIED.,.F.,.F.,(6,4,4,4,6),(0.,0.228256496165,
    0.461593139977,0.72759747018,1.),.UNSPECIFIED.);
#1156 = CARTESIAN_POINT('',(-0.416565687036,6.135877957868));
#1157 = CARTESIAN_POINT('',(-0.707350275434,6.152402061856));
#1158 = CARTESIAN_POINT('',(-0.999224186759,6.151590621636));
#1159 = CARTESIAN_POINT('',(-1.290790814557,6.133513167082));
#1160 = CARTESIAN_POINT('',(-1.580714887867,6.098401164088));
#1161 = CARTESIAN_POINT('',(-2.161119925414,5.99369416286));
#1162 = CARTESIAN_POINT('',(-2.451473947808,5.92334832039));
#1163 = CARTESIAN_POINT('',(-2.737427184864,5.835981280971));
#1164 = CARTESIAN_POINT('',(-3.017718144776,5.732132579295));
#1165 = CARTESIAN_POINT('',(-3.602922327915,5.476039387897));
#1166 = CARTESIAN_POINT('',(-3.90579452082,5.319052287962));
#1167 = CARTESIAN_POINT('',(-4.198062749754,5.142481876916));
#1168 = CARTESIAN_POINT('',(-4.478195269767,4.94749227151));
#1169 = CARTESIAN_POINT('',(-5.017905594769,4.518196386461));
#1170 = CARTESIAN_POINT('',(-5.276832894405,4.283052482202));
#1171 = CARTESIAN_POINT('',(-5.52018004924,4.031371646076));
#1172 = CARTESIAN_POINT('',(-5.746742622349,3.764691136112));
#1173 = CARTESIAN_POINT('',(-5.955532393878,3.484646878247));
#1174 = ( GEOMETRIC_REPRESENTATION_CONTEXT(2) 
PARAMETRIC_REPRESENTATION_CONTEXT() REPRESENTATION_CONTEXT('2D SPACE',''
  ) );
#1175 = ORIENTED_EDGE('',*,*,#1176,.F.);
#1176 = EDGE_CURVE('',#514,#1104,#1177,.T.);
#1177 = SURFACE_CURVE('',#1178,(#1244,#1339),.PCURVE_S1.);
#1178 = B_SPLINE_CURVE_WITH_KNOTS('',8,(#1179,#1180,#1181,#1182,#1183,
    #1184,#1185,#1186,#1187,#1188,#1189,#1190,#1191,#1192,#1193,#1194,
    #1195,#1196,#1197,#1198,#1199,#1200,#1201,#1202,#1203,#1204,#1205,
    #1206,#1207,#1208,#1209,#1210,#1211,#1212,#1213,#1214,#1215,#1216,
    #1217,#1218,#1219,#1220,#1221,#1222,#1223,#1224,#1225,#1226,#1227,
    #1228,#1229,#1230,#1231,#1232,#1233,#1234,#1235,#1236,#1237,#1238,
    #1239,#1240,#1241,#1242,#1243),.UNSPECIFIED.,.F.,.F.,(9,7,7,7,7,7,7,
    7,7,9),(6.411156832094E-07,0.156781831204,0.313647393448,
    0.623814959555,1.,1.37749256574,1.696398377565,1.845123560667,
    2.108258263516,2.243687382336),.UNSPECIFIED.);
#1179 = CARTESIAN_POINT('',(-3.485190528762,-5.955119392441,6.));
#1180 = CARTESIAN_POINT('',(-3.240103741233,-6.098554661218,
    6.018340823017));
#1181 = CARTESIAN_POINT('',(-2.98826562825,-6.230465098168,
    6.036682027617));
#1182 = CARTESIAN_POINT('',(-2.730315382637,-6.350475573117,
    6.055023049103));
#1183 = CARTESIAN_POINT('',(-2.466910946408,-6.458258321433,
    6.073363810201));
#1184 = CARTESIAN_POINT('',(-2.198727653435,-6.553530255465,
    6.091704486777));
#1185 = CARTESIAN_POINT('',(-1.926457583971,-6.636052140699,
    6.11004527013));
#1186 = CARTESIAN_POINT('',(-1.650809631021,-6.705629636643,
    6.128386125858));
#1187 = CARTESIAN_POINT('',(-1.094061158673,-6.818633166602,
    6.16507684268));
#1188 = CARTESIAN_POINT('',(-0.8129467828,-6.8620473404,6.183427423752)
  );
#1189 = CARTESIAN_POINT('',(-0.529894483115,-6.892210164095,
    6.201777784815));
#1190 = CARTESIAN_POINT('',(-0.245634034327,-6.909024076378,
    6.220127906285));
#1191 = CARTESIAN_POINT('',(3.910277652564E-02,-6.912439520813,
    6.238478012423));
#1192 = CARTESIAN_POINT('',(0.323582498088,-6.902453955406,6.25682832724
    ));
#1193 = CARTESIAN_POINT('',(0.607070280515,-6.879112865311,
    6.275178830594));
#1194 = CARTESIAN_POINT('',(1.445948801411,-6.770144059636,
    6.329812516021));
#1195 = CARTESIAN_POINT('',(1.996497050847,-6.645912741169,
    6.366106843438));
#1196 = CARTESIAN_POINT('',(2.534593118288,-6.47053197634,6.402395968868
    ));
#1197 = CARTESIAN_POINT('',(3.054708482201,-6.245533182605,
    6.438680519933));
#1198 = CARTESIAN_POINT('',(3.551623268154,-5.973099546791,6.47496519202
    ));
#1199 = CARTESIAN_POINT('',(4.020409666944,-5.656011212046,6.51125461542
    ));
#1200 = CARTESIAN_POINT('',(4.456464838659,-5.297691913407,
    6.547549250052));
#1201 = CARTESIAN_POINT('',(5.339721763699,-4.42285469942,6.627839283811
    ));
#1202 = CARTESIAN_POINT('',(5.770020821743,-3.888424146138,
    6.671873001941));
#1203 = CARTESIAN_POINT('',(6.138722120718,-3.306532376825,
    6.715890814058));
#1204 = CARTESIAN_POINT('',(6.43995133898,-2.685599991363,6.759896838521
    ));
#1205 = CARTESIAN_POINT('',(6.66913584802,-2.034623217003,6.803902744942
    ));
#1206 = CARTESIAN_POINT('',(6.823102024135,-1.363182100417,
    6.847920237124));
#1207 = CARTESIAN_POINT('',(6.9,-0.68137425724,6.891953762533));
#1208 = CARTESIAN_POINT('',(6.9,0.683742544071,6.980119197343));
#1209 = CARTESIAN_POINT('',(6.822566546837,1.367924355579,7.024307415071
    ));
#1210 = CARTESIAN_POINT('',(6.667526516839,2.041630004801,7.068480753535
    ));
#1211 = CARTESIAN_POINT('',(6.43675674974,2.694655842744,7.112643203554)
  );
#1212 = CARTESIAN_POINT('',(6.133474860177,3.317325523615,7.15680565192)
  );
#1213 = CARTESIAN_POINT('',(5.762316585889,3.900556320343,7.20097897993)
  );
#1214 = CARTESIAN_POINT('',(5.32923363789,4.435850811324,7.245167249799)
  );
#1215 = CARTESIAN_POINT('',(4.430614592163,5.321024880642,7.326632323662
    ));
#1216 = CARTESIAN_POINT('',(3.980188059725,5.687139814681,7.363949897316
    ));
#1217 = CARTESIAN_POINT('',(3.49540198348,6.009444546191,7.401260758915)
  );
#1218 = CARTESIAN_POINT('',(2.981289365111,6.28425208437,7.438565887027)
  );
#1219 = CARTESIAN_POINT('',(2.443237474422,6.508598117842,7.475871059179
    ));
#1220 = CARTESIAN_POINT('',(1.886949960363,6.680185378318,7.513182016917
    ));
#1221 = CARTESIAN_POINT('',(1.318466031846,6.797447953415,7.550499638676
    ));
#1222 = CARTESIAN_POINT('',(0.476399485494,6.888803247034,7.605203169074
    ));
#1223 = CARTESIAN_POINT('',(0.207288247719,6.90590911467,7.622601398615)
  );
#1224 = CARTESIAN_POINT('',(-6.249545875652E-02,6.910997414362,
    7.639999558532));
#1225 = CARTESIAN_POINT('',(-0.332324919029,6.904040337382,7.65739760254
    ));
#1226 = CARTESIAN_POINT('',(-0.601575076937,6.885048895404,
    7.674795664557));
#1227 = CARTESIAN_POINT('',(-0.869622729973,6.854072173588,
    7.692193876891));
#1228 = CARTESIAN_POINT('',(-1.135846791609,6.811198040505,
    7.709592189381));
#1229 = CARTESIAN_POINT('',(-1.866329362933,6.659877690663,
    7.757771913793));
#1230 = CARTESIAN_POINT('',(-2.325469717395,6.526343039811,
    7.788558147343));
#1231 = CARTESIAN_POINT('',(-2.773545177822,6.356657872025,
    7.819342105173));
#1232 = CARTESIAN_POINT('',(-3.207243458713,6.151925172127,
    7.850123206433));
#1233 = CARTESIAN_POINT('',(-3.623420485783,5.913584129124,
    7.880904102776));
#1234 = CARTESIAN_POINT('',(-4.019096080961,5.643388192352,
    7.911687595984));
#1235 = CARTESIAN_POINT('',(-4.39146934225,5.343421454727,7.942473444819
    ));
#1236 = CARTESIAN_POINT('',(-4.916280914527,4.847716327636,
    7.989097620537));
#1237 = CARTESIAN_POINT('',(-5.087766386591,4.672032095169,
    8.004940467193));
#1238 = CARTESIAN_POINT('',(-5.252064138695,4.48942776777,8.020783384796
    ));
#1239 = CARTESIAN_POINT('',(-5.408848998031,4.300247492722,
    8.036626371939));
#1240 = CARTESIAN_POINT('',(-5.557816734281,4.104852313701,
    8.052469525869));
#1241 = CARTESIAN_POINT('',(-5.69868417897,3.903620021982,8.068312926264
    ));
#1242 = CARTESIAN_POINT('',(-5.831189344832,3.69694500764,8.084156519013
    ));
#1243 = CARTESIAN_POINT('',(-5.955091545168,3.485238110756,8.1));
#1244 = PCURVE('',#590,#1245);
#1245 = DEFINITIONAL_REPRESENTATION('',(#1246),#1338);
#1246 = B_SPLINE_CURVE_WITH_KNOTS('',3,(#1247,#1248,#1249,#1250,#1251,
    #1252,#1253,#1254,#1255,#1256,#1257,#1258,#1259,#1260,#1261,#1262,
    #1263,#1264,#1265,#1266,#1267,#1268,#1269,#1270,#1271,#1272,#1273,
    #1274,#1275,#1276,#1277,#1278,#1279,#1280,#1281,#1282,#1283,#1284,
    #1285,#1286,#1287,#1288,#1289,#1290,#1291,#1292,#1293,#1294,#1295,
    #1296,#1297,#1298,#1299,#1300,#1301,#1302,#1303,#1304,#1305,#1306,
    #1307,#1308,#1309,#1310,#1311,#1312,#1313,#1314,#1315,#1316,#1317,
    #1318,#1319,#1320,#1321,#1322,#1323,#1324,#1325,#1326,#1327,#1328,
    #1329,#1330,#1331,#1332,#1333,#1334,#1335,#1336,#1337),
  .UNSPECIFIED.,.F.,.F.,(4,1,1,1,1,1,1,1,1,1,1,1,1,1,1,1,1,1,1,1,1,1,1,1
    ,1,1,1,1,1,1,1,1,1,1,1,1,1,1,1,1,1,1,1,1,1,1,1,1,1,1,1,1,1,1,1,1,1,1
    ,1,1,1,1,1,1,1,1,1,1,1,1,1,1,1,1,1,1,1,1,1,1,1,1,1,1,1,1,1,1,4),(
    6.411156832094E-07,2.549708135682E-02,5.099352159796E-02,
    7.64899618391E-02,0.10198640208,0.127482842321,0.152979282563,
    0.178475722804,0.203972163045,0.229468603286,0.254965043527,
    0.280461483768,0.305957924009,0.33145436425,0.356950804492,
    0.382447244733,0.407943684974,0.433440125215,0.458936565456,
    0.484433005697,0.509929445938,0.53542588618,0.560922326421,
    0.586418766662,0.611915206903,0.637411647144,0.662908087385,
    0.688404527626,0.713900967868,0.739397408109,0.76489384835,
    0.790390288591,0.815886728832,0.841383169073,0.866879609314,
    0.892376049555,0.917872489797,0.943368930038,0.968865370279,
    0.99436181052,1.019858250761,1.045354691002,1.070851131243,
    1.096347571485,1.121844011726,1.147340451967,1.172836892208,
    1.198333332449,1.22382977269,1.249326212931,1.274822653173,
    1.300319093414,1.325815533655,1.351311973896,1.376808414137,
    1.402304854378,1.427801294619,1.453297734861,1.478794175102,
    1.504290615343,1.529787055584,1.555283495825,1.580779936066,
    1.606276376307,1.631772816548,1.65726925679,1.682765697031,
    1.708262137272,1.733758577513,1.759255017754,1.784751457995,
    1.810247898236,1.835744338478,1.861240778719,1.88673721896,
    1.912233659201,1.937730099442,1.963226539683,1.988722979924,
    2.014219420166,2.039715860407,2.065212300648,2.090708740889,
    2.11620518113,2.141701621371,2.167198061612,2.192694501853,
    2.218190942095,2.243687382336),.QUASI_UNIFORM_KNOTS.);
#1247 = CARTESIAN_POINT('',(-0.865937490305,1.134768164433));
#1248 = CARTESIAN_POINT('',(-0.865937140177,1.154308063757));
#1249 = CARTESIAN_POINT('',(-0.865936443003,1.19338803837));
#1250 = CARTESIAN_POINT('',(-0.865935480736,1.252008234113));
#1251 = CARTESIAN_POINT('',(-0.865934687286,1.310628149753));
#1252 = CARTESIAN_POINT('',(-0.865934109241,1.369248040845));
#1253 = CARTESIAN_POINT('',(-0.865933761174,1.427868182642));
#1254 = CARTESIAN_POINT('',(-0.865933634446,1.486488213452));
#1255 = CARTESIAN_POINT('',(-0.865933693458,1.545107854997));
#1256 = CARTESIAN_POINT('',(-0.865933887634,1.603727991153));
#1257 = CARTESIAN_POINT('',(-0.865934153855,1.66234769962));
#1258 = CARTESIAN_POINT('',(-0.86593442942,1.720967281414));
#1259 = CARTESIAN_POINT('',(-0.865934645449,1.779587088028));
#1260 = CARTESIAN_POINT('',(-0.865934761153,1.838206668162));
#1261 = CARTESIAN_POINT('',(-0.865934688412,1.896826691744));
#1262 = CARTESIAN_POINT('',(-0.86593445445,1.955454152872));
#1263 = CARTESIAN_POINT('',(-0.865934090258,2.014082140802));
#1264 = CARTESIAN_POINT('',(-0.865933516037,2.072709317134));
#1265 = CARTESIAN_POINT('',(-0.865932751757,2.131334844656));
#1266 = CARTESIAN_POINT('',(-0.865931874515,2.189959120445));
#1267 = CARTESIAN_POINT('',(-0.86593097143,2.248583020072));
#1268 = CARTESIAN_POINT('',(-0.865930098086,2.3072075893));
#1269 = CARTESIAN_POINT('',(-0.865929279295,2.36583361135));
#1270 = CARTESIAN_POINT('',(-0.865928549693,2.424461274378));
#1271 = CARTESIAN_POINT('',(-0.865927988142,2.483089483794));
#1272 = CARTESIAN_POINT('',(-0.865927741043,2.54171629028));
#1273 = CARTESIAN_POINT('',(-0.865927741493,2.60033488728));
#1274 = CARTESIAN_POINT('',(-0.865928025456,2.65896883415));
#1275 = CARTESIAN_POINT('',(-0.865928613148,2.717606539719));
#1276 = CARTESIAN_POINT('',(-0.865929481035,2.776244715298));
#1277 = CARTESIAN_POINT('',(-0.865930604998,2.834880764006));
#1278 = CARTESIAN_POINT('',(-0.865931942929,2.893514073912));
#1279 = CARTESIAN_POINT('',(-0.865933436116,2.952145043851));
#1280 = CARTESIAN_POINT('',(-0.865935014469,3.010774798247));
#1281 = CARTESIAN_POINT('',(-0.865936604519,3.069404766331));
#1282 = CARTESIAN_POINT('',(-0.865938133848,3.128036327173));
#1283 = CARTESIAN_POINT('',(-0.865939531324,3.1866704187));
#1284 = CARTESIAN_POINT('',(-0.865940726681,3.245307205233));
#1285 = CARTESIAN_POINT('',(-0.865941656203,3.303945413581));
#1286 = CARTESIAN_POINT('',(-0.865942273285,3.36258267575));
#1287 = CARTESIAN_POINT('',(-0.865942564812,3.421211764767));
#1288 = CARTESIAN_POINT('',(-0.865942494145,3.479831655694));
#1289 = CARTESIAN_POINT('',(-0.865942080617,3.538467950939));
#1290 = CARTESIAN_POINT('',(-0.865941338147,3.597105927126));
#1291 = CARTESIAN_POINT('',(-0.865940299991,3.65574387957));
#1292 = CARTESIAN_POINT('',(-0.865939021664,3.7143793535));
#1293 = CARTESIAN_POINT('',(-0.865937567808,3.773012115273));
#1294 = CARTESIAN_POINT('',(-0.865936006849,3.83164274821));
#1295 = CARTESIAN_POINT('',(-0.865934410715,3.890272496048));
#1296 = CARTESIAN_POINT('',(-0.865932854794,3.948902813953));
#1297 = CARTESIAN_POINT('',(-0.865931413612,4.007535028681));
#1298 = CARTESIAN_POINT('',(-0.865930152934,4.066169923982));
#1299 = CARTESIAN_POINT('',(-0.865929121977,4.124807474747));
#1300 = CARTESIAN_POINT('',(-0.86592835625,4.183445904741));
#1301 = CARTESIAN_POINT('',(-0.865927875286,4.242083014431));
#1302 = CARTESIAN_POINT('',(-0.865927722927,4.300708661513));
#1303 = CARTESIAN_POINT('',(-0.865927779592,4.359329726607));
#1304 = CARTESIAN_POINT('',(-0.865928171364,4.417959178053));
#1305 = CARTESIAN_POINT('',(-0.865928817123,4.47658807335));
#1306 = CARTESIAN_POINT('',(-0.865929587314,4.535215937851));
#1307 = CARTESIAN_POINT('',(-0.865930423733,4.593841942033));
#1308 = CARTESIAN_POINT('',(-0.865931307184,4.652466653797));
#1309 = CARTESIAN_POINT('',(-0.865932208707,4.711091020205));
#1310 = CARTESIAN_POINT('',(-0.865933059597,4.769716137249));
#1311 = CARTESIAN_POINT('',(-0.865933765207,4.828342798832));
#1312 = CARTESIAN_POINT('',(-0.865934259106,4.886971175197));
#1313 = CARTESIAN_POINT('',(-0.865934546364,4.945600100827));
#1314 = CARTESIAN_POINT('',(-0.865934734213,5.004227576918));
#1315 = CARTESIAN_POINT('',(-0.865934733874,5.062846471676));
#1316 = CARTESIAN_POINT('',(-0.865934573864,5.121466183652));
#1317 = CARTESIAN_POINT('',(-0.865934327954,5.180085668446));
#1318 = CARTESIAN_POINT('',(-0.865934048948,5.238705114706));
#1319 = CARTESIAN_POINT('',(-0.865933801431,5.297324786971));
#1320 = CARTESIAN_POINT('',(-0.865933653723,5.355944617768));
#1321 = CARTESIAN_POINT('',(-0.865933651765,5.414564331497));
#1322 = CARTESIAN_POINT('',(-0.865933863586,5.47318848587));
#1323 = CARTESIAN_POINT('',(-0.865934310786,5.531812594953));
#1324 = CARTESIAN_POINT('',(-0.865934965452,5.590435942398));
#1325 = CARTESIAN_POINT('',(-0.865935818635,5.649058309621));
#1326 = CARTESIAN_POINT('',(-0.865936830956,5.707680264776));
#1327 = CARTESIAN_POINT('',(-0.865937905716,5.766302534992));
#1328 = CARTESIAN_POINT('',(-0.865938901708,5.82492571209));
#1329 = CARTESIAN_POINT('',(-0.865939675894,5.883549617947));
#1330 = CARTESIAN_POINT('',(-0.865940144895,5.9421736202));
#1331 = CARTESIAN_POINT('',(-0.865940154772,6.000793258589));
#1332 = CARTESIAN_POINT('',(-0.865939511436,6.059412475309));
#1333 = CARTESIAN_POINT('',(-0.865938361262,6.118031662514));
#1334 = CARTESIAN_POINT('',(-0.865936419775,6.176650653571));
#1335 = CARTESIAN_POINT('',(-0.86593383737,6.235269806302));
#1336 = CARTESIAN_POINT('',(-0.865931877012,6.274349187069));
#1337 = CARTESIAN_POINT('',(-0.86593087797,6.293888851937));
#1338 = ( GEOMETRIC_REPRESENTATION_CONTEXT(2) 
PARAMETRIC_REPRESENTATION_CONTEXT() REPRESENTATION_CONTEXT('2D SPACE',''
  ) );
#1339 = PCURVE('',#534,#1340);
#1340 = DEFINITIONAL_REPRESENTATION('',(#1341),#1433);
#1341 = B_SPLINE_CURVE_WITH_KNOTS('',3,(#1342,#1343,#1344,#1345,#1346,
    #1347,#1348,#1349,#1350,#1351,#1352,#1353,#1354,#1355,#1356,#1357,
    #1358,#1359,#1360,#1361,#1362,#1363,#1364,#1365,#1366,#1367,#1368,
    #1369,#1370,#1371,#1372,#1373,#1374,#1375,#1376,#1377,#1378,#1379,
    #1380,#1381,#1382,#1383,#1384,#1385,#1386,#1387,#1388,#1389,#1390,
    #1391,#1392,#1393,#1394,#1395,#1396,#1397,#1398,#1399,#1400,#1401,
    #1402,#1403,#1404,#1405,#1406,#1407,#1408,#1409,#1410,#1411,#1412,
    #1413,#1414,#1415,#1416,#1417,#1418,#1419,#1420,#1421,#1422,#1423,
    #1424,#1425,#1426,#1427,#1428,#1429,#1430,#1431,#1432),
  .UNSPECIFIED.,.F.,.F.,(4,1,1,1,1,1,1,1,1,1,1,1,1,1,1,1,1,1,1,1,1,1,1,1
    ,1,1,1,1,1,1,1,1,1,1,1,1,1,1,1,1,1,1,1,1,1,1,1,1,1,1,1,1,1,1,1,1,1,1
    ,1,1,1,1,1,1,1,1,1,1,1,1,1,1,1,1,1,1,1,1,1,1,1,1,1,1,1,1,1,1,4),(
    6.411156832094E-07,2.549708135682E-02,5.099352159796E-02,
    7.64899618391E-02,0.10198640208,0.127482842321,0.152979282563,
    0.178475722804,0.203972163045,0.229468603286,0.254965043527,
    0.280461483768,0.305957924009,0.33145436425,0.356950804492,
    0.382447244733,0.407943684974,0.433440125215,0.458936565456,
    0.484433005697,0.509929445938,0.53542588618,0.560922326421,
    0.586418766662,0.611915206903,0.637411647144,0.662908087385,
    0.688404527626,0.713900967868,0.739397408109,0.76489384835,
    0.790390288591,0.815886728832,0.841383169073,0.866879609314,
    0.892376049555,0.917872489797,0.943368930038,0.968865370279,
    0.99436181052,1.019858250761,1.045354691002,1.070851131243,
    1.096347571485,1.121844011726,1.147340451967,1.172836892208,
    1.198333332449,1.22382977269,1.249326212931,1.274822653173,
    1.300319093414,1.325815533655,1.351311973896,1.376808414137,
    1.402304854378,1.427801294619,1.453297734861,1.478794175102,
    1.504290615343,1.529787055584,1.555283495825,1.580779936066,
    1.606276376307,1.631772816548,1.65726925679,1.682765697031,
    1.708262137272,1.733758577513,1.759255017754,1.784751457995,
    1.810247898236,1.835744338478,1.861240778719,1.88673721896,
    1.912233659201,1.937730099442,1.963226539683,1.988722979924,
    2.014219420166,2.039715860407,2.065212300648,2.090708740889,
    2.11620518113,2.141701621371,2.167198061612,2.192694501853,
    2.218190942095,2.243687382336),.QUASI_UNIFORM_KNOTS.);
#1342 = CARTESIAN_POINT('',(4.182891063511,8.881784197001E-16));
#1343 = CARTESIAN_POINT('',(4.200738889767,7.953801869416E-03));
#1344 = CARTESIAN_POINT('',(4.236434685288,2.38614762881E-02));
#1345 = CARTESIAN_POINT('',(4.289978558254,4.772304223109E-02));
#1346 = CARTESIAN_POINT('',(4.343522160682,7.158440873011E-02));
#1347 = CARTESIAN_POINT('',(4.397065745439,9.544565814635E-02));
#1348 = CARTESIAN_POINT('',(4.450609581865,0.119306895321));
#1349 = CARTESIAN_POINT('',(4.504153355078,0.143167976363));
#1350 = CARTESIAN_POINT('',(4.557696823047,0.167028805861));
#1351 = CARTESIAN_POINT('',(4.611240801418,0.190889770612));
#1352 = CARTESIAN_POINT('',(4.664784452026,0.214750524113));
#1353 = CARTESIAN_POINT('',(4.718328050026,0.238611221844));
#1354 = CARTESIAN_POINT('',(4.771871912915,0.262472040178));
#1355 = CARTESIAN_POINT('',(4.82541562167,0.286332820423));
#1356 = CARTESIAN_POINT('',(4.87895977878,0.310193857858));
#1357 = CARTESIAN_POINT('',(4.932510761394,0.334058011907));
#1358 = CARTESIAN_POINT('',(4.986062244758,0.357922473259));
#1359 = CARTESIAN_POINT('',(5.039612993742,0.381786693259));
#1360 = CARTESIAN_POINT('',(5.093162231465,0.4056503179));
#1361 = CARTESIAN_POINT('',(5.146710309598,0.429513488045));
#1362 = CARTESIAN_POINT('',(5.200258018601,0.453376533576));
#1363 = CARTESIAN_POINT('',(5.253806306547,0.477239849882));
#1364 = CARTESIAN_POINT('',(5.307355884122,0.501103723695));
#1365 = CARTESIAN_POINT('',(5.360906920969,0.524968200057));
#1366 = CARTESIAN_POINT('',(5.414458417482,0.548832804625));
#1367 = CARTESIAN_POINT('',(5.468008595549,0.572696720962));
#1368 = CARTESIAN_POINT('',(5.521551242537,0.596557158322));
#1369 = CARTESIAN_POINT('',(5.575107883686,0.620423696788));
#1370 = CARTESIAN_POINT('',(5.628667938527,0.644291619859));
#1371 = CARTESIAN_POINT('',(5.682228410808,0.668159590431));
#1372 = CARTESIAN_POINT('',(5.735786936169,0.69202656575));
#1373 = CARTESIAN_POINT('',(5.78934296285,0.71589232051));
#1374 = CARTESIAN_POINT('',(5.842896861438,0.73975704714));
#1375 = CARTESIAN_POINT('',(5.896449664051,0.763621236652));
#1376 = CARTESIAN_POINT('',(5.950002679707,0.787485505968));
#1377 = CARTESIAN_POINT('',(6.003557169928,0.811350452964));
#1378 = CARTESIAN_POINT('',(6.057113991557,0.835216496574));
#1379 = CARTESIAN_POINT('',(6.110673293149,0.85908373931));
#1380 = CARTESIAN_POINT('',(6.16423390874,0.882951693291));
#1381 = CARTESIAN_POINT('',(6.217793671162,0.906819415792));
#1382 = CARTESIAN_POINT('',(6.271345974136,0.930683976699));
#1383 = CARTESIAN_POINT('',(6.324889875839,0.954544969731));
#1384 = CARTESIAN_POINT('',(6.37844875603,0.978412815565));
#1385 = CARTESIAN_POINT('',(6.432009160942,1.002281511726));
#1386 = CARTESIAN_POINT('',(6.485569529004,1.026150341911));
#1387 = CARTESIAN_POINT('',(6.539127614608,1.050018281763));
#1388 = CARTESIAN_POINT('',(6.592683202357,1.073885206779));
#1389 = CARTESIAN_POINT('',(6.646236824718,1.097751320407));
#1390 = CARTESIAN_POINT('',(6.699789619134,1.12161709109));
#1391 = CARTESIAN_POINT('',(6.753342917895,1.145483072246));
#1392 = CARTESIAN_POINT('',(6.806897937593,1.169349767488));
#1393 = CARTESIAN_POINT('',(6.860455400185,1.193217464809));
#1394 = CARTESIAN_POINT('',(6.914015289842,1.217086129495));
#1395 = CARTESIAN_POINT('',(6.967575991874,1.240955019815));
#1396 = CARTESIAN_POINT('',(7.02113550512,1.26482322639));
#1397 = CARTESIAN_POINT('',(7.074684573041,1.288686614387));
#1398 = CARTESIAN_POINT('',(7.128229487034,1.312547997722));
#1399 = CARTESIAN_POINT('',(7.181782097666,1.336412662972));
#1400 = CARTESIAN_POINT('',(7.23533424021,1.360276991997));
#1401 = CARTESIAN_POINT('',(7.288885482388,1.384140818118));
#1402 = CARTESIAN_POINT('',(7.342435065316,1.408003833809));
#1403 = CARTESIAN_POINT('',(7.395983503983,1.431866301957));
#1404 = CARTESIAN_POINT('',(7.44953165724,1.45572863956));
#1405 = CARTESIAN_POINT('',(7.503080517721,1.479591321749));
#1406 = CARTESIAN_POINT('',(7.556630800229,1.503454695984));
#1407 = CARTESIAN_POINT('',(7.610182648475,1.527318849439));
#1408 = CARTESIAN_POINT('',(7.66373498524,1.551183317925));
#1409 = CARTESIAN_POINT('',(7.71728597204,1.575047290303));
#1410 = CARTESIAN_POINT('',(7.770829082748,1.59890785442));
#1411 = CARTESIAN_POINT('',(7.824372891667,1.622768820392));
#1412 = CARTESIAN_POINT('',(7.877916436669,1.64662973946));
#1413 = CARTESIAN_POINT('',(7.931459884913,1.670490658329));
#1414 = CARTESIAN_POINT('',(7.985003476375,1.694351653518));
#1415 = CARTESIAN_POINT('',(8.038547151662,1.718212666294));
#1416 = CARTESIAN_POINT('',(8.092090665412,1.742073546093));
#1417 = CARTESIAN_POINT('',(8.145638190778,1.765936130998));
#1418 = CARTESIAN_POINT('',(8.199185643784,1.789798604427));
#1419 = CARTESIAN_POINT('',(8.252732386887,1.813660650301));
#1420 = CARTESIAN_POINT('',(8.306278238915,1.837522184519));
#1421 = CARTESIAN_POINT('',(8.359823737855,1.861383473211));
#1422 = CARTESIAN_POINT('',(8.41336956618,1.885244870173));
#1423 = CARTESIAN_POINT('',(8.466916280738,1.909106679722));
#1424 = CARTESIAN_POINT('',(8.520463731664,1.932968887587));
#1425 = CARTESIAN_POINT('',(8.574011349394,1.956831283176));
#1426 = CARTESIAN_POINT('',(8.62755506158,1.980692137171));
#1427 = CARTESIAN_POINT('',(8.681098464183,2.004553119686));
#1428 = CARTESIAN_POINT('',(8.734641903677,2.028414415174));
#1429 = CARTESIAN_POINT('',(8.788185209789,2.052275963976));
#1430 = CARTESIAN_POINT('',(8.841728685911,2.076137882976));
#1431 = CARTESIAN_POINT('',(8.87742428353,2.09204595162));
#1432 = CARTESIAN_POINT('',(8.895272053778,2.1));
#1433 = ( GEOMETRIC_REPRESENTATION_CONTEXT(2) 
PARAMETRIC_REPRESENTATION_CONTEXT() REPRESENTATION_CONTEXT('2D SPACE',''
  ) );
#1434 = ORIENTED_EDGE('',*,*,#546,.T.);
#1435 = ADVANCED_FACE('',(#1436),#534,.T.);
#1436 = FACE_BOUND('',#1437,.T.);
#1437 = EDGE_LOOP('',(#1438,#1439,#1440,#1472,#1499,#1544,#1711));
#1438 = ORIENTED_EDGE('',*,*,#1176,.F.);
#1439 = ORIENTED_EDGE('',*,*,#513,.F.);
#1440 = ORIENTED_EDGE('',*,*,#1441,.F.);
#1441 = EDGE_CURVE('',#1442,#424,#1444,.T.);
#1442 = VERTEX_POINT('',#1443);
#1443 = CARTESIAN_POINT('',(6.9,4.768529972827E-16,6.05));
#1444 = SURFACE_CURVE('',#1445,(#1450,#1460),.PCURVE_S1.);
#1445 = ELLIPSE('',#1446,107.05917522129,6.9);
#1446 = AXIS2_PLACEMENT_3D('',#1447,#1448,#1449);
#1447 = CARTESIAN_POINT('',(0.,0.,6.05));
#1448 = DIRECTION('',(2.104176716615E-15,0.997920915688,6.4450337729E-02
    ));
#1449 = DIRECTION('',(-1.358974422676E-16,-6.4450337729E-02,
    0.997920915688));
#1450 = PCURVE('',#534,#1451);
#1451 = DEFINITIONAL_REPRESENTATION('',(#1452),#1459);
#1452 = B_SPLINE_CURVE_WITH_KNOTS('',5,(#1453,#1454,#1455,#1456,#1457,
    #1458),.UNSPECIFIED.,.F.,.F.,(6,6),(1.570796326795,1.571264331266),
  .PIECEWISE_BEZIER_KNOTS.);
#1453 = CARTESIAN_POINT('',(6.28318530718,5.000000000007E-02));
#1454 = CARTESIAN_POINT('',(6.283278908074,3.999999963501E-02));
#1455 = CARTESIAN_POINT('',(6.283372508968,2.999999926994E-02));
#1456 = CARTESIAN_POINT('',(6.283466109862,1.999999908735E-02));
#1457 = CARTESIAN_POINT('',(6.283559710756,9.999999269921E-03));
#1458 = CARTESIAN_POINT('',(6.28365331165,1.029363141898E-15));
#1459 = ( GEOMETRIC_REPRESENTATION_CONTEXT(2) 
PARAMETRIC_REPRESENTATION_CONTEXT() REPRESENTATION_CONTEXT('2D SPACE',''
  ) );
#1460 = PCURVE('',#1461,#1466);
#1461 = PLANE('',#1462);
#1462 = AXIS2_PLACEMENT_3D('',#1463,#1464,#1465);
#1463 = CARTESIAN_POINT('',(6.636292338821,3.963012130143E-15,6.05));
#1464 = DIRECTION('',(2.104176716615E-15,0.997920915688,6.4450337729E-02
    ));
#1465 = DIRECTION('',(0.,-6.4450337729E-02,0.997920915688));
#1466 = DEFINITIONAL_REPRESENTATION('',(#1467),#1471);
#1467 = ELLIPSE('',#1468,107.05917522129,6.9);
#1468 = AXIS2_PLACEMENT_2D('',#1469,#1470);
#1469 = CARTESIAN_POINT('',(2.785636095409E-13,-6.636292338821));
#1470 = DIRECTION('',(1.,-1.358974422676E-16));
#1471 = ( GEOMETRIC_REPRESENTATION_CONTEXT(2) 
PARAMETRIC_REPRESENTATION_CONTEXT() REPRESENTATION_CONTEXT('2D SPACE',''
  ) );
#1472 = ORIENTED_EDGE('',*,*,#1473,.F.);
#1473 = EDGE_CURVE('',#1474,#1442,#1476,.T.);
#1474 = VERTEX_POINT('',#1475);
#1475 = CARTESIAN_POINT('',(6.899920794998,-3.306089464483E-02,
    6.561900471277));
#1476 = SURFACE_CURVE('',#1477,(#1482,#1492),.PCURVE_S1.);
#1477 = ELLIPSE('',#1478,107.05917522129,6.9);
#1478 = AXIS2_PLACEMENT_3D('',#1479,#1480,#1481);
#1479 = CARTESIAN_POINT('',(0.,0.,6.05));
#1480 = DIRECTION('',(2.104176716615E-15,0.997920915688,6.4450337729E-02
    ));
#1481 = DIRECTION('',(-1.358974422676E-16,-6.4450337729E-02,
    0.997920915688));
#1482 = PCURVE('',#534,#1483);
#1483 = DEFINITIONAL_REPRESENTATION('',(#1484),#1491);
#1484 = B_SPLINE_CURVE_WITH_KNOTS('',5,(#1485,#1486,#1487,#1488,#1489,
    #1490),.UNSPECIFIED.,.F.,.F.,(6,6),(1.566004874455,1.570796326795),
  .PIECEWISE_BEZIER_KNOTS.);
#1485 = CARTESIAN_POINT('',(6.278393854839,0.561900471277));
#1486 = CARTESIAN_POINT('',(6.279352145307,0.459521160504));
#1487 = CARTESIAN_POINT('',(6.280310435775,0.35714126212));
#1488 = CARTESIAN_POINT('',(6.281268726244,0.254760971994));
#1489 = CARTESIAN_POINT('',(6.282227016712,0.152380485997));
#1490 = CARTESIAN_POINT('',(6.28318530718,5.000000000007E-02));
#1491 = ( GEOMETRIC_REPRESENTATION_CONTEXT(2) 
PARAMETRIC_REPRESENTATION_CONTEXT() REPRESENTATION_CONTEXT('2D SPACE',''
  ) );
#1492 = PCURVE('',#1461,#1493);
#1493 = DEFINITIONAL_REPRESENTATION('',(#1494),#1498);
#1494 = ELLIPSE('',#1495,107.05917522129,6.9);
#1495 = AXIS2_PLACEMENT_2D('',#1496,#1497);
#1496 = CARTESIAN_POINT('',(2.785636095409E-13,-6.636292338821));
#1497 = DIRECTION('',(1.,-1.358974422676E-16));
#1498 = ( GEOMETRIC_REPRESENTATION_CONTEXT(2) 
PARAMETRIC_REPRESENTATION_CONTEXT() REPRESENTATION_CONTEXT('2D SPACE',''
  ) );
#1499 = ORIENTED_EDGE('',*,*,#1500,.T.);
#1500 = EDGE_CURVE('',#1474,#1501,#1503,.T.);
#1501 = VERTEX_POINT('',#1502);
#1502 = CARTESIAN_POINT('',(6.9,-1.690012582823E-15,6.564035695141));
#1503 = SURFACE_CURVE('',#1504,(#1507,#1513),.PCURVE_S1.);
#1504 = B_SPLINE_CURVE_WITH_KNOTS('',1,(#1505,#1506),.UNSPECIFIED.,.F.,
  .F.,(2,2),(0.,1.),.PIECEWISE_BEZIER_KNOTS.);
#1505 = CARTESIAN_POINT('',(6.899920794998,-3.306089464483E-02,
    6.561900471277));
#1506 = CARTESIAN_POINT('',(6.9,-2.851885394506E-15,6.564035695141));
#1507 = PCURVE('',#534,#1508);
#1508 = DEFINITIONAL_REPRESENTATION('',(#1509),#1512);
#1509 = B_SPLINE_CURVE_WITH_KNOTS('',1,(#1510,#1511),.UNSPECIFIED.,.F.,
  .F.,(2,2),(0.,1.),.PIECEWISE_BEZIER_KNOTS.);
#1510 = CARTESIAN_POINT('',(6.278393854839,0.561900471277));
#1511 = CARTESIAN_POINT('',(6.28318530718,0.564035695141));
#1512 = ( GEOMETRIC_REPRESENTATION_CONTEXT(2) 
PARAMETRIC_REPRESENTATION_CONTEXT() REPRESENTATION_CONTEXT('2D SPACE',''
  ) );
#1513 = PCURVE('',#1514,#1539);
#1514 = B_SPLINE_SURFACE_WITH_KNOTS('',1,11,(
    (#1515,#1516,#1517,#1518,#1519,#1520,#1521,#1522,#1523,#1524,#1525
      ,#1526)
    ,(#1527,#1528,#1529,#1530,#1531,#1532,#1533,#1534,#1535,#1536,#1537
      ,#1538
    )),.UNSPECIFIED.,.F.,.F.,.F.,(2,2),(12,12),(-0.866025403784,-0.),(0.
    ,6.878838390627),.PIECEWISE_BEZIER_KNOTS.);
#1515 = CARTESIAN_POINT('',(6.15,-5.156027018316E-03,6.129833673255));
#1516 = CARTESIAN_POINT('',(6.152945115859,3.507715749527,6.384379128288
    ));
#1517 = CARTESIAN_POINT('',(3.949162461588,7.022358055132,6.638924580982
    ));
#1518 = CARTESIAN_POINT('',(-0.467217116674,8.998762871649,6.89347004033
    ));
#1519 = CARTESIAN_POINT('',(-5.865454018665,7.889673398083,
    7.148015485864));
#1520 = CARTESIAN_POINT('',(-9.893716171037,3.259974183615,
    7.402560953241));
#1521 = CARTESIAN_POINT('',(-9.899168451232,-3.243380257131,
    7.657106393386));
#1522 = CARTESIAN_POINT('',(-5.878674821036,-7.879827374367,
    7.911651860863));
#1523 = CARTESIAN_POINT('',(-0.482305188847,-8.997966812699,
    8.166197306268));
#1524 = CARTESIAN_POINT('',(3.937382133087,-7.02896996359,8.420742765708
    ));
#1525 = CARTESIAN_POINT('',(6.147054884151,-3.518027803574,
    8.675288218361));
#1526 = CARTESIAN_POINT('',(6.150000000016,-5.156027028203E-03,
    8.929833673405));
#1527 = CARTESIAN_POINT('',(6.9,-3.306384189621E-02,6.561946105232));
#1528 = CARTESIAN_POINT('',(6.91888602305,3.908206941726,6.816491559779)
  );
#1529 = CARTESIAN_POINT('',(4.461930776383,7.861252292912,7.071037014313
    ));
#1530 = CARTESIAN_POINT('',(-0.484281525467,10.098278994706,
    7.325582468889));
#1531 = CARTESIAN_POINT('',(-6.545779589303,8.877874595974,
    7.580127923385));
#1532 = CARTESIAN_POINT('',(-11.08584371399,3.701429245669,
    7.834673377982));
#1533 = CARTESIAN_POINT('',(-11.12080732633,-3.595018057497,
    8.089218832497));
#1534 = CARTESIAN_POINT('',(-6.630560083578,-8.81473540571,
    8.343764287044));
#1535 = CARTESIAN_POINT('',(-0.581036183751,-10.09317414025,
    8.598309741604));
#1536 = CARTESIAN_POINT('',(4.386387549535,-7.903652205671,
    8.852855196136));
#1537 = CARTESIAN_POINT('',(6.881113977046,-3.974334625519,
    9.107400650687));
#1538 = CARTESIAN_POINT('',(6.900000000103,-3.306384189626E-02,
    9.361946105232));
#1539 = DEFINITIONAL_REPRESENTATION('',(#1540),#1543);
#1540 = B_SPLINE_CURVE_WITH_KNOTS('',1,(#1541,#1542),.UNSPECIFIED.,.F.,
  .F.,(2,2),(0.,1.),.PIECEWISE_BEZIER_KNOTS.);
#1541 = CARTESIAN_POINT('',(-9.145805850146E-05,0.));
#1542 = CARTESIAN_POINT('',(-9.148309222997E-05,5.245688096578E-03));
#1543 = ( GEOMETRIC_REPRESENTATION_CONTEXT(2) 
PARAMETRIC_REPRESENTATION_CONTEXT() REPRESENTATION_CONTEXT('2D SPACE',''
  ) );
#1544 = ORIENTED_EDGE('',*,*,#1545,.T.);
#1545 = EDGE_CURVE('',#1501,#1546,#1548,.T.);
#1546 = VERTEX_POINT('',#1547);
#1547 = CARTESIAN_POINT('',(-6.581338203496,-2.07267639809,8.1));
#1548 = SURFACE_CURVE('',#1549,(#1601,#1656),.PCURVE_S1.);
#1549 = B_SPLINE_CURVE_WITH_KNOTS('',8,(#1550,#1551,#1552,#1553,#1554,
    #1555,#1556,#1557,#1558,#1559,#1560,#1561,#1562,#1563,#1564,#1565,
    #1566,#1567,#1568,#1569,#1570,#1571,#1572,#1573,#1574,#1575,#1576,
    #1577,#1578,#1579,#1580,#1581,#1582,#1583,#1584,#1585,#1586,#1587,
    #1588,#1589,#1590,#1591,#1592,#1593,#1594,#1595,#1596,#1597,#1598,
    #1599,#1600),.UNSPECIFIED.,.F.,.F.,(9,7,7,7,7,7,7,9),(0.,
    8.208161227345E-02,0.239036512875,0.268231117941,0.486742044389,
    0.68297118956,0.893863253327,1.),.UNSPECIFIED.);
#1550 = CARTESIAN_POINT('',(6.9,-2.22044604925E-15,6.564035695141));
#1551 = CARTESIAN_POINT('',(6.9,0.243981912716,6.579793035205));
#1552 = CARTESIAN_POINT('',(6.890140249223,0.487966527185,6.595549436469
    ));
#1553 = CARTESIAN_POINT('',(6.870420932794,0.731485236192,6.611305433322
    ));
#1554 = CARTESIAN_POINT('',(6.840868380089,0.974072833677,6.627061466634
    ));
#1555 = CARTESIAN_POINT('',(6.801535029753,1.215267685516,6.642817850117
    ));
#1556 = CARTESIAN_POINT('',(6.752499394712,1.454611900312,6.658574736663
    ));
#1557 = CARTESIAN_POINT('',(6.693866027192,1.691651500179,6.6743320847)
  );
#1558 = CARTESIAN_POINT('',(6.495544917473,2.37393209511,6.720220893045)
  );
#1559 = CARTESIAN_POINT('',(6.33068770849,2.811928241569,6.750357642336)
  );
#1560 = CARTESIAN_POINT('',(6.132112465718,3.236704504113,6.78049337396)
  );
#1561 = CARTESIAN_POINT('',(5.901085891363,3.645242354552,6.810626800555
    ));
#1562 = CARTESIAN_POINT('',(5.639171463058,4.034700103915,6.840759641643
    ));
#1563 = CARTESIAN_POINT('',(5.348210414518,4.402407640821,6.870894073066
    ));
#1564 = CARTESIAN_POINT('',(5.030335014691,4.745881067583,6.901029830065
    ));
#1565 = CARTESIAN_POINT('',(4.624340296753,5.121816807553,6.936765545623
    ));
#1566 = CARTESIAN_POINT('',(4.559818965354,5.179861209734,6.942370115366
    ));
#1567 = CARTESIAN_POINT('',(4.49446552215,5.236976206427,6.947974673608)
  );
#1568 = CARTESIAN_POINT('',(4.428295607643,5.29314788758,6.953579220869)
  );
#1569 = CARTESIAN_POINT('',(4.361325131884,5.348362667273,6.959183757787
    ));
#1570 = CARTESIAN_POINT('',(4.293570274476,5.402607283717,6.964788285121
    ));
#1571 = CARTESIAN_POINT('',(4.225047484571,5.455868799254,6.970392803747
    ));
#1572 = CARTESIAN_POINT('',(3.637282934672,5.899324979375,7.017945026199
    ));
#1573 = CARTESIAN_POINT('',(3.076436522759,6.23494165203,7.059914332911)
  );
#1574 = CARTESIAN_POINT('',(2.480578814684,6.509283408259,7.101871927514
    ));
#1575 = CARTESIAN_POINT('',(1.857606113746,6.718280230158,7.143821088161
    ));
#1576 = CARTESIAN_POINT('',(1.215756776264,6.85900699023,7.185770779208)
  );
#1577 = CARTESIAN_POINT('',(0.563601656856,6.929741104552,7.227729653703
    ));
#1578 = CARTESIAN_POINT('',(-8.999377382143E-02,6.929918003987,
    7.269700170889));
#1579 = CARTESIAN_POINT('',(-1.315751968243,6.798456461744,
    7.349319103963));
#1580 = CARTESIAN_POINT('',(-1.889892458855,6.680206448061,7.38700236537
    ));
#1581 = CARTESIAN_POINT('',(-2.451600177925,6.506552840221,
    7.424678634468));
#1582 = CARTESIAN_POINT('',(-2.994656126577,6.279110737733,
    7.462348869095));
#1583 = CARTESIAN_POINT('',(-3.513191624337,6.000254820485,
    7.500019062596));
#1584 = CARTESIAN_POINT('',(-4.001667784859,5.673050999028,
    7.537695259817));
#1585 = CARTESIAN_POINT('',(-4.454915280652,5.301315194419,
    7.575378529445));
#1586 = CARTESIAN_POINT('',(-5.312498780689,4.447506383867,7.65353511055
    ));
#1587 = CARTESIAN_POINT('',(-5.711015052143,3.958901072877,
    7.694039779916));
#1588 = CARTESIAN_POINT('',(-6.05784087443,3.429769839456,7.734535163537
    ));
#1589 = CARTESIAN_POINT('',(-6.348309895835,2.866586781217,
    7.775023166294));
#1590 = CARTESIAN_POINT('',(-6.578702334631,2.276276074454,
    7.815511258222));
#1591 = CARTESIAN_POINT('',(-6.746283816812,1.666206860532,
    7.856006866218));
#1592 = CARTESIAN_POINT('',(-6.849283526185,1.04416068906,7.896511801003
    ));
#1593 = CARTESIAN_POINT('',(-6.906432364514,0.103548607109,
    7.957373325541));
#1594 = CARTESIAN_POINT('',(-6.909110538937,-0.212364137832,
    7.97774935935));
#1595 = CARTESIAN_POINT('',(-6.895270804226,-0.528269185426,
    7.998124974107));
#1596 = CARTESIAN_POINT('',(-6.864927755114,-0.843158108908,
    8.018500108727));
#1597 = CARTESIAN_POINT('',(-6.818168426105,-1.156030797349,
    8.038875116105));
#1598 = CARTESIAN_POINT('',(-6.755150376558,-1.465895788379,
    8.059250358289));
#1599 = CARTESIAN_POINT('',(-6.676103479295,-1.771771056858,
    8.079625799931));
#1600 = CARTESIAN_POINT('',(-6.581335412759,-2.072685259456,8.1000006));
#1601 = PCURVE('',#534,#1602);
#1602 = DEFINITIONAL_REPRESENTATION('',(#1603),#1655);
#1603 = B_SPLINE_CURVE_WITH_KNOTS('',8,(#1604,#1605,#1606,#1607,#1608,
    #1609,#1610,#1611,#1612,#1613,#1614,#1615,#1616,#1617,#1618,#1619,
    #1620,#1621,#1622,#1623,#1624,#1625,#1626,#1627,#1628,#1629,#1630,
    #1631,#1632,#1633,#1634,#1635,#1636,#1637,#1638,#1639,#1640,#1641,
    #1642,#1643,#1644,#1645,#1646,#1647,#1648,#1649,#1650,#1651,#1652,
    #1653,#1654),.UNSPECIFIED.,.F.,.F.,(9,7,7,7,7,7,7,9),(0.,
    8.208161227345E-02,0.239036512875,0.268231117941,0.486742044389,
    0.68297118956,0.893863253327,0.999999609309),.UNSPECIFIED.);
#1604 = CARTESIAN_POINT('',(6.28318530718,0.564035695141));
#1605 = CARTESIAN_POINT('',(6.318545004675,0.579793035205));
#1606 = CARTESIAN_POINT('',(6.35390509548,0.595549436469));
#1607 = CARTESIAN_POINT('',(6.389265030814,0.611305433322));
#1608 = CARTESIAN_POINT('',(6.424624759034,0.627061466634));
#1609 = CARTESIAN_POINT('',(6.459984479224,0.642817850117));
#1610 = CARTESIAN_POINT('',(6.495344394788,0.658574736663));
#1611 = CARTESIAN_POINT('',(6.530704467038,0.6743320847));
#1612 = CARTESIAN_POINT('',(6.633678319132,0.720220893045));
#1613 = CARTESIAN_POINT('',(6.701301852764,0.750357642336));
#1614 = CARTESIAN_POINT('',(6.768921199787,0.78049337396));
#1615 = CARTESIAN_POINT('',(6.836535321994,0.810626800555));
#1616 = CARTESIAN_POINT('',(6.904149451891,0.840759641643));
#1617 = CARTESIAN_POINT('',(6.971768823421,0.870894073066));
#1618 = CARTESIAN_POINT('',(7.039392394344,0.901029830065));
#1619 = CARTESIAN_POINT('',(7.119583223192,0.936765545623));
#1620 = CARTESIAN_POINT('',(7.132159891857,0.942370115366));
#1621 = CARTESIAN_POINT('',(7.144736564514,0.947974673608));
#1622 = CARTESIAN_POINT('',(7.157313239557,0.953579220869));
#1623 = CARTESIAN_POINT('',(7.169889915567,0.959183757787));
#1624 = CARTESIAN_POINT('',(7.182466591313,0.964788285121));
#1625 = CARTESIAN_POINT('',(7.19504326575,0.970392803747));
#1626 = CARTESIAN_POINT('',(7.301751723793,1.017945026199));
#1627 = CARTESIAN_POINT('',(7.395932820141,1.059914332911));
#1628 = CARTESIAN_POINT('',(7.490087252091,1.101871927515));
#1629 = CARTESIAN_POINT('',(7.584221194969,1.143821088161));
#1630 = CARTESIAN_POINT('',(7.678355130646,1.185770779208));
#1631 = CARTESIAN_POINT('',(7.772509543091,1.227729653703));
#1632 = CARTESIAN_POINT('',(7.866690613584,1.269700170889));
#1633 = CARTESIAN_POINT('',(8.045355484417,1.349319103963));
#1634 = CARTESIAN_POINT('',(8.129917329789,1.38700236537));
#1635 = CARTESIAN_POINT('',(8.214464260812,1.424678634468));
#1636 = CARTESIAN_POINT('',(8.298998289682,1.462348869095));
#1637 = CARTESIAN_POINT('',(8.383532317302,1.500019062596));
#1638 = CARTESIAN_POINT('',(8.468079267546,1.537695259817));
#1639 = CARTESIAN_POINT('',(8.552641166979,1.575378529445));
#1640 = CARTESIAN_POINT('',(8.728023783154,1.65353511055));
#1641 = CARTESIAN_POINT('',(8.818914711065,1.694039779916));
#1642 = CARTESIAN_POINT('',(8.909783538796,1.734535163537));
#1643 = CARTESIAN_POINT('',(9.000634826731,1.775023166294));
#1644 = CARTESIAN_POINT('',(9.091486114534,1.815511258222));
#1645 = CARTESIAN_POINT('',(9.182354940629,1.856006866218));
#1646 = CARTESIAN_POINT('',(9.273245869724,1.896511801003));
#1647 = CARTESIAN_POINT('',(9.409817669658,1.957373250538));
#1648 = CARTESIAN_POINT('',(9.455541213507,1.977749209341));
#1649 = CARTESIAN_POINT('',(9.501264156615,1.998124749098));
#1650 = CARTESIAN_POINT('',(9.546986350186,2.018499808722));
#1651 = CARTESIAN_POINT('',(9.592708548147,2.038874741101));
#1652 = CARTESIAN_POINT('',(9.638431502612,2.059249908279));
#1653 = CARTESIAN_POINT('',(9.684155059385,2.079625274915));
#1654 = CARTESIAN_POINT('',(9.729877253483,2.1));
#1655 = ( GEOMETRIC_REPRESENTATION_CONTEXT(2) 
PARAMETRIC_REPRESENTATION_CONTEXT() REPRESENTATION_CONTEXT('2D SPACE',''
  ) );
#1656 = PCURVE('',#1514,#1657);
#1657 = DEFINITIONAL_REPRESENTATION('',(#1658),#1710);
#1658 = B_SPLINE_CURVE_WITH_KNOTS('',8,(#1659,#1660,#1661,#1662,#1663,
    #1664,#1665,#1666,#1667,#1668,#1669,#1670,#1671,#1672,#1673,#1674,
    #1675,#1676,#1677,#1678,#1679,#1680,#1681,#1682,#1683,#1684,#1685,
    #1686,#1687,#1688,#1689,#1690,#1691,#1692,#1693,#1694,#1695,#1696,
    #1697,#1698,#1699,#1700,#1701,#1702,#1703,#1704,#1705,#1706,#1707,
    #1708,#1709),.UNSPECIFIED.,.F.,.F.,(9,7,7,7,7,7,7,9),(0.,
    8.208161227345E-02,0.239036512875,0.268231117941,0.486742044389,
    0.68297118956,0.893863253327,1.),.UNSPECIFIED.);
#1659 = CARTESIAN_POINT('',(-9.147728762626E-05,5.245687817382E-03));
#1660 = CARTESIAN_POINT('',(-9.175778789272E-05,4.395753014409E-02));
#1661 = CARTESIAN_POINT('',(-9.431063917566E-05,8.266985156874E-02));
#1662 = CARTESIAN_POINT('',(-9.757671718177E-05,0.121382053742));
#1663 = CARTESIAN_POINT('',(-1.006134151526E-04,0.160094064313));
#1664 = CARTESIAN_POINT('',(-1.029489609871E-04,0.198806075676));
#1665 = CARTESIAN_POINT('',(-1.044367343641E-04,0.237518283721));
#1666 = CARTESIAN_POINT('',(-1.051095838649E-04,0.276230626583));
#1667 = CARTESIAN_POINT('',(-1.048898896012E-04,0.388966677474));
#1668 = CARTESIAN_POINT('',(-1.02018228816E-04,0.463000953074));
#1669 = CARTESIAN_POINT('',(-9.726377941176E-05,0.537030420604));
#1670 = CARTESIAN_POINT('',(-9.233168630821E-05,0.611054007545));
#1671 = CARTESIAN_POINT('',(-8.854654428345E-05,0.685077561998));
#1672 = CARTESIAN_POINT('',(-8.631566962491E-05,0.759106928711));
#1673 = CARTESIAN_POINT('',(-8.529672082036E-05,0.833141037592));
#1674 = CARTESIAN_POINT('',(-8.526463634718E-05,0.920933931154));
#1675 = CARTESIAN_POINT('',(-8.529303476989E-05,0.934702869361));
#1676 = CARTESIAN_POINT('',(-8.535254097345E-05,0.948471817446));
#1677 = CARTESIAN_POINT('',(-8.544071879191E-05,0.9622407737));
#1678 = CARTESIAN_POINT('',(-8.555501847724E-05,0.976009736567));
#1679 = CARTESIAN_POINT('',(-8.569277669939E-05,0.989778704641));
#1680 = CARTESIAN_POINT('',(-8.585121654624E-05,1.003547676673));
#1681 = CARTESIAN_POINT('',(-8.734647184512E-05,1.120372385773));
#1682 = CARTESIAN_POINT('',(-8.966483320392E-05,1.223482398444));
#1683 = CARTESIAN_POINT('',(-9.182887431676E-05,1.326563448482));
#1684 = CARTESIAN_POINT('',(-9.261250296789E-05,1.429622086459));
#1685 = CARTESIAN_POINT('',(-9.21352673235E-05,1.532680481904));
#1686 = CARTESIAN_POINT('',(-9.129311340924E-05,1.635760991264));
#1687 = CARTESIAN_POINT('',(-9.071125638343E-05,1.738870422621));
#1688 = CARTESIAN_POINT('',(-9.063729056972E-05,1.9344723939));
#1689 = CARTESIAN_POINT('',(-9.103948767217E-05,2.027050410221));
#1690 = CARTESIAN_POINT('',(-9.207800771605E-05,2.119612028351));
#1691 = CARTESIAN_POINT('',(-9.371504693648E-05,2.212159555099));
#1692 = CARTESIAN_POINT('',(-9.553157751792E-05,2.304707200834));
#1693 = CARTESIAN_POINT('',(-9.698375046923E-05,2.397269149443));
#1694 = CARTESIAN_POINT('',(-9.772304390532E-05,2.489847599177));
#1695 = CARTESIAN_POINT('',(-9.755740815752E-05,2.681856857062));
#1696 = CARTESIAN_POINT('',(-9.652538053689E-05,2.781364547218));
#1697 = CARTESIAN_POINT('',(-9.441544613843E-05,2.880848103517));
#1698 = CARTESIAN_POINT('',(-9.14180968104E-05,2.980312439235));
#1699 = CARTESIAN_POINT('',(-8.816685473388E-05,3.079776682804));
#1700 = CARTESIAN_POINT('',(-8.543260102639E-05,3.179260025031));
#1701 = CARTESIAN_POINT('',(-8.36896476671E-05,3.278767495792));
#1702 = CARTESIAN_POINT('',(-8.276210837928E-05,3.428286570055));
#1703 = CARTESIAN_POINT('',(-8.273643076153E-05,3.478344911299));
#1704 = CARTESIAN_POINT('',(-8.301357752005E-05,3.52840259425));
#1705 = CARTESIAN_POINT('',(-8.358776331675E-05,3.57845946175));
#1706 = CARTESIAN_POINT('',(-8.442974371106E-05,3.628516344915));
#1707 = CARTESIAN_POINT('',(-8.548983228439E-05,3.678574072295));
#1708 = CARTESIAN_POINT('',(-8.670363365002E-05,3.728632478112));
#1709 = CARTESIAN_POINT('',(-8.800049234835E-05,3.778689409569));
#1710 = ( GEOMETRIC_REPRESENTATION_CONTEXT(2) 
PARAMETRIC_REPRESENTATION_CONTEXT() REPRESENTATION_CONTEXT('2D SPACE',''
  ) );
#1711 = ORIENTED_EDGE('',*,*,#1712,.F.);
#1712 = EDGE_CURVE('',#1104,#1546,#1713,.T.);
#1713 = SURFACE_CURVE('',#1714,(#1719,#1725),.PCURVE_S1.);
#1714 = CIRCLE('',#1715,6.9);
#1715 = AXIS2_PLACEMENT_3D('',#1716,#1717,#1718);
#1716 = CARTESIAN_POINT('',(0.,0.,8.1));
#1717 = DIRECTION('',(0.,0.,1.));
#1718 = DIRECTION('',(1.,0.,-0.));
#1719 = PCURVE('',#534,#1720);
#1720 = DEFINITIONAL_REPRESENTATION('',(#1721),#1724);
#1721 = B_SPLINE_CURVE_WITH_KNOTS('',1,(#1722,#1723),.UNSPECIFIED.,.F.,
  .F.,(2,2),(2.612086746599,3.446691946303),.PIECEWISE_BEZIER_KNOTS.);
#1722 = CARTESIAN_POINT('',(8.895272053778,2.1));
#1723 = CARTESIAN_POINT('',(9.729877253483,2.1));
#1724 = ( GEOMETRIC_REPRESENTATION_CONTEXT(2) 
PARAMETRIC_REPRESENTATION_CONTEXT() REPRESENTATION_CONTEXT('2D SPACE',''
  ) );
#1725 = PCURVE('',#1149,#1726);
#1726 = DEFINITIONAL_REPRESENTATION('',(#1727),#1731);
#1727 = CIRCLE('',#1728,6.9);
#1728 = AXIS2_PLACEMENT_2D('',#1729,#1730);
#1729 = CARTESIAN_POINT('',(0.,0.));
#1730 = DIRECTION('',(1.,0.));
#1731 = ( GEOMETRIC_REPRESENTATION_CONTEXT(2) 
PARAMETRIC_REPRESENTATION_CONTEXT() REPRESENTATION_CONTEXT('2D SPACE',''
  ) );
#1732 = ADVANCED_FACE('',(#1733),#467,.F.);
#1733 = FACE_BOUND('',#1734,.F.);
#1734 = EDGE_LOOP('',(#1735,#1736,#1757));
#1735 = ORIENTED_EDGE('',*,*,#423,.F.);
#1736 = ORIENTED_EDGE('',*,*,#1737,.T.);
#1737 = EDGE_CURVE('',#424,#1738,#1740,.T.);
#1738 = VERTEX_POINT('',#1739);
#1739 = CARTESIAN_POINT('',(6.9,3.306384189623E-02,5.538053894768));
#1740 = SURFACE_CURVE('',#1741,(#1744,#1751),.PCURVE_S1.);
#1741 = B_SPLINE_CURVE_WITH_KNOTS('',1,(#1742,#1743),.UNSPECIFIED.,.F.,
  .F.,(2,2),(-1.026025403784,-0.),.PIECEWISE_BEZIER_KNOTS.);
#1742 = CARTESIAN_POINT('',(6.9,-3.306384189622E-02,6.561946105232));
#1743 = CARTESIAN_POINT('',(6.9,3.306384189622E-02,5.538053894768));
#1744 = PCURVE('',#467,#1745);
#1745 = DEFINITIONAL_REPRESENTATION('',(#1746),#1750);
#1746 = LINE('',#1747,#1748);
#1747 = CARTESIAN_POINT('',(0.,0.));
#1748 = VECTOR('',#1749,1.);
#1749 = DIRECTION('',(1.,0.));
#1750 = ( GEOMETRIC_REPRESENTATION_CONTEXT(2) 
PARAMETRIC_REPRESENTATION_CONTEXT() REPRESENTATION_CONTEXT('2D SPACE',''
  ) );
#1751 = PCURVE('',#1461,#1752);
#1752 = DEFINITIONAL_REPRESENTATION('',(#1753),#1756);
#1753 = B_SPLINE_CURVE_WITH_KNOTS('',1,(#1754,#1755),.UNSPECIFIED.,.F.,
  .F.,(2,2),(-1.026025403784,-0.),.PIECEWISE_BEZIER_KNOTS.);
#1754 = CARTESIAN_POINT('',(0.513012701892,0.263707661179));
#1755 = CARTESIAN_POINT('',(-0.513012701892,0.263707661179));
#1756 = ( GEOMETRIC_REPRESENTATION_CONTEXT(2) 
PARAMETRIC_REPRESENTATION_CONTEXT() REPRESENTATION_CONTEXT('2D SPACE',''
  ) );
#1757 = ORIENTED_EDGE('',*,*,#1758,.T.);
#1758 = EDGE_CURVE('',#1738,#331,#1759,.T.);
#1759 = SURFACE_CURVE('',#1760,(#1773,#1780),.PCURVE_S1.);
#1760 = B_SPLINE_CURVE_WITH_KNOTS('',11,(#1761,#1762,#1763,#1764,#1765,
    #1766,#1767,#1768,#1769,#1770,#1771,#1772),.UNSPECIFIED.,.F.,.F.,(12
    ,12),(0.,6.878838390627),.PIECEWISE_BEZIER_KNOTS.);
#1761 = CARTESIAN_POINT('',(6.9,3.306384189622E-02,5.538053894768));
#1762 = CARTESIAN_POINT('',(6.881113976951,3.974334625461,5.792599349312
    ));
#1763 = CARTESIAN_POINT('',(4.386387549448,7.903652205555,6.047144803866
    ));
#1764 = CARTESIAN_POINT('',(-0.5810361837,10.093174140109,6.301690258392
    ));
#1765 = CARTESIAN_POINT('',(-6.630560083532,8.814735405585,
    6.556235712963));
#1766 = CARTESIAN_POINT('',(-11.12080732614,3.595018057434,
    6.810781167497));
#1767 = CARTESIAN_POINT('',(-11.08584371382,-3.701429245605,
    7.065326622022));
#1768 = CARTESIAN_POINT('',(-6.545779589244,-8.877874595853,
    7.319872076615));
#1769 = CARTESIAN_POINT('',(-0.484281525421,-10.09827899455,
    7.57441753111));
#1770 = CARTESIAN_POINT('',(4.461930776296,-7.861252292798,
    7.828962985688));
#1771 = CARTESIAN_POINT('',(6.918886022955,-3.908206941668,
    8.083508440221));
#1772 = CARTESIAN_POINT('',(6.899999999897,3.306384189626E-02,
    8.338053894768));
#1773 = PCURVE('',#467,#1774);
#1774 = DEFINITIONAL_REPRESENTATION('',(#1775),#1779);
#1775 = LINE('',#1776,#1777);
#1776 = CARTESIAN_POINT('',(-0.,0.));
#1777 = VECTOR('',#1778,1.);
#1778 = DIRECTION('',(0.,1.));
#1779 = ( GEOMETRIC_REPRESENTATION_CONTEXT(2) 
PARAMETRIC_REPRESENTATION_CONTEXT() REPRESENTATION_CONTEXT('2D SPACE',''
  ) );
#1780 = PCURVE('',#376,#1781);
#1781 = DEFINITIONAL_REPRESENTATION('',(#1782),#1785);
#1782 = B_SPLINE_CURVE_WITH_KNOTS('',1,(#1783,#1784),.UNSPECIFIED.,.F.,
  .F.,(2,2),(0.,6.878838390627),.PIECEWISE_BEZIER_KNOTS.);
#1783 = CARTESIAN_POINT('',(-0.866025403784,0.));
#1784 = CARTESIAN_POINT('',(-0.866025403784,6.878838390627));
#1785 = ( GEOMETRIC_REPRESENTATION_CONTEXT(2) 
PARAMETRIC_REPRESENTATION_CONTEXT() REPRESENTATION_CONTEXT('2D SPACE',''
  ) );
#1786 = ADVANCED_FACE('',(#1787),#376,.F.);
#1787 = FACE_BOUND('',#1788,.F.);
#1788 = EDGE_LOOP('',(#1789,#1790,#1811,#1865,#1933,#2140));
#1789 = ORIENTED_EDGE('',*,*,#1758,.F.);
#1790 = ORIENTED_EDGE('',*,*,#1791,.T.);
#1791 = EDGE_CURVE('',#1738,#1792,#1794,.T.);
#1792 = VERTEX_POINT('',#1793);
#1793 = CARTESIAN_POINT('',(6.15,5.156027018326E-03,5.970166326745));
#1794 = SURFACE_CURVE('',#1795,(#1798,#1805),.PCURVE_S1.);
#1795 = B_SPLINE_CURVE_WITH_KNOTS('',1,(#1796,#1797),.UNSPECIFIED.,.F.,
  .F.,(2,2),(-0.866025403784,-0.),.PIECEWISE_BEZIER_KNOTS.);
#1796 = CARTESIAN_POINT('',(6.9,3.306384189623E-02,5.538053894768));
#1797 = CARTESIAN_POINT('',(6.15,5.156027018326E-03,5.970166326745));
#1798 = PCURVE('',#376,#1799);
#1799 = DEFINITIONAL_REPRESENTATION('',(#1800),#1804);
#1800 = LINE('',#1801,#1802);
#1801 = CARTESIAN_POINT('',(0.,0.));
#1802 = VECTOR('',#1803,1.);
#1803 = DIRECTION('',(1.,0.));
#1804 = ( GEOMETRIC_REPRESENTATION_CONTEXT(2) 
PARAMETRIC_REPRESENTATION_CONTEXT() REPRESENTATION_CONTEXT('2D SPACE',''
  ) );
#1805 = PCURVE('',#1461,#1806);
#1806 = DEFINITIONAL_REPRESENTATION('',(#1807),#1810);
#1807 = B_SPLINE_CURVE_WITH_KNOTS('',1,(#1808,#1809),.UNSPECIFIED.,.F.,
  .F.,(2,2),(-0.866025403784,-0.),.PIECEWISE_BEZIER_KNOTS.);
#1808 = CARTESIAN_POINT('',(-0.513012701892,0.263707661179));
#1809 = CARTESIAN_POINT('',(-8.E-02,-0.486292338821));
#1810 = ( GEOMETRIC_REPRESENTATION_CONTEXT(2) 
PARAMETRIC_REPRESENTATION_CONTEXT() REPRESENTATION_CONTEXT('2D SPACE',''
  ) );
#1811 = ORIENTED_EDGE('',*,*,#1812,.T.);
#1812 = EDGE_CURVE('',#1792,#1813,#1815,.T.);
#1813 = VERTEX_POINT('',#1814);
#1814 = CARTESIAN_POINT('',(0.416565687036,-6.135877957868,8.1));
#1815 = SURFACE_CURVE('',#1816,(#1829,#1836),.PCURVE_S1.);
#1816 = B_SPLINE_CURVE_WITH_KNOTS('',11,(#1817,#1818,#1819,#1820,#1821,
    #1822,#1823,#1824,#1825,#1826,#1827,#1828),.UNSPECIFIED.,.F.,.F.,(12
    ,12),(0.,6.878838390627),.PIECEWISE_BEZIER_KNOTS.);
#1817 = CARTESIAN_POINT('',(6.15,5.156027018326E-03,5.970166326745));
#1818 = CARTESIAN_POINT('',(6.147054884142,3.518027803554,6.224711781778
    ));
#1819 = CARTESIAN_POINT('',(3.937382133084,7.028969963568,6.479257234474
    ));
#1820 = CARTESIAN_POINT('',(-0.482305188822,8.997966812671,
    6.733802693816));
#1821 = CARTESIAN_POINT('',(-5.878674821022,7.879827374361,
    6.988348139357));
#1822 = CARTESIAN_POINT('',(-9.899168451188,3.243380257138,
    7.242893606731));
#1823 = CARTESIAN_POINT('',(-9.893716171024,-3.259974183596,
    7.49743904687));
#1824 = CARTESIAN_POINT('',(-5.865454018664,-7.889673398045,
    7.751984514363));
#1825 = CARTESIAN_POINT('',(-0.467217116684,-8.998762871632,
    8.006529959751));
#1826 = CARTESIAN_POINT('',(3.949162461563,-7.022358055117,
    8.261075419201));
#1827 = CARTESIAN_POINT('',(6.152945115839,-3.507715749529,8.51562087185
    ));
#1828 = CARTESIAN_POINT('',(6.149999999984,5.156027008447E-03,
    8.770166326895));
#1829 = PCURVE('',#376,#1830);
#1830 = DEFINITIONAL_REPRESENTATION('',(#1831),#1835);
#1831 = LINE('',#1832,#1833);
#1832 = CARTESIAN_POINT('',(-0.,0.));
#1833 = VECTOR('',#1834,1.);
#1834 = DIRECTION('',(0.,1.));
#1835 = ( GEOMETRIC_REPRESENTATION_CONTEXT(2) 
PARAMETRIC_REPRESENTATION_CONTEXT() REPRESENTATION_CONTEXT('2D SPACE',''
  ) );
#1836 = PCURVE('',#1837,#1860);
#1837 = B_SPLINE_SURFACE_WITH_KNOTS('',1,10,(
    (#1838,#1839,#1840,#1841,#1842,#1843,#1844,#1845,#1846,#1847,#1848)
    ,(#1849,#1850,#1851,#1852,#1853,#1854,#1855,#1856,#1857,#1858,#1859
    )),.UNSPECIFIED.,.F.,.F.,.F.,(2,2),(11,11),(-0.16,-0.),(0.,
    6.878838390627),.PIECEWISE_BEZIER_KNOTS.);
#1838 = CARTESIAN_POINT('',(6.15,5.156027018326E-03,5.970166326745));
#1839 = CARTESIAN_POINT('',(6.146760372557,3.869314981208,6.25016632728)
  );
#1840 = CARTESIAN_POINT('',(3.446406503712,7.73432049597,6.530166325467)
  );
#1841 = CARTESIAN_POINT('',(-1.955556554561,9.453325417511,
    6.810166329038));
#1842 = CARTESIAN_POINT('',(-8.120501027452,7.033567818056,
    7.090166324985));
#1843 = CARTESIAN_POINT('',(-11.38131212594,-9.541845954491E-03,
    7.3701663267));
#1844 = CARTESIAN_POINT('',(-8.108696039135,-7.047174025973,
    7.650166328854));
#1845 = CARTESIAN_POINT('',(-1.939702888054,-9.456591118786,
    7.93016632448));
#1846 = CARTESIAN_POINT('',(3.459370223083,-7.728530842092,
    8.210166328221));
#1847 = CARTESIAN_POINT('',(6.153239627424,-3.859002927182,
    8.490166326346));
#1848 = CARTESIAN_POINT('',(6.149999999984,5.156027008446E-03,
    8.770166326895));
#1849 = CARTESIAN_POINT('',(6.15,-5.156027018316E-03,6.129833673255));
#1850 = CARTESIAN_POINT('',(6.153239627446,3.859002927181,6.409833673791
    ));
#1851 = CARTESIAN_POINT('',(3.459370223106,7.72853084211,6.689833671974)
  );
#1852 = CARTESIAN_POINT('',(-1.939702888049,9.456591118804,
    6.969833675557));
#1853 = CARTESIAN_POINT('',(-8.108696039132,7.047174026021,7.24983367148
    ));
#1854 = CARTESIAN_POINT('',(-11.38131212599,9.541845952466E-03,
    7.529833673227));
#1855 = CARTESIAN_POINT('',(-8.120501027463,-7.033567818044,
    7.80983367535));
#1856 = CARTESIAN_POINT('',(-1.955556554597,-9.453325417542,
    8.089833670999));
#1857 = CARTESIAN_POINT('',(3.446406503716,-7.734320495991,
    8.369833674727));
#1858 = CARTESIAN_POINT('',(6.146760372564,-3.869314981229,
    8.649833672856));
#1859 = CARTESIAN_POINT('',(6.150000000016,-5.156027028214E-03,
    8.929833673405));
#1860 = DEFINITIONAL_REPRESENTATION('',(#1861),#1864);
#1861 = B_SPLINE_CURVE_WITH_KNOTS('',1,(#1862,#1863),.UNSPECIFIED.,.F.,
  .F.,(2,2),(0.,6.878838390627),.PIECEWISE_BEZIER_KNOTS.);
#1862 = CARTESIAN_POINT('',(-0.16,0.));
#1863 = CARTESIAN_POINT('',(-0.16,6.878838390627));
#1864 = ( GEOMETRIC_REPRESENTATION_CONTEXT(2) 
PARAMETRIC_REPRESENTATION_CONTEXT() REPRESENTATION_CONTEXT('2D SPACE',''
  ) );
#1865 = ORIENTED_EDGE('',*,*,#1866,.T.);
#1866 = EDGE_CURVE('',#1813,#1867,#1869,.T.);
#1867 = VERTEX_POINT('',#1868);
#1868 = CARTESIAN_POINT('',(5.955091545168,-3.485238110756,8.1));
#1869 = SURFACE_CURVE('',#1870,(#1889,#1911),.PCURVE_S1.);
#1870 = B_SPLINE_CURVE_WITH_KNOTS('',5,(#1871,#1872,#1873,#1874,#1875,
    #1876,#1877,#1878,#1879,#1880,#1881,#1882,#1883,#1884,#1885,#1886,
    #1887,#1888),.UNSPECIFIED.,.F.,.F.,(6,4,4,4,6),(0.,0.228256496165,
    0.461593139977,0.72759747018,1.),.UNSPECIFIED.);
#1871 = CARTESIAN_POINT('',(0.416565687036,-6.135877957868,8.1));
#1872 = CARTESIAN_POINT('',(0.707350275434,-6.152402061856,8.1));
#1873 = CARTESIAN_POINT('',(0.999224186759,-6.151590621636,8.1));
#1874 = CARTESIAN_POINT('',(1.290790814557,-6.133513167082,8.1));
#1875 = CARTESIAN_POINT('',(1.580714887867,-6.098401164088,8.1));
#1876 = CARTESIAN_POINT('',(2.161119925414,-5.993694162859,8.1));
#1877 = CARTESIAN_POINT('',(2.451473947808,-5.92334832039,8.1));
#1878 = CARTESIAN_POINT('',(2.737427184864,-5.835981280971,8.1));
#1879 = CARTESIAN_POINT('',(3.017718144776,-5.732132579295,8.1));
#1880 = CARTESIAN_POINT('',(3.602922327915,-5.476039387897,8.1));
#1881 = CARTESIAN_POINT('',(3.90579452082,-5.319052287962,8.1));
#1882 = CARTESIAN_POINT('',(4.198062749754,-5.142481876916,8.1));
#1883 = CARTESIAN_POINT('',(4.478195269767,-4.94749227151,8.1));
#1884 = CARTESIAN_POINT('',(5.017905594769,-4.518196386461,8.1));
#1885 = CARTESIAN_POINT('',(5.276832894405,-4.283052482202,8.1));
#1886 = CARTESIAN_POINT('',(5.52018004924,-4.031371646076,8.1));
#1887 = CARTESIAN_POINT('',(5.746742622349,-3.764691136112,8.1));
#1888 = CARTESIAN_POINT('',(5.955532393878,-3.484646878247,8.1));
#1889 = PCURVE('',#376,#1890);
#1890 = DEFINITIONAL_REPRESENTATION('',(#1891),#1910);
#1891 = B_SPLINE_CURVE_WITH_KNOTS('',5,(#1892,#1893,#1894,#1895,#1896,
    #1897,#1898,#1899,#1900,#1901,#1902,#1903,#1904,#1905,#1906,#1907,
    #1908,#1909),.UNSPECIFIED.,.F.,.F.,(6,4,4,4,6),(0.,0.228256496165,
    0.461593139977,0.72759747018,1.),.UNSPECIFIED.);
#1892 = CARTESIAN_POINT('',(0.,5.232422013126));
#1893 = CARTESIAN_POINT('',(-4.177814122823E-02,5.283634081699));
#1894 = CARTESIAN_POINT('',(-8.327150353204E-02,5.334497065382));
#1895 = CARTESIAN_POINT('',(-0.124486893039,5.385019307196));
#1896 = CARTESIAN_POINT('',(-0.165432504838,5.435210852762));
#1897 = CARTESIAN_POINT('',(-0.247701008412,5.536056417509));
#1898 = CARTESIAN_POINT('',(-0.289012623803,5.586696613985));
#1899 = CARTESIAN_POINT('',(-0.330055235664,5.637007063208));
#1900 = CARTESIAN_POINT('',(-0.370836602675,5.68699727585));
#1901 = CARTESIAN_POINT('',(-0.457561192507,5.793305156254));
#1902 = CARTESIAN_POINT('',(-0.503428593504,5.849529880858));
#1903 = CARTESIAN_POINT('',(-0.548972292418,5.905357808171));
#1904 = CARTESIAN_POINT('',(-0.59420281659,5.960801842716));
#1905 = CARTESIAN_POINT('',(-0.685131234289,6.072262817892));
#1906 = CARTESIAN_POINT('',(-0.730815212893,6.128262701471));
#1907 = CARTESIAN_POINT('',(-0.776186185887,6.183878899605));
#1908 = CARTESIAN_POINT('',(-0.82125419099,6.23912371663));
#1909 = CARTESIAN_POINT('',(-0.866025403784,6.294004722637));
#1910 = ( GEOMETRIC_REPRESENTATION_CONTEXT(2) 
PARAMETRIC_REPRESENTATION_CONTEXT() REPRESENTATION_CONTEXT('2D SPACE',''
  ) );
#1911 = PCURVE('',#1149,#1912);
#1912 = DEFINITIONAL_REPRESENTATION('',(#1913),#1932);
#1913 = B_SPLINE_CURVE_WITH_KNOTS('',5,(#1914,#1915,#1916,#1917,#1918,
    #1919,#1920,#1921,#1922,#1923,#1924,#1925,#1926,#1927,#1928,#1929,
    #1930,#1931),.UNSPECIFIED.,.F.,.F.,(6,4,4,4,6),(0.,0.228256496165,
    0.461593139977,0.72759747018,1.),.UNSPECIFIED.);
#1914 = CARTESIAN_POINT('',(0.416565687036,-6.135877957868));
#1915 = CARTESIAN_POINT('',(0.707350275434,-6.152402061856));
#1916 = CARTESIAN_POINT('',(0.999224186759,-6.151590621636));
#1917 = CARTESIAN_POINT('',(1.290790814557,-6.133513167082));
#1918 = CARTESIAN_POINT('',(1.580714887867,-6.098401164088));
#1919 = CARTESIAN_POINT('',(2.161119925414,-5.993694162859));
#1920 = CARTESIAN_POINT('',(2.451473947808,-5.92334832039));
#1921 = CARTESIAN_POINT('',(2.737427184864,-5.835981280971));
#1922 = CARTESIAN_POINT('',(3.017718144776,-5.732132579295));
#1923 = CARTESIAN_POINT('',(3.602922327915,-5.476039387897));
#1924 = CARTESIAN_POINT('',(3.90579452082,-5.319052287962));
#1925 = CARTESIAN_POINT('',(4.198062749754,-5.142481876916));
#1926 = CARTESIAN_POINT('',(4.478195269767,-4.94749227151));
#1927 = CARTESIAN_POINT('',(5.017905594769,-4.518196386461));
#1928 = CARTESIAN_POINT('',(5.276832894405,-4.283052482202));
#1929 = CARTESIAN_POINT('',(5.52018004924,-4.031371646076));
#1930 = CARTESIAN_POINT('',(5.746742622349,-3.764691136112));
#1931 = CARTESIAN_POINT('',(5.955532393878,-3.484646878247));
#1932 = ( GEOMETRIC_REPRESENTATION_CONTEXT(2) 
PARAMETRIC_REPRESENTATION_CONTEXT() REPRESENTATION_CONTEXT('2D SPACE',''
  ) );
#1933 = ORIENTED_EDGE('',*,*,#1934,.F.);
#1934 = EDGE_CURVE('',#303,#1867,#1935,.T.);
#1935 = SURFACE_CURVE('',#1936,(#2002,#2071),.PCURVE_S1.);
#1936 = B_SPLINE_CURVE_WITH_KNOTS('',8,(#1937,#1938,#1939,#1940,#1941,
    #1942,#1943,#1944,#1945,#1946,#1947,#1948,#1949,#1950,#1951,#1952,
    #1953,#1954,#1955,#1956,#1957,#1958,#1959,#1960,#1961,#1962,#1963,
    #1964,#1965,#1966,#1967,#1968,#1969,#1970,#1971,#1972,#1973,#1974,
    #1975,#1976,#1977,#1978,#1979,#1980,#1981,#1982,#1983,#1984,#1985,
    #1986,#1987,#1988,#1989,#1990,#1991,#1992,#1993,#1994,#1995,#1996,
    #1997,#1998,#1999,#2000,#2001),.UNSPECIFIED.,.F.,.F.,(9,7,7,7,7,7,7,
    7,7,9),(0.,6.987622258131E-02,0.139773698438,0.277901565504,
    0.44804979471,0.614220995347,0.755916802601,0.824066382401,
    0.939069083261,1.),.UNSPECIFIED.);
#1937 = CARTESIAN_POINT('',(3.485198546506,5.955114700107,5.9999994));
#1938 = CARTESIAN_POINT('',(3.240112884836,6.098549752977,6.018340153215
    ));
#1939 = CARTESIAN_POINT('',(2.988275933542,6.230460070856,6.036681288015
    ));
#1940 = CARTESIAN_POINT('',(2.730326877652,6.350470526976,6.055022239708
    ));
#1941 = CARTESIAN_POINT('',(2.46692365117,6.458253359372,6.073362931016)
  );
#1942 = CARTESIAN_POINT('',(2.198741579761,6.553525482366,6.091703537802
    ));
#1943 = CARTESIAN_POINT('',(1.926472735279,6.636047662737,6.110044251361
    ));
#1944 = CARTESIAN_POINT('',(1.650826002136,6.705625560575,6.128385037292
    ));
#1945 = CARTESIAN_POINT('',(1.094145062833,6.818616889926,6.165071322929
    ));
#1946 = CARTESIAN_POINT('',(0.813098250521,6.862024588535,6.183417542231
    ));
#1947 = CARTESIAN_POINT('',(0.530114228433,6.892187276211,6.201763541736
    ));
#1948 = CARTESIAN_POINT('',(0.245922248366,6.90900744725,6.220109301883)
  );
#1949 = CARTESIAN_POINT('',(-3.874642571201E-02,6.912435555313,
    6.238455046678));
#1950 = CARTESIAN_POINT('',(-0.32315886526,6.90246902436,6.256800999886)
  );
#1951 = CARTESIAN_POINT('',(-0.606580742575,6.879153259875,
    6.275147141419));
#1952 = CARTESIAN_POINT('',(-1.444949492462,6.770319638142,
    6.329747053166));
#1953 = CARTESIAN_POINT('',(-1.995066423931,6.646275586719,
    6.366011925171));
#1954 = CARTESIAN_POINT('',(-2.532760275508,6.471163514395,
    6.402271617655));
#1955 = CARTESIAN_POINT('',(-3.05251572832,6.246509923434,6.438526753328
    ));
#1956 = CARTESIAN_POINT('',(-3.549124901615,5.97449110615,6.47478201032)
  );
#1957 = CARTESIAN_POINT('',(-4.017670879232,5.657878578347,
    6.511042001779));
#1958 = CARTESIAN_POINT('',(-4.453560449949,5.300085499128,
    6.547307182834));
#1959 = CARTESIAN_POINT('',(-5.344204942391,4.419005346307,
    6.628219961345));
#1960 = CARTESIAN_POINT('',(-5.780416186273,3.876080569688,
    6.672907899054));
#1961 = CARTESIAN_POINT('',(-6.153094307177,3.28434891036,6.717578677461
    ));
#1962 = CARTESIAN_POINT('',(-6.456122752507,2.652631319274,
    6.762236911812));
#1963 = CARTESIAN_POINT('',(-6.684760855828,1.990348667673,
    6.806895053952));
#1964 = CARTESIAN_POINT('',(-6.835756902236,1.307534214592,
    6.851565542616));
#1965 = CARTESIAN_POINT('',(-6.907257382618,0.614758467323,
    6.896253392684));
#1966 = CARTESIAN_POINT('',(-6.892070252659,-0.751937317517,
    6.984526390178));
#1967 = CARTESIAN_POINT('',(-6.809031543052,-1.426778282204,
    7.028168290174));
#1968 = CARTESIAN_POINT('',(-6.650413728484,-2.0906923318,7.07179627294)
  );
#1969 = CARTESIAN_POINT('',(-6.418105573712,-2.733866662303,
    7.11541391864));
#1970 = CARTESIAN_POINT('',(-6.115274465231,-3.347000907308,
    7.159031536779));
#1971 = CARTESIAN_POINT('',(-5.746432352275,-3.921367397604,
    7.202659450251));
#1972 = CARTESIAN_POINT('',(-5.317346260866,-4.448805548987,
    7.246301315823));
#1973 = CARTESIAN_POINT('',(-4.424845301911,-5.325630348694,
    7.327106534775));
#1974 = CARTESIAN_POINT('',(-3.975448165503,-5.690140205528,
    7.364308719481));
#1975 = CARTESIAN_POINT('',(-3.491947341426,-6.01107940402,7.4015042972)
  );
#1976 = CARTESIAN_POINT('',(-2.979331818766,-6.284799159274,
    7.438694226987));
#1977 = CARTESIAN_POINT('',(-2.442940556356,-6.508364874949,
    7.475884200519));
#1978 = CARTESIAN_POINT('',(-1.888424794474,-6.679501309666,
    7.513079890632));
#1979 = CARTESIAN_POINT('',(-1.321766908453,-6.796655500345,
    7.550282168552));
#1980 = CARTESIAN_POINT('',(-0.474013761103,-6.889268108888,
    7.605359593084));
#1981 = CARTESIAN_POINT('',(-0.197311998818,-6.906716127481,
    7.623246970697));
#1982 = CARTESIAN_POINT('',(8.009139023032E-02,-6.911459798411,
    7.641134263091));
#1983 = CARTESIAN_POINT('',(0.357515214079,-6.903469658446,
    7.659021418543));
#1984 = CARTESIAN_POINT('',(0.634280274278,-6.882759594533,
    7.676908591957));
#1985 = CARTESIAN_POINT('',(0.909709589866,-6.849385964373,
    7.694795936234));
#1986 = CARTESIAN_POINT('',(1.183128707992,-6.803448434947,
    7.712683394761));
#1987 = CARTESIAN_POINT('',(1.910736584144,-6.646616720636,
    7.760755051429));
#1988 = CARTESIAN_POINT('',(2.360049141003,-6.512760352869,
    7.790943710733));
#1989 = CARTESIAN_POINT('',(2.798508588172,-6.344216274369,
    7.821130289917));
#1990 = CARTESIAN_POINT('',(3.222998201396,-6.142041461339,
    7.851314263885));
#1991 = CARTESIAN_POINT('',(3.630557969651,-5.90760352859,7.881498044462
    ));
#1992 = CARTESIAN_POINT('',(4.018380634837,-5.642561175931,
    7.911684176095));
#1993 = CARTESIAN_POINT('',(4.383825517221,-5.348878579902,
    7.941872448234));
#1994 = CARTESIAN_POINT('',(4.904920407454,-4.859328244792,
    7.988049312274));
#1995 = CARTESIAN_POINT('',(5.07843889769,-4.682379024482,8.004041999045
    ));
#1996 = CARTESIAN_POINT('',(5.244648713064,-4.498361652715,
    8.020034755923));
#1997 = CARTESIAN_POINT('',(5.40321457844,-4.307629442579,8.036027580362
    ));
#1998 = CARTESIAN_POINT('',(5.553822950695,-4.110553277682,
    8.052020574235));
#1999 = CARTESIAN_POINT('',(5.69618214156,-3.90752145239,8.068013822054)
  );
#2000 = CARTESIAN_POINT('',(5.830022440467,-3.698939512067,
    8.084007269173));
#2001 = CARTESIAN_POINT('',(5.955096237397,-3.485230093314,8.1000006));
#2002 = PCURVE('',#376,#2003);
#2003 = DEFINITIONAL_REPRESENTATION('',(#2004),#2070);
#2004 = B_SPLINE_CURVE_WITH_KNOTS('',8,(#2005,#2006,#2007,#2008,#2009,
    #2010,#2011,#2012,#2013,#2014,#2015,#2016,#2017,#2018,#2019,#2020,
    #2021,#2022,#2023,#2024,#2025,#2026,#2027,#2028,#2029,#2030,#2031,
    #2032,#2033,#2034,#2035,#2036,#2037,#2038,#2039,#2040,#2041,#2042,
    #2043,#2044,#2045,#2046,#2047,#2048,#2049,#2050,#2051,#2052,#2053,
    #2054,#2055,#2056,#2057,#2058,#2059,#2060,#2061,#2062,#2063,#2064,
    #2065,#2066,#2067,#2068,#2069),.UNSPECIFIED.,.F.,.F.,(9,7,7,7,7,7,7,
    7,7,9),(0.,6.987622258131E-02,0.139773698438,0.277901565504,
    0.44804979471,0.614220995347,0.755916802601,0.824066382401,
    0.939069083261,1.),.UNSPECIFIED.);
#2005 = CARTESIAN_POINT('',(-0.865937490301,1.134766690392));
#2006 = CARTESIAN_POINT('',(-0.865936688419,1.179823949339));
#2007 = CARTESIAN_POINT('',(-0.865935874762,1.224882131305));
#2008 = CARTESIAN_POINT('',(-0.865935130666,1.269939948692));
#2009 = CARTESIAN_POINT('',(-0.865934517887,1.314997287357));
#2010 = CARTESIAN_POINT('',(-0.865934070495,1.360054621106));
#2011 = CARTESIAN_POINT('',(-0.86593379343,1.405112425955));
#2012 = CARTESIAN_POINT('',(-0.865933667728,1.450170594146));
#2013 = CARTESIAN_POINT('',(-0.865933657104,1.540298806142));
#2014 = CARTESIAN_POINT('',(-0.865933772017,1.585370617595));
#2015 = CARTESIAN_POINT('',(-0.865933975875,1.630441998096));
#2016 = CARTESIAN_POINT('',(-0.865934222466,1.675512842944));
#2017 = CARTESIAN_POINT('',(-0.865934461464,1.720583640766));
#2018 = CARTESIAN_POINT('',(-0.865934647008,1.765654885079));
#2019 = CARTESIAN_POINT('',(-0.865934744056,1.810726483576));
#2020 = CARTESIAN_POINT('',(-0.865934709653,1.944863573209));
#2021 = CARTESIAN_POINT('',(-0.865934262279,2.033955951163));
#2022 = CARTESIAN_POINT('',(-0.865933233311,2.123034891519));
#2023 = CARTESIAN_POINT('',(-0.865931676933,2.212101990524));
#2024 = CARTESIAN_POINT('',(-0.865929960436,2.301169191304));
#2025 = CARTESIAN_POINT('',(-0.865928556268,2.390248406236));
#2026 = CARTESIAN_POINT('',(-0.865927783349,2.479341144386));
#2027 = CARTESIAN_POINT('',(-0.865927724014,2.678121759907));
#2028 = CARTESIAN_POINT('',(-0.86592882402,2.787909215988));
#2029 = CARTESIAN_POINT('',(-0.865931270726,2.89765616713));
#2030 = CARTESIAN_POINT('',(-0.865934818002,3.007373650027));
#2031 = CARTESIAN_POINT('',(-0.86593851027,3.117091084121));
#2032 = CARTESIAN_POINT('',(-0.865941267505,3.226837704092));
#2033 = CARTESIAN_POINT('',(-0.865942597122,3.336625226323));
#2034 = CARTESIAN_POINT('',(-0.865942443636,3.553487782471));
#2035 = CARTESIAN_POINT('',(-0.86594102552,3.660702321676));
#2036 = CARTESIAN_POINT('',(-0.865938284487,3.767881048388));
#2037 = CARTESIAN_POINT('',(-0.865934707916,3.875033355534));
#2038 = CARTESIAN_POINT('',(-0.865931289538,3.982185788878));
#2039 = CARTESIAN_POINT('',(-0.865928900766,4.08936477716));
#2040 = CARTESIAN_POINT('',(-0.865927784002,4.196579601197));
#2041 = CARTESIAN_POINT('',(-0.865927733277,4.39509598269));
#2042 = CARTESIAN_POINT('',(-0.86592850185,4.48649257352));
#2043 = CARTESIAN_POINT('',(-0.865929948642,4.577873764147));
#2044 = CARTESIAN_POINT('',(-0.865931731846,4.669241491718));
#2045 = CARTESIAN_POINT('',(-0.865933332755,4.760609103299));
#2046 = CARTESIAN_POINT('',(-0.86593435424,4.8519900487));
#2047 = CARTESIAN_POINT('',(-0.865934758033,4.943386421381));
#2048 = CARTESIAN_POINT('',(-0.865934719964,5.078696625545));
#2049 = CARTESIAN_POINT('',(-0.865934608347,5.122640910093));
#2050 = CARTESIAN_POINT('',(-0.865934418232,5.166584889056));
#2051 = CARTESIAN_POINT('',(-0.865934183509,5.21052847691));
#2052 = CARTESIAN_POINT('',(-0.865933947236,5.254472106991));
#2053 = CARTESIAN_POINT('',(-0.865933755854,5.298416211865));
#2054 = CARTESIAN_POINT('',(-0.86593365157,5.342360704184));
#2055 = CARTESIAN_POINT('',(-0.865933682072,5.460459726355));
#2056 = CARTESIAN_POINT('',(-0.865934032947,5.534625480955));
#2057 = CARTESIAN_POINT('',(-0.865934843403,5.608786688625));
#2058 = CARTESIAN_POINT('',(-0.865936170986,5.682942129888));
#2059 = CARTESIAN_POINT('',(-0.865937827487,5.75709749923));
#2060 = CARTESIAN_POINT('',(-0.865939368094,5.831258502417));
#2061 = CARTESIAN_POINT('',(-0.865940245147,5.90542395085));
#2062 = CARTESIAN_POINT('',(-0.865940063617,6.018867723015));
#2063 = CARTESIAN_POINT('',(-0.865939722614,6.058156986342));
#2064 = CARTESIAN_POINT('',(-0.865939050893,6.097446016505));
#2065 = CARTESIAN_POINT('',(-0.865938017813,6.136734769688));
#2066 = CARTESIAN_POINT('',(-0.865936622725,6.176023495376));
#2067 = CARTESIAN_POINT('',(-0.865934903024,6.215312447024));
#2068 = CARTESIAN_POINT('',(-0.865932942195,6.254601592718));
#2069 = CARTESIAN_POINT('',(-0.865930877865,6.293890325844));
#2070 = ( GEOMETRIC_REPRESENTATION_CONTEXT(2) 
PARAMETRIC_REPRESENTATION_CONTEXT() REPRESENTATION_CONTEXT('2D SPACE',''
  ) );
#2071 = PCURVE('',#319,#2072);
#2072 = DEFINITIONAL_REPRESENTATION('',(#2073),#2139);
#2073 = B_SPLINE_CURVE_WITH_KNOTS('',8,(#2074,#2075,#2076,#2077,#2078,
    #2079,#2080,#2081,#2082,#2083,#2084,#2085,#2086,#2087,#2088,#2089,
    #2090,#2091,#2092,#2093,#2094,#2095,#2096,#2097,#2098,#2099,#2100,
    #2101,#2102,#2103,#2104,#2105,#2106,#2107,#2108,#2109,#2110,#2111,
    #2112,#2113,#2114,#2115,#2116,#2117,#2118,#2119,#2120,#2121,#2122,
    #2123,#2124,#2125,#2126,#2127,#2128,#2129,#2130,#2131,#2132,#2133,
    #2134,#2135,#2136,#2137,#2138),.UNSPECIFIED.,.F.,.F.,(9,7,7,7,7,7,7,
    7,7,9),(2.857416287913E-07,6.987622258131E-02,0.139773698438,
    0.277901565504,0.44804979471,0.614220995347,0.755916802601,
    0.824066382401,0.939069083261,0.999999714267),.UNSPECIFIED.);
#2074 = CARTESIAN_POINT('',(1.041298409921,5.59042684865E-16));
#2075 = CARTESIAN_POINT('',(1.082453731344,1.834067822595E-02));
#2076 = CARTESIAN_POINT('',(1.123609860613,3.668173802021E-02));
#2077 = CARTESIAN_POINT('',(1.16476563348,5.502261470649E-02));
#2078 = CARTESIAN_POINT('',(1.205920959793,7.336323101376E-02));
#2079 = CARTESIAN_POINT('',(1.247076286667,9.170376280162E-02));
#2080 = CARTESIAN_POINT('',(1.288232061808,0.110044401361));
#2081 = CARTESIAN_POINT('',(1.329388196984,0.12838511229));
#2082 = CARTESIAN_POINT('',(1.411711552322,0.165071322929));
#2083 = CARTESIAN_POINT('',(1.452880387107,0.183417542231));
#2084 = CARTESIAN_POINT('',(1.49404886979,0.201763541736));
#2085 = CARTESIAN_POINT('',(1.535216908067,0.220109301883));
#2086 = CARTESIAN_POINT('',(1.576384947918,0.238455046678));
#2087 = CARTESIAN_POINT('',(1.617553436418,0.256800999886));
#2088 = CARTESIAN_POINT('',(1.658722282964,0.275147141419));
#2089 = CARTESIAN_POINT('',(1.781244515643,0.329747053166));
#2090 = CARTESIAN_POINT('',(1.862622538681,0.366011925171));
#2091 = CARTESIAN_POINT('',(1.943988335176,0.402271617655));
#2092 = CARTESIAN_POINT('',(2.025343280584,0.438526753328));
#2093 = CARTESIAN_POINT('',(2.106698218189,0.47478201032));
#2094 = CARTESIAN_POINT('',(2.188064003725,0.511042001779));
#2095 = CARTESIAN_POINT('',(2.269442031822,0.547307182834));
#2096 = CARTESIAN_POINT('',(2.451009678978,0.628219961345));
#2097 = CARTESIAN_POINT('',(2.551290213356,0.672907899054));
#2098 = CARTESIAN_POINT('',(2.651533689453,0.717578677461));
#2099 = CARTESIAN_POINT('',(2.751750287588,0.762236911812));
#2100 = CARTESIAN_POINT('',(2.851966965934,0.806895053952));
#2101 = CARTESIAN_POINT('',(2.952210411349,0.851565542616));
#2102 = CARTESIAN_POINT('',(3.052491265461,0.896253392684));
#2103 = CARTESIAN_POINT('',(3.250575347227,0.984526390178));
#2104 = CARTESIAN_POINT('',(3.348506000585,1.028168290174));
#2105 = CARTESIAN_POINT('',(3.446403881739,1.07179627294));
#2106 = CARTESIAN_POINT('',(3.544277520814,1.11541391864));
#2107 = CARTESIAN_POINT('',(3.642151161567,1.159031536779));
#2108 = CARTESIAN_POINT('',(3.740049029916,1.202659450251));
#2109 = CARTESIAN_POINT('',(3.837979696509,1.246301315823));
#2110 = CARTESIAN_POINT('',(4.019305978568,1.327106534775));
#2111 = CARTESIAN_POINT('',(4.102788365557,1.364308719481));
#2112 = CARTESIAN_POINT('',(4.18625680651,1.4015042972));
#2113 = CARTESIAN_POINT('',(4.269713087043,1.438694226987));
#2114 = CARTESIAN_POINT('',(4.353169366806,1.475884200519));
#2115 = CARTESIAN_POINT('',(4.436637855014,1.513079890632));
#2116 = CARTESIAN_POINT('',(4.520120373125,1.550282168552));
#2117 = CARTESIAN_POINT('',(4.643714121774,1.605359593084));
#2118 = CARTESIAN_POINT('',(4.683853260766,1.623246970697));
#2119 = CARTESIAN_POINT('',(4.723992086178,1.641134263091));
#2120 = CARTESIAN_POINT('',(4.764130514662,1.659021418543));
#2121 = CARTESIAN_POINT('',(4.804268939276,1.676908591957));
#2122 = CARTESIAN_POINT('',(4.844407755496,1.694795936234));
#2123 = CARTESIAN_POINT('',(4.884546887177,1.712683394761));
#2124 = CARTESIAN_POINT('',(4.992419073058,1.760755051429));
#2125 = CARTESIAN_POINT('',(5.060162321811,1.790943710733));
#2126 = CARTESIAN_POINT('',(5.127901356098,1.821130289917));
#2127 = CARTESIAN_POINT('',(5.195635121374,1.851314263885));
#2128 = CARTESIAN_POINT('',(5.263368889885,1.881498044462));
#2129 = CARTESIAN_POINT('',(5.331107935379,1.911684176095));
#2130 = CARTESIAN_POINT('',(5.398851203861,1.941872448234));
#2131 = CARTESIAN_POINT('',(5.502471630982,1.988049237278));
#2132 = CARTESIAN_POINT('',(5.538358680472,2.004041849051));
#2133 = CARTESIAN_POINT('',(5.574245554574,2.020034530931));
#2134 = CARTESIAN_POINT('',(5.610132206764,2.036027280371));
#2135 = CARTESIAN_POINT('',(5.646018855114,2.052020199243));
#2136 = CARTESIAN_POINT('',(5.681905719116,2.068013372057));
#2137 = CARTESIAN_POINT('',(5.717792756525,2.084006744169));
#2138 = CARTESIAN_POINT('',(5.753679400188,2.1));
#2139 = ( GEOMETRIC_REPRESENTATION_CONTEXT(2) 
PARAMETRIC_REPRESENTATION_CONTEXT() REPRESENTATION_CONTEXT('2D SPACE',''
  ) );
#2140 = ORIENTED_EDGE('',*,*,#330,.T.);
#2141 = ADVANCED_FACE('',(#2142),#319,.T.);
#2142 = FACE_BOUND('',#2143,.T.);
#2143 = EDGE_LOOP('',(#2144,#2423,#2449,#2450,#2451,#2478));
#2144 = ORIENTED_EDGE('',*,*,#2145,.T.);
#2145 = EDGE_CURVE('',#2146,#2148,#2150,.T.);
#2146 = VERTEX_POINT('',#2147);
#2147 = CARTESIAN_POINT('',(-6.899920794998,3.306089464484E-02,
    6.561900471277));
#2148 = VERTEX_POINT('',#2149);
#2149 = CARTESIAN_POINT('',(6.581338203496,2.07267639809,8.1));
#2150 = SURFACE_CURVE('',#2151,(#2208,#2303),.PCURVE_S1.);
#2151 = B_SPLINE_CURVE_WITH_KNOTS('',8,(#2152,#2153,#2154,#2155,#2156,
    #2157,#2158,#2159,#2160,#2161,#2162,#2163,#2164,#2165,#2166,#2167,
    #2168,#2169,#2170,#2171,#2172,#2173,#2174,#2175,#2176,#2177,#2178,
    #2179,#2180,#2181,#2182,#2183,#2184,#2185,#2186,#2187,#2188,#2189,
    #2190,#2191,#2192,#2193,#2194,#2195,#2196,#2197,#2198,#2199,#2200,
    #2201,#2202,#2203,#2204,#2205,#2206,#2207),.UNSPECIFIED.,.F.,.F.,(9,
    7,7,7,7,7,7,5,9),(0.,9.143763302701E-02,0.26337073293,0.295350995739
    ,0.53471423103,0.749663646636,0.940753818876,1.,1.096977428432),
  .UNSPECIFIED.);
#2152 = CARTESIAN_POINT('',(-6.899920794998,3.306089464485E-02,
    6.561900471277));
#2153 = CARTESIAN_POINT('',(-6.901109619065,-0.215050718398,
    6.577924848097));
#2154 = CARTESIAN_POINT('',(-6.89210197467,-0.463214092809,
    6.593948176199));
#2155 = CARTESIAN_POINT('',(-6.872895708428,-0.710936300441,
    6.609971040956));
#2156 = CARTESIAN_POINT('',(-6.843516635499,-0.95772796531,
    6.625993923737));
#2157 = CARTESIAN_POINT('',(-6.8040185041,-1.203103452166,6.642017166196
    ));
#2158 = CARTESIAN_POINT('',(-6.754482960029,-1.446581055053,
    6.658040934567));
#2159 = CARTESIAN_POINT('',(-6.695019511171,-1.687683185884,
    6.674065183953));
#2160 = CARTESIAN_POINT('',(-6.495544949358,-2.373931992614,
    6.720220886114));
#2161 = CARTESIAN_POINT('',(-6.330687775459,-2.811928068546,
    6.750357630388));
#2162 = CARTESIAN_POINT('',(-6.132112578788,-3.236704265647,
    6.780493356997));
#2163 = CARTESIAN_POINT('',(-5.90108606084,-3.645242057206,
    6.810626778578));
#2164 = CARTESIAN_POINT('',(-5.639171698348,-4.034699755604,
    6.840759614653));
#2165 = CARTESIAN_POINT('',(-5.34821072396,-4.402407250687,
    6.870894041063));
#2166 = CARTESIAN_POINT('',(-5.03033540537,-4.745880645858,
    6.901029793045));
#2167 = CARTESIAN_POINT('',(-4.624341551282,-5.121815657061,
    6.936765435689));
#2168 = CARTESIAN_POINT('',(-4.559821017337,-5.179859373175,
    6.942369937529));
#2169 = CARTESIAN_POINT('',(-4.494468391476,-5.236973706573,
    6.947974427869));
#2170 = CARTESIAN_POINT('',(-4.428299313625,-5.293144747704,
    6.953578907229));
#2171 = CARTESIAN_POINT('',(-4.36132969325,-5.348358911132,
    6.959183376246));
#2172 = CARTESIAN_POINT('',(-4.293575709356,-5.402602935537,
    6.964787835679));
#2173 = CARTESIAN_POINT('',(-4.225053810484,-5.455863883712,
    6.970392286404));
#2174 = CARTESIAN_POINT('',(-3.637291156951,-5.899319844377,
    7.017944402556));
#2175 = CARTESIAN_POINT('',(-3.076445738675,-6.234936996729,
    7.059913670773));
#2176 = CARTESIAN_POINT('',(-2.480589001309,-6.509279396319,
    7.101871226929));
#2177 = CARTESIAN_POINT('',(-1.857617220122,-6.718277024626,
    7.143820349162));
#2178 = CARTESIAN_POINT('',(-1.215768724291,-6.859004749073,
    7.185770001795));
#2179 = CARTESIAN_POINT('',(-0.563614341823,-6.929739975682,
    7.227728837846));
#2180 = CARTESIAN_POINT('',(8.998048208737E-02,-6.929918120857,
    7.269699316533));
#2181 = CARTESIAN_POINT('',(1.315722419446,-6.798460805982,
    7.349317176538));
#2182 = CARTESIAN_POINT('',(1.889847520581,-6.680216731701,
    7.386999401516));
#2183 = CARTESIAN_POINT('',(2.45154082724,-6.506572069075,7.424674635153
    ));
#2184 = CARTESIAN_POINT('',(2.994583846072,-6.279141741934,7.46234383505
    ));
#2185 = CARTESIAN_POINT('',(3.513108355585,-6.000300176231,7.5000129938)
  );
#2186 = CARTESIAN_POINT('',(4.001575886496,-5.67311296051,7.537688155514
    ));
#2187 = CARTESIAN_POINT('',(4.454817479646,-5.301395616454,
    7.575370388657));
#2188 = CARTESIAN_POINT('',(5.235627330892,-4.524054544102,7.64652868096
    ));
#2189 = CARTESIAN_POINT('',(5.571751613735,-4.126584684086,
    7.680024564632));
#2190 = CARTESIAN_POINT('',(5.873232173044,-3.700721830782,
    7.713517689184));
#2191 = CARTESIAN_POINT('',(6.137313395158,-3.250024577508,
    7.747007206835));
#2192 = CARTESIAN_POINT('',(6.361698815963,-2.778306372189,
    7.780496893774));
#2193 = CARTESIAN_POINT('',(6.544524731232,-2.289609817402,
    7.813990481818));
#2194 = CARTESIAN_POINT('',(6.684396271741,-1.788214055984,7.84748700855
    ));
#2195 = CARTESIAN_POINT('',(6.810277878569,-1.120696270847,
    7.891359272868));
#2196 = CARTESIAN_POINT('',(6.835863275548,-0.961923687288,
    7.901742336912));
#2197 = CARTESIAN_POINT('',(6.857217418542,-0.802488649482,
    7.912125373407));
#2198 = CARTESIAN_POINT('',(6.874320530881,-0.642522784302,
    7.922508377945));
#2199 = CARTESIAN_POINT('',(6.887157774743,-0.482158187556,
    7.932891346374));
#2200 = CARTESIAN_POINT('',(6.909733149613,-5.859809954829E-02,
    7.960269626725));
#2201 = CARTESIAN_POINT('',(6.902544591545,0.365886172884,7.987647567853
    ));
#2202 = CARTESIAN_POINT('',(6.865591462171,0.788862523145,8.015025681207
    ));
#2203 = CARTESIAN_POINT('',(6.831218871248,1.050259623086,8.0320205958)
  );
#2204 = CARTESIAN_POINT('',(6.785483520776,1.309909769125,8.049015430616
    ));
#2205 = CARTESIAN_POINT('',(6.728491551819,1.567239871537,8.066010333589
    ));
#2206 = CARTESIAN_POINT('',(6.660384290688,1.821682545968,8.08300529738)
  );
#2207 = CARTESIAN_POINT('',(6.581338203496,2.07267639809,8.1));
#2208 = PCURVE('',#319,#2209);
#2209 = DEFINITIONAL_REPRESENTATION('',(#2210),#2302);
#2210 = B_SPLINE_CURVE_WITH_KNOTS('',3,(#2211,#2212,#2213,#2214,#2215,
    #2216,#2217,#2218,#2219,#2220,#2221,#2222,#2223,#2224,#2225,#2226,
    #2227,#2228,#2229,#2230,#2231,#2232,#2233,#2234,#2235,#2236,#2237,
    #2238,#2239,#2240,#2241,#2242,#2243,#2244,#2245,#2246,#2247,#2248,
    #2249,#2250,#2251,#2252,#2253,#2254,#2255,#2256,#2257,#2258,#2259,
    #2260,#2261,#2262,#2263,#2264,#2265,#2266,#2267,#2268,#2269,#2270,
    #2271,#2272,#2273,#2274,#2275,#2276,#2277,#2278,#2279,#2280,#2281,
    #2282,#2283,#2284,#2285,#2286,#2287,#2288,#2289,#2290,#2291,#2292,
    #2293,#2294,#2295,#2296,#2297,#2298,#2299,#2300,#2301),
  .UNSPECIFIED.,.F.,.F.,(4,1,1,1,1,1,1,1,1,1,1,1,1,1,1,1,1,1,1,1,1,1,1,1
    ,1,1,1,1,1,1,1,1,1,1,1,1,1,1,1,1,1,1,1,1,1,1,1,1,1,1,1,1,1,1,1,1,1,1
    ,1,1,1,1,1,1,1,1,1,1,1,1,1,1,1,1,1,1,1,1,1,1,1,1,1,1,1,1,1,1,4),(0.,
    1.246565259582E-02,2.493130519165E-02,3.739695778747E-02,
    4.986261038329E-02,6.232826297911E-02,7.479391557494E-02,
    8.725956817076E-02,9.972522076658E-02,0.112190873362,0.124656525958,
    0.137122178554,0.14958783115,0.162053483746,0.174519136342,
    0.186984788937,0.199450441533,0.211916094129,0.224381746725,
    0.236847399321,0.249313051916,0.261778704512,0.274244357108,
    0.286710009704,0.2991756623,0.311641314896,0.324106967491,
    0.336572620087,0.349038272683,0.361503925279,0.373969577875,
    0.386435230471,0.398900883066,0.411366535662,0.423832188258,
    0.436297840854,0.44876349345,0.461229146045,0.473694798641,
    0.486160451237,0.498626103833,0.511091756429,0.523557409025,
    0.53602306162,0.548488714216,0.560954366812,0.573420019408,
    0.585885672004,0.598351324599,0.610816977195,0.623282629791,
    0.635748282387,0.648213934983,0.660679587579,0.673145240174,
    0.68561089277,0.698076545366,0.710542197962,0.723007850558,
    0.735473503154,0.747939155749,0.760404808345,0.772870460941,
    0.785336113537,0.797801766133,0.810267418728,0.822733071324,
    0.83519872392,0.847664376516,0.860130029112,0.872595681708,
    0.885061334303,0.897526986899,0.909992639495,0.922458292091,
    0.934923944687,0.947389597283,0.959855249878,0.972320902474,
    0.98478655507,0.997252207666,1.009717860262,1.022183512857,
    1.034649165453,1.047114818049,1.059580470645,1.072046123241,
    1.084511775837,1.096977428432),.QUASI_UNIFORM_KNOTS.);
#2211 = CARTESIAN_POINT('',(3.13680120125,0.561900471277));
#2212 = CARTESIAN_POINT('',(3.149873812348,0.567726055242));
#2213 = CARTESIAN_POINT('',(3.176019112382,0.579376882417));
#2214 = CARTESIAN_POINT('',(3.215237170016,0.59685248677));
#2215 = CARTESIAN_POINT('',(3.254455145578,0.614327871937));
#2216 = CARTESIAN_POINT('',(3.293673072474,0.631803345356));
#2217 = CARTESIAN_POINT('',(3.332891015587,0.649279124506));
#2218 = CARTESIAN_POINT('',(3.372109045335,0.666755330947));
#2219 = CARTESIAN_POINT('',(3.411327020349,0.68423192652));
#2220 = CARTESIAN_POINT('',(3.450544974026,0.701708906716));
#2221 = CARTESIAN_POINT('',(3.489765224443,0.719187248486));
#2222 = CARTESIAN_POINT('',(3.528985864427,0.736666042604));
#2223 = CARTESIAN_POINT('',(3.568206439092,0.754145001698));
#2224 = CARTESIAN_POINT('',(3.607426592272,0.771623882212));
#2225 = CARTESIAN_POINT('',(3.646646304635,0.789102597857));
#2226 = CARTESIAN_POINT('',(3.68586571642,0.806581146516));
#2227 = CARTESIAN_POINT('',(3.725085069382,0.824059585779));
#2228 = CARTESIAN_POINT('',(3.764304622207,0.841537994418));
#2229 = CARTESIAN_POINT('',(3.803524572323,0.859016435381));
#2230 = CARTESIAN_POINT('',(3.842744982186,0.876494920677));
#2231 = CARTESIAN_POINT('',(3.881965668836,0.893973361118));
#2232 = CARTESIAN_POINT('',(3.921186207753,0.91145156862));
#2233 = CARTESIAN_POINT('',(3.960405473142,0.928929057357));
#2234 = CARTESIAN_POINT('',(3.999622861298,0.946405590838));
#2235 = CARTESIAN_POINT('',(4.038841021617,0.963882366573));
#2236 = CARTESIAN_POINT('',(4.0780579499,0.981358515507));
#2237 = CARTESIAN_POINT('',(4.117281042592,0.998837361769));
#2238 = CARTESIAN_POINT('',(4.156507697055,1.016317772395));
#2239 = CARTESIAN_POINT('',(4.195735821207,1.033798837613));
#2240 = CARTESIAN_POINT('',(4.234964068849,1.051279976466));
#2241 = CARTESIAN_POINT('',(4.274191612539,1.068760836024));
#2242 = CARTESIAN_POINT('',(4.313418062051,1.086241254521));
#2243 = CARTESIAN_POINT('',(4.352643360841,1.103721214685));
#2244 = CARTESIAN_POINT('',(4.391867701382,1.121200805697));
#2245 = CARTESIAN_POINT('',(4.431091444937,1.138680187523));
#2246 = CARTESIAN_POINT('',(4.470315046618,1.156159558015));
#2247 = CARTESIAN_POINT('',(4.509538982642,1.173639121272));
#2248 = CARTESIAN_POINT('',(4.548763678752,1.191119056668));
#2249 = CARTESIAN_POINT('',(4.587989435178,1.20859948628));
#2250 = CARTESIAN_POINT('',(4.627216356099,1.226080444145));
#2251 = CARTESIAN_POINT('',(4.666444244347,1.243561829774));
#2252 = CARTESIAN_POINT('',(4.705672597263,1.261043406545));
#2253 = CARTESIAN_POINT('',(4.744900184543,1.278524613934));
#2254 = CARTESIAN_POINT('',(4.784126131755,1.296005050929));
#2255 = CARTESIAN_POINT('',(4.823345314299,1.313482426143));
#2256 = CARTESIAN_POINT('',(4.862565324174,1.330960119594));
#2257 = CARTESIAN_POINT('',(4.901789158239,1.348439461136));
#2258 = CARTESIAN_POINT('',(4.941013733105,1.365919076589));
#2259 = CARTESIAN_POINT('',(4.980238365879,1.383398664084));
#2260 = CARTESIAN_POINT('',(5.019462356405,1.40087791663));
#2261 = CARTESIAN_POINT('',(5.058685504013,1.418356751993));
#2262 = CARTESIAN_POINT('',(5.097907850211,1.435835197856));
#2263 = CARTESIAN_POINT('',(5.137129638726,1.453313373726));
#2264 = CARTESIAN_POINT('',(5.176351224701,1.470791450093));
#2265 = CARTESIAN_POINT('',(5.215573002441,1.488269615765));
#2266 = CARTESIAN_POINT('',(5.254795329583,1.505748043569));
#2267 = CARTESIAN_POINT('',(5.294018453653,1.523226857107));
#2268 = CARTESIAN_POINT('',(5.333242426019,1.540706092001));
#2269 = CARTESIAN_POINT('',(5.372467044052,1.558185669619));
#2270 = CARTESIAN_POINT('',(5.411691660463,1.57566531223));
#2271 = CARTESIAN_POINT('',(5.450915451051,1.593144660211));
#2272 = CARTESIAN_POINT('',(5.490135925684,1.610622614244));
#2273 = CARTESIAN_POINT('',(5.529353942043,1.628099544527));
#2274 = CARTESIAN_POINT('',(5.568575677736,1.645578215268));
#2275 = CARTESIAN_POINT('',(5.607797726976,1.663057127265));
#2276 = CARTESIAN_POINT('',(5.647019806172,1.680536142153));
#2277 = CARTESIAN_POINT('',(5.686241347161,1.698014991199));
#2278 = CARTESIAN_POINT('',(5.725462280467,1.715493627809));
#2279 = CARTESIAN_POINT('',(5.764682708577,1.732972086048));
#2280 = CARTESIAN_POINT('',(5.803902886465,1.750450471552));
#2281 = CARTESIAN_POINT('',(5.843123126626,1.767928917045));
#2282 = CARTESIAN_POINT('',(5.882343727371,1.785407547204));
#2283 = CARTESIAN_POINT('',(5.921564896445,1.80288644171));
#2284 = CARTESIAN_POINT('',(5.960786666908,1.820365596365));
#2285 = CARTESIAN_POINT('',(6.000008829544,1.837844893951));
#2286 = CARTESIAN_POINT('',(6.039230772288,1.855324038219));
#2287 = CARTESIAN_POINT('',(6.07845162596,1.872802625771));
#2288 = CARTESIAN_POINT('',(6.117669215368,1.890279703436));
#2289 = CARTESIAN_POINT('',(6.156887111992,1.907756834958));
#2290 = CARTESIAN_POINT('',(6.196104905241,1.925233856331));
#2291 = CARTESIAN_POINT('',(6.23532272572,1.942710795504));
#2292 = CARTESIAN_POINT('',(6.27454056295,1.96018763052));
#2293 = CARTESIAN_POINT('',(6.313758476457,1.977664400791));
#2294 = CARTESIAN_POINT('',(6.352976514559,1.995141142848));
#2295 = CARTESIAN_POINT('',(6.392194552445,2.01261780131));
#2296 = CARTESIAN_POINT('',(6.431412536694,2.030094355026));
#2297 = CARTESIAN_POINT('',(6.470630508234,2.047570828978));
#2298 = CARTESIAN_POINT('',(6.509848537485,2.065047265307));
#2299 = CARTESIAN_POINT('',(6.549066654333,2.082523690672));
#2300 = CARTESIAN_POINT('',(6.575211981418,2.094174579413));
#2301 = CARTESIAN_POINT('',(6.588284599893,2.1));
#2302 = ( GEOMETRIC_REPRESENTATION_CONTEXT(2) 
PARAMETRIC_REPRESENTATION_CONTEXT() REPRESENTATION_CONTEXT('2D SPACE',''
  ) );
#2303 = PCURVE('',#2304,#2329);
#2304 = B_SPLINE_SURFACE_WITH_KNOTS('',1,11,(
    (#2305,#2306,#2307,#2308,#2309,#2310,#2311,#2312,#2313,#2314,#2315
      ,#2316)
    ,(#2317,#2318,#2319,#2320,#2321,#2322,#2323,#2324,#2325,#2326,#2327
      ,#2328
    )),.UNSPECIFIED.,.F.,.F.,.F.,(2,2),(12,12),(-0.866025403784,-0.),(0.
    ,6.878838390627),.PIECEWISE_BEZIER_KNOTS.);
#2305 = CARTESIAN_POINT('',(-6.15,5.156027018322E-03,6.129833673255));
#2306 = CARTESIAN_POINT('',(-6.152945115859,-3.507715749527,
    6.384379128288));
#2307 = CARTESIAN_POINT('',(-3.949162461588,-7.022358055132,
    6.638924580982));
#2308 = CARTESIAN_POINT('',(0.467217116674,-8.99876287165,6.89347004033)
  );
#2309 = CARTESIAN_POINT('',(5.865454018667,-7.889673398081,
    7.148015485864));
#2310 = CARTESIAN_POINT('',(9.893716171036,-3.259974183617,
    7.402560953241));
#2311 = CARTESIAN_POINT('',(9.899168451234,3.243380257133,7.657106393386
    ));
#2312 = CARTESIAN_POINT('',(5.878674821035,7.879827374366,7.911651860863
    ));
#2313 = CARTESIAN_POINT('',(0.482305188847,8.997966812699,8.166197306268
    ));
#2314 = CARTESIAN_POINT('',(-3.937382133087,7.02896996359,8.420742765708
    ));
#2315 = CARTESIAN_POINT('',(-6.147054884151,3.518027803574,
    8.675288218361));
#2316 = CARTESIAN_POINT('',(-6.150000000016,5.156027028205E-03,
    8.929833673405));
#2317 = CARTESIAN_POINT('',(-6.9,3.306384189622E-02,6.561946105232));
#2318 = CARTESIAN_POINT('',(-6.91888602305,-3.908206941726,
    6.816491559779));
#2319 = CARTESIAN_POINT('',(-4.461930776383,-7.861252292912,
    7.071037014313));
#2320 = CARTESIAN_POINT('',(0.484281525467,-10.0982789947,7.325582468889
    ));
#2321 = CARTESIAN_POINT('',(6.545779589304,-8.877874595975,
    7.580127923385));
#2322 = CARTESIAN_POINT('',(11.085843713996,-3.701429245668,
    7.834673377982));
#2323 = CARTESIAN_POINT('',(11.120807326334,3.595018057495,
    8.089218832497));
#2324 = CARTESIAN_POINT('',(6.630560083578,8.814735405711,8.343764287044
    ));
#2325 = CARTESIAN_POINT('',(0.581036183751,10.093174140259,
    8.598309741604));
#2326 = CARTESIAN_POINT('',(-4.386387549535,7.903652205671,
    8.852855196136));
#2327 = CARTESIAN_POINT('',(-6.881113977046,3.974334625519,
    9.107400650687));
#2328 = CARTESIAN_POINT('',(-6.900000000103,3.306384189627E-02,
    9.361946105232));
#2329 = DEFINITIONAL_REPRESENTATION('',(#2330),#2422);
#2330 = B_SPLINE_CURVE_WITH_KNOTS('',3,(#2331,#2332,#2333,#2334,#2335,
    #2336,#2337,#2338,#2339,#2340,#2341,#2342,#2343,#2344,#2345,#2346,
    #2347,#2348,#2349,#2350,#2351,#2352,#2353,#2354,#2355,#2356,#2357,
    #2358,#2359,#2360,#2361,#2362,#2363,#2364,#2365,#2366,#2367,#2368,
    #2369,#2370,#2371,#2372,#2373,#2374,#2375,#2376,#2377,#2378,#2379,
    #2380,#2381,#2382,#2383,#2384,#2385,#2386,#2387,#2388,#2389,#2390,
    #2391,#2392,#2393,#2394,#2395,#2396,#2397,#2398,#2399,#2400,#2401,
    #2402,#2403,#2404,#2405,#2406,#2407,#2408,#2409,#2410,#2411,#2412,
    #2413,#2414,#2415,#2416,#2417,#2418,#2419,#2420,#2421),
  .UNSPECIFIED.,.F.,.F.,(4,1,1,1,1,1,1,1,1,1,1,1,1,1,1,1,1,1,1,1,1,1,1,1
    ,1,1,1,1,1,1,1,1,1,1,1,1,1,1,1,1,1,1,1,1,1,1,1,1,1,1,1,1,1,1,1,1,1,1
    ,1,1,1,1,1,1,1,1,1,1,1,1,1,1,1,1,1,1,1,1,1,1,1,1,1,1,1,1,1,1,4),(0.,
    1.246565259582E-02,2.493130519165E-02,3.739695778747E-02,
    4.986261038329E-02,6.232826297911E-02,7.479391557494E-02,
    8.725956817076E-02,9.972522076658E-02,0.112190873362,0.124656525958,
    0.137122178554,0.14958783115,0.162053483746,0.174519136342,
    0.186984788937,0.199450441533,0.211916094129,0.224381746725,
    0.236847399321,0.249313051916,0.261778704512,0.274244357108,
    0.286710009704,0.2991756623,0.311641314896,0.324106967491,
    0.336572620087,0.349038272683,0.361503925279,0.373969577875,
    0.386435230471,0.398900883066,0.411366535662,0.423832188258,
    0.436297840854,0.44876349345,0.461229146045,0.473694798641,
    0.486160451237,0.498626103833,0.511091756429,0.523557409025,
    0.53602306162,0.548488714216,0.560954366812,0.573420019408,
    0.585885672004,0.598351324599,0.610816977195,0.623282629791,
    0.635748282387,0.648213934983,0.660679587579,0.673145240174,
    0.68561089277,0.698076545366,0.710542197962,0.723007850558,
    0.735473503154,0.747939155749,0.760404808345,0.772870460941,
    0.785336113537,0.797801766133,0.810267418728,0.822733071324,
    0.83519872392,0.847664376516,0.860130029112,0.872595681708,
    0.885061334303,0.897526986899,0.909992639495,0.922458292091,
    0.934923944687,0.947389597283,0.959855249878,0.972320902474,
    0.98478655507,0.997252207666,1.009717860262,1.022183512857,
    1.034649165453,1.047114818049,1.059580470645,1.072046123241,
    1.084511775837,1.096977428432),.QUASI_UNIFORM_KNOTS.);
#2331 = CARTESIAN_POINT('',(-9.145805849521E-05,0.));
#2332 = CARTESIAN_POINT('',(-9.15043382401E-05,1.431190852621E-02));
#2333 = CARTESIAN_POINT('',(-9.234830312569E-05,4.293583082661E-02));
#2334 = CARTESIAN_POINT('',(-9.49896767619E-05,8.587188122887E-02));
#2335 = CARTESIAN_POINT('',(-9.797342009277E-05,0.12880788298));
#2336 = CARTESIAN_POINT('',(-1.008064100725E-04,0.171743854314));
#2337 = CARTESIAN_POINT('',(-1.031054680385E-04,0.214679846839));
#2338 = CARTESIAN_POINT('',(-1.046062421049E-04,0.257615918807));
#2339 = CARTESIAN_POINT('',(-1.051510478493E-04,0.30055189963));
#2340 = CARTESIAN_POINT('',(-1.049350347909E-04,0.343487814349));
#2341 = CARTESIAN_POINT('',(-1.039922577425E-04,0.386426193684));
#2342 = CARTESIAN_POINT('',(-1.024444057059E-04,0.429364947337));
#2343 = CARTESIAN_POINT('',(-1.004737222285E-04,0.472303579077));
#2344 = CARTESIAN_POINT('',(-9.82547455978E-05,0.515241704382));
#2345 = CARTESIAN_POINT('',(-9.594206685186E-05,0.558179310379));
#2346 = CARTESIAN_POINT('',(-9.366591760565E-05,0.601116560977));
#2347 = CARTESIAN_POINT('',(-9.153561761809E-05,0.644053732461));
#2348 = CARTESIAN_POINT('',(-8.964186301313E-05,0.686991120082));
#2349 = CARTESIAN_POINT('',(-8.805527140277E-05,0.72992895172));
#2350 = CARTESIAN_POINT('',(-8.682099408595E-05,0.772867306546));
#2351 = CARTESIAN_POINT('',(-8.595260847726E-05,0.815805993611));
#2352 = CARTESIAN_POINT('',(-8.543194855017E-05,0.85874455571));
#2353 = CARTESIAN_POINT('',(-8.522353202032E-05,0.901681765935));
#2354 = CARTESIAN_POINT('',(-8.531942441796E-05,0.944616966937));
#2355 = CARTESIAN_POINT('',(-8.565380499957E-05,0.987553060477));
#2356 = CARTESIAN_POINT('',(-8.618044712158E-05,1.030487851533));
#2357 = CARTESIAN_POINT('',(-8.68439675142E-05,1.073429435054));
#2358 = CARTESIAN_POINT('',(-8.758362558055E-05,1.116374957273));
#2359 = CARTESIAN_POINT('',(-8.835231400633E-05,1.159322121944));
#2360 = CARTESIAN_POINT('',(-8.91062539066E-05,1.202269448307));
#2361 = CARTESIAN_POINT('',(-8.980647227161E-05,1.24521602278));
#2362 = CARTESIAN_POINT('',(-9.042118651035E-05,1.288161410034));
#2363 = CARTESIAN_POINT('',(-9.092797083466E-05,1.331105539965));
#2364 = CARTESIAN_POINT('',(-9.13143618643E-05,1.374048615315));
#2365 = CARTESIAN_POINT('',(-9.157713336573E-05,1.416991024106));
#2366 = CARTESIAN_POINT('',(-9.172082234704E-05,1.459933257851));
#2367 = CARTESIAN_POINT('',(-9.175618332229E-05,1.502875832102));
#2368 = CARTESIAN_POINT('',(-9.169900997771E-05,1.545819208247));
#2369 = CARTESIAN_POINT('',(-9.156936763341E-05,1.588763711464));
#2370 = CARTESIAN_POINT('',(-9.139097801412E-05,1.631709453551));
#2371 = CARTESIAN_POINT('',(-9.119001329383E-05,1.674656217666));
#2372 = CARTESIAN_POINT('',(-9.099364043297E-05,1.717603453749));
#2373 = CARTESIAN_POINT('',(-9.082546435891E-05,1.760549816273));
#2374 = CARTESIAN_POINT('',(-9.071001376615E-05,1.803494350385));
#2375 = CARTESIAN_POINT('',(-9.064836064637E-05,1.846431449088));
#2376 = CARTESIAN_POINT('',(-9.072627928169E-05,1.889369428348));
#2377 = CARTESIAN_POINT('',(-9.086258496547E-05,1.932311573804));
#2378 = CARTESIAN_POINT('',(-9.106045326778E-05,1.97525451496));
#2379 = CARTESIAN_POINT('',(-9.13550068341E-05,2.018197509636));
#2380 = CARTESIAN_POINT('',(-9.176577308476E-05,2.06113979679));
#2381 = CARTESIAN_POINT('',(-9.228665433242E-05,2.104081162075));
#2382 = CARTESIAN_POINT('',(-9.288992904271E-05,2.147021655974));
#2383 = CARTESIAN_POINT('',(-9.353836506071E-05,2.189961549926));
#2384 = CARTESIAN_POINT('',(-9.419751912943E-05,2.232901236795));
#2385 = CARTESIAN_POINT('',(-9.484367119348E-05,2.275841151674));
#2386 = CARTESIAN_POINT('',(-9.546486008876E-05,2.318781688795));
#2387 = CARTESIAN_POINT('',(-9.605496905968E-05,2.36172312107));
#2388 = CARTESIAN_POINT('',(-9.660304289578E-05,2.404665505859));
#2389 = CARTESIAN_POINT('',(-9.708286019566E-05,2.447608621651));
#2390 = CARTESIAN_POINT('',(-9.744835785882E-05,2.490551759345));
#2391 = CARTESIAN_POINT('',(-9.764927954215E-05,2.533494015437));
#2392 = CARTESIAN_POINT('',(-9.76592180443E-05,2.576432661983));
#2393 = CARTESIAN_POINT('',(-9.760108483507E-05,2.619368635578));
#2394 = CARTESIAN_POINT('',(-9.736321935496E-05,2.662308696754));
#2395 = CARTESIAN_POINT('',(-9.693095732127E-05,2.705249113955));
#2396 = CARTESIAN_POINT('',(-9.633955302422E-05,2.748189573344));
#2397 = CARTESIAN_POINT('',(-9.561943306615E-05,2.791129449425));
#2398 = CARTESIAN_POINT('',(-9.478687383599E-05,2.834068662706));
#2399 = CARTESIAN_POINT('',(-9.384793538104E-05,2.877007322156));
#2400 = CARTESIAN_POINT('',(-9.280979648649E-05,2.919945703981));
#2401 = CARTESIAN_POINT('',(-9.169031245552E-05,2.962884147737));
#2402 = CARTESIAN_POINT('',(-9.05214486542E-05,3.005822977863));
#2403 = CARTESIAN_POINT('',(-8.934482936838E-05,3.048762420088));
#2404 = CARTESIAN_POINT('',(-8.820151027428E-05,3.091702509349));
#2405 = CARTESIAN_POINT('',(-8.711923957163E-05,3.134643015824));
#2406 = CARTESIAN_POINT('',(-8.611109195032E-05,3.177583269184));
#2407 = CARTESIAN_POINT('',(-8.517444926642E-05,3.220522318203));
#2408 = CARTESIAN_POINT('',(-8.438636747729E-05,3.263457782704));
#2409 = CARTESIAN_POINT('',(-8.374661544883E-05,3.306393573908));
#2410 = CARTESIAN_POINT('',(-8.32570694992E-05,3.349329244309));
#2411 = CARTESIAN_POINT('',(-8.296224277347E-05,3.392264938719));
#2412 = CARTESIAN_POINT('',(-8.285637555606E-05,3.435200647795));
#2413 = CARTESIAN_POINT('',(-8.296480908348E-05,3.478136439274));
#2414 = CARTESIAN_POINT('',(-8.324157759113E-05,3.521072368602));
#2415 = CARTESIAN_POINT('',(-8.363289635116E-05,3.564008301443));
#2416 = CARTESIAN_POINT('',(-8.419952995234E-05,3.606944181532));
#2417 = CARTESIAN_POINT('',(-8.498798450048E-05,3.649880055656));
#2418 = CARTESIAN_POINT('',(-8.59547096404E-05,3.692816002505));
#2419 = CARTESIAN_POINT('',(-8.695478614602E-05,3.735752055975));
#2420 = CARTESIAN_POINT('',(-8.76506936545E-05,3.764376007058));
#2421 = CARTESIAN_POINT('',(-8.800028602313E-05,3.778687935279));
#2422 = ( GEOMETRIC_REPRESENTATION_CONTEXT(2) 
PARAMETRIC_REPRESENTATION_CONTEXT() REPRESENTATION_CONTEXT('2D SPACE',''
  ) );
#2423 = ORIENTED_EDGE('',*,*,#2424,.T.);
#2424 = EDGE_CURVE('',#2148,#1867,#2425,.T.);
#2425 = SURFACE_CURVE('',#2426,(#2431,#2438),.PCURVE_S1.);
#2426 = CIRCLE('',#2427,6.9);
#2427 = AXIS2_PLACEMENT_3D('',#2428,#2429,#2430);
#2428 = CARTESIAN_POINT('',(0.,0.,8.1));
#2429 = DIRECTION('',(0.,0.,-1.));
#2430 = DIRECTION('',(0.953817130942,0.300387883781,0.));
#2431 = PCURVE('',#319,#2432);
#2432 = DEFINITIONAL_REPRESENTATION('',(#2433),#2437);
#2433 = LINE('',#2434,#2435);
#2434 = CARTESIAN_POINT('',(6.588284599893,2.1));
#2435 = VECTOR('',#2436,1.);
#2436 = DIRECTION('',(-1.,-0.));
#2437 = ( GEOMETRIC_REPRESENTATION_CONTEXT(2) 
PARAMETRIC_REPRESENTATION_CONTEXT() REPRESENTATION_CONTEXT('2D SPACE',''
  ) );
#2438 = PCURVE('',#1149,#2439);
#2439 = DEFINITIONAL_REPRESENTATION('',(#2440),#2448);
#2440 = ( BOUNDED_CURVE() B_SPLINE_CURVE(2,(#2441,#2442,#2443,#2444,
#2445,#2446,#2447),.UNSPECIFIED.,.T.,.F.) B_SPLINE_CURVE_WITH_KNOTS((1,2
    ,2,2,2,1),(-2.094395102393,0.,2.094395102393,4.188790204786,
6.28318530718,8.377580409573),.UNSPECIFIED.) CURVE() 
GEOMETRIC_REPRESENTATION_ITEM() RATIONAL_B_SPLINE_CURVE((1.,0.5,1.,0.5,
1.,0.5,1.)) REPRESENTATION_ITEM('') );
#2441 = CARTESIAN_POINT('',(6.581338203496,2.07267639809));
#2442 = CARTESIAN_POINT('',(10.171319032637,-9.32653575216));
#2443 = CARTESIAN_POINT('',(-1.495678687178,-6.73594427417));
#2444 = CARTESIAN_POINT('',(-13.16267640699,-4.14535279618));
#2445 = CARTESIAN_POINT('',(-5.085659516318,4.66326787608));
#2446 = CARTESIAN_POINT('',(2.991357374356,13.47188854834));
#2447 = CARTESIAN_POINT('',(6.581338203496,2.07267639809));
#2448 = ( GEOMETRIC_REPRESENTATION_CONTEXT(2) 
PARAMETRIC_REPRESENTATION_CONTEXT() REPRESENTATION_CONTEXT('2D SPACE',''
  ) );
#2449 = ORIENTED_EDGE('',*,*,#1934,.F.);
#2450 = ORIENTED_EDGE('',*,*,#302,.T.);
#2451 = ORIENTED_EDGE('',*,*,#2452,.F.);
#2452 = EDGE_CURVE('',#2453,#211,#2455,.T.);
#2453 = VERTEX_POINT('',#2454);
#2454 = CARTESIAN_POINT('',(-6.9,2.132422084467E-07,6.050003301749));
#2455 = SURFACE_CURVE('',#2456,(#2461,#2471),.PCURVE_S1.);
#2456 = ELLIPSE('',#2457,107.05917522128,6.9);
#2457 = AXIS2_PLACEMENT_3D('',#2458,#2459,#2460);
#2458 = CARTESIAN_POINT('',(0.,0.,6.050000000001));
#2459 = DIRECTION('',(-9.696549563321E-15,-0.997920915688,
    6.4450337729E-02));
#2460 = DIRECTION('',(6.262479163807E-16,6.4450337729E-02,0.997920915688
    ));
#2461 = PCURVE('',#319,#2462);
#2462 = DEFINITIONAL_REPRESENTATION('',(#2463),#2470);
#2463 = B_SPLINE_CURVE_WITH_KNOTS('',5,(#2464,#2465,#2466,#2467,#2468,
    #2469),.UNSPECIFIED.,.F.,.F.,(6,6),(1.57079629589,1.571264331266),
  .PIECEWISE_BEZIER_KNOTS.);
#2464 = CARTESIAN_POINT('',(3.141592622685,5.000330174925E-02));
#2465 = CARTESIAN_POINT('',(3.14168622976,4.000264103435E-02));
#2466 = CARTESIAN_POINT('',(3.141779836835,3.000198031942E-02));
#2467 = CARTESIAN_POINT('',(3.14187344391,2.0001319787E-02));
#2468 = CARTESIAN_POINT('',(3.141967050985,1.000065961967E-02));
#2469 = CARTESIAN_POINT('',(3.14206065806,-1.381135887835E-14));
#2470 = ( GEOMETRIC_REPRESENTATION_CONTEXT(2) 
PARAMETRIC_REPRESENTATION_CONTEXT() REPRESENTATION_CONTEXT('2D SPACE',''
  ) );
#2471 = PCURVE('',#984,#2472);
#2472 = DEFINITIONAL_REPRESENTATION('',(#2473),#2477);
#2473 = ELLIPSE('',#2474,107.05917522128,6.9);
#2474 = AXIS2_PLACEMENT_2D('',#2475,#2476);
#2475 = CARTESIAN_POINT('',(-9.722069079421E-13,6.636292338821));
#2476 = DIRECTION('',(-1.,6.262479163807E-16));
#2477 = ( GEOMETRIC_REPRESENTATION_CONTEXT(2) 
PARAMETRIC_REPRESENTATION_CONTEXT() REPRESENTATION_CONTEXT('2D SPACE',''
  ) );
#2478 = ORIENTED_EDGE('',*,*,#2479,.F.);
#2479 = EDGE_CURVE('',#2146,#2453,#2480,.T.);
#2480 = SURFACE_CURVE('',#2481,(#2486,#2496),.PCURVE_S1.);
#2481 = ELLIPSE('',#2482,107.05917522128,6.9);
#2482 = AXIS2_PLACEMENT_3D('',#2483,#2484,#2485);
#2483 = CARTESIAN_POINT('',(0.,0.,6.050000000001));
#2484 = DIRECTION('',(-9.696549563321E-15,-0.997920915688,
    6.4450337729E-02));
#2485 = DIRECTION('',(6.262479163807E-16,6.4450337729E-02,0.997920915688
    ));
#2486 = PCURVE('',#319,#2487);
#2487 = DEFINITIONAL_REPRESENTATION('',(#2488),#2495);
#2488 = B_SPLINE_CURVE_WITH_KNOTS('',5,(#2489,#2490,#2491,#2492,#2493,
    #2494),.UNSPECIFIED.,.F.,.F.,(6,6),(1.566004874455,1.57079629589),
  .PIECEWISE_BEZIER_KNOTS.);
#2489 = CARTESIAN_POINT('',(3.13680120125,0.561900471277));
#2490 = CARTESIAN_POINT('',(3.137759485537,0.459521820846));
#2491 = CARTESIAN_POINT('',(3.138717769824,0.357142582812));
#2492 = CARTESIAN_POINT('',(3.139676054111,0.25476295304));
#2493 = CARTESIAN_POINT('',(3.140634338398,0.152383127396));
#2494 = CARTESIAN_POINT('',(3.141592622685,5.000330174925E-02));
#2495 = ( GEOMETRIC_REPRESENTATION_CONTEXT(2) 
PARAMETRIC_REPRESENTATION_CONTEXT() REPRESENTATION_CONTEXT('2D SPACE',''
  ) );
#2496 = PCURVE('',#984,#2497);
#2497 = DEFINITIONAL_REPRESENTATION('',(#2498),#2502);
#2498 = ELLIPSE('',#2499,107.05917522128,6.9);
#2499 = AXIS2_PLACEMENT_2D('',#2500,#2501);
#2500 = CARTESIAN_POINT('',(-9.722069079421E-13,6.636292338821));
#2501 = DIRECTION('',(-1.,6.262479163807E-16));
#2502 = ( GEOMETRIC_REPRESENTATION_CONTEXT(2) 
PARAMETRIC_REPRESENTATION_CONTEXT() REPRESENTATION_CONTEXT('2D SPACE',''
  ) );
#2503 = ADVANCED_FACE('',(#2504),#656,.T.);
#2504 = FACE_BOUND('',#2505,.T.);
#2505 = EDGE_LOOP('',(#2506,#2530,#2531));
#2506 = ORIENTED_EDGE('',*,*,#2507,.T.);
#2507 = EDGE_CURVE('',#640,#2508,#2510,.T.);
#2508 = VERTEX_POINT('',#2509);
#2509 = CARTESIAN_POINT('',(10.,-2.999519565324E-32,9.2));
#2510 = SEAM_CURVE('',#2511,(#2516,#2523),.PCURVE_S1.);
#2511 = CIRCLE('',#2512,2.);
#2512 = AXIS2_PLACEMENT_3D('',#2513,#2514,#2515);
#2513 = CARTESIAN_POINT('',(10.,0.,7.2));
#2514 = DIRECTION('',(-2.449293598295E-16,-1.,0.));
#2515 = DIRECTION('',(1.,-2.449293598295E-16,0.));
#2516 = PCURVE('',#656,#2517);
#2517 = DEFINITIONAL_REPRESENTATION('',(#2518),#2522);
#2518 = LINE('',#2519,#2520);
#2519 = CARTESIAN_POINT('',(6.28318530718,-6.28318530718));
#2520 = VECTOR('',#2521,1.);
#2521 = DIRECTION('',(0.,1.));
#2522 = ( GEOMETRIC_REPRESENTATION_CONTEXT(2) 
PARAMETRIC_REPRESENTATION_CONTEXT() REPRESENTATION_CONTEXT('2D SPACE',''
  ) );
#2523 = PCURVE('',#656,#2524);
#2524 = DEFINITIONAL_REPRESENTATION('',(#2525),#2529);
#2525 = LINE('',#2526,#2527);
#2526 = CARTESIAN_POINT('',(0.,-6.28318530718));
#2527 = VECTOR('',#2528,1.);
#2528 = DIRECTION('',(0.,1.));
#2529 = ( GEOMETRIC_REPRESENTATION_CONTEXT(2) 
PARAMETRIC_REPRESENTATION_CONTEXT() REPRESENTATION_CONTEXT('2D SPACE',''
  ) );
#2530 = ORIENTED_EDGE('',*,*,#2507,.F.);
#2531 = ORIENTED_EDGE('',*,*,#639,.T.);
#2532 = ADVANCED_FACE('',(#2533),#687,.T.);
#2533 = FACE_BOUND('',#2534,.T.);
#2534 = EDGE_LOOP('',(#2535,#2559,#2560));
#2535 = ORIENTED_EDGE('',*,*,#2536,.T.);
#2536 = EDGE_CURVE('',#671,#2537,#2539,.T.);
#2537 = VERTEX_POINT('',#2538);
#2538 = CARTESIAN_POINT('',(-10.,1.224646799147E-15,9.2));
#2539 = SEAM_CURVE('',#2540,(#2545,#2552),.PCURVE_S1.);
#2540 = CIRCLE('',#2541,2.);
#2541 = AXIS2_PLACEMENT_3D('',#2542,#2543,#2544);
#2542 = CARTESIAN_POINT('',(-10.,1.224646799147E-15,7.2));
#2543 = DIRECTION('',(-2.449293598295E-16,-1.,0.));
#2544 = DIRECTION('',(1.,-2.449293598295E-16,0.));
#2545 = PCURVE('',#687,#2546);
#2546 = DEFINITIONAL_REPRESENTATION('',(#2547),#2551);
#2547 = LINE('',#2548,#2549);
#2548 = CARTESIAN_POINT('',(6.28318530718,-6.28318530718));
#2549 = VECTOR('',#2550,1.);
#2550 = DIRECTION('',(0.,1.));
#2551 = ( GEOMETRIC_REPRESENTATION_CONTEXT(2) 
PARAMETRIC_REPRESENTATION_CONTEXT() REPRESENTATION_CONTEXT('2D SPACE',''
  ) );
#2552 = PCURVE('',#687,#2553);
#2553 = DEFINITIONAL_REPRESENTATION('',(#2554),#2558);
#2554 = LINE('',#2555,#2556);
#2555 = CARTESIAN_POINT('',(0.,-6.28318530718));
#2556 = VECTOR('',#2557,1.);
#2557 = DIRECTION('',(0.,1.));
#2558 = ( GEOMETRIC_REPRESENTATION_CONTEXT(2) 
PARAMETRIC_REPRESENTATION_CONTEXT() REPRESENTATION_CONTEXT('2D SPACE',''
  ) );
#2559 = ORIENTED_EDGE('',*,*,#2536,.F.);
#2560 = ORIENTED_EDGE('',*,*,#670,.T.);
#2561 = ADVANCED_FACE('',(#2562),#718,.T.);
#2562 = FACE_BOUND('',#2563,.T.);
#2563 = EDGE_LOOP('',(#2564,#2588,#2589));
#2564 = ORIENTED_EDGE('',*,*,#2565,.T.);
#2565 = EDGE_CURVE('',#702,#2566,#2568,.T.);
#2566 = VERTEX_POINT('',#2567);
#2567 = CARTESIAN_POINT('',(-8.090169943749,5.877852522925,9.2));
#2568 = SEAM_CURVE('',#2569,(#2574,#2581),.PCURVE_S1.);
#2569 = CIRCLE('',#2570,2.);
#2570 = AXIS2_PLACEMENT_3D('',#2571,#2572,#2573);
#2571 = CARTESIAN_POINT('',(-8.090169943749,5.877852522925,7.2));
#2572 = DIRECTION('',(-2.449293598295E-16,-1.,0.));
#2573 = DIRECTION('',(1.,-2.449293598295E-16,0.));
#2574 = PCURVE('',#718,#2575);
#2575 = DEFINITIONAL_REPRESENTATION('',(#2576),#2580);
#2576 = LINE('',#2577,#2578);
#2577 = CARTESIAN_POINT('',(6.28318530718,-6.28318530718));
#2578 = VECTOR('',#2579,1.);
#2579 = DIRECTION('',(0.,1.));
#2580 = ( GEOMETRIC_REPRESENTATION_CONTEXT(2) 
PARAMETRIC_REPRESENTATION_CONTEXT() REPRESENTATION_CONTEXT('2D SPACE',''
  ) );
#2581 = PCURVE('',#718,#2582);
#2582 = DEFINITIONAL_REPRESENTATION('',(#2583),#2587);
#2583 = LINE('',#2584,#2585);
#2584 = CARTESIAN_POINT('',(0.,-6.28318530718));
#2585 = VECTOR('',#2586,1.);
#2586 = DIRECTION('',(0.,1.));
#2587 = ( GEOMETRIC_REPRESENTATION_CONTEXT(2) 
PARAMETRIC_REPRESENTATION_CONTEXT() REPRESENTATION_CONTEXT('2D SPACE',''
  ) );
#2588 = ORIENTED_EDGE('',*,*,#2565,.F.);
#2589 = ORIENTED_EDGE('',*,*,#701,.T.);
#2590 = ADVANCED_FACE('',(#2591),#749,.T.);
#2591 = FACE_BOUND('',#2592,.T.);
#2592 = EDGE_LOOP('',(#2593,#2617,#2618));
#2593 = ORIENTED_EDGE('',*,*,#2594,.T.);
#2594 = EDGE_CURVE('',#733,#2595,#2597,.T.);
#2595 = VERTEX_POINT('',#2596);
#2596 = CARTESIAN_POINT('',(-3.090169943749,9.510565162952,9.2));
#2597 = SEAM_CURVE('',#2598,(#2603,#2610),.PCURVE_S1.);
#2598 = CIRCLE('',#2599,2.);
#2599 = AXIS2_PLACEMENT_3D('',#2600,#2601,#2602);
#2600 = CARTESIAN_POINT('',(-3.090169943749,9.510565162952,7.2));
#2601 = DIRECTION('',(-2.449293598295E-16,-1.,0.));
#2602 = DIRECTION('',(1.,-2.449293598295E-16,0.));
#2603 = PCURVE('',#749,#2604);
#2604 = DEFINITIONAL_REPRESENTATION('',(#2605),#2609);
#2605 = LINE('',#2606,#2607);
#2606 = CARTESIAN_POINT('',(6.28318530718,-6.28318530718));
#2607 = VECTOR('',#2608,1.);
#2608 = DIRECTION('',(0.,1.));
#2609 = ( GEOMETRIC_REPRESENTATION_CONTEXT(2) 
PARAMETRIC_REPRESENTATION_CONTEXT() REPRESENTATION_CONTEXT('2D SPACE',''
  ) );
#2610 = PCURVE('',#749,#2611);
#2611 = DEFINITIONAL_REPRESENTATION('',(#2612),#2616);
#2612 = LINE('',#2613,#2614);
#2613 = CARTESIAN_POINT('',(0.,-6.28318530718));
#2614 = VECTOR('',#2615,1.);
#2615 = DIRECTION('',(0.,1.));
#2616 = ( GEOMETRIC_REPRESENTATION_CONTEXT(2) 
PARAMETRIC_REPRESENTATION_CONTEXT() REPRESENTATION_CONTEXT('2D SPACE',''
  ) );
#2617 = ORIENTED_EDGE('',*,*,#2594,.F.);
#2618 = ORIENTED_EDGE('',*,*,#732,.T.);
#2619 = ADVANCED_FACE('',(#2620),#780,.T.);
#2620 = FACE_BOUND('',#2621,.T.);
#2621 = EDGE_LOOP('',(#2622,#2646,#2647));
#2622 = ORIENTED_EDGE('',*,*,#2623,.T.);
#2623 = EDGE_CURVE('',#764,#2624,#2626,.T.);
#2624 = VERTEX_POINT('',#2625);
#2625 = CARTESIAN_POINT('',(3.090169943749,9.510565162952,9.2));
#2626 = SEAM_CURVE('',#2627,(#2632,#2639),.PCURVE_S1.);
#2627 = CIRCLE('',#2628,2.);
#2628 = AXIS2_PLACEMENT_3D('',#2629,#2630,#2631);
#2629 = CARTESIAN_POINT('',(3.090169943749,9.510565162952,7.2));
#2630 = DIRECTION('',(-2.449293598295E-16,-1.,0.));
#2631 = DIRECTION('',(1.,-2.449293598295E-16,0.));
#2632 = PCURVE('',#780,#2633);
#2633 = DEFINITIONAL_REPRESENTATION('',(#2634),#2638);
#2634 = LINE('',#2635,#2636);
#2635 = CARTESIAN_POINT('',(6.28318530718,-6.28318530718));
#2636 = VECTOR('',#2637,1.);
#2637 = DIRECTION('',(0.,1.));
#2638 = ( GEOMETRIC_REPRESENTATION_CONTEXT(2) 
PARAMETRIC_REPRESENTATION_CONTEXT() REPRESENTATION_CONTEXT('2D SPACE',''
  ) );
#2639 = PCURVE('',#780,#2640);
#2640 = DEFINITIONAL_REPRESENTATION('',(#2641),#2645);
#2641 = LINE('',#2642,#2643);
#2642 = CARTESIAN_POINT('',(0.,-6.28318530718));
#2643 = VECTOR('',#2644,1.);
#2644 = DIRECTION('',(0.,1.));
#2645 = ( GEOMETRIC_REPRESENTATION_CONTEXT(2) 
PARAMETRIC_REPRESENTATION_CONTEXT() REPRESENTATION_CONTEXT('2D SPACE',''
  ) );
#2646 = ORIENTED_EDGE('',*,*,#2623,.F.);
#2647 = ORIENTED_EDGE('',*,*,#763,.T.);
#2648 = ADVANCED_FACE('',(#2649),#811,.T.);
#2649 = FACE_BOUND('',#2650,.T.);
#2650 = EDGE_LOOP('',(#2651,#2675,#2676));
#2651 = ORIENTED_EDGE('',*,*,#2652,.T.);
#2652 = EDGE_CURVE('',#795,#2653,#2655,.T.);
#2653 = VERTEX_POINT('',#2654);
#2654 = CARTESIAN_POINT('',(8.090169943749,5.877852522925,9.2));
#2655 = SEAM_CURVE('',#2656,(#2661,#2668),.PCURVE_S1.);
#2656 = CIRCLE('',#2657,2.);
#2657 = AXIS2_PLACEMENT_3D('',#2658,#2659,#2660);
#2658 = CARTESIAN_POINT('',(8.090169943749,5.877852522925,7.2));
#2659 = DIRECTION('',(-2.449293598295E-16,-1.,0.));
#2660 = DIRECTION('',(1.,-2.449293598295E-16,0.));
#2661 = PCURVE('',#811,#2662);
#2662 = DEFINITIONAL_REPRESENTATION('',(#2663),#2667);
#2663 = LINE('',#2664,#2665);
#2664 = CARTESIAN_POINT('',(6.28318530718,-6.28318530718));
#2665 = VECTOR('',#2666,1.);
#2666 = DIRECTION('',(0.,1.));
#2667 = ( GEOMETRIC_REPRESENTATION_CONTEXT(2) 
PARAMETRIC_REPRESENTATION_CONTEXT() REPRESENTATION_CONTEXT('2D SPACE',''
  ) );
#2668 = PCURVE('',#811,#2669);
#2669 = DEFINITIONAL_REPRESENTATION('',(#2670),#2674);
#2670 = LINE('',#2671,#2672);
#2671 = CARTESIAN_POINT('',(0.,-6.28318530718));
#2672 = VECTOR('',#2673,1.);
#2673 = DIRECTION('',(0.,1.));
#2674 = ( GEOMETRIC_REPRESENTATION_CONTEXT(2) 
PARAMETRIC_REPRESENTATION_CONTEXT() REPRESENTATION_CONTEXT('2D SPACE',''
  ) );
#2675 = ORIENTED_EDGE('',*,*,#2652,.F.);
#2676 = ORIENTED_EDGE('',*,*,#794,.T.);
#2677 = ADVANCED_FACE('',(#2678),#865,.F.);
#2678 = FACE_BOUND('',#2679,.T.);
#2679 = EDGE_LOOP('',(#2680));
#2680 = ORIENTED_EDGE('',*,*,#850,.F.);
#2681 = ADVANCED_FACE('',(#2682),#984,.T.);
#2682 = FACE_BOUND('',#2683,.T.);
#2683 = EDGE_LOOP('',(#2684,#2705,#2724,#2725,#2726,#2727));
#2684 = ORIENTED_EDGE('',*,*,#2685,.T.);
#2685 = EDGE_CURVE('',#1029,#2686,#2688,.T.);
#2686 = VERTEX_POINT('',#2687);
#2687 = CARTESIAN_POINT('',(-6.15,5.156027018314E-03,6.129833673255));
#2688 = SURFACE_CURVE('',#2689,(#2692,#2698),.PCURVE_S1.);
#2689 = B_SPLINE_CURVE_WITH_KNOTS('',1,(#2690,#2691),.UNSPECIFIED.,.F.,
  .F.,(2,2),(-0.16,-0.),.PIECEWISE_BEZIER_KNOTS.);
#2690 = CARTESIAN_POINT('',(-6.15,-5.156027018321E-03,5.970166326745));
#2691 = CARTESIAN_POINT('',(-6.15,5.156027018314E-03,6.129833673255));
#2692 = PCURVE('',#984,#2693);
#2693 = DEFINITIONAL_REPRESENTATION('',(#2694),#2697);
#2694 = B_SPLINE_CURVE_WITH_KNOTS('',1,(#2695,#2696),.UNSPECIFIED.,.F.,
  .F.,(2,2),(-0.16,-0.),.PIECEWISE_BEZIER_KNOTS.);
#2695 = CARTESIAN_POINT('',(8.E-02,0.486292338821));
#2696 = CARTESIAN_POINT('',(-8.E-02,0.486292338821));
#2697 = ( GEOMETRIC_REPRESENTATION_CONTEXT(2) 
PARAMETRIC_REPRESENTATION_CONTEXT() REPRESENTATION_CONTEXT('2D SPACE',''
  ) );
#2698 = PCURVE('',#1074,#2699);
#2699 = DEFINITIONAL_REPRESENTATION('',(#2700),#2704);
#2700 = LINE('',#2701,#2702);
#2701 = CARTESIAN_POINT('',(0.,0.));
#2702 = VECTOR('',#2703,1.);
#2703 = DIRECTION('',(1.,0.));
#2704 = ( GEOMETRIC_REPRESENTATION_CONTEXT(2) 
PARAMETRIC_REPRESENTATION_CONTEXT() REPRESENTATION_CONTEXT('2D SPACE',''
  ) );
#2705 = ORIENTED_EDGE('',*,*,#2706,.T.);
#2706 = EDGE_CURVE('',#2686,#2146,#2707,.T.);
#2707 = SURFACE_CURVE('',#2708,(#2711,#2717),.PCURVE_S1.);
#2708 = B_SPLINE_CURVE_WITH_KNOTS('',1,(#2709,#2710),.UNSPECIFIED.,.F.,
  .F.,(2,2),(-0.866025403784,-0.),.PIECEWISE_BEZIER_KNOTS.);
#2709 = CARTESIAN_POINT('',(-6.15,5.156027018322E-03,6.129833673255));
#2710 = CARTESIAN_POINT('',(-6.9,3.306384189622E-02,6.561946105232));
#2711 = PCURVE('',#984,#2712);
#2712 = DEFINITIONAL_REPRESENTATION('',(#2713),#2716);
#2713 = B_SPLINE_CURVE_WITH_KNOTS('',1,(#2714,#2715),.UNSPECIFIED.,.F.,
  .F.,(2,2),(-0.866025403784,-0.),.PIECEWISE_BEZIER_KNOTS.);
#2714 = CARTESIAN_POINT('',(-8.E-02,0.486292338821));
#2715 = CARTESIAN_POINT('',(-0.513012701892,-0.263707661179));
#2716 = ( GEOMETRIC_REPRESENTATION_CONTEXT(2) 
PARAMETRIC_REPRESENTATION_CONTEXT() REPRESENTATION_CONTEXT('2D SPACE',''
  ) );
#2717 = PCURVE('',#2304,#2718);
#2718 = DEFINITIONAL_REPRESENTATION('',(#2719),#2723);
#2719 = LINE('',#2720,#2721);
#2720 = CARTESIAN_POINT('',(0.,0.));
#2721 = VECTOR('',#2722,1.);
#2722 = DIRECTION('',(1.,0.));
#2723 = ( GEOMETRIC_REPRESENTATION_CONTEXT(2) 
PARAMETRIC_REPRESENTATION_CONTEXT() REPRESENTATION_CONTEXT('2D SPACE',''
  ) );
#2724 = ORIENTED_EDGE('',*,*,#2479,.T.);
#2725 = ORIENTED_EDGE('',*,*,#2452,.T.);
#2726 = ORIENTED_EDGE('',*,*,#969,.T.);
#2727 = ORIENTED_EDGE('',*,*,#1028,.T.);
#2728 = ADVANCED_FACE('',(#2729),#1149,.T.);
#2729 = FACE_BOUND('',#2730,.T.);
#2730 = EDGE_LOOP('',(#2731,#2732,#2733,#2801,#2837,#2838,#2839,#2907));
#2731 = ORIENTED_EDGE('',*,*,#1866,.T.);
#2732 = ORIENTED_EDGE('',*,*,#2424,.F.);
#2733 = ORIENTED_EDGE('',*,*,#2734,.T.);
#2734 = EDGE_CURVE('',#2148,#2735,#2737,.T.);
#2735 = VERTEX_POINT('',#2736);
#2736 = CARTESIAN_POINT('',(1.77147432454,5.889346863382,8.1));
#2737 = SURFACE_CURVE('',#2738,(#2757,#2779),.PCURVE_S1.);
#2738 = B_SPLINE_CURVE_WITH_KNOTS('',5,(#2739,#2740,#2741,#2742,#2743,
    #2744,#2745,#2746,#2747,#2748,#2749,#2750,#2751,#2752,#2753,#2754,
    #2755,#2756),.UNSPECIFIED.,.F.,.F.,(6,4,4,4,6),(0.,0.273425875277,
    0.538404477226,0.771742342252,1.),.UNSPECIFIED.);
#2739 = CARTESIAN_POINT('',(6.581615838678,2.072048456028,8.1));
#2740 = CARTESIAN_POINT('',(6.439848921151,2.392733530194,8.1));
#2741 = CARTESIAN_POINT('',(6.277627927228,2.704276587778,8.1));
#2742 = CARTESIAN_POINT('',(6.095558661114,3.004841920714,8.1));
#2743 = CARTESIAN_POINT('',(5.894483497432,3.292642823268,8.1));
#2744 = CARTESIAN_POINT('',(5.46330701918,3.830845284345,8.1));
#2745 = CARTESIAN_POINT('',(5.234289853908,4.082133215841,8.1));
#2746 = CARTESIAN_POINT('',(4.989474147926,4.318269930392,8.1));
#2747 = CARTESIAN_POINT('',(4.730081115921,4.537797267975,8.1));
#2748 = CARTESIAN_POINT('',(4.217587729943,4.916910689691,8.1));
#2749 = CARTESIAN_POINT('',(3.967430707148,5.080527063479,8.1));
#2750 = CARTESIAN_POINT('',(3.708085752388,5.229334772791,8.1));
#2751 = CARTESIAN_POINT('',(3.440662747848,5.36252717538,8.1));
#2752 = CARTESIAN_POINT('',(2.898104867803,5.593761850104,8.1));
#2753 = CARTESIAN_POINT('',(2.623260837375,5.692507901038,8.1));
#2754 = CARTESIAN_POINT('',(2.343024904056,5.775011930158,8.1));
#2755 = CARTESIAN_POINT('',(2.058647359878,5.840751122988,8.1));
#2756 = CARTESIAN_POINT('',(1.77147432454,5.889346863382,8.1));
#2757 = PCURVE('',#1149,#2758);
#2758 = DEFINITIONAL_REPRESENTATION('',(#2759),#2778);
#2759 = B_SPLINE_CURVE_WITH_KNOTS('',5,(#2760,#2761,#2762,#2763,#2764,
    #2765,#2766,#2767,#2768,#2769,#2770,#2771,#2772,#2773,#2774,#2775,
    #2776,#2777),.UNSPECIFIED.,.F.,.F.,(6,4,4,4,6),(0.,0.273425875277,
    0.538404477226,0.771742342252,1.),.UNSPECIFIED.);
#2760 = CARTESIAN_POINT('',(6.581615838678,2.072048456028));
#2761 = CARTESIAN_POINT('',(6.439848921151,2.392733530194));
#2762 = CARTESIAN_POINT('',(6.277627927228,2.704276587778));
#2763 = CARTESIAN_POINT('',(6.095558661114,3.004841920714));
#2764 = CARTESIAN_POINT('',(5.894483497432,3.292642823268));
#2765 = CARTESIAN_POINT('',(5.46330701918,3.830845284345));
#2766 = CARTESIAN_POINT('',(5.234289853908,4.082133215841));
#2767 = CARTESIAN_POINT('',(4.989474147926,4.318269930392));
#2768 = CARTESIAN_POINT('',(4.730081115921,4.537797267975));
#2769 = CARTESIAN_POINT('',(4.217587729943,4.916910689691));
#2770 = CARTESIAN_POINT('',(3.967430707148,5.080527063479));
#2771 = CARTESIAN_POINT('',(3.708085752388,5.229334772791));
#2772 = CARTESIAN_POINT('',(3.440662747848,5.36252717538));
#2773 = CARTESIAN_POINT('',(2.898104867803,5.593761850104));
#2774 = CARTESIAN_POINT('',(2.623260837375,5.692507901038));
#2775 = CARTESIAN_POINT('',(2.343024904056,5.775011930158));
#2776 = CARTESIAN_POINT('',(2.058647359878,5.840751122988));
#2777 = CARTESIAN_POINT('',(1.77147432454,5.889346863382));
#2778 = ( GEOMETRIC_REPRESENTATION_CONTEXT(2) 
PARAMETRIC_REPRESENTATION_CONTEXT() REPRESENTATION_CONTEXT('2D SPACE',''
  ) );
#2779 = PCURVE('',#2304,#2780);
#2780 = DEFINITIONAL_REPRESENTATION('',(#2781),#2800);
#2781 = B_SPLINE_CURVE_WITH_KNOTS('',5,(#2782,#2783,#2784,#2785,#2786,
    #2787,#2788,#2789,#2790,#2791,#2792,#2793,#2794,#2795,#2796,#2797,
    #2798,#2799),.UNSPECIFIED.,.F.,.F.,(6,4,4,4,6),(0.,0.273425875277,
    0.538404477226,0.771742342252,1.),.UNSPECIFIED.);
#2782 = CARTESIAN_POINT('',(0.,3.778580063638));
#2783 = CARTESIAN_POINT('',(-4.493981645539E-02,3.8336677457));
#2784 = CARTESIAN_POINT('',(-9.017869254113E-02,3.889122018085));
#2785 = CARTESIAN_POINT('',(-0.135722804811,3.944950452076));
#2786 = CARTESIAN_POINT('',(-0.181582282911,4.001165464694));
#2787 = CARTESIAN_POINT('',(-0.272520311289,4.112638220698));
#2788 = CARTESIAN_POINT('',(-0.317580174196,4.167873056915));
#2789 = CARTESIAN_POINT('',(-0.36295077168,4.223488794725));
#2790 = CARTESIAN_POINT('',(-0.408642506642,4.279498186106));
#2791 = CARTESIAN_POINT('',(-0.495188882145,4.385587609547));
#2792 = CARTESIAN_POINT('',(-0.535970271109,4.435577849082));
#2793 = CARTESIAN_POINT('',(-0.577012861935,4.485888272505));
#2794 = CARTESIAN_POINT('',(-0.618324435038,4.536528417128));
#2795 = CARTESIAN_POINT('',(-0.700592854255,4.637373878437));
#2796 = CARTESIAN_POINT('',(-0.741538423067,4.687565371294));
#2797 = CARTESIAN_POINT('',(-0.782753793808,4.738087590087));
#2798 = CARTESIAN_POINT('',(-0.82424718042,4.788950603551));
#2799 = CARTESIAN_POINT('',(-0.866025403784,4.840162772791));
#2800 = ( GEOMETRIC_REPRESENTATION_CONTEXT(2) 
PARAMETRIC_REPRESENTATION_CONTEXT() REPRESENTATION_CONTEXT('2D SPACE',''
  ) );
#2801 = ORIENTED_EDGE('',*,*,#2802,.T.);
#2802 = EDGE_CURVE('',#2735,#1050,#2803,.T.);
#2803 = SURFACE_CURVE('',#2804,(#2813,#2825),.PCURVE_S1.);
#2804 = B_SPLINE_CURVE_WITH_KNOTS('',4,(#2805,#2806,#2807,#2808,#2809,
    #2810,#2811,#2812),.UNSPECIFIED.,.F.,.F.,(5,3,5),(0.,0.500000596364,
    1.),.UNSPECIFIED.);
#2805 = CARTESIAN_POINT('',(1.771474369572,5.889400703986,8.1));
#2806 = CARTESIAN_POINT('',(1.506475769833,5.969110969305,8.1));
#2807 = CARTESIAN_POINT('',(1.236693428603,6.032921674968,8.1));
#2808 = CARTESIAN_POINT('',(0.963563316249,6.080400683865,8.1));
#2809 = CARTESIAN_POINT('',(0.413588573347,6.142359279669,8.1));
#2810 = CARTESIAN_POINT('',(0.136741558543,6.156839215551,8.1));
#2811 = CARTESIAN_POINT('',(-0.140475200476,6.154652293697,8.1));
#2812 = CARTESIAN_POINT('',(-0.416565706088,6.135900622966,8.1));
#2813 = PCURVE('',#1149,#2814);
#2814 = DEFINITIONAL_REPRESENTATION('',(#2815),#2824);
#2815 = B_SPLINE_CURVE_WITH_KNOTS('',4,(#2816,#2817,#2818,#2819,#2820,
    #2821,#2822,#2823),.UNSPECIFIED.,.F.,.F.,(5,3,5),(0.,0.500000596364,
    1.),.UNSPECIFIED.);
#2816 = CARTESIAN_POINT('',(1.771474369572,5.889400703986));
#2817 = CARTESIAN_POINT('',(1.506475769833,5.969110969305));
#2818 = CARTESIAN_POINT('',(1.236693428603,6.032921674968));
#2819 = CARTESIAN_POINT('',(0.963563316249,6.080400683865));
#2820 = CARTESIAN_POINT('',(0.413588573347,6.142359279669));
#2821 = CARTESIAN_POINT('',(0.136741558543,6.156839215551));
#2822 = CARTESIAN_POINT('',(-0.140475200476,6.154652293697));
#2823 = CARTESIAN_POINT('',(-0.416565706088,6.135900622966));
#2824 = ( GEOMETRIC_REPRESENTATION_CONTEXT(2) 
PARAMETRIC_REPRESENTATION_CONTEXT() REPRESENTATION_CONTEXT('2D SPACE',''
  ) );
#2825 = PCURVE('',#1074,#2826);
#2826 = DEFINITIONAL_REPRESENTATION('',(#2827),#2836);
#2827 = B_SPLINE_CURVE_WITH_KNOTS('',4,(#2828,#2829,#2830,#2831,#2832,
    #2833,#2834,#2835),.UNSPECIFIED.,.F.,.F.,(5,3,5),(0.,0.500000596364,
    1.),.UNSPECIFIED.);
#2828 = CARTESIAN_POINT('',(0.,4.840162772811));
#2829 = CARTESIAN_POINT('',(-1.999992120134E-02,4.88919498467));
#2830 = CARTESIAN_POINT('',(-3.999992511032E-02,4.938227399295));
#2831 = CARTESIAN_POINT('',(-5.999996879838E-02,4.987259911443));
#2832 = CARTESIAN_POINT('',(-9.999998349252E-02,5.085324757549));
#2833 = CARTESIAN_POINT('',(-0.120000011656,5.134357231634));
#2834 = CARTESIAN_POINT('',(-0.140000031817,5.1833896861));
#2835 = CARTESIAN_POINT('',(-0.16,5.232422013135));
#2836 = ( GEOMETRIC_REPRESENTATION_CONTEXT(2) 
PARAMETRIC_REPRESENTATION_CONTEXT() REPRESENTATION_CONTEXT('2D SPACE',''
  ) );
#2837 = ORIENTED_EDGE('',*,*,#1103,.T.);
#2838 = ORIENTED_EDGE('',*,*,#1712,.T.);
#2839 = ORIENTED_EDGE('',*,*,#2840,.T.);
#2840 = EDGE_CURVE('',#1546,#2841,#2843,.T.);
#2841 = VERTEX_POINT('',#2842);
#2842 = CARTESIAN_POINT('',(-1.77147432454,-5.889346863382,8.1));
#2843 = SURFACE_CURVE('',#2844,(#2863,#2885),.PCURVE_S1.);
#2844 = B_SPLINE_CURVE_WITH_KNOTS('',5,(#2845,#2846,#2847,#2848,#2849,
    #2850,#2851,#2852,#2853,#2854,#2855,#2856,#2857,#2858,#2859,#2860,
    #2861,#2862),.UNSPECIFIED.,.F.,.F.,(6,4,4,4,6),(0.,0.273425875277,
    0.538404477226,0.771742342252,1.),.UNSPECIFIED.);
#2845 = CARTESIAN_POINT('',(-6.581615838678,-2.072048456028,8.1));
#2846 = CARTESIAN_POINT('',(-6.439848921151,-2.392733530194,8.1));
#2847 = CARTESIAN_POINT('',(-6.277627927228,-2.704276587778,8.1));
#2848 = CARTESIAN_POINT('',(-6.095558661114,-3.004841920714,8.1));
#2849 = CARTESIAN_POINT('',(-5.894483497432,-3.292642823268,8.1));
#2850 = CARTESIAN_POINT('',(-5.46330701918,-3.830845284345,8.1));
#2851 = CARTESIAN_POINT('',(-5.234289853908,-4.082133215841,8.1));
#2852 = CARTESIAN_POINT('',(-4.989474147926,-4.318269930392,8.1));
#2853 = CARTESIAN_POINT('',(-4.730081115921,-4.537797267975,8.1));
#2854 = CARTESIAN_POINT('',(-4.217587729943,-4.916910689691,8.1));
#2855 = CARTESIAN_POINT('',(-3.967430707148,-5.080527063479,8.1));
#2856 = CARTESIAN_POINT('',(-3.708085752387,-5.229334772791,8.1));
#2857 = CARTESIAN_POINT('',(-3.440662747848,-5.36252717538,8.1));
#2858 = CARTESIAN_POINT('',(-2.898104867803,-5.593761850104,8.1));
#2859 = CARTESIAN_POINT('',(-2.623260837375,-5.692507901038,8.1));
#2860 = CARTESIAN_POINT('',(-2.343024904056,-5.775011930158,8.1));
#2861 = CARTESIAN_POINT('',(-2.058647359878,-5.840751122988,8.1));
#2862 = CARTESIAN_POINT('',(-1.77147432454,-5.889346863382,8.1));
#2863 = PCURVE('',#1149,#2864);
#2864 = DEFINITIONAL_REPRESENTATION('',(#2865),#2884);
#2865 = B_SPLINE_CURVE_WITH_KNOTS('',5,(#2866,#2867,#2868,#2869,#2870,
    #2871,#2872,#2873,#2874,#2875,#2876,#2877,#2878,#2879,#2880,#2881,
    #2882,#2883),.UNSPECIFIED.,.F.,.F.,(6,4,4,4,6),(0.,0.273425875277,
    0.538404477226,0.771742342252,1.),.UNSPECIFIED.);
#2866 = CARTESIAN_POINT('',(-6.581615838678,-2.072048456028));
#2867 = CARTESIAN_POINT('',(-6.439848921151,-2.392733530194));
#2868 = CARTESIAN_POINT('',(-6.277627927228,-2.704276587778));
#2869 = CARTESIAN_POINT('',(-6.095558661114,-3.004841920714));
#2870 = CARTESIAN_POINT('',(-5.894483497432,-3.292642823268));
#2871 = CARTESIAN_POINT('',(-5.46330701918,-3.830845284345));
#2872 = CARTESIAN_POINT('',(-5.234289853908,-4.082133215841));
#2873 = CARTESIAN_POINT('',(-4.989474147926,-4.318269930392));
#2874 = CARTESIAN_POINT('',(-4.730081115921,-4.537797267975));
#2875 = CARTESIAN_POINT('',(-4.217587729943,-4.916910689691));
#2876 = CARTESIAN_POINT('',(-3.967430707148,-5.080527063479));
#2877 = CARTESIAN_POINT('',(-3.708085752387,-5.229334772791));
#2878 = CARTESIAN_POINT('',(-3.440662747848,-5.36252717538));
#2879 = CARTESIAN_POINT('',(-2.898104867803,-5.593761850104));
#2880 = CARTESIAN_POINT('',(-2.623260837375,-5.692507901038));
#2881 = CARTESIAN_POINT('',(-2.343024904056,-5.775011930158));
#2882 = CARTESIAN_POINT('',(-2.058647359878,-5.840751122988));
#2883 = CARTESIAN_POINT('',(-1.77147432454,-5.889346863382));
#2884 = ( GEOMETRIC_REPRESENTATION_CONTEXT(2) 
PARAMETRIC_REPRESENTATION_CONTEXT() REPRESENTATION_CONTEXT('2D SPACE',''
  ) );
#2885 = PCURVE('',#1514,#2886);
#2886 = DEFINITIONAL_REPRESENTATION('',(#2887),#2906);
#2887 = B_SPLINE_CURVE_WITH_KNOTS('',5,(#2888,#2889,#2890,#2891,#2892,
    #2893,#2894,#2895,#2896,#2897,#2898,#2899,#2900,#2901,#2902,#2903,
    #2904,#2905),.UNSPECIFIED.,.F.,.F.,(6,4,4,4,6),(0.,0.273425875277,
    0.538404477226,0.771742342252,1.),.UNSPECIFIED.);
#2888 = CARTESIAN_POINT('',(0.,3.778580063638));
#2889 = CARTESIAN_POINT('',(-4.493981645537E-02,3.8336677457));
#2890 = CARTESIAN_POINT('',(-9.017869254117E-02,3.889122018085));
#2891 = CARTESIAN_POINT('',(-0.135722804811,3.944950452076));
#2892 = CARTESIAN_POINT('',(-0.181582282911,4.001165464694));
#2893 = CARTESIAN_POINT('',(-0.272520311289,4.112638220698));
#2894 = CARTESIAN_POINT('',(-0.317580174195,4.167873056915));
#2895 = CARTESIAN_POINT('',(-0.36295077168,4.223488794725));
#2896 = CARTESIAN_POINT('',(-0.408642506642,4.279498186106));
#2897 = CARTESIAN_POINT('',(-0.495188882145,4.385587609547));
#2898 = CARTESIAN_POINT('',(-0.535970271109,4.435577849082));
#2899 = CARTESIAN_POINT('',(-0.577012861935,4.485888272505));
#2900 = CARTESIAN_POINT('',(-0.618324435038,4.536528417128));
#2901 = CARTESIAN_POINT('',(-0.700592854255,4.637373878437));
#2902 = CARTESIAN_POINT('',(-0.741538423067,4.687565371294));
#2903 = CARTESIAN_POINT('',(-0.782753793808,4.738087590087));
#2904 = CARTESIAN_POINT('',(-0.82424718042,4.788950603551));
#2905 = CARTESIAN_POINT('',(-0.866025403784,4.840162772791));
#2906 = ( GEOMETRIC_REPRESENTATION_CONTEXT(2) 
PARAMETRIC_REPRESENTATION_CONTEXT() REPRESENTATION_CONTEXT('2D SPACE',''
  ) );
#2907 = ORIENTED_EDGE('',*,*,#2908,.T.);
#2908 = EDGE_CURVE('',#2841,#1813,#2909,.T.);
#2909 = SURFACE_CURVE('',#2910,(#2919,#2931),.PCURVE_S1.);
#2910 = B_SPLINE_CURVE_WITH_KNOTS('',4,(#2911,#2912,#2913,#2914,#2915,
    #2916,#2917,#2918),.UNSPECIFIED.,.F.,.F.,(5,3,5),(0.,0.500000596364,
    1.),.UNSPECIFIED.);
#2911 = CARTESIAN_POINT('',(-1.771474369572,-5.889400703986,8.1));
#2912 = CARTESIAN_POINT('',(-1.506475769833,-5.969110969305,8.1));
#2913 = CARTESIAN_POINT('',(-1.236693428603,-6.032921674968,8.1));
#2914 = CARTESIAN_POINT('',(-0.963563316249,-6.080400683865,8.1));
#2915 = CARTESIAN_POINT('',(-0.413588573347,-6.142359279669,8.1));
#2916 = CARTESIAN_POINT('',(-0.136741558543,-6.156839215551,8.1));
#2917 = CARTESIAN_POINT('',(0.140475200476,-6.154652293697,8.1));
#2918 = CARTESIAN_POINT('',(0.416565706088,-6.135900622966,8.1));
#2919 = PCURVE('',#1149,#2920);
#2920 = DEFINITIONAL_REPRESENTATION('',(#2921),#2930);
#2921 = B_SPLINE_CURVE_WITH_KNOTS('',4,(#2922,#2923,#2924,#2925,#2926,
    #2927,#2928,#2929),.UNSPECIFIED.,.F.,.F.,(5,3,5),(0.,0.500000596364,
    1.),.UNSPECIFIED.);
#2922 = CARTESIAN_POINT('',(-1.771474369572,-5.889400703986));
#2923 = CARTESIAN_POINT('',(-1.506475769833,-5.969110969305));
#2924 = CARTESIAN_POINT('',(-1.236693428603,-6.032921674968));
#2925 = CARTESIAN_POINT('',(-0.963563316249,-6.080400683865));
#2926 = CARTESIAN_POINT('',(-0.413588573347,-6.142359279669));
#2927 = CARTESIAN_POINT('',(-0.136741558543,-6.156839215551));
#2928 = CARTESIAN_POINT('',(0.140475200476,-6.154652293697));
#2929 = CARTESIAN_POINT('',(0.416565706088,-6.135900622966));
#2930 = ( GEOMETRIC_REPRESENTATION_CONTEXT(2) 
PARAMETRIC_REPRESENTATION_CONTEXT() REPRESENTATION_CONTEXT('2D SPACE',''
  ) );
#2931 = PCURVE('',#1837,#2932);
#2932 = DEFINITIONAL_REPRESENTATION('',(#2933),#2942);
#2933 = B_SPLINE_CURVE_WITH_KNOTS('',4,(#2934,#2935,#2936,#2937,#2938,
    #2939,#2940,#2941),.UNSPECIFIED.,.F.,.F.,(5,3,5),(0.,0.500000596364,
    1.),.UNSPECIFIED.);
#2934 = CARTESIAN_POINT('',(0.,4.840162772811));
#2935 = CARTESIAN_POINT('',(-1.999992120134E-02,4.88919498467));
#2936 = CARTESIAN_POINT('',(-3.999992511033E-02,4.938227399295));
#2937 = CARTESIAN_POINT('',(-5.999996879838E-02,4.987259911443));
#2938 = CARTESIAN_POINT('',(-9.999998349252E-02,5.085324757549));
#2939 = CARTESIAN_POINT('',(-0.120000011656,5.134357231634));
#2940 = CARTESIAN_POINT('',(-0.140000031817,5.1833896861));
#2941 = CARTESIAN_POINT('',(-0.16,5.232422013135));
#2942 = ( GEOMETRIC_REPRESENTATION_CONTEXT(2) 
PARAMETRIC_REPRESENTATION_CONTEXT() REPRESENTATION_CONTEXT('2D SPACE',''
  ) );
#2943 = ADVANCED_FACE('',(#2944),#1074,.F.);
#2944 = FACE_BOUND('',#2945,.F.);
#2945 = EDGE_LOOP('',(#2946,#2947,#2948,#2977));
#2946 = ORIENTED_EDGE('',*,*,#1049,.F.);
#2947 = ORIENTED_EDGE('',*,*,#2685,.T.);
#2948 = ORIENTED_EDGE('',*,*,#2949,.T.);
#2949 = EDGE_CURVE('',#2686,#2735,#2950,.T.);
#2950 = SURFACE_CURVE('',#2951,(#2964,#2970),.PCURVE_S1.);
#2951 = B_SPLINE_CURVE_WITH_KNOTS('',11,(#2952,#2953,#2954,#2955,#2956,
    #2957,#2958,#2959,#2960,#2961,#2962,#2963),.UNSPECIFIED.,.F.,.F.,(12
    ,12),(0.,6.878838390627),.PIECEWISE_BEZIER_KNOTS.);
#2952 = CARTESIAN_POINT('',(-6.15,5.156027018322E-03,6.129833673255));
#2953 = CARTESIAN_POINT('',(-6.152945115859,-3.507715749527,
    6.384379128288));
#2954 = CARTESIAN_POINT('',(-3.949162461588,-7.022358055132,
    6.638924580982));
#2955 = CARTESIAN_POINT('',(0.467217116674,-8.99876287165,6.89347004033)
  );
#2956 = CARTESIAN_POINT('',(5.865454018667,-7.889673398081,
    7.148015485864));
#2957 = CARTESIAN_POINT('',(9.893716171036,-3.259974183617,
    7.402560953241));
#2958 = CARTESIAN_POINT('',(9.899168451234,3.243380257133,7.657106393386
    ));
#2959 = CARTESIAN_POINT('',(5.878674821035,7.879827374366,7.911651860863
    ));
#2960 = CARTESIAN_POINT('',(0.482305188847,8.997966812699,8.166197306268
    ));
#2961 = CARTESIAN_POINT('',(-3.937382133087,7.02896996359,8.420742765708
    ));
#2962 = CARTESIAN_POINT('',(-6.147054884151,3.518027803574,
    8.675288218361));
#2963 = CARTESIAN_POINT('',(-6.150000000016,5.156027028205E-03,
    8.929833673405));
#2964 = PCURVE('',#1074,#2965);
#2965 = DEFINITIONAL_REPRESENTATION('',(#2966),#2969);
#2966 = B_SPLINE_CURVE_WITH_KNOTS('',1,(#2967,#2968),.UNSPECIFIED.,.F.,
  .F.,(2,2),(0.,6.878838390627),.PIECEWISE_BEZIER_KNOTS.);
#2967 = CARTESIAN_POINT('',(0.,0.));
#2968 = CARTESIAN_POINT('',(0.,6.878838390627));
#2969 = ( GEOMETRIC_REPRESENTATION_CONTEXT(2) 
PARAMETRIC_REPRESENTATION_CONTEXT() REPRESENTATION_CONTEXT('2D SPACE',''
  ) );
#2970 = PCURVE('',#2304,#2971);
#2971 = DEFINITIONAL_REPRESENTATION('',(#2972),#2976);
#2972 = LINE('',#2973,#2974);
#2973 = CARTESIAN_POINT('',(-0.866025403784,0.));
#2974 = VECTOR('',#2975,1.);
#2975 = DIRECTION('',(0.,1.));
#2976 = ( GEOMETRIC_REPRESENTATION_CONTEXT(2) 
PARAMETRIC_REPRESENTATION_CONTEXT() REPRESENTATION_CONTEXT('2D SPACE',''
  ) );
#2977 = ORIENTED_EDGE('',*,*,#2802,.T.);
#2978 = ADVANCED_FACE('',(#2979),#1514,.F.);
#2979 = FACE_BOUND('',#2980,.F.);
#2980 = EDGE_LOOP('',(#2981,#3012,#3031,#3032,#3033));
#2981 = ORIENTED_EDGE('',*,*,#2982,.F.);
#2982 = EDGE_CURVE('',#2983,#2841,#2985,.T.);
#2983 = VERTEX_POINT('',#2984);
#2984 = CARTESIAN_POINT('',(6.15,-5.156027018316E-03,6.129833673255));
#2985 = SURFACE_CURVE('',#2986,(#2999,#3006),.PCURVE_S1.);
#2986 = B_SPLINE_CURVE_WITH_KNOTS('',11,(#2987,#2988,#2989,#2990,#2991,
    #2992,#2993,#2994,#2995,#2996,#2997,#2998),.UNSPECIFIED.,.F.,.F.,(12
    ,12),(0.,6.878838390627),.PIECEWISE_BEZIER_KNOTS.);
#2987 = CARTESIAN_POINT('',(6.15,-5.156027018316E-03,6.129833673255));
#2988 = CARTESIAN_POINT('',(6.152945115859,3.507715749527,6.384379128288
    ));
#2989 = CARTESIAN_POINT('',(3.949162461588,7.022358055132,6.638924580982
    ));
#2990 = CARTESIAN_POINT('',(-0.467217116674,8.998762871649,6.89347004033
    ));
#2991 = CARTESIAN_POINT('',(-5.865454018665,7.889673398083,
    7.148015485864));
#2992 = CARTESIAN_POINT('',(-9.893716171037,3.259974183615,
    7.402560953241));
#2993 = CARTESIAN_POINT('',(-9.899168451232,-3.243380257131,
    7.657106393386));
#2994 = CARTESIAN_POINT('',(-5.878674821036,-7.879827374367,
    7.911651860863));
#2995 = CARTESIAN_POINT('',(-0.482305188847,-8.997966812699,
    8.166197306268));
#2996 = CARTESIAN_POINT('',(3.937382133087,-7.02896996359,8.420742765708
    ));
#2997 = CARTESIAN_POINT('',(6.147054884151,-3.518027803574,
    8.675288218361));
#2998 = CARTESIAN_POINT('',(6.150000000016,-5.156027028203E-03,
    8.929833673405));
#2999 = PCURVE('',#1514,#3000);
#3000 = DEFINITIONAL_REPRESENTATION('',(#3001),#3005);
#3001 = LINE('',#3002,#3003);
#3002 = CARTESIAN_POINT('',(-0.866025403784,0.));
#3003 = VECTOR('',#3004,1.);
#3004 = DIRECTION('',(0.,1.));
#3005 = ( GEOMETRIC_REPRESENTATION_CONTEXT(2) 
PARAMETRIC_REPRESENTATION_CONTEXT() REPRESENTATION_CONTEXT('2D SPACE',''
  ) );
#3006 = PCURVE('',#1837,#3007);
#3007 = DEFINITIONAL_REPRESENTATION('',(#3008),#3011);
#3008 = B_SPLINE_CURVE_WITH_KNOTS('',1,(#3009,#3010),.UNSPECIFIED.,.F.,
  .F.,(2,2),(0.,6.878838390627),.PIECEWISE_BEZIER_KNOTS.);
#3009 = CARTESIAN_POINT('',(0.,0.));
#3010 = CARTESIAN_POINT('',(0.,6.878838390627));
#3011 = ( GEOMETRIC_REPRESENTATION_CONTEXT(2) 
PARAMETRIC_REPRESENTATION_CONTEXT() REPRESENTATION_CONTEXT('2D SPACE',''
  ) );
#3012 = ORIENTED_EDGE('',*,*,#3013,.T.);
#3013 = EDGE_CURVE('',#2983,#1474,#3014,.T.);
#3014 = SURFACE_CURVE('',#3015,(#3018,#3025),.PCURVE_S1.);
#3015 = B_SPLINE_CURVE_WITH_KNOTS('',1,(#3016,#3017),.UNSPECIFIED.,.F.,
  .F.,(2,2),(-0.866025403784,-0.),.PIECEWISE_BEZIER_KNOTS.);
#3016 = CARTESIAN_POINT('',(6.15,-5.156027018316E-03,6.129833673255));
#3017 = CARTESIAN_POINT('',(6.9,-3.306384189621E-02,6.561946105232));
#3018 = PCURVE('',#1514,#3019);
#3019 = DEFINITIONAL_REPRESENTATION('',(#3020),#3024);
#3020 = LINE('',#3021,#3022);
#3021 = CARTESIAN_POINT('',(0.,0.));
#3022 = VECTOR('',#3023,1.);
#3023 = DIRECTION('',(1.,0.));
#3024 = ( GEOMETRIC_REPRESENTATION_CONTEXT(2) 
PARAMETRIC_REPRESENTATION_CONTEXT() REPRESENTATION_CONTEXT('2D SPACE',''
  ) );
#3025 = PCURVE('',#1461,#3026);
#3026 = DEFINITIONAL_REPRESENTATION('',(#3027),#3030);
#3027 = B_SPLINE_CURVE_WITH_KNOTS('',1,(#3028,#3029),.UNSPECIFIED.,.F.,
  .F.,(2,2),(-0.866025403784,-0.),.PIECEWISE_BEZIER_KNOTS.);
#3028 = CARTESIAN_POINT('',(8.E-02,-0.486292338821));
#3029 = CARTESIAN_POINT('',(0.513012701892,0.263707661179));
#3030 = ( GEOMETRIC_REPRESENTATION_CONTEXT(2) 
PARAMETRIC_REPRESENTATION_CONTEXT() REPRESENTATION_CONTEXT('2D SPACE',''
  ) );
#3031 = ORIENTED_EDGE('',*,*,#1500,.T.);
#3032 = ORIENTED_EDGE('',*,*,#1545,.T.);
#3033 = ORIENTED_EDGE('',*,*,#2840,.T.);
#3034 = ADVANCED_FACE('',(#3035),#1461,.T.);
#3035 = FACE_BOUND('',#3036,.T.);
#3036 = EDGE_LOOP('',(#3037,#3056,#3057,#3058,#3059,#3060));
#3037 = ORIENTED_EDGE('',*,*,#3038,.T.);
#3038 = EDGE_CURVE('',#1792,#2983,#3039,.T.);
#3039 = SURFACE_CURVE('',#3040,(#3043,#3049),.PCURVE_S1.);
#3040 = B_SPLINE_CURVE_WITH_KNOTS('',1,(#3041,#3042),.UNSPECIFIED.,.F.,
  .F.,(2,2),(-0.16,-0.),.PIECEWISE_BEZIER_KNOTS.);
#3041 = CARTESIAN_POINT('',(6.15,5.156027018326E-03,5.970166326745));
#3042 = CARTESIAN_POINT('',(6.15,-5.156027018316E-03,6.129833673255));
#3043 = PCURVE('',#1461,#3044);
#3044 = DEFINITIONAL_REPRESENTATION('',(#3045),#3048);
#3045 = B_SPLINE_CURVE_WITH_KNOTS('',1,(#3046,#3047),.UNSPECIFIED.,.F.,
  .F.,(2,2),(-0.16,-0.),.PIECEWISE_BEZIER_KNOTS.);
#3046 = CARTESIAN_POINT('',(-8.E-02,-0.486292338821));
#3047 = CARTESIAN_POINT('',(8.E-02,-0.486292338821));
#3048 = ( GEOMETRIC_REPRESENTATION_CONTEXT(2) 
PARAMETRIC_REPRESENTATION_CONTEXT() REPRESENTATION_CONTEXT('2D SPACE',''
  ) );
#3049 = PCURVE('',#1837,#3050);
#3050 = DEFINITIONAL_REPRESENTATION('',(#3051),#3055);
#3051 = LINE('',#3052,#3053);
#3052 = CARTESIAN_POINT('',(0.,0.));
#3053 = VECTOR('',#3054,1.);
#3054 = DIRECTION('',(1.,0.));
#3055 = ( GEOMETRIC_REPRESENTATION_CONTEXT(2) 
PARAMETRIC_REPRESENTATION_CONTEXT() REPRESENTATION_CONTEXT('2D SPACE',''
  ) );
#3056 = ORIENTED_EDGE('',*,*,#3013,.T.);
#3057 = ORIENTED_EDGE('',*,*,#1473,.T.);
#3058 = ORIENTED_EDGE('',*,*,#1441,.T.);
#3059 = ORIENTED_EDGE('',*,*,#1737,.T.);
#3060 = ORIENTED_EDGE('',*,*,#1791,.T.);
#3061 = ADVANCED_FACE('',(#3062),#1837,.F.);
#3062 = FACE_BOUND('',#3063,.F.);
#3063 = EDGE_LOOP('',(#3064,#3065,#3066,#3067));
#3064 = ORIENTED_EDGE('',*,*,#1812,.F.);
#3065 = ORIENTED_EDGE('',*,*,#3038,.T.);
#3066 = ORIENTED_EDGE('',*,*,#2982,.T.);
#3067 = ORIENTED_EDGE('',*,*,#2908,.T.);
#3068 = ADVANCED_FACE('',(#3069),#2304,.F.);
#3069 = FACE_BOUND('',#3070,.F.);
#3070 = EDGE_LOOP('',(#3071,#3072,#3073,#3074));
#3071 = ORIENTED_EDGE('',*,*,#2949,.F.);
#3072 = ORIENTED_EDGE('',*,*,#2706,.T.);
#3073 = ORIENTED_EDGE('',*,*,#2145,.T.);
#3074 = ORIENTED_EDGE('',*,*,#2734,.T.);
#3075 = MANIFOLD_SOLID_BREP('',#3076);
#3076 = CLOSED_SHELL('',(#3077,#3349,#3853,#3891,#4374,#4600,#4798,#4876
    ,#5218,#5296,#5684,#5731,#5946,#6025,#6241,#6967,#7037,#7088,#7158,
    #7348,#7626,#7652,#7702,#7748,#7778,#7828,#7854,#7858,#7865));
#3077 = ADVANCED_FACE('',(#3078),#3091,.T.);
#3078 = FACE_BOUND('',#3079,.T.);
#3079 = EDGE_LOOP('',(#3080,#3132,#3160,#3247,#3276));
#3080 = ORIENTED_EDGE('',*,*,#3081,.T.);
#3081 = EDGE_CURVE('',#3082,#3084,#3086,.T.);
#3082 = VERTEX_POINT('',#3083);
#3083 = CARTESIAN_POINT('',(6.899920794998,-3.306089464107E-02,
    9.361900471218));
#3084 = VERTEX_POINT('',#3085);
#3085 = CARTESIAN_POINT('',(6.9,-1.690012582823E-15,9.364035695141));
#3086 = SURFACE_CURVE('',#3087,(#3090,#3101),.PCURVE_S1.);
#3087 = B_SPLINE_CURVE_WITH_KNOTS('',1,(#3088,#3089),.UNSPECIFIED.,.F.,
  .F.,(2,2),(0.,1.),.PIECEWISE_BEZIER_KNOTS.);
#3088 = CARTESIAN_POINT('',(6.899920794998,-3.306089464484E-02,
    9.361900471277));
#3089 = CARTESIAN_POINT('',(6.9,-1.804112415016E-16,9.364035695141));
#3090 = PCURVE('',#3091,#3096);
#3091 = CYLINDRICAL_SURFACE('',#3092,6.9);
#3092 = AXIS2_PLACEMENT_3D('',#3093,#3094,#3095);
#3093 = CARTESIAN_POINT('',(0.,0.,6.));
#3094 = DIRECTION('',(0.,0.,1.));
#3095 = DIRECTION('',(1.,0.,0.));
#3096 = DEFINITIONAL_REPRESENTATION('',(#3097),#3100);
#3097 = B_SPLINE_CURVE_WITH_KNOTS('',1,(#3098,#3099),.UNSPECIFIED.,.F.,
  .F.,(2,2),(0.,1.),.PIECEWISE_BEZIER_KNOTS.);
#3098 = CARTESIAN_POINT('',(6.278393854839,3.361900471277));
#3099 = CARTESIAN_POINT('',(6.28318530718,3.364035695141));
#3100 = ( GEOMETRIC_REPRESENTATION_CONTEXT(2) 
PARAMETRIC_REPRESENTATION_CONTEXT() REPRESENTATION_CONTEXT('2D SPACE',''
  ) );
#3101 = PCURVE('',#3102,#3127);
#3102 = B_SPLINE_SURFACE_WITH_KNOTS('',1,11,(
    (#3103,#3104,#3105,#3106,#3107,#3108,#3109,#3110,#3111,#3112,#3113
      ,#3114)
    ,(#3115,#3116,#3117,#3118,#3119,#3120,#3121,#3122,#3123,#3124,#3125
      ,#3126
    )),.UNSPECIFIED.,.F.,.F.,.F.,(2,2),(12,12),(-0.866025403784,-0.),(0.
    ,6.878838390627),.PIECEWISE_BEZIER_KNOTS.);
#3103 = CARTESIAN_POINT('',(6.15,-5.156027018314E-03,8.929833673255));
#3104 = CARTESIAN_POINT('',(6.152945115859,3.507715749528,9.184379128286
    ));
#3105 = CARTESIAN_POINT('',(3.949162461589,7.022358055124,9.438924580993
    ));
#3106 = CARTESIAN_POINT('',(-0.467217116679,8.998762871676,
    9.693470040284));
#3107 = CARTESIAN_POINT('',(-5.865454018654,7.889673398027,
    9.948015485986));
#3108 = CARTESIAN_POINT('',(-9.893716171057,3.259974183697,
    10.202560953021));
#3109 = CARTESIAN_POINT('',(-9.899168451208,-3.243380257218,
    10.457106393663));
#3110 = CARTESIAN_POINT('',(-5.878674821057,-7.8798273743,
    10.711651860616));
#3111 = CARTESIAN_POINT('',(-0.482305188833,-8.997966812736,
    10.966197306424));
#3112 = CARTESIAN_POINT('',(3.937382133081,-7.028969963576,
    11.22074276564));
#3113 = CARTESIAN_POINT('',(6.147054884153,-3.518027803577,
    11.475288218379));
#3114 = CARTESIAN_POINT('',(6.150000000016,-5.156027027972E-03,
    11.729833673402));
#3115 = CARTESIAN_POINT('',(6.9,-3.306384189621E-02,9.361946105232));
#3116 = CARTESIAN_POINT('',(6.918886023049,3.908206941727,9.616491559779
    ));
#3117 = CARTESIAN_POINT('',(4.461930776391,7.861252292906,9.871037014313
    ));
#3118 = CARTESIAN_POINT('',(-0.484281525499,10.098278994724,
    10.125582468887));
#3119 = CARTESIAN_POINT('',(-6.54577958922,8.87787459594,10.380127923391
    ));
#3120 = CARTESIAN_POINT('',(-11.08584371413,3.701429245716,
    10.634673377971));
#3121 = CARTESIAN_POINT('',(-11.12080732615,-3.595018057542,
    10.889218832511));
#3122 = CARTESIAN_POINT('',(-6.630560083731,-8.814735405677,
    11.143764287031));
#3123 = CARTESIAN_POINT('',(-0.581036183654,-10.09317414027,
    11.398309741612));
#3124 = CARTESIAN_POINT('',(4.386387549492,-7.903652205665,
    11.652855196133));
#3125 = CARTESIAN_POINT('',(6.881113977058,-3.97433462552,
    11.907400650688));
#3126 = CARTESIAN_POINT('',(6.900000000101,-3.306384189621E-02,
    12.161946105232));
#3127 = DEFINITIONAL_REPRESENTATION('',(#3128),#3131);
#3128 = B_SPLINE_CURVE_WITH_KNOTS('',1,(#3129,#3130),.UNSPECIFIED.,.F.,
  .F.,(2,2),(0.,1.),.PIECEWISE_BEZIER_KNOTS.);
#3129 = CARTESIAN_POINT('',(-9.145805850248E-05,0.));
#3130 = CARTESIAN_POINT('',(-9.14830922187E-05,5.245688096578E-03));
#3131 = ( GEOMETRIC_REPRESENTATION_CONTEXT(2) 
PARAMETRIC_REPRESENTATION_CONTEXT() REPRESENTATION_CONTEXT('2D SPACE',''
  ) );
#3132 = ORIENTED_EDGE('',*,*,#3133,.T.);
#3133 = EDGE_CURVE('',#3084,#3134,#3136,.T.);
#3134 = VERTEX_POINT('',#3135);
#3135 = CARTESIAN_POINT('',(6.9,-1.690012582823E-15,9.735960002586));
#3136 = SURFACE_CURVE('',#3137,(#3141,#3148),.PCURVE_S1.);
#3137 = LINE('',#3138,#3139);
#3138 = CARTESIAN_POINT('',(6.9,-1.690012582823E-15,6.));
#3139 = VECTOR('',#3140,1.);
#3140 = DIRECTION('',(0.,0.,1.));
#3141 = PCURVE('',#3091,#3142);
#3142 = DEFINITIONAL_REPRESENTATION('',(#3143),#3147);
#3143 = LINE('',#3144,#3145);
#3144 = CARTESIAN_POINT('',(6.28318530718,-0.));
#3145 = VECTOR('',#3146,1.);
#3146 = DIRECTION('',(0.,1.));
#3147 = ( GEOMETRIC_REPRESENTATION_CONTEXT(2) 
PARAMETRIC_REPRESENTATION_CONTEXT() REPRESENTATION_CONTEXT('2D SPACE',''
  ) );
#3148 = PCURVE('',#3149,#3154);
#3149 = CYLINDRICAL_SURFACE('',#3150,6.9);
#3150 = AXIS2_PLACEMENT_3D('',#3151,#3152,#3153);
#3151 = CARTESIAN_POINT('',(0.,0.,6.));
#3152 = DIRECTION('',(0.,0.,1.));
#3153 = DIRECTION('',(1.,0.,0.));
#3154 = DEFINITIONAL_REPRESENTATION('',(#3155),#3159);
#3155 = LINE('',#3156,#3157);
#3156 = CARTESIAN_POINT('',(0.,-0.));
#3157 = VECTOR('',#3158,1.);
#3158 = DIRECTION('',(0.,1.));
#3159 = ( GEOMETRIC_REPRESENTATION_CONTEXT(2) 
PARAMETRIC_REPRESENTATION_CONTEXT() REPRESENTATION_CONTEXT('2D SPACE',''
  ) );
#3160 = ORIENTED_EDGE('',*,*,#3161,.F.);
#3161 = EDGE_CURVE('',#3162,#3134,#3164,.T.);
#3162 = VERTEX_POINT('',#3163);
#3163 = CARTESIAN_POINT('',(0.988092235421,-6.828885248289,9.1));
#3164 = SURFACE_CURVE('',#3165,(#3182,#3202),.PCURVE_S1.);
#3165 = B_SPLINE_CURVE_WITH_KNOTS('',8,(#3166,#3167,#3168,#3169,#3170,
    #3171,#3172,#3173,#3174,#3175,#3176,#3177,#3178,#3179,#3180,#3181),
  .UNSPECIFIED.,.F.,.F.,(9,7,9),(0.,0.453208425574,1.),.UNSPECIFIED.);
#3166 = CARTESIAN_POINT('',(0.988083041014,-6.82888657865,9.0999994));
#3167 = CARTESIAN_POINT('',(1.540081445533,-6.749017004686,
    9.136021189564));
#3168 = CARTESIAN_POINT('',(2.084859881621,-6.618129985969,
    9.172053244736));
#3169 = CARTESIAN_POINT('',(2.61667420953,-6.437008517486,9.208081078151
    ));
#3170 = CARTESIAN_POINT('',(3.130140412527,-6.207221042296,9.24410353833
    ));
#3171 = CARTESIAN_POINT('',(3.620175611967,-5.930968805848,
    9.280126097506));
#3172 = CARTESIAN_POINT('',(4.081987959605,-5.611030151563,9.31615416851
    ));
#3173 = CARTESIAN_POINT('',(4.511115407165,-5.2508017577,9.352186450693)
  );
#3174 = CARTESIAN_POINT('',(5.376937673123,-4.376226352983,
    9.431668322997));
#3175 = CARTESIAN_POINT('',(5.797348159185,-3.844961256818,
    9.475154041407));
#3176 = CARTESIAN_POINT('',(6.157327546214,-3.267909843928,
    9.518624833477));
#3177 = CARTESIAN_POINT('',(6.451276137766,-2.65321969021,9.562084477164
    ));
#3178 = CARTESIAN_POINT('',(6.674840470989,-2.009582533888,
    9.605544005037));
#3179 = CARTESIAN_POINT('',(6.824999348225,-1.346238092617,
    9.649014537626));
#3180 = CARTESIAN_POINT('',(6.9,-0.672915969497,9.692500037121));
#3181 = CARTESIAN_POINT('',(6.9,-1.7763568394E-15,9.735960002586));
#3182 = PCURVE('',#3091,#3183);
#3183 = DEFINITIONAL_REPRESENTATION('',(#3184),#3201);
#3184 = B_SPLINE_CURVE_WITH_KNOTS('',8,(#3185,#3186,#3187,#3188,#3189,
    #3190,#3191,#3192,#3193,#3194,#3195,#3196,#3197,#3198,#3199,#3200),
  .UNSPECIFIED.,.F.,.F.,(9,7,9),(0.,0.453208425574,1.),.UNSPECIFIED.);
#3185 = CARTESIAN_POINT('',(4.856083413435,3.0999994));
#3186 = CARTESIAN_POINT('',(4.936916269297,3.136021189564));
#3187 = CARTESIAN_POINT('',(5.017771774083,3.172053244736));
#3188 = CARTESIAN_POINT('',(5.098617178124,3.208081078151));
#3189 = CARTESIAN_POINT('',(5.179449969916,3.24410353833));
#3190 = CARTESIAN_POINT('',(5.260282757967,3.280126097506));
#3191 = CARTESIAN_POINT('',(5.341128152201,3.31615416851));
#3192 = CARTESIAN_POINT('',(5.421983644939,3.352186450693));
#3193 = CARTESIAN_POINT('',(5.600340537585,3.431668322997));
#3194 = CARTESIAN_POINT('',(5.697923364026,3.475154041407));
#3195 = CARTESIAN_POINT('',(5.795474050272,3.518624833477));
#3196 = CARTESIAN_POINT('',(5.893000880386,3.562084477164));
#3197 = CARTESIAN_POINT('',(5.990527716371,3.605544005037));
#3198 = CARTESIAN_POINT('',(6.08807840582,3.649014537626));
#3199 = CARTESIAN_POINT('',(6.185661253629,3.692500037121));
#3200 = CARTESIAN_POINT('',(6.28318530718,3.735960002586));
#3201 = ( GEOMETRIC_REPRESENTATION_CONTEXT(2) 
PARAMETRIC_REPRESENTATION_CONTEXT() REPRESENTATION_CONTEXT('2D SPACE',''
  ) );
#3202 = PCURVE('',#3203,#3228);
#3203 = B_SPLINE_SURFACE_WITH_KNOTS('',1,11,(
    (#3204,#3205,#3206,#3207,#3208,#3209,#3210,#3211,#3212,#3213,#3214
      ,#3215)
    ,(#3216,#3217,#3218,#3219,#3220,#3221,#3222,#3223,#3224,#3225,#3226
      ,#3227
    )),.UNSPECIFIED.,.F.,.F.,.F.,(2,2),(12,12),(-0.866025403784,-0.),(0.
    ,6.878838390627),.PIECEWISE_BEZIER_KNOTS.);
#3204 = CARTESIAN_POINT('',(-6.9,-3.306384189622E-02,8.338053894768));
#3205 = CARTESIAN_POINT('',(-6.881113976952,-3.974334625462,
    8.592599349312));
#3206 = CARTESIAN_POINT('',(-4.386387549439,-7.903652205548,
    8.847144803865));
#3207 = CARTESIAN_POINT('',(0.581036183665,-10.09317414012,
    9.101690258393));
#3208 = CARTESIAN_POINT('',(6.630560083623,-8.814735405544,
    9.356235712964));
#3209 = CARTESIAN_POINT('',(11.120807325983,-3.595018057493,
    9.610781167492));
#3210 = CARTESIAN_POINT('',(11.085843714017,3.701429245667,9.86532662203
    ));
#3211 = CARTESIAN_POINT('',(6.545779589074,8.877874595807,
    10.119872076606));
#3212 = CARTESIAN_POINT('',(0.484281525529,10.098278994577,
    10.374417531116));
#3213 = CARTESIAN_POINT('',(-4.461930776343,7.86125229279,
    10.628962985685));
#3214 = CARTESIAN_POINT('',(-6.918886022942,3.90820694167,
    10.883508440221));
#3215 = CARTESIAN_POINT('',(-6.899999999899,-3.306384189619E-02,
    11.138053894768));
#3216 = CARTESIAN_POINT('',(-6.15,-5.156027018323E-03,8.770166326745));
#3217 = CARTESIAN_POINT('',(-6.147054884142,-3.518027803556,
    9.024711781776));
#3218 = CARTESIAN_POINT('',(-3.937382133084,-7.02896996356,
    9.279257234485));
#3219 = CARTESIAN_POINT('',(0.482305188818,-8.997966812697,
    9.533802693769));
#3220 = CARTESIAN_POINT('',(5.878674821034,-7.879827374307,9.78834813948
    ));
#3221 = CARTESIAN_POINT('',(9.899168451166,-3.243380257218,
    10.04289360651));
#3222 = CARTESIAN_POINT('',(9.893716171053,3.259974183681,
    10.297439047148));
#3223 = CARTESIAN_POINT('',(5.865454018638,7.889673397979,
    10.551984514114));
#3224 = CARTESIAN_POINT('',(0.4672171167,8.998762871669,10.806529959907)
  );
#3225 = CARTESIAN_POINT('',(-3.94916246157,7.022358055103,
    11.061075419133));
#3226 = CARTESIAN_POINT('',(-6.152945115837,3.507715749532,
    11.315620871868));
#3227 = CARTESIAN_POINT('',(-6.149999999984,-5.156027008662E-03,
    11.570166326892));
#3228 = DEFINITIONAL_REPRESENTATION('',(#3229),#3246);
#3229 = B_SPLINE_CURVE_WITH_KNOTS('',8,(#3230,#3231,#3232,#3233,#3234,
    #3235,#3236,#3237,#3238,#3239,#3240,#3241,#3242,#3243,#3244,#3245),
  .UNSPECIFIED.,.F.,.F.,(9,7,9),(0.,0.453208425574,1.),.UNSPECIFIED.);
#3230 = CARTESIAN_POINT('',(-0.865934722095,1.871781696093));
#3231 = CARTESIAN_POINT('',(-0.865934631528,1.960277323986));
#3232 = CARTESIAN_POINT('',(-0.865934110224,2.048797643685));
#3233 = CARTESIAN_POINT('',(-0.865932994619,2.137306863176));
#3234 = CARTESIAN_POINT('',(-0.865931422224,2.225802322145));
#3235 = CARTESIAN_POINT('',(-0.86592974153,2.314297891573));
#3236 = CARTESIAN_POINT('',(-0.865928384469,2.402807398776));
#3237 = CARTESIAN_POINT('',(-0.865927701418,2.491328077906));
#3238 = CARTESIAN_POINT('',(-0.865927827909,2.686593573877));
#3239 = CARTESIAN_POINT('',(-0.865928985243,2.793427573602));
#3240 = CARTESIAN_POINT('',(-0.865931394983,2.900226443398));
#3241 = CARTESIAN_POINT('',(-0.865934817946,3.006999153804));
#3242 = CARTESIAN_POINT('',(-0.865938359649,3.113771745444));
#3243 = CARTESIAN_POINT('',(-0.865941075377,3.220570340221));
#3244 = CARTESIAN_POINT('',(-0.865942462877,3.327404088485));
#3245 = CARTESIAN_POINT('',(-0.865942520177,3.434173472613));
#3246 = ( GEOMETRIC_REPRESENTATION_CONTEXT(2) 
PARAMETRIC_REPRESENTATION_CONTEXT() REPRESENTATION_CONTEXT('2D SPACE',''
  ) );
#3247 = ORIENTED_EDGE('',*,*,#3248,.T.);
#3248 = EDGE_CURVE('',#3162,#3249,#3251,.T.);
#3249 = VERTEX_POINT('',#3250);
#3250 = CARTESIAN_POINT('',(5.72389606496,-3.853182300066,9.1));
#3251 = SURFACE_CURVE('',#3252,(#3257,#3264),.PCURVE_S1.);
#3252 = CIRCLE('',#3253,6.9);
#3253 = AXIS2_PLACEMENT_3D('',#3254,#3255,#3256);
#3254 = CARTESIAN_POINT('',(0.,0.,9.1));
#3255 = DIRECTION('',(0.,0.,1.));
#3256 = DIRECTION('',(0.,-1.,0.));
#3257 = PCURVE('',#3091,#3258);
#3258 = DEFINITIONAL_REPRESENTATION('',(#3259),#3263);
#3259 = LINE('',#3260,#3261);
#3260 = CARTESIAN_POINT('',(-1.570796326795,3.1));
#3261 = VECTOR('',#3262,1.);
#3262 = DIRECTION('',(1.,0.));
#3263 = ( GEOMETRIC_REPRESENTATION_CONTEXT(2) 
PARAMETRIC_REPRESENTATION_CONTEXT() REPRESENTATION_CONTEXT('2D SPACE',''
  ) );
#3264 = PCURVE('',#3265,#3270);
#3265 = CONICAL_SURFACE('',#3266,7.9,0.785398163397);
#3266 = AXIS2_PLACEMENT_3D('',#3267,#3268,#3269);
#3267 = CARTESIAN_POINT('',(0.,0.,8.1));
#3268 = DIRECTION('',(0.,0.,-1.));
#3269 = DIRECTION('',(1.,0.,0.));
#3270 = DEFINITIONAL_REPRESENTATION('',(#3271),#3275);
#3271 = LINE('',#3272,#3273);
#3272 = CARTESIAN_POINT('',(1.570796326795,-1.));
#3273 = VECTOR('',#3274,1.);
#3274 = DIRECTION('',(-1.,-0.));
#3275 = ( GEOMETRIC_REPRESENTATION_CONTEXT(2) 
PARAMETRIC_REPRESENTATION_CONTEXT() REPRESENTATION_CONTEXT('2D SPACE',''
  ) );
#3276 = ORIENTED_EDGE('',*,*,#3277,.T.);
#3277 = EDGE_CURVE('',#3249,#3082,#3278,.T.);
#3278 = SURFACE_CURVE('',#3279,(#3292,#3308),.PCURVE_S1.);
#3279 = B_SPLINE_CURVE_WITH_KNOTS('',6,(#3280,#3281,#3282,#3283,#3284,
    #3285,#3286,#3287,#3288,#3289,#3290,#3291),.UNSPECIFIED.,.F.,.F.,(7,
    5,7),(0.,0.538372910055,1.),.UNSPECIFIED.);
#3280 = CARTESIAN_POINT('',(5.723890876715,-3.853190007184,9.0999994));
#3281 = CARTESIAN_POINT('',(5.927084222767,-3.551347497836,
    9.123497884021));
#3282 = CARTESIAN_POINT('',(6.111181626268,-3.236639632988,
    9.146996662577));
#3283 = CARTESIAN_POINT('',(6.275153796099,-2.910591819442,9.17049473765
    ));
#3284 = CARTESIAN_POINT('',(6.418153675077,-2.574816535564,
    9.193993078982));
#3285 = CARTESIAN_POINT('',(6.539497416035,-2.231001971527,
    9.217492864291));
#3286 = CARTESIAN_POINT('',(6.723733916455,-1.58074107236,9.261143211679
    ));
#3287 = CARTESIAN_POINT('',(6.792495647016,-1.275944661168,
    9.281294332035));
#3288 = CARTESIAN_POINT('',(6.844655751975,-0.967642674079,
    9.301445896825));
#3289 = CARTESIAN_POINT('',(6.880002204348,-0.656963772624,
    9.321598104157));
#3290 = CARTESIAN_POINT('',(6.898425897355,-0.345051100788,9.34175047273
    ));
#3291 = CARTESIAN_POINT('',(6.899920794998,-3.306089464099E-02,
    9.361900471218));
#3292 = PCURVE('',#3091,#3293);
#3293 = DEFINITIONAL_REPRESENTATION('',(#3294),#3307);
#3294 = B_SPLINE_CURVE_WITH_KNOTS('',6,(#3295,#3296,#3297,#3298,#3299,
    #3300,#3301,#3302,#3303,#3304,#3305,#3306),.UNSPECIFIED.,.F.,.F.,(7,
    5,7),(0.,0.538372910055,1.),.UNSPECIFIED.);
#3295 = CARTESIAN_POINT('',(5.690689284579,3.0999994));
#3296 = CARTESIAN_POINT('',(5.743423083277,3.123497884021));
#3297 = CARTESIAN_POINT('',(5.796158126269,3.146996662577));
#3298 = CARTESIAN_POINT('',(5.848891731663,3.17049473765));
#3299 = CARTESIAN_POINT('',(5.901625328876,3.193993078982));
#3300 = CARTESIAN_POINT('',(5.954360345017,3.217492864291));
#3301 = CARTESIAN_POINT('',(6.052310596341,3.261143211679));
#3302 = CARTESIAN_POINT('',(6.097527627282,3.281294332035));
#3303 = CARTESIAN_POINT('',(6.142743994107,3.301445896825));
#3304 = CARTESIAN_POINT('',(6.187960351508,3.321598104157));
#3305 = CARTESIAN_POINT('',(6.233177363895,3.34175047273));
#3306 = CARTESIAN_POINT('',(6.27839385484,3.361900471218));
#3307 = ( GEOMETRIC_REPRESENTATION_CONTEXT(2) 
PARAMETRIC_REPRESENTATION_CONTEXT() REPRESENTATION_CONTEXT('2D SPACE',''
  ) );
#3308 = PCURVE('',#3309,#3334);
#3309 = B_SPLINE_SURFACE_WITH_KNOTS('',1,11,(
    (#3310,#3311,#3312,#3313,#3314,#3315,#3316,#3317,#3318,#3319,#3320
      ,#3321)
    ,(#3322,#3323,#3324,#3325,#3326,#3327,#3328,#3329,#3330,#3331,#3332
      ,#3333
    )),.UNSPECIFIED.,.F.,.F.,.F.,(2,2),(12,12),(-0.866025403784,-0.),(0.
    ,6.878838390627),.PIECEWISE_BEZIER_KNOTS.);
#3310 = CARTESIAN_POINT('',(6.15,-5.156027018316E-03,6.129833673255));
#3311 = CARTESIAN_POINT('',(6.152945115859,3.507715749527,6.384379128288
    ));
#3312 = CARTESIAN_POINT('',(3.949162461588,7.022358055132,6.638924580982
    ));
#3313 = CARTESIAN_POINT('',(-0.467217116674,8.998762871649,6.89347004033
    ));
#3314 = CARTESIAN_POINT('',(-5.865454018665,7.889673398083,
    7.148015485864));
#3315 = CARTESIAN_POINT('',(-9.893716171037,3.259974183615,
    7.402560953241));
#3316 = CARTESIAN_POINT('',(-9.899168451232,-3.243380257131,
    7.657106393386));
#3317 = CARTESIAN_POINT('',(-5.878674821036,-7.879827374367,
    7.911651860863));
#3318 = CARTESIAN_POINT('',(-0.482305188847,-8.997966812699,
    8.166197306268));
#3319 = CARTESIAN_POINT('',(3.937382133087,-7.02896996359,8.420742765708
    ));
#3320 = CARTESIAN_POINT('',(6.147054884151,-3.518027803574,
    8.675288218361));
#3321 = CARTESIAN_POINT('',(6.150000000016,-5.156027028203E-03,
    8.929833673405));
#3322 = CARTESIAN_POINT('',(6.9,-3.306384189621E-02,6.561946105232));
#3323 = CARTESIAN_POINT('',(6.91888602305,3.908206941726,6.816491559779)
  );
#3324 = CARTESIAN_POINT('',(4.461930776383,7.861252292912,7.071037014313
    ));
#3325 = CARTESIAN_POINT('',(-0.484281525467,10.098278994706,
    7.325582468889));
#3326 = CARTESIAN_POINT('',(-6.545779589303,8.877874595974,
    7.580127923385));
#3327 = CARTESIAN_POINT('',(-11.08584371399,3.701429245669,
    7.834673377982));
#3328 = CARTESIAN_POINT('',(-11.12080732633,-3.595018057497,
    8.089218832497));
#3329 = CARTESIAN_POINT('',(-6.630560083578,-8.81473540571,
    8.343764287044));
#3330 = CARTESIAN_POINT('',(-0.581036183751,-10.09317414025,
    8.598309741604));
#3331 = CARTESIAN_POINT('',(4.386387549535,-7.903652205671,
    8.852855196136));
#3332 = CARTESIAN_POINT('',(6.881113977046,-3.974334625519,
    9.107400650687));
#3333 = CARTESIAN_POINT('',(6.900000000103,-3.306384189626E-02,
    9.361946105232));
#3334 = DEFINITIONAL_REPRESENTATION('',(#3335),#3348);
#3335 = B_SPLINE_CURVE_WITH_KNOTS('',6,(#3336,#3337,#3338,#3339,#3340,
    #3341,#3342,#3343,#3344,#3345,#3346,#3347),.UNSPECIFIED.,.F.,.F.,(7,
    5,7),(0.,0.538372910055,1.),.UNSPECIFIED.);
#3336 = CARTESIAN_POINT('',(-9.160039633159E-05,6.235418870947));
#3337 = CARTESIAN_POINT('',(-9.430604637093E-05,6.293151571132));
#3338 = CARTESIAN_POINT('',(-9.753036003239E-05,6.350885630696));
#3339 = CARTESIAN_POINT('',(-1.009362210111E-04,6.408618184533));
#3340 = CARTESIAN_POINT('',(-1.038891350598E-04,6.46635083727));
#3341 = CARTESIAN_POINT('',(-1.053415130157E-04,6.524085198093));
#3342 = CARTESIAN_POINT('',(-1.047050058952E-04,6.631321448347));
#3343 = CARTESIAN_POINT('',(-1.030776234771E-04,6.68082527503));
#3344 = CARTESIAN_POINT('',(-1.000164607111E-04,6.73032843602));
#3345 = CARTESIAN_POINT('',(-9.564576988635E-05,6.779831570331));
#3346 = CARTESIAN_POINT('',(-9.145811046668E-05,6.829335325128));
#3347 = CARTESIAN_POINT('',(-9.145817711538E-05,6.878838390627));
#3348 = ( GEOMETRIC_REPRESENTATION_CONTEXT(2) 
PARAMETRIC_REPRESENTATION_CONTEXT() REPRESENTATION_CONTEXT('2D SPACE',''
  ) );
#3349 = ADVANCED_FACE('',(#3350),#3102,.F.);
#3350 = FACE_BOUND('',#3351,.F.);
#3351 = EDGE_LOOP('',(#3352,#3408,#3488,#3517,#3536,#3537,#3809));
#3352 = ORIENTED_EDGE('',*,*,#3353,.F.);
#3353 = EDGE_CURVE('',#3354,#3356,#3358,.T.);
#3354 = VERTEX_POINT('',#3355);
#3355 = CARTESIAN_POINT('',(-2.911721856428,5.417050141095,
    9.849995414608));
#3356 = VERTEX_POINT('',#3357);
#3357 = CARTESIAN_POINT('',(6.150000000016,-5.156027027969E-03,
    11.729833673402));
#3358 = SURFACE_CURVE('',#3359,(#3372,#3379),.PCURVE_S1.);
#3359 = B_SPLINE_CURVE_WITH_KNOTS('',11,(#3360,#3361,#3362,#3363,#3364,
    #3365,#3366,#3367,#3368,#3369,#3370,#3371),.UNSPECIFIED.,.F.,.F.,(12
    ,12),(0.,6.878838390627),.PIECEWISE_BEZIER_KNOTS.);
#3360 = CARTESIAN_POINT('',(6.15,-5.156027018314E-03,8.929833673255));
#3361 = CARTESIAN_POINT('',(6.152945115859,3.507715749528,9.184379128286
    ));
#3362 = CARTESIAN_POINT('',(3.949162461589,7.022358055124,9.438924580993
    ));
#3363 = CARTESIAN_POINT('',(-0.467217116679,8.998762871676,
    9.693470040284));
#3364 = CARTESIAN_POINT('',(-5.865454018654,7.889673398027,
    9.948015485986));
#3365 = CARTESIAN_POINT('',(-9.893716171057,3.259974183697,
    10.202560953021));
#3366 = CARTESIAN_POINT('',(-9.899168451208,-3.243380257218,
    10.457106393663));
#3367 = CARTESIAN_POINT('',(-5.878674821057,-7.8798273743,
    10.711651860616));
#3368 = CARTESIAN_POINT('',(-0.482305188833,-8.997966812736,
    10.966197306424));
#3369 = CARTESIAN_POINT('',(3.937382133081,-7.028969963576,
    11.22074276564));
#3370 = CARTESIAN_POINT('',(6.147054884153,-3.518027803577,
    11.475288218379));
#3371 = CARTESIAN_POINT('',(6.150000000016,-5.156027027972E-03,
    11.729833673402));
#3372 = PCURVE('',#3102,#3373);
#3373 = DEFINITIONAL_REPRESENTATION('',(#3374),#3378);
#3374 = LINE('',#3375,#3376);
#3375 = CARTESIAN_POINT('',(-0.866025403784,0.));
#3376 = VECTOR('',#3377,1.);
#3377 = DIRECTION('',(0.,1.));
#3378 = ( GEOMETRIC_REPRESENTATION_CONTEXT(2) 
PARAMETRIC_REPRESENTATION_CONTEXT() REPRESENTATION_CONTEXT('2D SPACE',''
  ) );
#3379 = PCURVE('',#3380,#3403);
#3380 = B_SPLINE_SURFACE_WITH_KNOTS('',1,10,(
    (#3381,#3382,#3383,#3384,#3385,#3386,#3387,#3388,#3389,#3390,#3391)
    ,(#3392,#3393,#3394,#3395,#3396,#3397,#3398,#3399,#3400,#3401,#3402
    )),.UNSPECIFIED.,.F.,.F.,.F.,(2,2),(11,11),(-0.16,-0.),(0.,
    6.878838390627),.PIECEWISE_BEZIER_KNOTS.);
#3381 = CARTESIAN_POINT('',(6.15,5.156027018318E-03,8.770166326745));
#3382 = CARTESIAN_POINT('',(6.146760372557,3.86931498121,9.050166327279)
  );
#3383 = CARTESIAN_POINT('',(3.446406503713,7.734320495964,9.330166325462
    ));
#3384 = CARTESIAN_POINT('',(-1.955556554567,9.453325417517,
    9.610166329077));
#3385 = CARTESIAN_POINT('',(-8.120501027437,7.033567818057,
    9.890166324875));
#3386 = CARTESIAN_POINT('',(-11.38131212597,-9.541845971613E-03,
    10.170166326884));
#3387 = CARTESIAN_POINT('',(-8.108696039109,-7.047174025945,
    10.450166328653));
#3388 = CARTESIAN_POINT('',(-1.939702888073,-9.456591118811,
    10.730166324628));
#3389 = CARTESIAN_POINT('',(3.459370223092,-7.728530842079,
    11.010166328148));
#3390 = CARTESIAN_POINT('',(6.153239627421,-3.859002927186,
    11.290166326366));
#3391 = CARTESIAN_POINT('',(6.149999999984,5.156027008667E-03,
    11.570166326892));
#3392 = CARTESIAN_POINT('',(6.15,-5.156027018318E-03,8.929833673255));
#3393 = CARTESIAN_POINT('',(6.153239627445,3.859002927183,9.209833673789
    ));
#3394 = CARTESIAN_POINT('',(3.459370223107,7.728530842104,9.489833671969
    ));
#3395 = CARTESIAN_POINT('',(-1.93970288805,9.456591118811,9.769833675594
    ));
#3396 = CARTESIAN_POINT('',(-8.108696039135,7.04717402602,
    10.049833671372));
#3397 = CARTESIAN_POINT('',(-11.38131212598,9.541845938122E-03,
    10.32983367341));
#3398 = CARTESIAN_POINT('',(-8.120501027475,-7.033567818018,
    10.60983367515));
#3399 = CARTESIAN_POINT('',(-1.955556554587,-9.453325417565,
    10.889833671146));
#3400 = CARTESIAN_POINT('',(3.44640650371,-7.734320495979,
    11.169833674655));
#3401 = CARTESIAN_POINT('',(6.146760372566,-3.869314981232,
    11.449833672877));
#3402 = CARTESIAN_POINT('',(6.150000000016,-5.156027027969E-03,
    11.729833673402));
#3403 = DEFINITIONAL_REPRESENTATION('',(#3404),#3407);
#3404 = B_SPLINE_CURVE_WITH_KNOTS('',1,(#3405,#3406),.UNSPECIFIED.,.F.,
  .F.,(2,2),(0.,6.878838390627),.PIECEWISE_BEZIER_KNOTS.);
#3405 = CARTESIAN_POINT('',(0.,0.));
#3406 = CARTESIAN_POINT('',(0.,6.878838390627));
#3407 = ( GEOMETRIC_REPRESENTATION_CONTEXT(2) 
PARAMETRIC_REPRESENTATION_CONTEXT() REPRESENTATION_CONTEXT('2D SPACE',''
  ) );
#3408 = ORIENTED_EDGE('',*,*,#3409,.F.);
#3409 = EDGE_CURVE('',#3410,#3354,#3412,.T.);
#3410 = VERTEX_POINT('',#3411);
#3411 = CARTESIAN_POINT('',(6.732698919724,-1.649035636333E-15,
    9.267301080276));
#3412 = SURFACE_CURVE('',#3413,(#3436,#3462),.PCURVE_S1.);
#3413 = B_SPLINE_CURVE_WITH_KNOTS('',6,(#3414,#3415,#3416,#3417,#3418,
    #3419,#3420,#3421,#3422,#3423,#3424,#3425,#3426,#3427,#3428,#3429,
    #3430,#3431,#3432,#3433,#3434,#3435),.UNSPECIFIED.,.F.,.F.,(7,5,5,5,
    7),(0.,0.272786074073,0.52871290662,0.77036511611,1.),
  .UNSPECIFIED.);
#3414 = CARTESIAN_POINT('',(6.732698919724,-2.059984127722E-16,
    9.267301080276));
#3415 = CARTESIAN_POINT('',(6.707287449415,0.605933022093,9.292712550606
    ));
#3416 = CARTESIAN_POINT('',(6.616326774539,1.209107209152,9.318233308977
    ));
#3417 = CARTESIAN_POINT('',(6.459825193212,1.800349563913,9.343863137294
    ));
#3418 = CARTESIAN_POINT('',(6.239581887841,2.370832349208,9.369605697615
    ));
#3419 = CARTESIAN_POINT('',(5.958731029577,2.911972089654,9.395468533961
    ));
#3420 = CARTESIAN_POINT('',(5.306708157834,3.888265058313,9.445810156903
    ));
#3421 = CARTESIAN_POINT('',(4.942077917703,4.328071888578,9.470284328853
    ));
#3422 = CARTESIAN_POINT('',(4.532546790635,4.728379912916,9.494856288626
    ));
#3423 = CARTESIAN_POINT('',(4.083336701306,5.083444933819,9.519532015382
    ));
#3424 = CARTESIAN_POINT('',(3.600531493043,5.388274153689,9.544319208821
    ));
#3425 = CARTESIAN_POINT('',(2.610585528487,5.875780403894,9.592714589082
    ));
#3426 = CARTESIAN_POINT('',(2.106156867131,6.064395183242,9.616318516744
    ));
#3427 = CARTESIAN_POINT('',(1.584140166762,6.201568747452,9.640016836658
    ));
#3428 = CARTESIAN_POINT('',(1.051009558952,6.285180427264,9.663814453846
    ));
#3429 = CARTESIAN_POINT('',(0.513565859085,6.314034962651,9.687717307039
    ));
#3430 = CARTESIAN_POINT('',(-0.529027494002,6.263737972357,
    9.734528359114));
#3431 = CARTESIAN_POINT('',(-1.034590809231,6.189879874131,9.757432958)
  );
#3432 = CARTESIAN_POINT('',(-1.53155069107,6.066720882909,9.780428146737
    ));
#3433 = CARTESIAN_POINT('',(-2.013918470717,5.895368080023,9.80351826713
    ));
#3434 = CARTESIAN_POINT('',(-2.475840807628,5.677778141923,
    9.826708882852));
#3435 = CARTESIAN_POINT('',(-2.911721856428,5.417050141095,
    9.849995414608));
#3436 = PCURVE('',#3102,#3437);
#3437 = DEFINITIONAL_REPRESENTATION('',(#3438),#3461);
#3438 = B_SPLINE_CURVE_WITH_KNOTS('',6,(#3439,#3440,#3441,#3442,#3443,
    #3444,#3445,#3446,#3447,#3448,#3449,#3450,#3451,#3452,#3453,#3454,
    #3455,#3456,#3457,#3458,#3459,#3460),.UNSPECIFIED.,.F.,.F.,(7,5,5,5,
    7),(0.,0.272786074073,0.52871290662,0.77036511611,1.),
  .UNSPECIFIED.);
#3439 = CARTESIAN_POINT('',(-0.193244420888,4.363884223134E-03));
#3440 = CARTESIAN_POINT('',(-0.222583523006,0.102757123243));
#3441 = CARTESIAN_POINT('',(-0.252064202501,0.201592405913));
#3442 = CARTESIAN_POINT('',(-0.281656075063,0.300831930502));
#3443 = CARTESIAN_POINT('',(-0.311372930373,0.40050162785));
#3444 = CARTESIAN_POINT('',(-0.341227234359,0.50063528825));
#3445 = CARTESIAN_POINT('',(-0.399340528565,0.695546827217));
#3446 = CARTESIAN_POINT('',(-0.427593990262,0.790306590081));
#3447 = CARTESIAN_POINT('',(-0.455963356201,0.885448667617));
#3448 = CARTESIAN_POINT('',(-0.484454871497,0.980995404324));
#3449 = CARTESIAN_POINT('',(-0.51307574405,1.076974551783));
#3450 = CARTESIAN_POINT('',(-0.56895612535,1.264367574604));
#3451 = CARTESIAN_POINT('',(-0.596210707928,1.355764947817));
#3452 = CARTESIAN_POINT('',(-0.623573610466,1.447526996825));
#3453 = CARTESIAN_POINT('',(-0.651050464034,1.539672674553));
#3454 = CARTESIAN_POINT('',(-0.678648786705,1.632225786578));
#3455 = CARTESIAN_POINT('',(-0.732697631951,1.813481430558));
#3456 = CARTESIAN_POINT('',(-0.759143969865,1.902169988702));
#3457 = CARTESIAN_POINT('',(-0.785695536137,1.991210091456));
#3458 = CARTESIAN_POINT('',(-0.812357529741,2.080618778407));
#3459 = CARTESIAN_POINT('',(-0.839136034346,2.170417175413));
#3460 = CARTESIAN_POINT('',(-0.866025403784,2.260587111259));
#3461 = ( GEOMETRIC_REPRESENTATION_CONTEXT(2) 
PARAMETRIC_REPRESENTATION_CONTEXT() REPRESENTATION_CONTEXT('2D SPACE',''
  ) );
#3462 = PCURVE('',#3265,#3463);
#3463 = DEFINITIONAL_REPRESENTATION('',(#3464),#3487);
#3464 = B_SPLINE_CURVE_WITH_KNOTS('',6,(#3465,#3466,#3467,#3468,#3469,
    #3470,#3471,#3472,#3473,#3474,#3475,#3476,#3477,#3478,#3479,#3480,
    #3481,#3482,#3483,#3484,#3485,#3486),.UNSPECIFIED.,.F.,.F.,(7,5,5,5,
    7),(0.,0.272786074073,0.52871290662,0.77036511611,1.),
  .UNSPECIFIED.);
#3465 = CARTESIAN_POINT('',(0.,-1.167301080276));
#3466 = CARTESIAN_POINT('',(-8.999853243365E-02,-1.192712550596));
#3467 = CARTESIAN_POINT('',(-0.180402203682,-1.218233309));
#3468 = CARTESIAN_POINT('',(-0.271176469103,-1.243863137274));
#3469 = CARTESIAN_POINT('',(-0.362346187657,-1.269605697623));
#3470 = CARTESIAN_POINT('',(-0.453941804285,-1.295468533961));
#3471 = CARTESIAN_POINT('',(-0.632236596286,-1.345810156903));
#3472 = CARTESIAN_POINT('',(-0.718919024279,-1.370284328853));
#3473 = CARTESIAN_POINT('',(-0.80595219558,-1.394856288626));
#3474 = CARTESIAN_POINT('',(-0.893356346907,-1.419532015382));
#3475 = CARTESIAN_POINT('',(-0.981157011148,-1.444319208821));
#3476 = CARTESIAN_POINT('',(-1.152584262166,-1.492714589082));
#3477 = CARTESIAN_POINT('',(-1.236195632529,-1.516318516744));
#3478 = CARTESIAN_POINT('',(-1.32014175823,-1.540016836658));
#3479 = CARTESIAN_POINT('',(-1.404440185426,-1.563814453846));
#3480 = CARTESIAN_POINT('',(-1.489112778131,-1.587717307039));
#3481 = CARTESIAN_POINT('',(-1.654938031452,-1.634528359114));
#3482 = CARTESIAN_POINT('',(-1.736077769647,-1.657432958));
#3483 = CARTESIAN_POINT('',(-1.817540419592,-1.680428146737));
#3484 = CARTESIAN_POINT('',(-1.899341507896,-1.70351826713));
#3485 = CARTESIAN_POINT('',(-1.981500310947,-1.726708882852));
#3486 = CARTESIAN_POINT('',(-2.06400020552,-1.749995414608));
#3487 = ( GEOMETRIC_REPRESENTATION_CONTEXT(2) 
PARAMETRIC_REPRESENTATION_CONTEXT() REPRESENTATION_CONTEXT('2D SPACE',''
  ) );
#3488 = ORIENTED_EDGE('',*,*,#3489,.F.);
#3489 = EDGE_CURVE('',#3490,#3410,#3492,.T.);
#3490 = VERTEX_POINT('',#3491);
#3491 = CARTESIAN_POINT('',(6.733772316151,-2.687843999074E-02,
    9.266174040243));
#3492 = SURFACE_CURVE('',#3493,(#3499,#3508),.PCURVE_S1.);
#3493 = B_SPLINE_CURVE_WITH_KNOTS('',3,(#3494,#3495,#3496,#3497,#3498),
  .UNSPECIFIED.,.F.,.F.,(4,1,4),(0.,0.665568325332,1.),.UNSPECIFIED.);
#3494 = CARTESIAN_POINT('',(6.733772316141,-2.687843999126E-02,
    9.266174040253));
#3495 = CARTESIAN_POINT('',(6.733546097341,-2.091481775024E-02,
    9.26642406138));
#3496 = CARTESIAN_POINT('',(6.733194286886,-1.195504400922E-02,
    9.266799733142));
#3497 = CARTESIAN_POINT('',(6.732824568637,-2.99608109342E-03,
    9.267175431363));
#3498 = CARTESIAN_POINT('',(6.732698919724,-2.046973701653E-16,
    9.267301080276));
#3499 = PCURVE('',#3102,#3500);
#3500 = DEFINITIONAL_REPRESENTATION('',(#3501),#3507);
#3501 = B_SPLINE_CURVE_WITH_KNOTS('',3,(#3502,#3503,#3504,#3505,#3506),
  .UNSPECIFIED.,.F.,.F.,(4,1,4),(0.,0.665568325332,1.),.UNSPECIFIED.);
#3502 = CARTESIAN_POINT('',(-0.191943196045,0.));
#3503 = CARTESIAN_POINT('',(-0.192231855002,9.680749733457E-04));
#3504 = CARTESIAN_POINT('',(-0.192665584538,2.422669502799E-03));
#3505 = CARTESIAN_POINT('',(-0.193099351505,3.87737150242E-03));
#3506 = CARTESIAN_POINT('',(-0.193244420888,4.363884223134E-03));
#3507 = ( GEOMETRIC_REPRESENTATION_CONTEXT(2) 
PARAMETRIC_REPRESENTATION_CONTEXT() REPRESENTATION_CONTEXT('2D SPACE',''
  ) );
#3508 = PCURVE('',#3265,#3509);
#3509 = DEFINITIONAL_REPRESENTATION('',(#3510),#3516);
#3510 = B_SPLINE_CURVE_WITH_KNOTS('',3,(#3511,#3512,#3513,#3514,#3515),
  .UNSPECIFIED.,.F.,.F.,(4,1,4),(0.,0.665568325332,1.),.UNSPECIFIED.);
#3511 = CARTESIAN_POINT('',(-6.279193741088,-1.166174040253));
#3512 = CARTESIAN_POINT('',(-6.280079221617,-1.16642406138));
#3513 = CARTESIAN_POINT('',(-6.281409712789,-1.166799733142));
#3514 = CARTESIAN_POINT('',(-6.282740302713,-1.167175431363));
#3515 = CARTESIAN_POINT('',(-6.28318530718,-1.167301080276));
#3516 = ( GEOMETRIC_REPRESENTATION_CONTEXT(2) 
PARAMETRIC_REPRESENTATION_CONTEXT() REPRESENTATION_CONTEXT('2D SPACE',''
  ) );
#3517 = ORIENTED_EDGE('',*,*,#3518,.T.);
#3518 = EDGE_CURVE('',#3490,#3082,#3519,.T.);
#3519 = SURFACE_CURVE('',#3520,(#3523,#3529),.PCURVE_S1.);
#3520 = B_SPLINE_CURVE_WITH_KNOTS('',1,(#3521,#3522),.UNSPECIFIED.,.F.,
  .F.,(2,2),(-0.866025403784,-0.),.PIECEWISE_BEZIER_KNOTS.);
#3521 = CARTESIAN_POINT('',(6.150000000016,-5.156027028203E-03,
    8.929833673405));
#3522 = CARTESIAN_POINT('',(6.900000000103,-3.306384189626E-02,
    9.361946105232));
#3523 = PCURVE('',#3102,#3524);
#3524 = DEFINITIONAL_REPRESENTATION('',(#3525),#3528);
#3525 = B_SPLINE_CURVE_WITH_KNOTS('',1,(#3526,#3527),.UNSPECIFIED.,.F.,
  .F.,(2,2),(-0.866025403784,-0.),.PIECEWISE_BEZIER_KNOTS.);
#3526 = CARTESIAN_POINT('',(-0.866025403784,0.));
#3527 = CARTESIAN_POINT('',(0.,0.));
#3528 = ( GEOMETRIC_REPRESENTATION_CONTEXT(2) 
PARAMETRIC_REPRESENTATION_CONTEXT() REPRESENTATION_CONTEXT('2D SPACE',''
  ) );
#3529 = PCURVE('',#3309,#3530);
#3530 = DEFINITIONAL_REPRESENTATION('',(#3531),#3535);
#3531 = LINE('',#3532,#3533);
#3532 = CARTESIAN_POINT('',(0.,6.878838390627));
#3533 = VECTOR('',#3534,1.);
#3534 = DIRECTION('',(1.,0.));
#3535 = ( GEOMETRIC_REPRESENTATION_CONTEXT(2) 
PARAMETRIC_REPRESENTATION_CONTEXT() REPRESENTATION_CONTEXT('2D SPACE',''
  ) );
#3536 = ORIENTED_EDGE('',*,*,#3081,.T.);
#3537 = ORIENTED_EDGE('',*,*,#3538,.T.);
#3538 = EDGE_CURVE('',#3084,#3539,#3541,.T.);
#3539 = VERTEX_POINT('',#3540);
#3540 = CARTESIAN_POINT('',(6.899920794998,-3.306089464109E-02,
    12.161900471219));
#3541 = SURFACE_CURVE('',#3542,(#3629,#3719),.PCURVE_S1.);
#3542 = B_SPLINE_CURVE_WITH_KNOTS('',8,(#3543,#3544,#3545,#3546,#3547,
    #3548,#3549,#3550,#3551,#3552,#3553,#3554,#3555,#3556,#3557,#3558,
    #3559,#3560,#3561,#3562,#3563,#3564,#3565,#3566,#3567,#3568,#3569,
    #3570,#3571,#3572,#3573,#3574,#3575,#3576,#3577,#3578,#3579,#3580,
    #3581,#3582,#3583,#3584,#3585,#3586,#3587,#3588,#3589,#3590,#3591,
    #3592,#3593,#3594,#3595,#3596,#3597,#3598,#3599,#3600,#3601,#3602,
    #3603,#3604,#3605,#3606,#3607,#3608,#3609,#3610,#3611,#3612,#3613,
    #3614,#3615,#3616,#3617,#3618,#3619,#3620,#3621,#3622,#3623,#3624,
    #3625,#3626,#3627,#3628),.UNSPECIFIED.,.F.,.F.,(9,7,7,7,7,7,7,7,7,7,
    7,7,9),(0.,4.506145601052E-02,0.131227082635,0.148254787039,
    0.26721344592,0.374931728305,0.490696458246,0.626535562867,
    0.731795881088,0.782977522146,0.866990799163,0.955858765615,1.),
  .UNSPECIFIED.);
#3543 = CARTESIAN_POINT('',(6.9,8.881784197001E-16,9.364035695141));
#3544 = CARTESIAN_POINT('',(6.9,0.243981900403,9.379793034409));
#3545 = CARTESIAN_POINT('',(6.890140250218,0.487966502558,9.395549434879
    ));
#3546 = CARTESIAN_POINT('',(6.870420935779,0.731485199323,9.411305430936
    ));
#3547 = CARTESIAN_POINT('',(6.840868386055,0.974072784706,9.427061463454
    ));
#3548 = CARTESIAN_POINT('',(6.801535039678,1.215267624653,9.442817846141
    ));
#3549 = CARTESIAN_POINT('',(6.75249940956,1.454611827837,9.458574731892)
  );
#3550 = CARTESIAN_POINT('',(6.693866047905,1.691651416439,9.474332079133
    ));
#3551 = CARTESIAN_POINT('',(6.495545009365,2.37393180284,9.520220873263)
  );
#3552 = CARTESIAN_POINT('',(6.330687895514,2.811927760938,9.550357609122
    ));
#3553 = CARTESIAN_POINT('',(6.132112777333,3.236703848822,9.580493327319
    ));
#3554 = CARTESIAN_POINT('',(5.901086355116,3.645241542261,9.610626740493
    ));
#3555 = CARTESIAN_POINT('',(5.639172104079,4.034699155901,9.64075956816)
  );
#3556 = CARTESIAN_POINT('',(5.348211255069,4.402406581639,9.670893986159
    ));
#3557 = CARTESIAN_POINT('',(5.030336073676,4.745879924699,9.70102972973)
  );
#3558 = CARTESIAN_POINT('',(4.620367411192,5.125495581263,9.73711524101)
  );
#3559 = CARTESIAN_POINT('',(4.551762803888,5.187102152677,9.743069618638
    ));
#3560 = CARTESIAN_POINT('',(4.482220053704,5.247658677949,9.749023983362
    ));
#3561 = CARTESIAN_POINT('',(4.411757939271,5.307148498451,9.754978335686
    ));
#3562 = CARTESIAN_POINT('',(4.340395579999,5.365555370592,9.760932676373
    ));
#3563 = CARTESIAN_POINT('',(4.268152436078,5.42286346583,9.766887006439)
  );
#3564 = CARTESIAN_POINT('',(4.195048308479,5.479057370661,9.772841327155
    ));
#3565 = CARTESIAN_POINT('',(3.604510250565,5.918814268711,9.820393559504
    ));
#3566 = CARTESIAN_POINT('',(3.046615303892,6.248590265194,9.862012212289
    ));
#3567 = CARTESIAN_POINT('',(2.454610272981,6.517943171843,9.903619685835
    ));
#3568 = CARTESIAN_POINT('',(1.836212043256,6.722939318077,9.945219036089
    ));
#3569 = CARTESIAN_POINT('',(1.199465463007,6.860756306292,9.986818895586
    ));
#3570 = CARTESIAN_POINT('',(0.552733162563,6.929735255051,10.02842760663
    ));
#3571 = CARTESIAN_POINT('',(-9.533983014467E-02,6.92934101291,
    10.070047448136));
#3572 = CARTESIAN_POINT('',(-1.315669215815,6.798468624575,
    10.149313706165));
#3573 = CARTESIAN_POINT('',(-1.889766571453,6.680235251844,
    10.186994062662));
#3574 = CARTESIAN_POINT('',(-2.451433893406,6.506606709588,
    10.224667429566));
#3575 = CARTESIAN_POINT('',(-2.994453599619,6.27919760503,
    10.262334764044));
#3576 = CARTESIAN_POINT('',(-3.512958296033,6.000381906428,
    10.300002057338));
#3577 = CARTESIAN_POINT('',(-4.001410265242,5.673224621917,
    10.337675352232));
#3578 = CARTESIAN_POINT('',(-4.454641212108,5.30154055334,
    10.375355716792));
#3579 = CARTESIAN_POINT('',(-5.312197842341,4.447857015743,
    10.453505359298));
#3580 = CARTESIAN_POINT('',(-5.710707055611,3.959328109037,
    10.494005981241));
#3581 = CARTESIAN_POINT('',(-6.057539090374,3.430277819164,
    10.534497322592));
#3582 = CARTESIAN_POINT('',(-6.348028496014,2.867177931607,
    10.57498128655));
#3583 = CARTESIAN_POINT('',(-6.578456001147,2.276950230054,
    10.615465339945));
#3584 = CARTESIAN_POINT('',(-6.746087304997,1.666961377181,
    10.655956906333));
#3585 = CARTESIAN_POINT('',(-6.849151267517,1.044990383345,
    10.696457794677));
#3586 = CARTESIAN_POINT('',(-6.931944837624,-0.314782241664,
    10.784441453032));
#3587 = CARTESIAN_POINT('',(-6.887250431061,-1.054989486211,
    10.831983135608));
#3588 = CARTESIAN_POINT('',(-6.752060783466,-1.787584443064,
    10.879500899545));
#3589 = CARTESIAN_POINT('',(-6.528171574312,-2.499758324218,
    10.927002562681));
#3590 = CARTESIAN_POINT('',(-6.21913623117,-3.179328298511,
    10.974504279431));
#3591 = CARTESIAN_POINT('',(-5.830446977304,-3.814854053768,
    11.022022128973));
#3592 = CARTESIAN_POINT('',(-5.369322235963,-4.39560286997,
    11.069563780797));
#3593 = CARTESIAN_POINT('',(-4.439995699981,-5.312367766625,
    11.153873546458));
#3594 = CARTESIAN_POINT('',(-3.9963573504,-5.674437457426,
    11.190693691695));
#3595 = CARTESIAN_POINT('',(-3.519180670259,-5.993943052161,
    11.22750821379));
#3596 = CARTESIAN_POINT('',(-3.013288108799,-6.267329876743,
    11.264317651751));
#3597 = CARTESIAN_POINT('',(-2.483841540408,-6.491726827051,
    11.301126948857));
#3598 = CARTESIAN_POINT('',(-1.936306887144,-6.664895234792,
    11.337941130302));
#3599 = CARTESIAN_POINT('',(-1.376471982376,-6.785288357033,
    11.374760935628));
#3600 = CARTESIAN_POINT('',(-0.535292922558,-6.884784415647,
    11.429466703948));
#3601 = CARTESIAN_POINT('',(-0.258593217992,-6.904704583339,
    11.447364559867));
#3602 = CARTESIAN_POINT('',(1.89220014903E-02,-6.911912080481,
    11.465262252791));
#3603 = CARTESIAN_POINT('',(0.296570616804,-6.906371329164,
    11.483159764682));
#3604 = CARTESIAN_POINT('',(0.57367211842,-6.888090220967,
    11.501057293639));
#3605 = CARTESIAN_POINT('',(0.849547839808,-6.857119238275,
    11.518955038875));
#3606 = CARTESIAN_POINT('',(1.12352126202,-6.813552300188,
    11.536852984912));
#3607 = CARTESIAN_POINT('',(1.840409420494,-6.665569150411,
    11.584129274686));
#3608 = CARTESIAN_POINT('',(2.279028877003,-6.540032432402,
    11.61351175874));
#3609 = CARTESIAN_POINT('',(2.707738135549,-6.381531591883,
    11.642892839439));
#3610 = CARTESIAN_POINT('',(3.123652930731,-6.191006045095,
    11.672272108011));
#3611 = CARTESIAN_POINT('',(3.524025543429,-5.969676306304,
    11.701651510495));
#3612 = CARTESIAN_POINT('',(3.906241678751,-5.719027258433,
    11.731032882909));
#3613 = CARTESIAN_POINT('',(4.267832033646,-5.440820599665,
    11.760415555697));
#3614 = CARTESIAN_POINT('',(4.964734847919,-4.815904008956,
    11.820870127974));
#3615 = CARTESIAN_POINT('',(5.297427159636,-4.466069730063,
    11.851950524147));
#3616 = CARTESIAN_POINT('',(5.601821378268,-4.090076137925,
    11.883028054017));
#3617 = CARTESIAN_POINT('',(5.87554469685,-3.690620988366,
    11.914101993856));
#3618 = CARTESIAN_POINT('',(6.116551392929,-3.270615381554,
    11.945175328837));
#3619 = CARTESIAN_POINT('',(6.323107127289,-2.833166055934,
    11.97625158059));
#3620 = CARTESIAN_POINT('',(6.493811761003,-2.381581878968,
    12.007331191621));
#3621 = CARTESIAN_POINT('',(6.694144230555,-1.689838367093,
    12.05384323263));
#3622 = CARTESIAN_POINT('',(6.751540698562,-1.457638139307,
    12.06927953345));
#3623 = CARTESIAN_POINT('',(6.799727791494,-1.223226798284,
    12.084716174126));
#3624 = CARTESIAN_POINT('',(6.838607178136,-0.987031059306,
    12.100153130062));
#3625 = CARTESIAN_POINT('',(6.868104512481,-0.749481237655,
    12.115590384406));
#3626 = CARTESIAN_POINT('',(6.888169446835,-0.511011080289,
    12.131027765464));
#3627 = CARTESIAN_POINT('',(6.898775644923,-0.272057597512,
    12.146464784115));
#3628 = CARTESIAN_POINT('',(6.899920794998,-3.306089464099E-02,
    12.161900471219));
#3629 = PCURVE('',#3102,#3630);
#3630 = DEFINITIONAL_REPRESENTATION('',(#3631),#3718);
#3631 = B_SPLINE_CURVE_WITH_KNOTS('',8,(#3632,#3633,#3634,#3635,#3636,
    #3637,#3638,#3639,#3640,#3641,#3642,#3643,#3644,#3645,#3646,#3647,
    #3648,#3649,#3650,#3651,#3652,#3653,#3654,#3655,#3656,#3657,#3658,
    #3659,#3660,#3661,#3662,#3663,#3664,#3665,#3666,#3667,#3668,#3669,
    #3670,#3671,#3672,#3673,#3674,#3675,#3676,#3677,#3678,#3679,#3680,
    #3681,#3682,#3683,#3684,#3685,#3686,#3687,#3688,#3689,#3690,#3691,
    #3692,#3693,#3694,#3695,#3696,#3697,#3698,#3699,#3700,#3701,#3702,
    #3703,#3704,#3705,#3706,#3707,#3708,#3709,#3710,#3711,#3712,#3713,
    #3714,#3715,#3716,#3717),.UNSPECIFIED.,.F.,.F.,(9,7,7,7,7,7,7,7,7,7,
    7,7,9),(0.,4.506145601052E-02,0.131227082635,0.148254787039,
    0.26721344592,0.374931728305,0.490696458246,0.626535562867,
    0.731795881088,0.782977522146,0.866990799163,0.955858765615,1.),
  .UNSPECIFIED.);
#3632 = CARTESIAN_POINT('',(-9.147728760576E-05,5.245687817382E-03));
#3633 = CARTESIAN_POINT('',(-9.175778777924E-05,4.395752819041E-02));
#3634 = CARTESIAN_POINT('',(-9.43106387986E-05,8.266984766129E-02));
#3635 = CARTESIAN_POINT('',(-9.757671656735E-05,0.121382047881));
#3636 = CARTESIAN_POINT('',(-1.006134144242E-04,0.160094056498));
#3637 = CARTESIAN_POINT('',(-1.029489602915E-04,0.198806065907));
#3638 = CARTESIAN_POINT('',(-1.044367338241E-04,0.237518271999));
#3639 = CARTESIAN_POINT('',(-1.051095835573E-04,0.276230612907));
#3640 = CARTESIAN_POINT('',(-1.048898901305E-04,0.388966628874));
#3641 = CARTESIAN_POINT('',(-1.020182322625E-04,0.463000871481));
#3642 = CARTESIAN_POINT('',(-9.726378663563E-05,0.537030306028));
#3643 = CARTESIAN_POINT('',(-9.233169577484E-05,0.611053859999));
#3644 = CARTESIAN_POINT('',(-8.854655322794E-05,0.685077381481));
#3645 = CARTESIAN_POINT('',(-8.63156758741E-05,0.759106715212));
#3646 = CARTESIAN_POINT('',(-8.529672385821E-05,0.833140791099));
#3647 = CARTESIAN_POINT('',(-8.526432151146E-05,0.921793037215));
#3648 = CARTESIAN_POINT('',(-8.529672142663E-05,0.936421363154));
#3649 = CARTESIAN_POINT('',(-8.536406510838E-05,0.951049700223));
#3650 = CARTESIAN_POINT('',(-8.546341413548E-05,0.965678046064));
#3651 = CARTESIAN_POINT('',(-8.559169445399E-05,0.980306398778));
#3652 = CARTESIAN_POINT('',(-8.574569637727E-05,0.994934756929));
#3653 = CARTESIAN_POINT('',(-8.592207458598E-05,1.009563119539));
#3654 = CARTESIAN_POINT('',(-8.748156482626E-05,1.126387931693));
#3655 = CARTESIAN_POINT('',(-8.977132193184E-05,1.22863644798));
#3656 = CARTESIAN_POINT('',(-9.186111199943E-05,1.330857254796));
#3657 = CARTESIAN_POINT('',(-9.259595580362E-05,1.433056443988));
#3658 = CARTESIAN_POINT('',(-9.211451944126E-05,1.53525539332));
#3659 = CARTESIAN_POINT('',(-9.128342745884E-05,1.637475659885));
#3660 = CARTESIAN_POINT('',(-9.071096158162E-05,1.739723587995));
#3661 = CARTESIAN_POINT('',(-9.063727001691E-05,1.934459132955));
#3662 = CARTESIAN_POINT('',(-9.103936728548E-05,2.027030012579));
#3663 = CARTESIAN_POINT('',(-9.207767374832E-05,2.119584500546));
#3664 = CARTESIAN_POINT('',(-9.371442784675E-05,2.212124902068));
#3665 = CARTESIAN_POINT('',(-9.553076649096E-05,2.304665422546));
#3666 = CARTESIAN_POINT('',(-9.698299469018E-05,2.397220240996));
#3667 = CARTESIAN_POINT('',(-9.77226028485E-05,2.489791554152));
#3668 = CARTESIAN_POINT('',(-9.755799660336E-05,2.681783767051));
#3669 = CARTESIAN_POINT('',(-9.652675512889E-05,2.781281514754));
#3670 = CARTESIAN_POINT('',(-9.441776771307E-05,2.880755141453));
#3671 = CARTESIAN_POINT('',(-9.142128055929E-05,2.980209556001));
#3672 = CARTESIAN_POINT('',(-8.81704163483E-05,3.079663878452));
#3673 = CARTESIAN_POINT('',(-8.543581783269E-05,3.179137291128));
#3674 = CARTESIAN_POINT('',(-8.369188322191E-05,3.278634819679));
#3675 = CARTESIAN_POINT('',(-8.234793025455E-05,3.494785088975));
#3676 = CARTESIAN_POINT('',(-8.317162148563E-05,3.611583081258));
#3677 = CARTESIAN_POINT('',(-8.576171917624E-05,3.728324477226));
#3678 = CARTESIAN_POINT('',(-8.970466238812E-05,3.845027976241));
#3679 = CARTESIAN_POINT('',(-9.369655312275E-05,3.96173166697));
#3680 = CARTESIAN_POINT('',(-9.646654800852E-05,4.078473493769));
#3681 = CARTESIAN_POINT('',(-9.769618623132E-05,4.195271908113));
#3682 = CARTESIAN_POINT('',(-9.760814303847E-05,4.402397961881));
#3683 = CARTESIAN_POINT('',(-9.680195059771E-05,4.492854055287));
#3684 = CARTESIAN_POINT('',(-9.535062533507E-05,4.583295543352));
#3685 = CARTESIAN_POINT('',(-9.359325095022E-05,4.673724165923));
#3686 = CARTESIAN_POINT('',(-9.202898048565E-05,4.764152679163));
#3687 = CARTESIAN_POINT('',(-9.103463284259E-05,4.854593890511));
#3688 = CARTESIAN_POINT('',(-9.064340013244E-05,4.945049657511));
#3689 = CARTESIAN_POINT('',(-9.068558999387E-05,5.079446901837));
#3690 = CARTESIAN_POINT('',(-9.079850267812E-05,5.123417203963));
#3691 = CARTESIAN_POINT('',(-9.098960565773E-05,5.1673872015));
#3692 = CARTESIAN_POINT('',(-9.122483295797E-05,5.211356808377));
#3693 = CARTESIAN_POINT('',(-9.14609761853E-05,5.255326458303));
#3694 = CARTESIAN_POINT('',(-9.165150816312E-05,5.299296583659));
#3695 = CARTESIAN_POINT('',(-9.175422617705E-05,5.343267094682));
#3696 = CARTESIAN_POINT('',(-9.171853631884E-05,5.459412035599));
#3697 = CARTESIAN_POINT('',(-9.138101722525E-05,5.531596393051));
#3698 = CARTESIAN_POINT('',(-9.061052180444E-05,5.603776772096));
#3699 = CARTESIAN_POINT('',(-8.935410314717E-05,5.675952103587));
#3700 = CARTESIAN_POINT('',(-8.777522961344E-05,5.748127368794));
#3701 = CARTESIAN_POINT('',(-8.6266219057E-05,5.820307559224));
#3702 = CARTESIAN_POINT('',(-8.532138084013E-05,5.892491635886));
#3703 = CARTESIAN_POINT('',(-8.521743142737E-05,6.041011948703));
#3704 = CARTESIAN_POINT('',(-8.619768910399E-05,6.117369229737));
#3705 = CARTESIAN_POINT('',(-8.8447503478E-05,6.193721025282));
#3706 = CARTESIAN_POINT('',(-9.239136527336E-05,6.270066077676));
#3707 = CARTESIAN_POINT('',(-9.758467769726E-05,6.346411175689));
#3708 = CARTESIAN_POINT('',(-1.025153457489E-04,6.422763117464));
#3709 = CARTESIAN_POINT('',(-1.052646682687E-04,6.499120638155));
#3710 = CARTESIAN_POINT('',(-1.049097461293E-04,6.613387636416));
#3711 = CARTESIAN_POINT('',(-1.040549704319E-04,6.651309381012));
#3712 = CARTESIAN_POINT('',(-1.024163346763E-04,6.68923099968));
#3713 = CARTESIAN_POINT('',(-9.999094807183E-05,6.727152428447));
#3714 = CARTESIAN_POINT('',(-9.695480698559E-05,6.765073841652));
#3715 = CARTESIAN_POINT('',(-9.379770193198E-05,6.802995417882));
#3716 = CARTESIAN_POINT('',(-9.14581245616E-05,6.84091710591));
#3717 = CARTESIAN_POINT('',(-9.145817465051E-05,6.878838390627));
#3718 = ( GEOMETRIC_REPRESENTATION_CONTEXT(2) 
PARAMETRIC_REPRESENTATION_CONTEXT() REPRESENTATION_CONTEXT('2D SPACE',''
  ) );
#3719 = PCURVE('',#3149,#3720);
#3720 = DEFINITIONAL_REPRESENTATION('',(#3721),#3808);
#3721 = B_SPLINE_CURVE_WITH_KNOTS('',8,(#3722,#3723,#3724,#3725,#3726,
    #3727,#3728,#3729,#3730,#3731,#3732,#3733,#3734,#3735,#3736,#3737,
    #3738,#3739,#3740,#3741,#3742,#3743,#3744,#3745,#3746,#3747,#3748,
    #3749,#3750,#3751,#3752,#3753,#3754,#3755,#3756,#3757,#3758,#3759,
    #3760,#3761,#3762,#3763,#3764,#3765,#3766,#3767,#3768,#3769,#3770,
    #3771,#3772,#3773,#3774,#3775,#3776,#3777,#3778,#3779,#3780,#3781,
    #3782,#3783,#3784,#3785,#3786,#3787,#3788,#3789,#3790,#3791,#3792,
    #3793,#3794,#3795,#3796,#3797,#3798,#3799,#3800,#3801,#3802,#3803,
    #3804,#3805,#3806,#3807),.UNSPECIFIED.,.F.,.F.,(9,7,7,7,7,7,7,7,7,7,
    7,7,9),(0.,4.506145601052E-02,0.131227082635,0.148254787039,
    0.26721344592,0.374931728305,0.490696458246,0.626535562867,
    0.731795881088,0.782977522146,0.866990799163,0.955858765615,1.),
  .UNSPECIFIED.);
#3722 = CARTESIAN_POINT('',(0.,3.364035695141));
#3723 = CARTESIAN_POINT('',(3.535969571053E-02,3.379793034409));
#3724 = CARTESIAN_POINT('',(7.071978473118E-02,3.395549434879));
#3725 = CARTESIAN_POINT('',(0.106079718281,3.411305430936));
#3726 = CARTESIAN_POINT('',(0.141439444716,3.427061463454));
#3727 = CARTESIAN_POINT('',(0.176799163122,3.442817846141));
#3728 = CARTESIAN_POINT('',(0.212159076901,3.458574731892));
#3729 = CARTESIAN_POINT('',(0.247519147367,3.474332079133));
#3730 = CARTESIAN_POINT('',(0.350492967561,3.520220873263));
#3731 = CARTESIAN_POINT('',(0.418116471056,3.550357609122));
#3732 = CARTESIAN_POINT('',(0.485735787953,3.580493327319));
#3733 = CARTESIAN_POINT('',(0.553349880044,3.610626740493));
#3734 = CARTESIAN_POINT('',(0.620963979826,3.64075956816));
#3735 = CARTESIAN_POINT('',(0.688583321228,3.670893986159));
#3736 = CARTESIAN_POINT('',(0.756206862015,3.70102972973));
#3737 = CARTESIAN_POINT('',(0.837182631316,3.73711524101));
#3738 = CARTESIAN_POINT('',(0.850544271929,3.743069618638));
#3739 = CARTESIAN_POINT('',(0.863905917023,3.749023983362));
#3740 = CARTESIAN_POINT('',(0.877267564395,3.754978335686));
#3741 = CARTESIAN_POINT('',(0.890629212322,3.760932676373));
#3742 = CARTESIAN_POINT('',(0.903990859562,3.766887006439));
#3743 = CARTESIAN_POINT('',(0.917352505354,3.772841327155));
#3744 = CARTESIAN_POINT('',(1.024061039909,3.820393559504));
#3745 = CARTESIAN_POINT('',(1.117455231845,3.862012212289));
#3746 = CARTESIAN_POINT('',(1.210823915351,3.903619685835));
#3747 = CARTESIAN_POINT('',(1.304172843332,3.945219036089));
#3748 = CARTESIAN_POINT('',(1.397521764472,3.986818895586));
#3749 = CARTESIAN_POINT('',(1.490890429487,4.02842760663));
#3750 = CARTESIAN_POINT('',(1.58428459652,4.070047448136));
#3751 = CARTESIAN_POINT('',(1.762158064545,4.149313706165));
#3752 = CARTESIAN_POINT('',(1.84671339116,4.186994062662));
#3753 = CARTESIAN_POINT('',(1.931253809395,4.224667429566));
#3754 = CARTESIAN_POINT('',(2.01578133001,4.262334764044));
#3755 = CARTESIAN_POINT('',(2.100308849382,4.300002057338));
#3756 = CARTESIAN_POINT('',(2.184849286935,4.337675352232));
#3757 = CARTESIAN_POINT('',(2.269404667824,4.375355716792));
#3758 = CARTESIAN_POINT('',(2.444771715097,4.453505359298));
#3759 = CARTESIAN_POINT('',(2.535653561556,4.494005981241));
#3760 = CARTESIAN_POINT('',(2.62651331955,4.534497322592));
#3761 = CARTESIAN_POINT('',(2.717355545395,4.57498128655));
#3762 = CARTESIAN_POINT('',(2.808197771102,4.615465339945));
#3763 = CARTESIAN_POINT('',(2.899057527377,4.655956906333));
#3764 = CARTESIAN_POINT('',(2.989939375108,4.696457794677));
#3765 = CARTESIAN_POINT('',(3.187372832001,4.784441453032));
#3766 = CARTESIAN_POINT('',(3.29405712414,4.831983135608));
#3767 = CARTESIAN_POINT('',(3.400689688946,4.879500899545));
#3768 = CARTESIAN_POINT('',(3.507287522654,4.927002562681));
#3769 = CARTESIAN_POINT('',(3.61388537226,4.974504279431));
#3770 = CARTESIAN_POINT('',(3.720517998393,5.022022128973));
#3771 = CARTESIAN_POINT('',(3.827202377771,5.069563780797));
#3772 = CARTESIAN_POINT('',(4.016392811156,5.153873546458));
#3773 = CARTESIAN_POINT('',(4.099016141845,5.190693691695));
#3774 = CARTESIAN_POINT('',(4.181626245587,5.22750821379));
#3775 = CARTESIAN_POINT('',(4.264224728109,5.264317651751));
#3776 = CARTESIAN_POINT('',(4.346823212756,5.301126948857));
#3777 = CARTESIAN_POINT('',(4.429433326849,5.337941130302));
#3778 = CARTESIAN_POINT('',(4.512056679832,5.374760935628));
#3779 = CARTESIAN_POINT('',(4.634816520575,5.429466703948));
#3780 = CARTESIAN_POINT('',(4.674979424695,5.447364559867));
#3781 = CARTESIAN_POINT('',(4.71514201667,5.465262252791));
#3782 = CARTESIAN_POINT('',(4.755304212387,5.483159764682));
#3783 = CARTESIAN_POINT('',(4.795466404924,5.501057293639));
#3784 = CARTESIAN_POINT('',(4.835628989245,5.518955038875));
#3785 = CARTESIAN_POINT('',(4.875791886707,5.536852984912));
#3786 = CARTESIAN_POINT('',(4.981879204,5.584129274686));
#3787 = CARTESIAN_POINT('',(5.047812636776,5.61351175874));
#3788 = CARTESIAN_POINT('',(5.113742374041,5.642892839439));
#3789 = CARTESIAN_POINT('',(5.17966749257,5.672272108011));
#3790 = CARTESIAN_POINT('',(5.245592608266,5.701651510495));
#3791 = CARTESIAN_POINT('',(5.311522341575,5.731032882909));
#3792 = CARTESIAN_POINT('',(5.377455779644,5.760415555697));
#3793 = CARTESIAN_POINT('',(5.513115561875,5.820870127974));
#3794 = CARTESIAN_POINT('',(5.582861144913,5.851950524147));
#3795 = CARTESIAN_POINT('',(5.652601872511,5.883028054017));
#3796 = CARTESIAN_POINT('',(5.722336528546,5.914101993856));
#3797 = CARTESIAN_POINT('',(5.792071193867,5.945175328837));
#3798 = CARTESIAN_POINT('',(5.861811944941,5.97625158059));
#3799 = CARTESIAN_POINT('',(5.931557549824,6.007331191621));
#3800 = CARTESIAN_POINT('',(6.035929747519,6.05384323263));
#3801 = CARTESIAN_POINT('',(6.07056766883,6.06927953345));
#3802 = CARTESIAN_POINT('',(6.105205439556,6.084716174126));
#3803 = CARTESIAN_POINT('',(6.13984301898,6.100153130062));
#3804 = CARTESIAN_POINT('',(6.174480591256,6.115590384406));
#3805 = CARTESIAN_POINT('',(6.209118345174,6.131027765464));
#3806 = CARTESIAN_POINT('',(6.243756253921,6.146464784115));
#3807 = CARTESIAN_POINT('',(6.27839385484,6.161900471219));
#3808 = ( GEOMETRIC_REPRESENTATION_CONTEXT(2) 
PARAMETRIC_REPRESENTATION_CONTEXT() REPRESENTATION_CONTEXT('2D SPACE',''
  ) );
#3809 = ORIENTED_EDGE('',*,*,#3810,.F.);
#3810 = EDGE_CURVE('',#3356,#3539,#3811,.T.);
#3811 = SURFACE_CURVE('',#3812,(#3815,#3822),.PCURVE_S1.);
#3812 = B_SPLINE_CURVE_WITH_KNOTS('',1,(#3813,#3814),.UNSPECIFIED.,.F.,
  .F.,(2,2),(-0.866025403784,-0.),.PIECEWISE_BEZIER_KNOTS.);
#3813 = CARTESIAN_POINT('',(6.150000000016,-5.156027027972E-03,
    11.729833673402));
#3814 = CARTESIAN_POINT('',(6.900000000101,-3.306384189621E-02,
    12.161946105232));
#3815 = PCURVE('',#3102,#3816);
#3816 = DEFINITIONAL_REPRESENTATION('',(#3817),#3821);
#3817 = LINE('',#3818,#3819);
#3818 = CARTESIAN_POINT('',(0.,6.878838390627));
#3819 = VECTOR('',#3820,1.);
#3820 = DIRECTION('',(1.,0.));
#3821 = ( GEOMETRIC_REPRESENTATION_CONTEXT(2) 
PARAMETRIC_REPRESENTATION_CONTEXT() REPRESENTATION_CONTEXT('2D SPACE',''
  ) );
#3822 = PCURVE('',#3823,#3848);
#3823 = B_SPLINE_SURFACE_WITH_KNOTS('',1,11,(
    (#3824,#3825,#3826,#3827,#3828,#3829,#3830,#3831,#3832,#3833,#3834
      ,#3835)
    ,(#3836,#3837,#3838,#3839,#3840,#3841,#3842,#3843,#3844,#3845,#3846
      ,#3847
    )),.UNSPECIFIED.,.F.,.F.,.F.,(2,2),(12,12),(-0.866025403784,-0.),(0.
    ,6.878838390627),.PIECEWISE_BEZIER_KNOTS.);
#3824 = CARTESIAN_POINT('',(6.15,-5.156027018322E-03,11.729833673255));
#3825 = CARTESIAN_POINT('',(6.15294511586,3.507715749529,11.984379128286
    ));
#3826 = CARTESIAN_POINT('',(3.949162461587,7.022358055121,
    12.238924581001));
#3827 = CARTESIAN_POINT('',(-0.467217116676,8.998762871686,
    12.493470040247));
#3828 = CARTESIAN_POINT('',(-5.865454018654,7.889673398004,
    12.748015486083));
#3829 = CARTESIAN_POINT('',(-9.893716171063,3.259974183732,
    13.002560952847));
#3830 = CARTESIAN_POINT('',(-9.899168451196,-3.243380257256,
    13.257106393882));
#3831 = CARTESIAN_POINT('',(-5.87867482107,-7.87982737427,
    13.511651860418));
#3832 = CARTESIAN_POINT('',(-0.482305188824,-8.997966812752,
    13.76619730655));
#3833 = CARTESIAN_POINT('',(3.937382133077,-7.02896996357,
    14.020742765584));
#3834 = CARTESIAN_POINT('',(6.147054884154,-3.518027803578,
    14.275288218395));
#3835 = CARTESIAN_POINT('',(6.150000000016,-5.156027027798E-03,
    14.5298336734));
#3836 = CARTESIAN_POINT('',(6.9,-3.306384189622E-02,12.161946105232));
#3837 = CARTESIAN_POINT('',(6.91888602305,3.908206941727,12.416491559778
    ));
#3838 = CARTESIAN_POINT('',(4.461930776388,7.861252292906,12.67103701432
    ));
#3839 = CARTESIAN_POINT('',(-0.484281525506,10.098278994725,
    12.92558246887));
#3840 = CARTESIAN_POINT('',(-6.545779589186,8.877874595934,
    13.18012792342));
#3841 = CARTESIAN_POINT('',(-11.08584371421,3.701429245728,
    13.434673377933));
#3842 = CARTESIAN_POINT('',(-11.12080732604,-3.595018057557,
    13.689218832549));
#3843 = CARTESIAN_POINT('',(-6.630560083836,-8.814735405665,
    13.943764287003));
#3844 = CARTESIAN_POINT('',(-0.581036183584,-10.09317414028,
    14.198309741627));
#3845 = CARTESIAN_POINT('',(4.386387549461,-7.903652205662,
    14.452855196127));
#3846 = CARTESIAN_POINT('',(6.881113977067,-3.974334625521,
    14.707400650689));
#3847 = CARTESIAN_POINT('',(6.900000000099,-3.306384189611E-02,
    14.961946105232));
#3848 = DEFINITIONAL_REPRESENTATION('',(#3849),#3852);
#3849 = B_SPLINE_CURVE_WITH_KNOTS('',1,(#3850,#3851),.UNSPECIFIED.,.F.,
  .F.,(2,2),(-0.866025403784,-0.),.PIECEWISE_BEZIER_KNOTS.);
#3850 = CARTESIAN_POINT('',(-0.866025403784,0.));
#3851 = CARTESIAN_POINT('',(0.,0.));
#3852 = ( GEOMETRIC_REPRESENTATION_CONTEXT(2) 
PARAMETRIC_REPRESENTATION_CONTEXT() REPRESENTATION_CONTEXT('2D SPACE',''
  ) );
#3853 = ADVANCED_FACE('',(#3854),#3309,.F.);
#3854 = FACE_BOUND('',#3855,.F.);
#3855 = EDGE_LOOP('',(#3856,#3857,#3890));
#3856 = ORIENTED_EDGE('',*,*,#3518,.F.);
#3857 = ORIENTED_EDGE('',*,*,#3858,.F.);
#3858 = EDGE_CURVE('',#3249,#3490,#3859,.T.);
#3859 = SURFACE_CURVE('',#3860,(#3868,#3879),.PCURVE_S1.);
#3860 = B_SPLINE_CURVE_WITH_KNOTS('',6,(#3861,#3862,#3863,#3864,#3865,
    #3866,#3867),.UNSPECIFIED.,.F.,.F.,(7,7),(0.,1.),
  .PIECEWISE_BEZIER_KNOTS.);
#3861 = CARTESIAN_POINT('',(5.72389606496,-3.853182300066,9.1));
#3862 = CARTESIAN_POINT('',(6.074775855613,-3.282926959044,
    9.127376569979));
#3863 = CARTESIAN_POINT('',(6.359220031265,-2.671743366855,
    9.154883887802));
#3864 = CARTESIAN_POINT('',(6.570630797813,-2.029434358205,
    9.182508400206));
#3865 = CARTESIAN_POINT('',(6.704782127498,-1.366749681217,
    9.210260536744));
#3866 = CARTESIAN_POINT('',(6.759121284019,-0.695132664116,
    9.238157900494));
#3867 = CARTESIAN_POINT('',(6.733772316151,-2.687843999066E-02,
    9.266174040243));
#3868 = PCURVE('',#3309,#3869);
#3869 = DEFINITIONAL_REPRESENTATION('',(#3870),#3878);
#3870 = B_SPLINE_CURVE_WITH_KNOTS('',6,(#3871,#3872,#3873,#3874,#3875,
    #3876,#3877),.UNSPECIFIED.,.F.,.F.,(7,7),(0.,1.),
  .PIECEWISE_BEZIER_KNOTS.);
#3871 = CARTESIAN_POINT('',(-9.159983160972E-05,6.235420344456));
#3872 = CARTESIAN_POINT('',(-3.170303526211E-02,6.341426748017));
#3873 = CARTESIAN_POINT('',(-6.346743524072E-02,6.447941868141));
#3874 = CARTESIAN_POINT('',(-9.536618365697E-02,6.554909591301));
#3875 = CARTESIAN_POINT('',(-0.127408680498,6.662367058242));
#3876 = CARTESIAN_POINT('',(-0.159597490913,6.770360662818));
#3877 = CARTESIAN_POINT('',(-0.191943196131,6.878838390627));
#3878 = ( GEOMETRIC_REPRESENTATION_CONTEXT(2) 
PARAMETRIC_REPRESENTATION_CONTEXT() REPRESENTATION_CONTEXT('2D SPACE',''
  ) );
#3879 = PCURVE('',#3265,#3880);
#3880 = DEFINITIONAL_REPRESENTATION('',(#3881),#3889);
#3881 = B_SPLINE_CURVE_WITH_KNOTS('',6,(#3882,#3883,#3884,#3885,#3886,
    #3887,#3888),.UNSPECIFIED.,.F.,.F.,(7,7),(0.,1.),
  .PIECEWISE_BEZIER_KNOTS.);
#3882 = CARTESIAN_POINT('',(-5.690690631061,-1.));
#3883 = CARTESIAN_POINT('',(-5.787646860872,-1.027376570029));
#3884 = CARTESIAN_POINT('',(-5.885069569411,-1.054883887697));
#3885 = CARTESIAN_POINT('',(-5.982907332845,-1.082508400301));
#3886 = CARTESIAN_POINT('',(-6.081193253086,-1.11026053671));
#3887 = CARTESIAN_POINT('',(-6.179971141217,-1.138157900494));
#3888 = CARTESIAN_POINT('',(-6.279193741088,-1.166174040243));
#3889 = ( GEOMETRIC_REPRESENTATION_CONTEXT(2) 
PARAMETRIC_REPRESENTATION_CONTEXT() REPRESENTATION_CONTEXT('2D SPACE',''
  ) );
#3890 = ORIENTED_EDGE('',*,*,#3277,.T.);
#3891 = ADVANCED_FACE('',(#3892),#3265,.F.);
#3892 = FACE_BOUND('',#3893,.F.);
#3893 = EDGE_LOOP('',(#3894,#3895,#3918,#3919,#3920,#3958,#4051,#4080,
    #4140,#4245,#4306,#4372,#4373));
#3894 = ORIENTED_EDGE('',*,*,#3489,.T.);
#3895 = ORIENTED_EDGE('',*,*,#3896,.T.);
#3896 = EDGE_CURVE('',#3410,#3897,#3899,.T.);
#3897 = VERTEX_POINT('',#3898);
#3898 = CARTESIAN_POINT('',(0.,0.,16.));
#3899 = SEAM_CURVE('',#3900,(#3904,#3911),.PCURVE_S1.);
#3900 = LINE('',#3901,#3902);
#3901 = CARTESIAN_POINT('',(7.9,-1.934941942653E-15,8.1));
#3902 = VECTOR('',#3903,1.);
#3903 = DIRECTION('',(-0.707106781187,1.731912112471E-16,0.707106781187)
  );
#3904 = PCURVE('',#3265,#3905);
#3905 = DEFINITIONAL_REPRESENTATION('',(#3906),#3910);
#3906 = LINE('',#3907,#3908);
#3907 = CARTESIAN_POINT('',(0.,-0.));
#3908 = VECTOR('',#3909,1.);
#3909 = DIRECTION('',(-0.,-1.));
#3910 = ( GEOMETRIC_REPRESENTATION_CONTEXT(2) 
PARAMETRIC_REPRESENTATION_CONTEXT() REPRESENTATION_CONTEXT('2D SPACE',''
  ) );
#3911 = PCURVE('',#3265,#3912);
#3912 = DEFINITIONAL_REPRESENTATION('',(#3913),#3917);
#3913 = LINE('',#3914,#3915);
#3914 = CARTESIAN_POINT('',(-6.28318530718,0.));
#3915 = VECTOR('',#3916,1.);
#3916 = DIRECTION('',(-0.,-1.));
#3917 = ( GEOMETRIC_REPRESENTATION_CONTEXT(2) 
PARAMETRIC_REPRESENTATION_CONTEXT() REPRESENTATION_CONTEXT('2D SPACE',''
  ) );
#3918 = ORIENTED_EDGE('',*,*,#3896,.F.);
#3919 = ORIENTED_EDGE('',*,*,#3409,.T.);
#3920 = ORIENTED_EDGE('',*,*,#3921,.T.);
#3921 = EDGE_CURVE('',#3354,#3922,#3924,.T.);
#3922 = VERTEX_POINT('',#3923);
#3923 = CARTESIAN_POINT('',(-4.633217887796,4.044239698326,
    9.849993273718));
#3924 = SURFACE_CURVE('',#3925,(#3934,#3946),.PCURVE_S1.);
#3925 = B_SPLINE_CURVE_WITH_KNOTS('',4,(#3926,#3927,#3928,#3929,#3930,
    #3931,#3932,#3933),.UNSPECIFIED.,.F.,.F.,(5,3,5),(0.,0.502033324754,
    1.),.UNSPECIFIED.);
#3926 = CARTESIAN_POINT('',(-2.911383252347,5.417263750751,
    9.849967562098));
#3927 = CARTESIAN_POINT('',(-3.156202041031,5.285682964701,9.84997512325
    ));
#3928 = CARTESIAN_POINT('',(-3.393093082908,5.139349239433,
    9.849982888941));
#3929 = CARTESIAN_POINT('',(-3.620718635394,4.978982520483,
    9.849990189109));
#3930 = CARTESIAN_POINT('',(-4.053306142992,4.633484439448,
    9.850002807387));
#3931 = CARTESIAN_POINT('',(-4.25843857844,4.448562729497,9.850008147772
    ));
#3932 = CARTESIAN_POINT('',(-4.452131507899,4.251691385489,
    9.850012073298));
#3933 = CARTESIAN_POINT('',(-4.633410291666,4.043987016139,9.85001447826
    ));
#3934 = PCURVE('',#3265,#3935);
#3935 = DEFINITIONAL_REPRESENTATION('',(#3936),#3945);
#3936 = B_SPLINE_CURVE_WITH_KNOTS('',4,(#3937,#3938,#3939,#3940,#3941,
    #3942,#3943,#3944),.UNSPECIFIED.,.F.,.F.,(5,3,5),(0.,0.502033324754,
    1.),.UNSPECIFIED.);
#3937 = CARTESIAN_POINT('',(-2.063935265539,-1.749967562098));
#3938 = CARTESIAN_POINT('',(-2.10912825952,-1.74997512325));
#3939 = CARTESIAN_POINT('',(-2.154321394006,-1.749982888941));
#3940 = CARTESIAN_POINT('',(-2.199514601828,-1.749990189109));
#3941 = CARTESIAN_POINT('',(-2.289534910652,-1.750002807387));
#3942 = CARTESIAN_POINT('',(-2.334362134852,-1.750008147772));
#3943 = CARTESIAN_POINT('',(-2.379189388015,-1.750012073298));
#3944 = CARTESIAN_POINT('',(-2.424016583292,-1.75001447826));
#3945 = ( GEOMETRIC_REPRESENTATION_CONTEXT(2) 
PARAMETRIC_REPRESENTATION_CONTEXT() REPRESENTATION_CONTEXT('2D SPACE',''
  ) );
#3946 = PCURVE('',#3380,#3947);
#3947 = DEFINITIONAL_REPRESENTATION('',(#3948),#3957);
#3948 = B_SPLINE_CURVE_WITH_KNOTS('',4,(#3949,#3950,#3951,#3952,#3953,
    #3954,#3955,#3956),.UNSPECIFIED.,.F.,.F.,(5,3,5),(0.,0.502033324754,
    1.),.UNSPECIFIED.);
#3949 = CARTESIAN_POINT('',(0.,2.260518685206));
#3950 = CARTESIAN_POINT('',(-2.007972193653E-02,2.309765113856));
#3951 = CARTESIAN_POINT('',(-4.015922330144E-02,2.359011504248));
#3952 = CARTESIAN_POINT('',(-6.023915265646E-02,2.408257800243));
#3953 = CARTESIAN_POINT('',(-0.100238193651,2.50635125889));
#3954 = CARTESIAN_POINT('',(-0.120157337802,2.555198555971));
#3955 = CARTESIAN_POINT('',(-0.140077904765,2.60404586532));
#3956 = CARTESIAN_POINT('',(-0.16,2.6528931858));
#3957 = ( GEOMETRIC_REPRESENTATION_CONTEXT(2) 
PARAMETRIC_REPRESENTATION_CONTEXT() REPRESENTATION_CONTEXT('2D SPACE',''
  ) );
#3958 = ORIENTED_EDGE('',*,*,#3959,.T.);
#3959 = EDGE_CURVE('',#3922,#3960,#3962,.T.);
#3960 = VERTEX_POINT('',#3961);
#3961 = CARTESIAN_POINT('',(-0.988092235421,6.828885248289,9.1));
#3962 = SURFACE_CURVE('',#3963,(#3982,#4004),.PCURVE_S1.);
#3963 = B_SPLINE_CURVE_WITH_KNOTS('',5,(#3964,#3965,#3966,#3967,#3968,
    #3969,#3970,#3971,#3972,#3973,#3974,#3975,#3976,#3977,#3978,#3979,
    #3980,#3981),.UNSPECIFIED.,.F.,.F.,(6,4,4,4,6),(0.,0.233070187108,
    0.469842658627,0.731679810632,1.),.UNSPECIFIED.);
#3964 = CARTESIAN_POINT('',(-4.633217887796,4.044239698326,
    9.849993273718));
#3965 = CARTESIAN_POINT('',(-4.520418179628,4.229350688005,
    9.813244112703));
#3966 = CARTESIAN_POINT('',(-4.399218908294,4.409629729875,
    9.776723814801));
#3967 = CARTESIAN_POINT('',(-4.269973798901,4.584605700681,
    9.740427029356));
#3968 = CARTESIAN_POINT('',(-4.133065403016,4.753851411409,
    9.704348737258));
#3969 = CARTESIAN_POINT('',(-3.842454829857,5.082707133244,
    9.632050062728));
#3970 = CARTESIAN_POINT('',(-3.68851924701,5.242121713277,9.595836468616
    ));
#3971 = CARTESIAN_POINT('',(-3.527529141952,5.394826177339,9.55983846136
    ));
#3972 = CARTESIAN_POINT('',(-3.359935955221,5.540467000984,
    9.524051331914));
#3973 = CARTESIAN_POINT('',(-2.994097194476,5.831646978873,
    9.449123446038));
#3974 = CARTESIAN_POINT('',(-2.794483518703,5.975543839178,
    9.410028563484));
#3975 = CARTESIAN_POINT('',(-2.588007699426,6.110014434258,
    9.371180241182));
#3976 = CARTESIAN_POINT('',(-2.375326368124,6.234718090457,
    9.332572366964));
#3977 = CARTESIAN_POINT('',(-1.933489100287,6.4668823566,9.25487723024)
  );
#3978 = CARTESIAN_POINT('',(-1.704054396922,6.573840234567,
    9.215801547515));
#3979 = CARTESIAN_POINT('',(-1.469525623007,6.669959724923,
    9.176967236169));
#3980 = CARTESIAN_POINT('',(-1.23062917899,6.755023914267,9.138368362838
    ));
#3981 = CARTESIAN_POINT('',(-0.988092235421,6.828885248289,9.1));
#3982 = PCURVE('',#3265,#3983);
#3983 = DEFINITIONAL_REPRESENTATION('',(#3984),#4003);
#3984 = B_SPLINE_CURVE_WITH_KNOTS('',5,(#3985,#3986,#3987,#3988,#3989,
    #3990,#3991,#3992,#3993,#3994,#3995,#3996,#3997,#3998,#3999,#4000,
    #4001,#4002),.UNSPECIFIED.,.F.,.F.,(6,4,4,4,6),(0.,0.233070187108,
    0.469842658627,0.731679810632,1.),.UNSPECIFIED.);
#3985 = CARTESIAN_POINT('',(-2.423965056781,-1.749993273718));
#3986 = CARTESIAN_POINT('',(-2.389227910045,-1.713244112703));
#3987 = CARTESIAN_POINT('',(-2.354703521726,-1.676723814801));
#3988 = CARTESIAN_POINT('',(-2.32038703398,-1.640427029356));
#3989 = CARTESIAN_POINT('',(-2.286273871817,-1.604348737258));
#3990 = CARTESIAN_POINT('',(-2.21790689362,-1.532050062728));
#3991 = CARTESIAN_POINT('',(-2.183659397465,-1.495836468616));
#3992 = CARTESIAN_POINT('',(-2.149612666451,-1.45983846136));
#3993 = CARTESIAN_POINT('',(-2.115762376532,-1.424051331914));
#3994 = CARTESIAN_POINT('',(-2.044883540432,-1.349123446038));
#3995 = CARTESIAN_POINT('',(-2.007897737317,-1.310028563484));
#3996 = CARTESIAN_POINT('',(-1.97114174647,-1.271180241182));
#3997 = CARTESIAN_POINT('',(-1.934609928206,-1.232572366964));
#3998 = CARTESIAN_POINT('',(-1.861086207514,-1.15487723024));
#3999 = CARTESIAN_POINT('',(-1.824105101902,-1.115801547514));
#4000 = CARTESIAN_POINT('',(-1.787349189753,-1.076967236169));
#4001 = CARTESIAN_POINT('',(-1.75081302132,-1.038368362838));
#4002 = CARTESIAN_POINT('',(-1.714492106245,-1.));
#4003 = ( GEOMETRIC_REPRESENTATION_CONTEXT(2) 
PARAMETRIC_REPRESENTATION_CONTEXT() REPRESENTATION_CONTEXT('2D SPACE',''
  ) );
#4004 = PCURVE('',#4005,#4030);
#4005 = B_SPLINE_SURFACE_WITH_KNOTS('',1,11,(
    (#4006,#4007,#4008,#4009,#4010,#4011,#4012,#4013,#4014,#4015,#4016
      ,#4017)
    ,(#4018,#4019,#4020,#4021,#4022,#4023,#4024,#4025,#4026,#4027,#4028
      ,#4029
    )),.UNSPECIFIED.,.F.,.F.,.F.,(2,2),(12,12),(-0.866025403784,-0.),(0.
    ,6.878838390627),.PIECEWISE_BEZIER_KNOTS.);
#4006 = CARTESIAN_POINT('',(6.9,3.306384189621E-02,8.338053894768));
#4007 = CARTESIAN_POINT('',(6.881113976952,3.974334625462,8.592599349312
    ));
#4008 = CARTESIAN_POINT('',(4.38638754944,7.903652205548,8.847144803865)
  );
#4009 = CARTESIAN_POINT('',(-0.581036183666,10.09317414013,
    9.101690258393));
#4010 = CARTESIAN_POINT('',(-6.63056008362,8.814735405542,9.356235712964
    ));
#4011 = CARTESIAN_POINT('',(-11.12080732598,3.595018057495,
    9.610781167492));
#4012 = CARTESIAN_POINT('',(-11.08584371401,-3.701429245669,
    9.86532662203));
#4013 = CARTESIAN_POINT('',(-6.545779589076,-8.877874595806,
    10.119872076606));
#4014 = CARTESIAN_POINT('',(-0.484281525527,-10.09827899457,
    10.374417531116));
#4015 = CARTESIAN_POINT('',(4.461930776343,-7.86125229279,
    10.628962985685));
#4016 = CARTESIAN_POINT('',(6.918886022942,-3.90820694167,
    10.883508440221));
#4017 = CARTESIAN_POINT('',(6.899999999899,3.306384189619E-02,
    11.138053894768));
#4018 = CARTESIAN_POINT('',(6.15,5.156027018322E-03,8.770166326745));
#4019 = CARTESIAN_POINT('',(6.147054884142,3.518027803556,9.024711781776
    ));
#4020 = CARTESIAN_POINT('',(3.937382133084,7.028969963559,9.279257234484
    ));
#4021 = CARTESIAN_POINT('',(-0.482305188818,8.997966812698,
    9.533802693771));
#4022 = CARTESIAN_POINT('',(-5.878674821034,7.879827374306,
    9.788348139477));
#4023 = CARTESIAN_POINT('',(-9.899168451165,3.243380257219,
    10.042893606515));
#4024 = CARTESIAN_POINT('',(-9.893716171053,-3.259974183683,
    10.297439047143));
#4025 = CARTESIAN_POINT('',(-5.865454018637,-7.889673397977,
    10.551984514117));
#4026 = CARTESIAN_POINT('',(-0.4672171167,-8.99876287167,10.806529959905
    ));
#4027 = CARTESIAN_POINT('',(3.94916246157,-7.022358055103,
    11.061075419134));
#4028 = CARTESIAN_POINT('',(6.152945115837,-3.507715749532,
    11.315620871868));
#4029 = CARTESIAN_POINT('',(6.149999999984,5.156027008664E-03,
    11.570166326892));
#4030 = DEFINITIONAL_REPRESENTATION('',(#4031),#4050);
#4031 = B_SPLINE_CURVE_WITH_KNOTS('',5,(#4032,#4033,#4034,#4035,#4036,
    #4037,#4038,#4039,#4040,#4041,#4042,#4043,#4044,#4045,#4046,#4047,
    #4048,#4049),.UNSPECIFIED.,.F.,.F.,(6,4,4,4,6),(0.,0.233070187108,
    0.469842658627,0.731679810632,1.),.UNSPECIFIED.);
#4032 = CARTESIAN_POINT('',(0.,2.652841091997));
#4033 = CARTESIAN_POINT('',(-4.24327004897E-02,2.61457283322));
#4034 = CARTESIAN_POINT('',(-8.460086089212E-02,2.576542552944));
#4035 = CARTESIAN_POINT('',(-0.126510683318,2.53874470867));
#4036 = CARTESIAN_POINT('',(-0.168167972581,2.501174085411));
#4037 = CARTESIAN_POINT('',(-0.251646093964,2.42588423408));
#4038 = CARTESIAN_POINT('',(-0.29345908071,2.388172066125));
#4039 = CARTESIAN_POINT('',(-0.335022872083,2.350684070224));
#4040 = CARTESIAN_POINT('',(-0.376342893582,2.313415328162));
#4041 = CARTESIAN_POINT('',(-0.462854407553,2.235384583059));
#4042 = CARTESIAN_POINT('',(-0.507992866181,2.19467027023));
#4043 = CARTESIAN_POINT('',(-0.552846250087,2.154212241393));
#4044 = CARTESIAN_POINT('',(-0.597421596571,2.11400410701));
#4045 = CARTESIAN_POINT('',(-0.687124908749,2.033087517838));
#4046 = CARTESIAN_POINT('',(-0.732239483385,1.992391096527));
#4047 = CARTESIAN_POINT('',(-0.777074924877,1.951945494806));
#4048 = CARTESIAN_POINT('',(-0.821638097116,1.911744549843));
#4049 = CARTESIAN_POINT('',(-0.865934722313,1.871783170397));
#4050 = ( GEOMETRIC_REPRESENTATION_CONTEXT(2) 
PARAMETRIC_REPRESENTATION_CONTEXT() REPRESENTATION_CONTEXT('2D SPACE',''
  ) );
#4051 = ORIENTED_EDGE('',*,*,#4052,.T.);
#4052 = EDGE_CURVE('',#3960,#4053,#4055,.T.);
#4053 = VERTEX_POINT('',#4054);
#4054 = CARTESIAN_POINT('',(-5.72389606496,3.853182300066,9.1));
#4055 = SURFACE_CURVE('',#4056,(#4061,#4068),.PCURVE_S1.);
#4056 = CIRCLE('',#4057,6.9);
#4057 = AXIS2_PLACEMENT_3D('',#4058,#4059,#4060);
#4058 = CARTESIAN_POINT('',(0.,0.,9.1));
#4059 = DIRECTION('',(0.,0.,1.));
#4060 = DIRECTION('',(0.,-1.,0.));
#4061 = PCURVE('',#3265,#4062);
#4062 = DEFINITIONAL_REPRESENTATION('',(#4063),#4067);
#4063 = LINE('',#4064,#4065);
#4064 = CARTESIAN_POINT('',(1.570796326795,-1.));
#4065 = VECTOR('',#4066,1.);
#4066 = DIRECTION('',(-1.,-0.));
#4067 = ( GEOMETRIC_REPRESENTATION_CONTEXT(2) 
PARAMETRIC_REPRESENTATION_CONTEXT() REPRESENTATION_CONTEXT('2D SPACE',''
  ) );
#4068 = PCURVE('',#4069,#4074);
#4069 = CYLINDRICAL_SURFACE('',#4070,6.9);
#4070 = AXIS2_PLACEMENT_3D('',#4071,#4072,#4073);
#4071 = CARTESIAN_POINT('',(0.,0.,6.));
#4072 = DIRECTION('',(0.,0.,1.));
#4073 = DIRECTION('',(1.,0.,0.));
#4074 = DEFINITIONAL_REPRESENTATION('',(#4075),#4079);
#4075 = LINE('',#4076,#4077);
#4076 = CARTESIAN_POINT('',(-1.570796326795,3.1));
#4077 = VECTOR('',#4078,1.);
#4078 = DIRECTION('',(1.,0.));
#4079 = ( GEOMETRIC_REPRESENTATION_CONTEXT(2) 
PARAMETRIC_REPRESENTATION_CONTEXT() REPRESENTATION_CONTEXT('2D SPACE',''
  ) );
#4080 = ORIENTED_EDGE('',*,*,#4081,.T.);
#4081 = EDGE_CURVE('',#4053,#4082,#4084,.T.);
#4082 = VERTEX_POINT('',#4083);
#4083 = CARTESIAN_POINT('',(-6.733772316151,2.687843999074E-02,
    9.266174040243));
#4084 = SURFACE_CURVE('',#4085,(#4093,#4104),.PCURVE_S1.);
#4085 = B_SPLINE_CURVE_WITH_KNOTS('',6,(#4086,#4087,#4088,#4089,#4090,
    #4091,#4092),.UNSPECIFIED.,.F.,.F.,(7,7),(0.,1.),
  .PIECEWISE_BEZIER_KNOTS.);
#4086 = CARTESIAN_POINT('',(-5.72389606496,3.853182300066,9.1));
#4087 = CARTESIAN_POINT('',(-6.074775855613,3.282926959044,
    9.127376569979));
#4088 = CARTESIAN_POINT('',(-6.359220031265,2.671743366855,
    9.154883887802));
#4089 = CARTESIAN_POINT('',(-6.570630797813,2.029434358205,
    9.182508400207));
#4090 = CARTESIAN_POINT('',(-6.704782127498,1.366749681217,
    9.210260536744));
#4091 = CARTESIAN_POINT('',(-6.759121284019,0.695132664116,
    9.238157900494));
#4092 = CARTESIAN_POINT('',(-6.733772316151,2.687843999072E-02,
    9.266174040243));
#4093 = PCURVE('',#3265,#4094);
#4094 = DEFINITIONAL_REPRESENTATION('',(#4095),#4103);
#4095 = B_SPLINE_CURVE_WITH_KNOTS('',6,(#4096,#4097,#4098,#4099,#4100,
    #4101,#4102),.UNSPECIFIED.,.F.,.F.,(7,7),(0.,1.),
  .PIECEWISE_BEZIER_KNOTS.);
#4096 = CARTESIAN_POINT('',(-2.549097977471,-1.));
#4097 = CARTESIAN_POINT('',(-2.646054207282,-1.027376570029));
#4098 = CARTESIAN_POINT('',(-2.743476915821,-1.054883887697));
#4099 = CARTESIAN_POINT('',(-2.841314679255,-1.082508400301));
#4100 = CARTESIAN_POINT('',(-2.939600599496,-1.11026053671));
#4101 = CARTESIAN_POINT('',(-3.038378487627,-1.138157900494));
#4102 = CARTESIAN_POINT('',(-3.137601087499,-1.166174040243));
#4103 = ( GEOMETRIC_REPRESENTATION_CONTEXT(2) 
PARAMETRIC_REPRESENTATION_CONTEXT() REPRESENTATION_CONTEXT('2D SPACE',''
  ) );
#4104 = PCURVE('',#4105,#4130);
#4105 = B_SPLINE_SURFACE_WITH_KNOTS('',1,11,(
    (#4106,#4107,#4108,#4109,#4110,#4111,#4112,#4113,#4114,#4115,#4116
      ,#4117)
    ,(#4118,#4119,#4120,#4121,#4122,#4123,#4124,#4125,#4126,#4127,#4128
      ,#4129
    )),.UNSPECIFIED.,.F.,.F.,.F.,(2,2),(12,12),(-0.866025403784,-0.),(0.
    ,6.878838390627),.PIECEWISE_BEZIER_KNOTS.);
#4106 = CARTESIAN_POINT('',(-6.15,5.156027018322E-03,6.129833673255));
#4107 = CARTESIAN_POINT('',(-6.152945115859,-3.507715749527,
    6.384379128288));
#4108 = CARTESIAN_POINT('',(-3.949162461588,-7.022358055132,
    6.638924580982));
#4109 = CARTESIAN_POINT('',(0.467217116674,-8.99876287165,6.89347004033)
  );
#4110 = CARTESIAN_POINT('',(5.865454018667,-7.889673398081,
    7.148015485864));
#4111 = CARTESIAN_POINT('',(9.893716171036,-3.259974183617,
    7.402560953241));
#4112 = CARTESIAN_POINT('',(9.899168451234,3.243380257133,7.657106393386
    ));
#4113 = CARTESIAN_POINT('',(5.878674821035,7.879827374366,7.911651860863
    ));
#4114 = CARTESIAN_POINT('',(0.482305188847,8.997966812699,8.166197306268
    ));
#4115 = CARTESIAN_POINT('',(-3.937382133087,7.02896996359,8.420742765708
    ));
#4116 = CARTESIAN_POINT('',(-6.147054884151,3.518027803574,
    8.675288218361));
#4117 = CARTESIAN_POINT('',(-6.150000000016,5.156027028205E-03,
    8.929833673405));
#4118 = CARTESIAN_POINT('',(-6.9,3.306384189622E-02,6.561946105232));
#4119 = CARTESIAN_POINT('',(-6.91888602305,-3.908206941726,
    6.816491559779));
#4120 = CARTESIAN_POINT('',(-4.461930776383,-7.861252292912,
    7.071037014313));
#4121 = CARTESIAN_POINT('',(0.484281525467,-10.0982789947,7.325582468889
    ));
#4122 = CARTESIAN_POINT('',(6.545779589304,-8.877874595975,
    7.580127923385));
#4123 = CARTESIAN_POINT('',(11.085843713996,-3.701429245668,
    7.834673377982));
#4124 = CARTESIAN_POINT('',(11.120807326334,3.595018057495,
    8.089218832497));
#4125 = CARTESIAN_POINT('',(6.630560083578,8.814735405711,8.343764287044
    ));
#4126 = CARTESIAN_POINT('',(0.581036183751,10.093174140259,
    8.598309741604));
#4127 = CARTESIAN_POINT('',(-4.386387549535,7.903652205671,
    8.852855196136));
#4128 = CARTESIAN_POINT('',(-6.881113977046,3.974334625519,
    9.107400650687));
#4129 = CARTESIAN_POINT('',(-6.900000000103,3.306384189627E-02,
    9.361946105232));
#4130 = DEFINITIONAL_REPRESENTATION('',(#4131),#4139);
#4131 = B_SPLINE_CURVE_WITH_KNOTS('',6,(#4132,#4133,#4134,#4135,#4136,
    #4137,#4138),.UNSPECIFIED.,.F.,.F.,(7,7),(0.,1.),
  .PIECEWISE_BEZIER_KNOTS.);
#4132 = CARTESIAN_POINT('',(-9.159983164389E-05,6.235420344456));
#4133 = CARTESIAN_POINT('',(-3.170303526212E-02,6.341426748017));
#4134 = CARTESIAN_POINT('',(-6.346743524069E-02,6.447941868141));
#4135 = CARTESIAN_POINT('',(-9.536618365699E-02,6.554909591302));
#4136 = CARTESIAN_POINT('',(-0.127408680498,6.662367058242));
#4137 = CARTESIAN_POINT('',(-0.159597490913,6.770360662818));
#4138 = CARTESIAN_POINT('',(-0.191943196131,6.878838390627));
#4139 = ( GEOMETRIC_REPRESENTATION_CONTEXT(2) 
PARAMETRIC_REPRESENTATION_CONTEXT() REPRESENTATION_CONTEXT('2D SPACE',''
  ) );
#4140 = ORIENTED_EDGE('',*,*,#4141,.T.);
#4141 = EDGE_CURVE('',#4082,#4142,#4144,.T.);
#4142 = VERTEX_POINT('',#4143);
#4143 = CARTESIAN_POINT('',(2.911721856428,-5.417050141095,
    9.849995414608));
#4144 = SURFACE_CURVE('',#4145,(#4168,#4194),.PCURVE_S1.);
#4145 = B_SPLINE_CURVE_WITH_KNOTS('',6,(#4146,#4147,#4148,#4149,#4150,
    #4151,#4152,#4153,#4154,#4155,#4156,#4157,#4158,#4159,#4160,#4161,
    #4162,#4163,#4164,#4165,#4166,#4167),.UNSPECIFIED.,.F.,.F.,(7,5,5,5,
    7),(0.,0.271628574517,0.528378824274,0.77082723061,1.),
  .UNSPECIFIED.);
#4146 = CARTESIAN_POINT('',(-6.733772316141,2.687843999127E-02,
    9.266174040253));
#4147 = CARTESIAN_POINT('',(-6.710834912081,-0.577801688844,
    9.291524875876));
#4148 = CARTESIAN_POINT('',(-6.62264074697,-1.179995731858,
    9.316984132837));
#4149 = CARTESIAN_POINT('',(-6.469161686584,-1.770596385131,
    9.342551946336));
#4150 = CARTESIAN_POINT('',(-6.252144469383,-2.340830026862,
    9.368232001197));
#4151 = CARTESIAN_POINT('',(-5.974660626285,-2.88215921327,
    9.394031730156));
#4152 = CARTESIAN_POINT('',(-5.32694209049,-3.863276435492,
    9.444432182238));
#4153 = CARTESIAN_POINT('',(-4.962506281634,-4.307175654365,
    9.469029939349));
#4154 = CARTESIAN_POINT('',(-4.552515830161,-4.711376115885,
    9.493726382752));
#4155 = CARTESIAN_POINT('',(-4.102248446583,-5.070022411318,
    9.518527605199));
#4156 = CARTESIAN_POINT('',(-3.617863067043,-5.378020854342,
    9.543441488403));
#4157 = CARTESIAN_POINT('',(-2.623993879583,-5.870750554543,
    9.59208696195));
#4158 = CARTESIAN_POINT('',(-2.117260219407,-6.061467722591,
    9.615814382127));
#4159 = CARTESIAN_POINT('',(-1.592646702457,-6.200229871129,
    9.639637116326));
#4160 = CARTESIAN_POINT('',(-1.056726868278,-6.284872035214,
    9.663560183439));
#4161 = CARTESIAN_POINT('',(-0.516408748004,-6.314172109848,
    9.687589665115));
#4162 = CARTESIAN_POINT('',(0.529027494002,-6.263737972357,
    9.734528359114));
#4163 = CARTESIAN_POINT('',(1.034590809232,-6.18987987413,9.757432958));
#4164 = CARTESIAN_POINT('',(1.531550691069,-6.06672088291,9.780428146737
    ));
#4165 = CARTESIAN_POINT('',(2.013918470718,-5.895368080022,9.80351826713
    ));
#4166 = CARTESIAN_POINT('',(2.475840807627,-5.677778141923,
    9.826708882852));
#4167 = CARTESIAN_POINT('',(2.911721856428,-5.417050141095,
    9.849995414608));
#4168 = PCURVE('',#3265,#4169);
#4169 = DEFINITIONAL_REPRESENTATION('',(#4170),#4193);
#4170 = B_SPLINE_CURVE_WITH_KNOTS('',6,(#4171,#4172,#4173,#4174,#4175,
    #4176,#4177,#4178,#4179,#4180,#4181,#4182,#4183,#4184,#4185,#4186,
    #4187,#4188,#4189,#4190,#4191,#4192),.UNSPECIFIED.,.F.,.F.,(7,5,5,5,
    7),(0.,0.271628574517,0.528378824274,0.77082723061,1.),
  .UNSPECIFIED.);
#4171 = CARTESIAN_POINT('',(-3.137601087499,-1.166174040253));
#4172 = CARTESIAN_POINT('',(-3.227384185469,-1.191524875876));
#4173 = CARTESIAN_POINT('',(-3.317570293949,-1.216984132837));
#4174 = CARTESIAN_POINT('',(-3.408125286119,-1.242551946336));
#4175 = CARTESIAN_POINT('',(-3.49907377354,-1.268232001197));
#4176 = CARTESIAN_POINT('',(-3.59044586275,-1.294031730156));
#4177 = CARTESIAN_POINT('',(-3.768948765763,-1.344432182238));
#4178 = CARTESIAN_POINT('',(-3.856068717782,-1.369029939349));
#4179 = CARTESIAN_POINT('',(-3.943542648075,-1.393726382752));
#4180 = CARTESIAN_POINT('',(-4.031391237365,-1.418527605199));
#4181 = CARTESIAN_POINT('',(-4.119640611199,-1.443441488403));
#4182 = CARTESIAN_POINT('',(-4.291953694286,-1.49208696195));
#4183 = CARTESIAN_POINT('',(-4.376002499034,-1.515814382127));
#4184 = CARTESIAN_POINT('',(-4.460389326904,-1.539637116326));
#4185 = CARTESIAN_POINT('',(-4.545132120746,-1.563560183439));
#4186 = CARTESIAN_POINT('',(-4.63025326811,-1.587589665115));
#4187 = CARTESIAN_POINT('',(-4.796530685041,-1.634528359114));
#4188 = CARTESIAN_POINT('',(-4.877670423237,-1.657432958));
#4189 = CARTESIAN_POINT('',(-4.959133073182,-1.680428146737));
#4190 = CARTESIAN_POINT('',(-5.040934161486,-1.70351826713));
#4191 = CARTESIAN_POINT('',(-5.123092964537,-1.726708882852));
#4192 = CARTESIAN_POINT('',(-5.205592859109,-1.749995414608));
#4193 = ( GEOMETRIC_REPRESENTATION_CONTEXT(2) 
PARAMETRIC_REPRESENTATION_CONTEXT() REPRESENTATION_CONTEXT('2D SPACE',''
  ) );
#4194 = PCURVE('',#4195,#4220);
#4195 = B_SPLINE_SURFACE_WITH_KNOTS('',1,11,(
    (#4196,#4197,#4198,#4199,#4200,#4201,#4202,#4203,#4204,#4205,#4206
      ,#4207)
    ,(#4208,#4209,#4210,#4211,#4212,#4213,#4214,#4215,#4216,#4217,#4218
      ,#4219
    )),.UNSPECIFIED.,.F.,.F.,.F.,(2,2),(12,12),(-0.866025403784,-0.),(0.
    ,6.878838390627),.PIECEWISE_BEZIER_KNOTS.);
#4196 = CARTESIAN_POINT('',(-6.15,5.156027018321E-03,8.929833673255));
#4197 = CARTESIAN_POINT('',(-6.152945115859,-3.507715749528,
    9.184379128287));
#4198 = CARTESIAN_POINT('',(-3.949162461589,-7.022358055124,
    9.438924580992));
#4199 = CARTESIAN_POINT('',(0.46721711668,-8.998762871676,9.693470040285
    ));
#4200 = CARTESIAN_POINT('',(5.865454018653,-7.889673398027,
    9.948015485983));
#4201 = CARTESIAN_POINT('',(9.893716171058,-3.259974183697,
    10.202560953025));
#4202 = CARTESIAN_POINT('',(9.899168451208,3.243380257218,
    10.457106393658));
#4203 = CARTESIAN_POINT('',(5.878674821058,7.8798273743,10.71165186062)
  );
#4204 = CARTESIAN_POINT('',(0.482305188833,8.997966812736,
    10.966197306421));
#4205 = CARTESIAN_POINT('',(-3.937382133081,7.028969963576,
    11.220742765641));
#4206 = CARTESIAN_POINT('',(-6.147054884153,3.518027803577,
    11.475288218379));
#4207 = CARTESIAN_POINT('',(-6.150000000016,5.156027027971E-03,
    11.729833673402));
#4208 = CARTESIAN_POINT('',(-6.9,3.306384189623E-02,9.361946105232));
#4209 = CARTESIAN_POINT('',(-6.918886023049,-3.908206941728,
    9.616491559779));
#4210 = CARTESIAN_POINT('',(-4.461930776391,-7.861252292905,
    9.871037014313));
#4211 = CARTESIAN_POINT('',(0.4842815255,-10.09827899472,10.125582468887
    ));
#4212 = CARTESIAN_POINT('',(6.545779589219,-8.877874595937,
    10.380127923391));
#4213 = CARTESIAN_POINT('',(11.08584371414,-3.70142924572,
    10.634673377971));
#4214 = CARTESIAN_POINT('',(11.120807326158,3.595018057546,
    10.889218832511));
#4215 = CARTESIAN_POINT('',(6.630560083732,8.814735405674,
    11.143764287031));
#4216 = CARTESIAN_POINT('',(0.581036183654,10.093174140278,
    11.398309741612));
#4217 = CARTESIAN_POINT('',(-4.386387549492,7.903652205664,
    11.652855196133));
#4218 = CARTESIAN_POINT('',(-6.881113977058,3.97433462552,
    11.907400650688));
#4219 = CARTESIAN_POINT('',(-6.900000000101,3.30638418962E-02,
    12.161946105232));
#4220 = DEFINITIONAL_REPRESENTATION('',(#4221),#4244);
#4221 = B_SPLINE_CURVE_WITH_KNOTS('',6,(#4222,#4223,#4224,#4225,#4226,
    #4227,#4228,#4229,#4230,#4231,#4232,#4233,#4234,#4235,#4236,#4237,
    #4238,#4239,#4240,#4241,#4242,#4243),.UNSPECIFIED.,.F.,.F.,(7,5,5,5,
    7),(0.,0.271628574517,0.528378824274,0.77082723061,1.),
  .UNSPECIFIED.);
#4222 = CARTESIAN_POINT('',(-0.191943196045,0.));
#4223 = CARTESIAN_POINT('',(-0.221211705679,9.815774305387E-02));
#4224 = CARTESIAN_POINT('',(-0.250621636287,0.196755203125));
#4225 = CARTESIAN_POINT('',(-0.280142285752,0.295755077396));
#4226 = CARTESIAN_POINT('',(-0.309787178921,0.395182997359));
#4227 = CARTESIAN_POINT('',(-0.339568673787,0.495072371773));
#4228 = CARTESIAN_POINT('',(-0.397749775064,0.690211556531));
#4229 = CARTESIAN_POINT('',(-0.426145780448,0.785449666014));
#4230 = CARTESIAN_POINT('',(-0.454658758011,0.881073606552));
#4231 = CARTESIAN_POINT('',(-0.483295131087,0.977106220168));
#4232 = CARTESIAN_POINT('',(-0.512062272004,1.073575907163));
#4233 = CARTESIAN_POINT('',(-0.568231427434,1.261937323414));
#4234 = CARTESIAN_POINT('',(-0.595628616198,1.353812892253));
#4235 = CARTESIAN_POINT('',(-0.623135183661,1.446056699239));
#4236 = CARTESIAN_POINT('',(-0.65075688238,1.538688125962));
#4237 = CARTESIAN_POINT('',(-0.678501409146,1.631731548187));
#4238 = CARTESIAN_POINT('',(-0.732697631951,1.813481430558));
#4239 = CARTESIAN_POINT('',(-0.759143969865,1.902169988703));
#4240 = CARTESIAN_POINT('',(-0.785695536137,1.991210091456));
#4241 = CARTESIAN_POINT('',(-0.812357529741,2.080618778408));
#4242 = CARTESIAN_POINT('',(-0.839136034346,2.170417175412));
#4243 = CARTESIAN_POINT('',(-0.866025403784,2.260587111259));
#4244 = ( GEOMETRIC_REPRESENTATION_CONTEXT(2) 
PARAMETRIC_REPRESENTATION_CONTEXT() REPRESENTATION_CONTEXT('2D SPACE',''
  ) );
#4245 = ORIENTED_EDGE('',*,*,#4246,.T.);
#4246 = EDGE_CURVE('',#4142,#4247,#4249,.T.);
#4247 = VERTEX_POINT('',#4248);
#4248 = CARTESIAN_POINT('',(4.633217887796,-4.044239698326,
    9.849993273718));
#4249 = SURFACE_CURVE('',#4250,(#4259,#4271),.PCURVE_S1.);
#4250 = B_SPLINE_CURVE_WITH_KNOTS('',4,(#4251,#4252,#4253,#4254,#4255,
    #4256,#4257,#4258),.UNSPECIFIED.,.F.,.F.,(5,3,5),(0.,0.502033324754,
    1.),.UNSPECIFIED.);
#4251 = CARTESIAN_POINT('',(2.911383252347,-5.417263750751,
    9.849967562098));
#4252 = CARTESIAN_POINT('',(3.156202041031,-5.285682964701,9.84997512325
    ));
#4253 = CARTESIAN_POINT('',(3.393093082908,-5.139349239433,
    9.849982888941));
#4254 = CARTESIAN_POINT('',(3.620718635394,-4.978982520483,
    9.849990189109));
#4255 = CARTESIAN_POINT('',(4.053306142992,-4.633484439448,
    9.850002807387));
#4256 = CARTESIAN_POINT('',(4.258438578439,-4.448562729497,
    9.850008147772));
#4257 = CARTESIAN_POINT('',(4.452131507899,-4.251691385489,
    9.850012073298));
#4258 = CARTESIAN_POINT('',(4.633410291666,-4.04398701614,9.85001447826)
  );
#4259 = PCURVE('',#3265,#4260);
#4260 = DEFINITIONAL_REPRESENTATION('',(#4261),#4270);
#4261 = B_SPLINE_CURVE_WITH_KNOTS('',4,(#4262,#4263,#4264,#4265,#4266,
    #4267,#4268,#4269),.UNSPECIFIED.,.F.,.F.,(5,3,5),(0.,0.502033324754,
    1.),.UNSPECIFIED.);
#4262 = CARTESIAN_POINT('',(-5.205527919129,-1.749967562098));
#4263 = CARTESIAN_POINT('',(-5.25072091311,-1.74997512325));
#4264 = CARTESIAN_POINT('',(-5.295914047596,-1.749982888941));
#4265 = CARTESIAN_POINT('',(-5.341107255418,-1.749990189109));
#4266 = CARTESIAN_POINT('',(-5.431127564242,-1.750002807387));
#4267 = CARTESIAN_POINT('',(-5.475954788442,-1.750008147772));
#4268 = CARTESIAN_POINT('',(-5.520782041605,-1.750012073298));
#4269 = CARTESIAN_POINT('',(-5.565609236881,-1.75001447826));
#4270 = ( GEOMETRIC_REPRESENTATION_CONTEXT(2) 
PARAMETRIC_REPRESENTATION_CONTEXT() REPRESENTATION_CONTEXT('2D SPACE',''
  ) );
#4271 = PCURVE('',#4272,#4295);
#4272 = B_SPLINE_SURFACE_WITH_KNOTS('',1,10,(
    (#4273,#4274,#4275,#4276,#4277,#4278,#4279,#4280,#4281,#4282,#4283)
    ,(#4284,#4285,#4286,#4287,#4288,#4289,#4290,#4291,#4292,#4293,#4294
    )),.UNSPECIFIED.,.F.,.F.,.F.,(2,2),(11,11),(-0.16,-0.),(0.,
    6.878838390627),.PIECEWISE_BEZIER_KNOTS.);
#4273 = CARTESIAN_POINT('',(-6.15,-5.156027018319E-03,8.770166326745));
#4274 = CARTESIAN_POINT('',(-6.146760372557,-3.86931498121,
    9.050166327279));
#4275 = CARTESIAN_POINT('',(-3.446406503713,-7.734320495964,
    9.330166325462));
#4276 = CARTESIAN_POINT('',(1.955556554567,-9.453325417517,
    9.610166329077));
#4277 = CARTESIAN_POINT('',(8.120501027437,-7.033567818057,
    9.890166324875));
#4278 = CARTESIAN_POINT('',(11.381312125973,9.541845971416E-03,
    10.170166326884));
#4279 = CARTESIAN_POINT('',(8.10869603911,7.047174025945,10.450166328653
    ));
#4280 = CARTESIAN_POINT('',(1.939702888072,9.45659111881,10.730166324628
    ));
#4281 = CARTESIAN_POINT('',(-3.459370223092,7.728530842079,
    11.010166328148));
#4282 = CARTESIAN_POINT('',(-6.153239627421,3.859002927186,
    11.290166326366));
#4283 = CARTESIAN_POINT('',(-6.149999999984,-5.156027008665E-03,
    11.570166326892));
#4284 = CARTESIAN_POINT('',(-6.15,5.156027018324E-03,8.929833673255));
#4285 = CARTESIAN_POINT('',(-6.153239627445,-3.859002927183,
    9.209833673789));
#4286 = CARTESIAN_POINT('',(-3.459370223107,-7.728530842104,
    9.489833671969));
#4287 = CARTESIAN_POINT('',(1.93970288805,-9.456591118811,9.769833675594
    ));
#4288 = CARTESIAN_POINT('',(8.108696039135,-7.047174026022,
    10.049833671373));
#4289 = CARTESIAN_POINT('',(11.38131212599,-9.541845936587E-03,
    10.329833673408));
#4290 = CARTESIAN_POINT('',(8.120501027475,7.033567818017,
    10.609833675151));
#4291 = CARTESIAN_POINT('',(1.955556554587,9.453325417566,
    10.889833671144));
#4292 = CARTESIAN_POINT('',(-3.44640650371,7.734320495979,
    11.169833674656));
#4293 = CARTESIAN_POINT('',(-6.146760372566,3.869314981232,
    11.449833672877));
#4294 = CARTESIAN_POINT('',(-6.150000000016,5.156027027964E-03,
    11.729833673402));
#4295 = DEFINITIONAL_REPRESENTATION('',(#4296),#4305);
#4296 = B_SPLINE_CURVE_WITH_KNOTS('',4,(#4297,#4298,#4299,#4300,#4301,
    #4302,#4303,#4304),.UNSPECIFIED.,.F.,.F.,(5,3,5),(0.,0.502033324754,
    1.),.UNSPECIFIED.);
#4297 = CARTESIAN_POINT('',(0.,2.260518685206));
#4298 = CARTESIAN_POINT('',(-2.007972193653E-02,2.309765113856));
#4299 = CARTESIAN_POINT('',(-4.015922330145E-02,2.359011504248));
#4300 = CARTESIAN_POINT('',(-6.023915265647E-02,2.408257800243));
#4301 = CARTESIAN_POINT('',(-0.100238193651,2.50635125889));
#4302 = CARTESIAN_POINT('',(-0.120157337802,2.555198555971));
#4303 = CARTESIAN_POINT('',(-0.140077904765,2.60404586532));
#4304 = CARTESIAN_POINT('',(-0.16,2.6528931858));
#4305 = ( GEOMETRIC_REPRESENTATION_CONTEXT(2) 
PARAMETRIC_REPRESENTATION_CONTEXT() REPRESENTATION_CONTEXT('2D SPACE',''
  ) );
#4306 = ORIENTED_EDGE('',*,*,#4307,.T.);
#4307 = EDGE_CURVE('',#4247,#3162,#4308,.T.);
#4308 = SURFACE_CURVE('',#4309,(#4328,#4350),.PCURVE_S1.);
#4309 = B_SPLINE_CURVE_WITH_KNOTS('',5,(#4310,#4311,#4312,#4313,#4314,
    #4315,#4316,#4317,#4318,#4319,#4320,#4321,#4322,#4323,#4324,#4325,
    #4326,#4327),.UNSPECIFIED.,.F.,.F.,(6,4,4,4,6),(0.,0.233070187108,
    0.469842658627,0.731679810632,1.),.UNSPECIFIED.);
#4310 = CARTESIAN_POINT('',(4.633217887796,-4.044239698326,
    9.849993273718));
#4311 = CARTESIAN_POINT('',(4.520418179628,-4.229350688005,
    9.813244112703));
#4312 = CARTESIAN_POINT('',(4.399218908294,-4.409629729875,
    9.776723814801));
#4313 = CARTESIAN_POINT('',(4.269973798901,-4.584605700681,
    9.740427029356));
#4314 = CARTESIAN_POINT('',(4.133065403016,-4.753851411409,
    9.704348737258));
#4315 = CARTESIAN_POINT('',(3.842454829857,-5.082707133244,
    9.632050062728));
#4316 = CARTESIAN_POINT('',(3.68851924701,-5.242121713277,9.595836468616
    ));
#4317 = CARTESIAN_POINT('',(3.527529141952,-5.394826177339,9.55983846136
    ));
#4318 = CARTESIAN_POINT('',(3.359935955221,-5.540467000984,
    9.524051331914));
#4319 = CARTESIAN_POINT('',(2.994097194476,-5.831646978873,
    9.449123446038));
#4320 = CARTESIAN_POINT('',(2.794483518703,-5.975543839178,
    9.410028563484));
#4321 = CARTESIAN_POINT('',(2.588007699426,-6.110014434258,
    9.371180241182));
#4322 = CARTESIAN_POINT('',(2.375326368124,-6.234718090457,
    9.332572366964));
#4323 = CARTESIAN_POINT('',(1.933489100287,-6.4668823566,9.25487723024)
  );
#4324 = CARTESIAN_POINT('',(1.704054396922,-6.573840234567,
    9.215801547515));
#4325 = CARTESIAN_POINT('',(1.469525623007,-6.669959724923,
    9.176967236169));
#4326 = CARTESIAN_POINT('',(1.23062917899,-6.755023914267,9.138368362838
    ));
#4327 = CARTESIAN_POINT('',(0.988092235421,-6.828885248289,9.1));
#4328 = PCURVE('',#3265,#4329);
#4329 = DEFINITIONAL_REPRESENTATION('',(#4330),#4349);
#4330 = B_SPLINE_CURVE_WITH_KNOTS('',5,(#4331,#4332,#4333,#4334,#4335,
    #4336,#4337,#4338,#4339,#4340,#4341,#4342,#4343,#4344,#4345,#4346,
    #4347,#4348),.UNSPECIFIED.,.F.,.F.,(6,4,4,4,6),(0.,0.233070187108,
    0.469842658627,0.731679810632,1.),.UNSPECIFIED.);
#4331 = CARTESIAN_POINT('',(-5.565557710371,-1.749993273718));
#4332 = CARTESIAN_POINT('',(-5.530820563635,-1.713244112703));
#4333 = CARTESIAN_POINT('',(-5.496296175316,-1.676723814801));
#4334 = CARTESIAN_POINT('',(-5.46197968757,-1.640427029356));
#4335 = CARTESIAN_POINT('',(-5.427866525406,-1.604348737258));
#4336 = CARTESIAN_POINT('',(-5.359499547209,-1.532050062728));
#4337 = CARTESIAN_POINT('',(-5.325252051055,-1.495836468616));
#4338 = CARTESIAN_POINT('',(-5.291205320041,-1.45983846136));
#4339 = CARTESIAN_POINT('',(-5.257355030121,-1.424051331914));
#4340 = CARTESIAN_POINT('',(-5.186476194021,-1.349123446038));
#4341 = CARTESIAN_POINT('',(-5.149490390907,-1.310028563484));
#4342 = CARTESIAN_POINT('',(-5.11273440006,-1.271180241182));
#4343 = CARTESIAN_POINT('',(-5.076202581796,-1.232572366964));
#4344 = CARTESIAN_POINT('',(-5.002678861104,-1.15487723024));
#4345 = CARTESIAN_POINT('',(-4.965697755492,-1.115801547514));
#4346 = CARTESIAN_POINT('',(-4.928941843343,-1.076967236169));
#4347 = CARTESIAN_POINT('',(-4.89240567491,-1.038368362838));
#4348 = CARTESIAN_POINT('',(-4.856084759835,-1.));
#4349 = ( GEOMETRIC_REPRESENTATION_CONTEXT(2) 
PARAMETRIC_REPRESENTATION_CONTEXT() REPRESENTATION_CONTEXT('2D SPACE',''
  ) );
#4350 = PCURVE('',#3203,#4351);
#4351 = DEFINITIONAL_REPRESENTATION('',(#4352),#4371);
#4352 = B_SPLINE_CURVE_WITH_KNOTS('',5,(#4353,#4354,#4355,#4356,#4357,
    #4358,#4359,#4360,#4361,#4362,#4363,#4364,#4365,#4366,#4367,#4368,
    #4369,#4370),.UNSPECIFIED.,.F.,.F.,(6,4,4,4,6),(0.,0.233070187108,
    0.469842658627,0.731679810632,1.),.UNSPECIFIED.);
#4353 = CARTESIAN_POINT('',(0.,2.652841091997));
#4354 = CARTESIAN_POINT('',(-4.243270048969E-02,2.61457283322));
#4355 = CARTESIAN_POINT('',(-8.460086089212E-02,2.576542552944));
#4356 = CARTESIAN_POINT('',(-0.126510683318,2.53874470867));
#4357 = CARTESIAN_POINT('',(-0.168167972581,2.501174085411));
#4358 = CARTESIAN_POINT('',(-0.251646093964,2.42588423408));
#4359 = CARTESIAN_POINT('',(-0.29345908071,2.388172066125));
#4360 = CARTESIAN_POINT('',(-0.335022872083,2.350684070224));
#4361 = CARTESIAN_POINT('',(-0.376342893582,2.313415328162));
#4362 = CARTESIAN_POINT('',(-0.462854407553,2.235384583059));
#4363 = CARTESIAN_POINT('',(-0.507992866181,2.19467027023));
#4364 = CARTESIAN_POINT('',(-0.552846250087,2.154212241393));
#4365 = CARTESIAN_POINT('',(-0.597421596571,2.11400410701));
#4366 = CARTESIAN_POINT('',(-0.687124908749,2.033087517838));
#4367 = CARTESIAN_POINT('',(-0.732239483385,1.992391096527));
#4368 = CARTESIAN_POINT('',(-0.777074924877,1.951945494806));
#4369 = CARTESIAN_POINT('',(-0.821638097116,1.911744549843));
#4370 = CARTESIAN_POINT('',(-0.865934722313,1.871783170397));
#4371 = ( GEOMETRIC_REPRESENTATION_CONTEXT(2) 
PARAMETRIC_REPRESENTATION_CONTEXT() REPRESENTATION_CONTEXT('2D SPACE',''
  ) );
#4372 = ORIENTED_EDGE('',*,*,#3248,.T.);
#4373 = ORIENTED_EDGE('',*,*,#3858,.T.);
#4374 = ADVANCED_FACE('',(#4375),#3203,.F.);
#4375 = FACE_BOUND('',#4376,.F.);
#4376 = EDGE_LOOP('',(#4377,#4425,#4569,#4570,#4571));
#4377 = ORIENTED_EDGE('',*,*,#4378,.F.);
#4378 = EDGE_CURVE('',#4379,#4381,#4383,.T.);
#4379 = VERTEX_POINT('',#4380);
#4380 = CARTESIAN_POINT('',(-6.899920794998,-3.306089464855E-02,
    11.138099528665));
#4381 = VERTEX_POINT('',#4382);
#4382 = CARTESIAN_POINT('',(-6.149999999984,-5.156027008665E-03,
    11.570166326892));
#4383 = SURFACE_CURVE('',#4384,(#4387,#4394),.PCURVE_S1.);
#4384 = B_SPLINE_CURVE_WITH_KNOTS('',1,(#4385,#4386),.UNSPECIFIED.,.F.,
  .F.,(2,2),(-0.866025403784,-0.),.PIECEWISE_BEZIER_KNOTS.);
#4385 = CARTESIAN_POINT('',(-6.899999999899,-3.306384189619E-02,
    11.138053894768));
#4386 = CARTESIAN_POINT('',(-6.149999999984,-5.156027008662E-03,
    11.570166326892));
#4387 = PCURVE('',#3203,#4388);
#4388 = DEFINITIONAL_REPRESENTATION('',(#4389),#4393);
#4389 = LINE('',#4390,#4391);
#4390 = CARTESIAN_POINT('',(0.,6.878838390627));
#4391 = VECTOR('',#4392,1.);
#4392 = DIRECTION('',(1.,0.));
#4393 = ( GEOMETRIC_REPRESENTATION_CONTEXT(2) 
PARAMETRIC_REPRESENTATION_CONTEXT() REPRESENTATION_CONTEXT('2D SPACE',''
  ) );
#4394 = PCURVE('',#4395,#4420);
#4395 = B_SPLINE_SURFACE_WITH_KNOTS('',1,11,(
    (#4396,#4397,#4398,#4399,#4400,#4401,#4402,#4403,#4404,#4405,#4406
      ,#4407)
    ,(#4408,#4409,#4410,#4411,#4412,#4413,#4414,#4415,#4416,#4417,#4418
      ,#4419
    )),.UNSPECIFIED.,.F.,.F.,.F.,(2,2),(12,12),(-0.866025403784,-0.),(0.
    ,6.878838390627),.PIECEWISE_BEZIER_KNOTS.);
#4396 = CARTESIAN_POINT('',(-6.9,-3.306384189621E-02,11.138053894768));
#4397 = CARTESIAN_POINT('',(-6.881113976952,-3.974334625462,
    11.392599349311));
#4398 = CARTESIAN_POINT('',(-4.386387549437,-7.903652205548,
    11.647144803873));
#4399 = CARTESIAN_POINT('',(0.58103618365,-10.09317414013,
    11.901690258372));
#4400 = CARTESIAN_POINT('',(6.630560083669,-8.814735405531,12.156235713)
  );
#4401 = CARTESIAN_POINT('',(11.120807325892,-3.595018057516,
    12.410781167444));
#4402 = CARTESIAN_POINT('',(11.085843714136,3.701429245695,
    12.665326622079));
#4403 = CARTESIAN_POINT('',(6.545779588962,8.877874595783,
    12.919872076569));
#4404 = CARTESIAN_POINT('',(0.484281525602,10.09827899459,
    13.174417531137));
#4405 = CARTESIAN_POINT('',(-4.461930776377,7.861252292785,
    13.428962985677));
#4406 = CARTESIAN_POINT('',(-6.918886022933,3.90820694167,
    13.683508440223));
#4407 = CARTESIAN_POINT('',(-6.899999999901,-3.306384189614E-02,
    13.938053894768));
#4408 = CARTESIAN_POINT('',(-6.15,-5.156027018326E-03,11.570166326745));
#4409 = CARTESIAN_POINT('',(-6.147054884143,-3.518027803556,
    11.824711781775));
#4410 = CARTESIAN_POINT('',(-3.937382133081,-7.028969963557,
    12.079257234494));
#4411 = CARTESIAN_POINT('',(0.48230518881,-8.997966812708,
    12.333802693733));
#4412 = CARTESIAN_POINT('',(5.87867482105,-7.879827374282,
    12.588348139578));
#4413 = CARTESIAN_POINT('',(9.899168451142,-3.243380257255,
    12.842893606335));
#4414 = CARTESIAN_POINT('',(9.89371617108,3.259974183722,13.097439047369
    ));
#4415 = CARTESIAN_POINT('',(5.865454018614,7.889673397947,
    13.351984513914));
#4416 = CARTESIAN_POINT('',(0.467217116716,8.998762871686,
    13.606529960035));
#4417 = CARTESIAN_POINT('',(-3.949162461578,7.022358055097,
    13.861075419077));
#4418 = CARTESIAN_POINT('',(-6.152945115835,3.507715749533,
    14.115620871884));
#4419 = CARTESIAN_POINT('',(-6.149999999985,-5.156027008803E-03,
    14.37016632689));
#4420 = DEFINITIONAL_REPRESENTATION('',(#4421),#4424);
#4421 = B_SPLINE_CURVE_WITH_KNOTS('',1,(#4422,#4423),.UNSPECIFIED.,.F.,
  .F.,(2,2),(-0.866025403784,-0.),.PIECEWISE_BEZIER_KNOTS.);
#4422 = CARTESIAN_POINT('',(-0.866025403784,0.));
#4423 = CARTESIAN_POINT('',(0.,0.));
#4424 = ( GEOMETRIC_REPRESENTATION_CONTEXT(2) 
PARAMETRIC_REPRESENTATION_CONTEXT() REPRESENTATION_CONTEXT('2D SPACE',''
  ) );
#4425 = ORIENTED_EDGE('',*,*,#4426,.F.);
#4426 = EDGE_CURVE('',#3134,#4379,#4427,.T.);
#4427 = SURFACE_CURVE('',#4428,(#4473,#4521),.PCURVE_S1.);
#4428 = B_SPLINE_CURVE_WITH_KNOTS('',8,(#4429,#4430,#4431,#4432,#4433,
    #4434,#4435,#4436,#4437,#4438,#4439,#4440,#4441,#4442,#4443,#4444,
    #4445,#4446,#4447,#4448,#4449,#4450,#4451,#4452,#4453,#4454,#4455,
    #4456,#4457,#4458,#4459,#4460,#4461,#4462,#4463,#4464,#4465,#4466,
    #4467,#4468,#4469,#4470,#4471,#4472),.UNSPECIFIED.,.F.,.F.,(9,7,7,7,
    7,7,9),(0.,0.252734319251,0.46439805429,0.567418908974,
    0.736687010634,0.909325144295,1.),.UNSPECIFIED.);
#4429 = CARTESIAN_POINT('',(6.9,-1.401656568589E-15,9.735960002586));
#4430 = CARTESIAN_POINT('',(6.9,0.685786456707,9.780251202491));
#4431 = CARTESIAN_POINT('',(6.822102907788,1.372018826868,9.824571857817
    ));
#4432 = CARTESIAN_POINT('',(6.666132473042,2.047678993945,9.868877385187
    ));
#4433 = CARTESIAN_POINT('',(6.433989753438,2.702472256615,9.913171882171
    ));
#4434 = CARTESIAN_POINT('',(6.128930459608,3.326638322934,9.957466370834
    ));
#4435 = CARTESIAN_POINT('',(5.755645085717,3.911019528585,
    10.001771877296));
#4436 = CARTESIAN_POINT('',(5.32015373958,4.447051504271,10.046092562217
    ));
#4437 = CARTESIAN_POINT('',(4.420321852457,5.329223601165,
    10.127477588069));
#4438 = CARTESIAN_POINT('',(3.971814664045,5.69241406918,10.164582777025
    ));
#4439 = CARTESIAN_POINT('',(3.489415186719,6.012236880817,
    10.201681446005));
#4440 = CARTESIAN_POINT('',(2.978075598526,6.285075018877,
    10.238774528904));
#4441 = CARTESIAN_POINT('',(2.443094151576,6.508018257897,
    10.275867655761));
#4442 = CARTESIAN_POINT('',(1.890078384422,6.678809341139,
    10.312966424325));
#4443 = CARTESIAN_POINT('',(1.324963571392,6.795906180402,
    10.350071672371));
#4444 = CARTESIAN_POINT('',(0.476191762707,6.88922245658,10.405219443107
    ));
#4445 = CARTESIAN_POINT('',(0.196902718549,6.906907045913,
    10.423274017888));
#4446 = CARTESIAN_POINT('',(-8.310356356466E-02,6.911648444981,
    10.441328502426));
#4447 = CARTESIAN_POINT('',(-0.363126571831,6.903416318385,
    10.459382842398));
#4448 = CARTESIAN_POINT('',(-0.642467899131,6.882225319203,
    10.47743720015));
#4449 = CARTESIAN_POINT('',(-0.920431478364,6.84813415804,
    10.495491736216));
#4450 = CARTESIAN_POINT('',(-1.196323909474,6.801246488226,
    10.513546391922));
#4451 = CARTESIAN_POINT('',(-1.91822188478,6.643898288174,
    10.561264704823));
#4452 = CARTESIAN_POINT('',(-2.359607238251,6.51192981829,
    10.590932493108));
#4453 = CARTESIAN_POINT('',(-2.790488218154,6.346473109069,
    10.620598361051));
#4454 = CARTESIAN_POINT('',(-3.207907373576,6.148531567166,
    10.650261827844));
#4455 = CARTESIAN_POINT('',(-3.609052983858,5.919398794114,
    10.679925108135));
#4456 = CARTESIAN_POINT('',(-3.991255516791,5.660640937931,
    10.709590538292));
#4457 = CARTESIAN_POINT('',(-4.352000084256,5.374109696517,
    10.739257929549));
#4458 = CARTESIAN_POINT('',(-5.032618285773,4.743648042741,
    10.799176358336));
#4459 = CARTESIAN_POINT('',(-5.351631214328,4.398599470953,
    10.829435578932));
#4460 = CARTESIAN_POINT('',(-5.643494096208,4.029132113188,
    10.859693445619));
#4461 = CARTESIAN_POINT('',(-5.906049978211,3.637762201491,
    10.889949683768));
#4462 = CARTESIAN_POINT('',(-6.137437923168,3.227194866787,
    10.920206508455));
#4463 = CARTESIAN_POINT('',(-6.336079432806,2.800309105119,
    10.950465674039));
#4464 = CARTESIAN_POINT('',(-6.500697909034,2.360163187628,
    10.98072587318));
#4465 = CARTESIAN_POINT('',(-6.698479528628,1.6735917422,11.026871137811
    ));
#4466 = CARTESIAN_POINT('',(-6.756953411045,1.434384711771,
    11.042761601291));
#4467 = CARTESIAN_POINT('',(-6.805659980187,1.192861244287,
    11.058651594384));
#4468 = CARTESIAN_POINT('',(-6.84449333974,0.949487274141,
    11.074541075535));
#4469 = CARTESIAN_POINT('',(-6.873374547881,0.704732671895,
    11.090430208813));
#4470 = CARTESIAN_POINT('',(-6.892251647376,0.459071067357,
    11.106319329734));
#4471 = CARTESIAN_POINT('',(-6.901099695672,0.212979672662,
    11.12220891107));
#4472 = CARTESIAN_POINT('',(-6.899920794998,-3.306089464844E-02,
    11.138099528665));
#4473 = PCURVE('',#3203,#4474);
#4474 = DEFINITIONAL_REPRESENTATION('',(#4475),#4520);
#4475 = B_SPLINE_CURVE_WITH_KNOTS('',8,(#4476,#4477,#4478,#4479,#4480,
    #4481,#4482,#4483,#4484,#4485,#4486,#4487,#4488,#4489,#4490,#4491,
    #4492,#4493,#4494,#4495,#4496,#4497,#4498,#4499,#4500,#4501,#4502,
    #4503,#4504,#4505,#4506,#4507,#4508,#4509,#4510,#4511,#4512,#4513,
    #4514,#4515,#4516,#4517,#4518,#4519),.UNSPECIFIED.,.F.,.F.,(9,7,7,7,
    7,7,9),(0.,0.252734319251,0.46439805429,0.567418908974,
    0.736687010634,0.909325144295,1.),.UNSPECIFIED.);
#4476 = CARTESIAN_POINT('',(-0.865942520177,3.434173472613));
#4477 = CARTESIAN_POINT('',(-0.865942578572,3.542984975007));
#4478 = CARTESIAN_POINT('',(-0.865941255319,3.65186714432));
#4479 = CARTESIAN_POINT('',(-0.865938522787,3.760710432908));
#4480 = CARTESIAN_POINT('',(-0.86593488893,3.869525497948));
#4481 = CARTESIAN_POINT('',(-0.865931366065,3.978340698881));
#4482 = CARTESIAN_POINT('',(-0.865928913866,4.08718426707));
#4483 = CARTESIAN_POINT('',(-0.865927773813,4.196066737879));
#4484 = CARTESIAN_POINT('',(-0.865927741787,4.396007570138));
#4485 = CARTESIAN_POINT('',(-0.865928513914,4.48716587315));
#4486 = CARTESIAN_POINT('',(-0.865929958164,4.578308982248));
#4487 = CARTESIAN_POINT('',(-0.865931734549,4.669438774997));
#4488 = CARTESIAN_POINT('',(-0.86593332932,4.760568453117));
#4489 = CARTESIAN_POINT('',(-0.865934349178,4.851711286643));
#4490 = CARTESIAN_POINT('',(-0.865934755065,4.94286928588));
#4491 = CARTESIAN_POINT('',(-0.865934721557,5.078352317127));
#4492 = CARTESIAN_POINT('',(-0.865934609197,5.122707358726));
#4493 = CARTESIAN_POINT('',(-0.865934416642,5.16706208032));
#4494 = CARTESIAN_POINT('',(-0.865934178764,5.211416391196));
#4495 = CARTESIAN_POINT('',(-0.865933939957,5.255770744616));
#4496 = CARTESIAN_POINT('',(-0.865933748059,5.300125593606));
#4497 = CARTESIAN_POINT('',(-0.865933646369,5.344480847095));
#4498 = CARTESIAN_POINT('',(-0.865933692285,5.461711818638));
#4499 = CARTESIAN_POINT('',(-0.865934044488,5.534597936448));
#4500 = CARTESIAN_POINT('',(-0.865934840081,5.607479880017));
#4501 = CARTESIAN_POINT('',(-0.865936130547,5.680356531231));
#4502 = CARTESIAN_POINT('',(-0.865937740231,5.753233115561));
#4503 = CARTESIAN_POINT('',(-0.86593925566,5.826114865989));
#4504 = CARTESIAN_POINT('',(-0.865940163073,5.899000688994));
#4505 = CARTESIAN_POINT('',(-0.865940104662,6.046203898909));
#4506 = CARTESIAN_POINT('',(-0.865939073785,6.120541309645));
#4507 = CARTESIAN_POINT('',(-0.865936821476,6.19487389695));
#4508 = CARTESIAN_POINT('',(-0.865932998942,6.269200558583));
#4509 = CARTESIAN_POINT('',(-0.865928025113,6.343527249911));
#4510 = CARTESIAN_POINT('',(-0.86592325594,6.417859943055));
#4511 = CARTESIAN_POINT('',(-0.865920426532,6.492197553155));
#4512 = CARTESIAN_POINT('',(-0.865920334399,6.605563803748));
#4513 = CARTESIAN_POINT('',(-0.865921069169,6.644603250947));
#4514 = CARTESIAN_POINT('',(-0.865922633664,6.683642559621));
#4515 = CARTESIAN_POINT('',(-0.865925054629,6.722681660458));
#4516 = CARTESIAN_POINT('',(-0.865928168479,6.761720756015));
#4517 = CARTESIAN_POINT('',(-0.865931467458,6.800760048146));
#4518 = CARTESIAN_POINT('',(-0.865933945791,6.839799465434));
#4519 = CARTESIAN_POINT('',(-0.865933945842,6.878838390627));
#4520 = ( GEOMETRIC_REPRESENTATION_CONTEXT(2) 
PARAMETRIC_REPRESENTATION_CONTEXT() REPRESENTATION_CONTEXT('2D SPACE',''
  ) );
#4521 = PCURVE('',#3149,#4522);
#4522 = DEFINITIONAL_REPRESENTATION('',(#4523),#4568);
#4523 = B_SPLINE_CURVE_WITH_KNOTS('',8,(#4524,#4525,#4526,#4527,#4528,
    #4529,#4530,#4531,#4532,#4533,#4534,#4535,#4536,#4537,#4538,#4539,
    #4540,#4541,#4542,#4543,#4544,#4545,#4546,#4547,#4548,#4549,#4550,
    #4551,#4552,#4553,#4554,#4555,#4556,#4557,#4558,#4559,#4560,#4561,
    #4562,#4563,#4564,#4565,#4566,#4567),.UNSPECIFIED.,.F.,.F.,(9,7,7,7,
    7,7,9),(0.,0.252734319251,0.46439805429,0.567418908974,
    0.736687010634,0.909325144295,1.),.UNSPECIFIED.);
#4524 = CARTESIAN_POINT('',(0.,3.735960002586));
#4525 = CARTESIAN_POINT('',(9.938934155172E-02,3.780251202491));
#4526 = CARTESIAN_POINT('',(0.198843227264,3.824571857817));
#4527 = CARTESIAN_POINT('',(0.298261539875,3.868877385187));
#4528 = CARTESIAN_POINT('',(0.397653959487,3.91317188217));
#4529 = CARTESIAN_POINT('',(0.497046382168,3.957466370834));
#4530 = CARTESIAN_POINT('',(0.596464684747,4.001771877296));
#4531 = CARTESIAN_POINT('',(0.695918588756,4.046092562217));
#4532 = CARTESIAN_POINT('',(0.878545976437,4.127477588069));
#4533 = CARTESIAN_POINT('',(0.961810710452,4.164582777025));
#4534 = CARTESIAN_POINT('',(1.04506168631,4.201681446005));
#4535 = CARTESIAN_POINT('',(1.128300634815,4.238774528904));
#4536 = CARTESIAN_POINT('',(1.211539582989,4.275867655761));
#4537 = CARTESIAN_POINT('',(1.294790576515,4.312966424325));
#4538 = CARTESIAN_POINT('',(1.378055361717,4.350071672371));
#4539 = CARTESIAN_POINT('',(1.501806973709,4.405219443107));
#4540 = CARTESIAN_POINT('',(1.542321302452,4.423274017888));
#4541 = CARTESIAN_POINT('',(1.582835303808,4.441328502426));
#4542 = CARTESIAN_POINT('',(1.623348889522,4.459382842398));
#4543 = CARTESIAN_POINT('',(1.663862470799,4.47743720015));
#4544 = CARTESIAN_POINT('',(1.704376461862,4.495491736216));
#4545 = CARTESIAN_POINT('',(1.744890783365,4.513546391922));
#4546 = CARTESIAN_POINT('',(1.85197008358,4.561264704823));
#4547 = CARTESIAN_POINT('',(1.91854450741,4.590932493108));
#4548 = CARTESIAN_POINT('',(1.985115060207,4.620598361051));
#4549 = CARTESIAN_POINT('',(2.051680776683,4.650261827844));
#4550 = CARTESIAN_POINT('',(2.118246496663,4.679925108135));
#4551 = CARTESIAN_POINT('',(2.184817059107,4.709590538292));
#4552 = CARTESIAN_POINT('',(2.251391496622,4.739257929549));
#4553 = CARTESIAN_POINT('',(2.385848250387,4.799176358336));
#4554 = CARTESIAN_POINT('',(2.453748861415,4.829435578932));
#4555 = CARTESIAN_POINT('',(2.521645199894,4.859693445619));
#4556 = CARTESIAN_POINT('',(2.589536192923,4.889949683768));
#4557 = CARTESIAN_POINT('',(2.657427173751,4.920206508455));
#4558 = CARTESIAN_POINT('',(2.725323486971,4.950465674039));
#4559 = CARTESIAN_POINT('',(2.793224083511,4.98072587318));
#4560 = CARTESIAN_POINT('',(2.896773557518,5.026871137811));
#4561 = CARTESIAN_POINT('',(2.932432406611,5.042761601291));
#4562 = CARTESIAN_POINT('',(2.968091095678,5.058651594384));
#4563 = CARTESIAN_POINT('',(3.003749580177,5.074541075535));
#4564 = CARTESIAN_POINT('',(3.039408070684,5.090430208813));
#4565 = CARTESIAN_POINT('',(3.07506677552,5.106319329734));
#4566 = CARTESIAN_POINT('',(3.110725643374,5.12220891107));
#4567 = CARTESIAN_POINT('',(3.14638410593,5.138099528665));
#4568 = ( GEOMETRIC_REPRESENTATION_CONTEXT(2) 
PARAMETRIC_REPRESENTATION_CONTEXT() REPRESENTATION_CONTEXT('2D SPACE',''
  ) );
#4569 = ORIENTED_EDGE('',*,*,#3161,.F.);
#4570 = ORIENTED_EDGE('',*,*,#4307,.F.);
#4571 = ORIENTED_EDGE('',*,*,#4572,.T.);
#4572 = EDGE_CURVE('',#4247,#4381,#4573,.T.);
#4573 = SURFACE_CURVE('',#4574,(#4587,#4594),.PCURVE_S1.);
#4574 = B_SPLINE_CURVE_WITH_KNOTS('',11,(#4575,#4576,#4577,#4578,#4579,
    #4580,#4581,#4582,#4583,#4584,#4585,#4586),.UNSPECIFIED.,.F.,.F.,(12
    ,12),(0.,6.878838390627),.PIECEWISE_BEZIER_KNOTS.);
#4575 = CARTESIAN_POINT('',(-6.15,-5.156027018323E-03,8.770166326745));
#4576 = CARTESIAN_POINT('',(-6.147054884142,-3.518027803556,
    9.024711781776));
#4577 = CARTESIAN_POINT('',(-3.937382133084,-7.02896996356,
    9.279257234485));
#4578 = CARTESIAN_POINT('',(0.482305188818,-8.997966812697,
    9.533802693769));
#4579 = CARTESIAN_POINT('',(5.878674821034,-7.879827374307,9.78834813948
    ));
#4580 = CARTESIAN_POINT('',(9.899168451166,-3.243380257218,
    10.04289360651));
#4581 = CARTESIAN_POINT('',(9.893716171053,3.259974183681,
    10.297439047148));
#4582 = CARTESIAN_POINT('',(5.865454018638,7.889673397979,
    10.551984514114));
#4583 = CARTESIAN_POINT('',(0.4672171167,8.998762871669,10.806529959907)
  );
#4584 = CARTESIAN_POINT('',(-3.94916246157,7.022358055103,
    11.061075419133));
#4585 = CARTESIAN_POINT('',(-6.152945115837,3.507715749532,
    11.315620871868));
#4586 = CARTESIAN_POINT('',(-6.149999999984,-5.156027008662E-03,
    11.570166326892));
#4587 = PCURVE('',#3203,#4588);
#4588 = DEFINITIONAL_REPRESENTATION('',(#4589),#4593);
#4589 = LINE('',#4590,#4591);
#4590 = CARTESIAN_POINT('',(-0.,0.));
#4591 = VECTOR('',#4592,1.);
#4592 = DIRECTION('',(0.,1.));
#4593 = ( GEOMETRIC_REPRESENTATION_CONTEXT(2) 
PARAMETRIC_REPRESENTATION_CONTEXT() REPRESENTATION_CONTEXT('2D SPACE',''
  ) );
#4594 = PCURVE('',#4272,#4595);
#4595 = DEFINITIONAL_REPRESENTATION('',(#4596),#4599);
#4596 = B_SPLINE_CURVE_WITH_KNOTS('',1,(#4597,#4598),.UNSPECIFIED.,.F.,
  .F.,(2,2),(0.,6.878838390627),.PIECEWISE_BEZIER_KNOTS.);
#4597 = CARTESIAN_POINT('',(-0.16,0.));
#4598 = CARTESIAN_POINT('',(-0.16,6.878838390627));
#4599 = ( GEOMETRIC_REPRESENTATION_CONTEXT(2) 
PARAMETRIC_REPRESENTATION_CONTEXT() REPRESENTATION_CONTEXT('2D SPACE',''
  ) );
#4600 = ADVANCED_FACE('',(#4601),#3149,.T.);
#4601 = FACE_BOUND('',#4602,.T.);
#4602 = EDGE_LOOP('',(#4603,#4604,#4624,#4652,#4796,#4797));
#4603 = ORIENTED_EDGE('',*,*,#3538,.T.);
#4604 = ORIENTED_EDGE('',*,*,#4605,.T.);
#4605 = EDGE_CURVE('',#3539,#4606,#4608,.T.);
#4606 = VERTEX_POINT('',#4607);
#4607 = CARTESIAN_POINT('',(6.9,-1.690012582823E-15,12.164035695141));
#4608 = SURFACE_CURVE('',#4609,(#4612,#4618),.PCURVE_S1.);
#4609 = B_SPLINE_CURVE_WITH_KNOTS('',1,(#4610,#4611),.UNSPECIFIED.,.F.,
  .F.,(2,2),(0.,1.),.PIECEWISE_BEZIER_KNOTS.);
#4610 = CARTESIAN_POINT('',(6.899920794998,-3.306089464484E-02,
    12.161900471277));
#4611 = CARTESIAN_POINT('',(6.9,-1.151856388049E-15,12.164035695141));
#4612 = PCURVE('',#3149,#4613);
#4613 = DEFINITIONAL_REPRESENTATION('',(#4614),#4617);
#4614 = B_SPLINE_CURVE_WITH_KNOTS('',1,(#4615,#4616),.UNSPECIFIED.,.F.,
  .F.,(2,2),(0.,1.),.PIECEWISE_BEZIER_KNOTS.);
#4615 = CARTESIAN_POINT('',(6.278393854839,6.161900471277));
#4616 = CARTESIAN_POINT('',(6.28318530718,6.164035695141));
#4617 = ( GEOMETRIC_REPRESENTATION_CONTEXT(2) 
PARAMETRIC_REPRESENTATION_CONTEXT() REPRESENTATION_CONTEXT('2D SPACE',''
  ) );
#4618 = PCURVE('',#3823,#4619);
#4619 = DEFINITIONAL_REPRESENTATION('',(#4620),#4623);
#4620 = B_SPLINE_CURVE_WITH_KNOTS('',1,(#4621,#4622),.UNSPECIFIED.,.F.,
  .F.,(2,2),(0.,1.),.PIECEWISE_BEZIER_KNOTS.);
#4621 = CARTESIAN_POINT('',(-9.14580584994E-05,0.));
#4622 = CARTESIAN_POINT('',(-9.148309222747E-05,5.245688096578E-03));
#4623 = ( GEOMETRIC_REPRESENTATION_CONTEXT(2) 
PARAMETRIC_REPRESENTATION_CONTEXT() REPRESENTATION_CONTEXT('2D SPACE',''
  ) );
#4624 = ORIENTED_EDGE('',*,*,#4625,.T.);
#4625 = EDGE_CURVE('',#4606,#4626,#4628,.T.);
#4626 = VERTEX_POINT('',#4627);
#4627 = CARTESIAN_POINT('',(6.9,-1.690012582823E-15,12.535960002586));
#4628 = SURFACE_CURVE('',#4629,(#4633,#4640),.PCURVE_S1.);
#4629 = LINE('',#4630,#4631);
#4630 = CARTESIAN_POINT('',(6.9,-1.690012582823E-15,6.));
#4631 = VECTOR('',#4632,1.);
#4632 = DIRECTION('',(0.,0.,1.));
#4633 = PCURVE('',#3149,#4634);
#4634 = DEFINITIONAL_REPRESENTATION('',(#4635),#4639);
#4635 = LINE('',#4636,#4637);
#4636 = CARTESIAN_POINT('',(6.28318530718,-0.));
#4637 = VECTOR('',#4638,1.);
#4638 = DIRECTION('',(0.,1.));
#4639 = ( GEOMETRIC_REPRESENTATION_CONTEXT(2) 
PARAMETRIC_REPRESENTATION_CONTEXT() REPRESENTATION_CONTEXT('2D SPACE',''
  ) );
#4640 = PCURVE('',#4641,#4646);
#4641 = CYLINDRICAL_SURFACE('',#4642,6.9);
#4642 = AXIS2_PLACEMENT_3D('',#4643,#4644,#4645);
#4643 = CARTESIAN_POINT('',(0.,0.,6.));
#4644 = DIRECTION('',(0.,0.,1.));
#4645 = DIRECTION('',(1.,0.,0.));
#4646 = DEFINITIONAL_REPRESENTATION('',(#4647),#4651);
#4647 = LINE('',#4648,#4649);
#4648 = CARTESIAN_POINT('',(0.,-0.));
#4649 = VECTOR('',#4650,1.);
#4650 = DIRECTION('',(0.,1.));
#4651 = ( GEOMETRIC_REPRESENTATION_CONTEXT(2) 
PARAMETRIC_REPRESENTATION_CONTEXT() REPRESENTATION_CONTEXT('2D SPACE',''
  ) );
#4652 = ORIENTED_EDGE('',*,*,#4653,.F.);
#4653 = EDGE_CURVE('',#4379,#4626,#4654,.T.);
#4654 = SURFACE_CURVE('',#4655,(#4700,#4748),.PCURVE_S1.);
#4655 = B_SPLINE_CURVE_WITH_KNOTS('',8,(#4656,#4657,#4658,#4659,#4660,
    #4661,#4662,#4663,#4664,#4665,#4666,#4667,#4668,#4669,#4670,#4671,
    #4672,#4673,#4674,#4675,#4676,#4677,#4678,#4679,#4680,#4681,#4682,
    #4683,#4684,#4685,#4686,#4687,#4688,#4689,#4690,#4691,#4692,#4693,
    #4694,#4695,#4696,#4697,#4698,#4699),.UNSPECIFIED.,.F.,.F.,(9,7,7,7,
    7,7,9),(0.,8.948691778871E-02,0.266682880925,0.43542288414,
    0.540477462732,0.751077530914,1.),.UNSPECIFIED.);
#4656 = CARTESIAN_POINT('',(-6.899920794998,-3.306089464484E-02,
    11.138099528723));
#4657 = CARTESIAN_POINT('',(-6.898760876892,-0.275139735661,
    11.153734276815));
#4658 = CARTESIAN_POINT('',(-6.887894306331,-0.517174364759,
    11.169370399221));
#4659 = CARTESIAN_POINT('',(-6.867323487353,-0.758707303017,
    11.18500688124));
#4660 = CARTESIAN_POINT('',(-6.837076117309,-0.999284387575,
    11.200643216497));
#4661 = CARTESIAN_POINT('',(-6.797205165159,-1.238454952143,
    11.216279234112));
#4662 = CARTESIAN_POINT('',(-6.74778884975,-1.47577200751,
    11.231914925872));
#4663 = CARTESIAN_POINT('',(-6.688930618114,-1.710792422056,
    11.24755027341));
#4664 = CARTESIAN_POINT('',(-6.485770525396,-2.403031569887,
    11.294144056419));
#4665 = CARTESIAN_POINT('',(-6.314241966791,-2.852340679335,
    11.325106272893));
#4666 = CARTESIAN_POINT('',(-6.107179078004,-3.287507701786,
    11.356065218087));
#4667 = CARTESIAN_POINT('',(-5.865976246171,-3.705265585807,
    11.387021328093));
#4668 = CARTESIAN_POINT('',(-5.592356450963,-4.102547194043,
    11.417978052251));
#4669 = CARTESIAN_POINT('',(-5.288348972655,-4.476479032216,
    11.448938323496));
#4670 = CARTESIAN_POINT('',(-4.956304972776,-4.824398470449,
    11.479901428562));
#4671 = CARTESIAN_POINT('',(-4.258650195974,-5.448143790962,
    11.540341741854));
#4672 = CARTESIAN_POINT('',(-3.895301805144,-5.726703306741,
    11.569827476212));
#4673 = CARTESIAN_POINT('',(-3.511231530379,-5.977473764628,
    11.599311882288));
#4674 = CARTESIAN_POINT('',(-3.108938262287,-6.198679504998,
    11.628794276978));
#4675 = CARTESIAN_POINT('',(-2.691067245984,-6.388825913207,
    11.658276529738));
#4676 = CARTESIAN_POINT('',(-2.260398274929,-6.546686684575,
    11.687760625716));
#4677 = CARTESIAN_POINT('',(-1.819848859199,-6.671320889355,
    11.717246155237));
#4678 = CARTESIAN_POINT('',(-1.093976030939,-6.818649676921,
    11.765082442878));
#4679 = CARTESIAN_POINT('',(-0.812793184678,-6.862070406791,
    11.783437444201));
#4680 = CARTESIAN_POINT('',(-0.529671691168,-6.892233360802,
    11.801792225298));
#4681 = CARTESIAN_POINT('',(-0.245341855297,-6.909040921292,
    11.820146766564));
#4682 = CARTESIAN_POINT('',(3.946400555389E-02,-6.912443521622,
    11.83850129252));
#4683 = CARTESIAN_POINT('',(0.324011909959,-6.902438654365,
    11.856856027424));
#4684 = CARTESIAN_POINT('',(0.607566478687,-6.879071885504,
    11.875210951079));
#4685 = CARTESIAN_POINT('',(1.454357341116,-6.769004674645,
    11.930360531805));
#4686 = CARTESIAN_POINT('',(2.012569213685,-6.642233984644,
    11.967167103166));
#4687 = CARTESIAN_POINT('',(2.557885169704,-6.462870895704,
    12.003968069417));
#4688 = CARTESIAN_POINT('',(3.084541671981,-6.232526593151,
    12.040764150202));
#4689 = CARTESIAN_POINT('',(3.587104552071,-5.95349959356,
    12.077560348795));
#4690 = CARTESIAN_POINT('',(4.060450542157,-5.628716430086,
    12.114361602135));
#4691 = CARTESIAN_POINT('',(4.499803046615,-5.261782208064,
    12.151168459135));
#4692 = CARTESIAN_POINT('',(5.37486623681,-4.378842983915,
    12.231454113766));
#4693 = CARTESIAN_POINT('',(5.795827631414,-3.847397484553,
    12.274970488579));
#4694 = CARTESIAN_POINT('',(6.156292580237,-3.27007295864,
    12.318471882838));
#4695 = CARTESIAN_POINT('',(6.450646290285,-2.655032123412,
    12.361962094554));
#4696 = CARTESIAN_POINT('',(6.674523236755,-2.01098360449,
    12.405452189638));
#4697 = CARTESIAN_POINT('',(6.824893827967,-1.347185954061,
    12.448953321565));
#4698 = CARTESIAN_POINT('',(6.9,-0.673389171348,12.492469475598));
#4699 = CARTESIAN_POINT('',(6.9,-1.7763568394E-15,12.535960002586));
#4700 = PCURVE('',#3149,#4701);
#4701 = DEFINITIONAL_REPRESENTATION('',(#4702),#4747);
#4702 = B_SPLINE_CURVE_WITH_KNOTS('',8,(#4703,#4704,#4705,#4706,#4707,
    #4708,#4709,#4710,#4711,#4712,#4713,#4714,#4715,#4716,#4717,#4718,
    #4719,#4720,#4721,#4722,#4723,#4724,#4725,#4726,#4727,#4728,#4729,
    #4730,#4731,#4732,#4733,#4734,#4735,#4736,#4737,#4738,#4739,#4740,
    #4741,#4742,#4743,#4744,#4745,#4746),.UNSPECIFIED.,.F.,.F.,(9,7,7,7,
    7,7,9),(0.,8.948691778871E-02,0.266682880925,0.43542288414,
    0.540477462732,0.751077530914,1.),.UNSPECIFIED.);
#4703 = CARTESIAN_POINT('',(3.14638410593,5.138099528723));
#4704 = CARTESIAN_POINT('',(3.181468398664,5.153734276815));
#4705 = CARTESIAN_POINT('',(3.216553026122,5.169370399221));
#4706 = CARTESIAN_POINT('',(3.25163748929,5.18500688124));
#4707 = CARTESIAN_POINT('',(3.28672175624,5.200643216497));
#4708 = CARTESIAN_POINT('',(3.321806027631,5.216279234112));
#4709 = CARTESIAN_POINT('',(3.356890502215,5.231914925872));
#4710 = CARTESIAN_POINT('',(3.391975142339,5.24755027341));
#4711 = CARTESIAN_POINT('',(3.496530999891,5.294144056419));
#4712 = CARTESIAN_POINT('',(3.566013274995,5.325106272893));
#4713 = CARTESIAN_POINT('',(3.635490794326,5.356065218087));
#4714 = CARTESIAN_POINT('',(3.704962349332,5.387021328093));
#4715 = CARTESIAN_POINT('',(3.774433904721,5.417978052251));
#4716 = CARTESIAN_POINT('',(3.843911450049,5.448938323496));
#4717 = CARTESIAN_POINT('',(3.913393791533,5.479901428562));
#4718 = CARTESIAN_POINT('',(4.049021530914,5.540341741854));
#4719 = CARTESIAN_POINT('',(4.11518621429,5.569827476212));
#4720 = CARTESIAN_POINT('',(4.181347135454,5.599311882288));
#4721 = CARTESIAN_POINT('',(4.247503357606,5.628794276978));
#4722 = CARTESIAN_POINT('',(4.313659578135,5.658276529738));
#4723 = CARTESIAN_POINT('',(4.379820497271,5.687760625716));
#4724 = CARTESIAN_POINT('',(4.445985183135,5.717246155237));
#4725 = CARTESIAN_POINT('',(4.553329158942,5.765082442878));
#4726 = CARTESIAN_POINT('',(4.594517700643,5.783437444201));
#4727 = CARTESIAN_POINT('',(4.635705889395,5.801792225298));
#4728 = CARTESIAN_POINT('',(4.676893632715,5.820146766564));
#4729 = CARTESIAN_POINT('',(4.718081377652,5.83850129252));
#4730 = CARTESIAN_POINT('',(4.759269572309,5.856856027424));
#4731 = CARTESIAN_POINT('',(4.800458125794,5.875210951079));
#4732 = CARTESIAN_POINT('',(4.924213814985,5.930360531805));
#4733 = CARTESIAN_POINT('',(5.006807399534,5.967167103166));
#4734 = CARTESIAN_POINT('',(5.089387780684,6.003968069417));
#4735 = CARTESIAN_POINT('',(5.171956554142,6.040764150202));
#4736 = CARTESIAN_POINT('',(5.254525320394,6.077560348795));
#4737 = CARTESIAN_POINT('',(5.33710569196,6.114361602135));
#4738 = CARTESIAN_POINT('',(5.419699282014,6.151168459135));
#4739 = CARTESIAN_POINT('',(5.599859847776,6.231454113766));
#4740 = CARTESIAN_POINT('',(5.697511462071,6.274970488579));
#4741 = CARTESIAN_POINT('',(5.795130817134,6.318471882838));
#4742 = CARTESIAN_POINT('',(5.892726243484,6.361962094555));
#4743 = CARTESIAN_POINT('',(5.990321676694,6.405452189637));
#4744 = CARTESIAN_POINT('',(6.087941035017,6.448953321566));
#4745 = CARTESIAN_POINT('',(6.185592673651,6.492469475598));
#4746 = CARTESIAN_POINT('',(6.28318530718,6.535960002586));
#4747 = ( GEOMETRIC_REPRESENTATION_CONTEXT(2) 
PARAMETRIC_REPRESENTATION_CONTEXT() REPRESENTATION_CONTEXT('2D SPACE',''
  ) );
#4748 = PCURVE('',#4395,#4749);
#4749 = DEFINITIONAL_REPRESENTATION('',(#4750),#4795);
#4750 = B_SPLINE_CURVE_WITH_KNOTS('',8,(#4751,#4752,#4753,#4754,#4755,
    #4756,#4757,#4758,#4759,#4760,#4761,#4762,#4763,#4764,#4765,#4766,
    #4767,#4768,#4769,#4770,#4771,#4772,#4773,#4774,#4775,#4776,#4777,
    #4778,#4779,#4780,#4781,#4782,#4783,#4784,#4785,#4786,#4787,#4788,
    #4789,#4790,#4791,#4792,#4793,#4794),.UNSPECIFIED.,.F.,.F.,(9,7,7,7,
    7,7,9),(0.,8.948691778871E-02,0.266682880925,0.43542288414,
    0.540477462732,0.751077530914,1.),.UNSPECIFIED.);
#4751 = CARTESIAN_POINT('',(-0.865933945726,0.));
#4752 = CARTESIAN_POINT('',(-0.865933945777,3.841032342215E-02));
#4753 = CARTESIAN_POINT('',(-0.86593154598,7.682108139868E-02));
#4754 = CARTESIAN_POINT('',(-0.865928326844,0.115231718495));
#4755 = CARTESIAN_POINT('',(-0.865925256057,0.153642176884));
#4756 = CARTESIAN_POINT('',(-0.865922831451,0.192052647008));
#4757 = CARTESIAN_POINT('',(-0.865921223976,0.230463318244));
#4758 = CARTESIAN_POINT('',(-0.865920420663,0.268874129568));
#4759 = CARTESIAN_POINT('',(-0.865920262513,0.383342186894));
#4760 = CARTESIAN_POINT('',(-0.865923095568,0.459411403732));
#4761 = CARTESIAN_POINT('',(-0.865928024484,0.535475153053));
#4762 = CARTESIAN_POINT('',(-0.865933165448,0.611532197016));
#4763 = CARTESIAN_POINT('',(-0.865937050369,0.687589210116));
#4764 = CARTESIAN_POINT('',(-0.865939255756,0.763652878652));
#4765 = CARTESIAN_POINT('',(-0.865940203242,0.839721967169));
#4766 = CARTESIAN_POINT('',(-0.865940063606,0.988207205793));
#4767 = CARTESIAN_POINT('',(-0.86593910035,1.060644454123));
#4768 = CARTESIAN_POINT('',(-0.865937578197,1.133077754123));
#4769 = CARTESIAN_POINT('',(-0.865935996273,1.20550603943));
#4770 = CARTESIAN_POINT('',(-0.865934747663,1.27793438463));
#4771 = CARTESIAN_POINT('',(-0.865933992192,1.350367862612));
#4772 = CARTESIAN_POINT('',(-0.865933670932,1.422805394678));
#4773 = CARTESIAN_POINT('',(-0.865933657114,1.540326124842));
#4774 = CARTESIAN_POINT('',(-0.86593377215,1.585419511485));
#4775 = CARTESIAN_POINT('',(-0.865933976198,1.630512466201));
#4776 = CARTESIAN_POINT('',(-0.86593422297,1.675604884092));
#4777 = CARTESIAN_POINT('',(-0.865934462063,1.720697254956));
#4778 = CARTESIAN_POINT('',(-0.865934647561,1.76579007345));
#4779 = CARTESIAN_POINT('',(-0.865934744392,1.810883246966));
#4780 = CARTESIAN_POINT('',(-0.865934708511,1.946370721957));
#4781 = CARTESIAN_POINT('',(-0.865934247047,2.036793890612));
#4782 = CARTESIAN_POINT('',(-0.865933184058,2.127202551683));
#4783 = CARTESIAN_POINT('',(-0.865931579989,2.21759854723));
#4784 = CARTESIAN_POINT('',(-0.865929828816,2.307994651879));
#4785 = CARTESIAN_POINT('',(-0.865928429158,2.398403605557));
#4786 = CARTESIAN_POINT('',(-0.865927704347,2.488827153137));
#4787 = CARTESIAN_POINT('',(-0.865927822224,2.686067313091));
#4788 = CARTESIAN_POINT('',(-0.86592897559,2.792976621744));
#4789 = CARTESIAN_POINT('',(-0.865931380899,2.899850670568));
#4790 = CARTESIAN_POINT('',(-0.865934811647,3.006698480735));
#4791 = CARTESIAN_POINT('',(-0.865938350238,3.113546172986));
#4792 = CARTESIAN_POINT('',(-0.865941075368,3.220419946607));
#4793 = CARTESIAN_POINT('',(-0.865942462568,3.327329007086));
#4794 = CARTESIAN_POINT('',(-0.865942519907,3.434173472614));
#4795 = ( GEOMETRIC_REPRESENTATION_CONTEXT(2) 
PARAMETRIC_REPRESENTATION_CONTEXT() REPRESENTATION_CONTEXT('2D SPACE',''
  ) );
#4796 = ORIENTED_EDGE('',*,*,#4426,.F.);
#4797 = ORIENTED_EDGE('',*,*,#3133,.F.);
#4798 = ADVANCED_FACE('',(#4799),#3380,.F.);
#4799 = FACE_BOUND('',#4800,.F.);
#4800 = EDGE_LOOP('',(#4801,#4832,#4833,#4834));
#4801 = ORIENTED_EDGE('',*,*,#4802,.F.);
#4802 = EDGE_CURVE('',#3922,#4803,#4805,.T.);
#4803 = VERTEX_POINT('',#4804);
#4804 = CARTESIAN_POINT('',(6.149999999984,5.156027008667E-03,
    11.570166326892));
#4805 = SURFACE_CURVE('',#4806,(#4819,#4825),.PCURVE_S1.);
#4806 = B_SPLINE_CURVE_WITH_KNOTS('',11,(#4807,#4808,#4809,#4810,#4811,
    #4812,#4813,#4814,#4815,#4816,#4817,#4818),.UNSPECIFIED.,.F.,.F.,(12
    ,12),(0.,6.878838390627),.PIECEWISE_BEZIER_KNOTS.);
#4807 = CARTESIAN_POINT('',(6.15,5.156027018322E-03,8.770166326745));
#4808 = CARTESIAN_POINT('',(6.147054884142,3.518027803556,9.024711781776
    ));
#4809 = CARTESIAN_POINT('',(3.937382133084,7.028969963559,9.279257234484
    ));
#4810 = CARTESIAN_POINT('',(-0.482305188818,8.997966812698,
    9.533802693771));
#4811 = CARTESIAN_POINT('',(-5.878674821034,7.879827374306,
    9.788348139477));
#4812 = CARTESIAN_POINT('',(-9.899168451165,3.243380257219,
    10.042893606515));
#4813 = CARTESIAN_POINT('',(-9.893716171053,-3.259974183683,
    10.297439047143));
#4814 = CARTESIAN_POINT('',(-5.865454018637,-7.889673397977,
    10.551984514117));
#4815 = CARTESIAN_POINT('',(-0.4672171167,-8.99876287167,10.806529959905
    ));
#4816 = CARTESIAN_POINT('',(3.94916246157,-7.022358055103,
    11.061075419134));
#4817 = CARTESIAN_POINT('',(6.152945115837,-3.507715749532,
    11.315620871868));
#4818 = CARTESIAN_POINT('',(6.149999999984,5.156027008664E-03,
    11.570166326892));
#4819 = PCURVE('',#3380,#4820);
#4820 = DEFINITIONAL_REPRESENTATION('',(#4821),#4824);
#4821 = B_SPLINE_CURVE_WITH_KNOTS('',1,(#4822,#4823),.UNSPECIFIED.,.F.,
  .F.,(2,2),(0.,6.878838390627),.PIECEWISE_BEZIER_KNOTS.);
#4822 = CARTESIAN_POINT('',(-0.16,0.));
#4823 = CARTESIAN_POINT('',(-0.16,6.878838390627));
#4824 = ( GEOMETRIC_REPRESENTATION_CONTEXT(2) 
PARAMETRIC_REPRESENTATION_CONTEXT() REPRESENTATION_CONTEXT('2D SPACE',''
  ) );
#4825 = PCURVE('',#4005,#4826);
#4826 = DEFINITIONAL_REPRESENTATION('',(#4827),#4831);
#4827 = LINE('',#4828,#4829);
#4828 = CARTESIAN_POINT('',(-0.,0.));
#4829 = VECTOR('',#4830,1.);
#4830 = DIRECTION('',(0.,1.));
#4831 = ( GEOMETRIC_REPRESENTATION_CONTEXT(2) 
PARAMETRIC_REPRESENTATION_CONTEXT() REPRESENTATION_CONTEXT('2D SPACE',''
  ) );
#4832 = ORIENTED_EDGE('',*,*,#3921,.F.);
#4833 = ORIENTED_EDGE('',*,*,#3353,.T.);
#4834 = ORIENTED_EDGE('',*,*,#4835,.F.);
#4835 = EDGE_CURVE('',#4803,#3356,#4836,.T.);
#4836 = SURFACE_CURVE('',#4837,(#4840,#4847),.PCURVE_S1.);
#4837 = B_SPLINE_CURVE_WITH_KNOTS('',1,(#4838,#4839),.UNSPECIFIED.,.F.,
  .F.,(2,2),(-0.16,-0.),.PIECEWISE_BEZIER_KNOTS.);
#4838 = CARTESIAN_POINT('',(6.149999999984,5.156027008667E-03,
    11.570166326892));
#4839 = CARTESIAN_POINT('',(6.150000000016,-5.156027027969E-03,
    11.729833673402));
#4840 = PCURVE('',#3380,#4841);
#4841 = DEFINITIONAL_REPRESENTATION('',(#4842),#4846);
#4842 = LINE('',#4843,#4844);
#4843 = CARTESIAN_POINT('',(0.,6.878838390627));
#4844 = VECTOR('',#4845,1.);
#4845 = DIRECTION('',(1.,0.));
#4846 = ( GEOMETRIC_REPRESENTATION_CONTEXT(2) 
PARAMETRIC_REPRESENTATION_CONTEXT() REPRESENTATION_CONTEXT('2D SPACE',''
  ) );
#4847 = PCURVE('',#4848,#4871);
#4848 = B_SPLINE_SURFACE_WITH_KNOTS('',1,10,(
    (#4849,#4850,#4851,#4852,#4853,#4854,#4855,#4856,#4857,#4858,#4859)
    ,(#4860,#4861,#4862,#4863,#4864,#4865,#4866,#4867,#4868,#4869,#4870
    )),.UNSPECIFIED.,.F.,.F.,.F.,(2,2),(11,11),(-0.16,-0.),(0.,
    6.878838390627),.PIECEWISE_BEZIER_KNOTS.);
#4849 = CARTESIAN_POINT('',(6.15,5.156027018319E-03,11.570166326745));
#4850 = CARTESIAN_POINT('',(6.146760372556,3.869314981211,11.85016632728
    ));
#4851 = CARTESIAN_POINT('',(3.446406503715,7.734320495961,
    12.130166325451));
#4852 = CARTESIAN_POINT('',(-1.955556554573,9.453325417521,
    12.410166329118));
#4853 = CARTESIAN_POINT('',(-8.120501027427,7.033567818058,
    12.690166324778));
#4854 = CARTESIAN_POINT('',(-11.38131212598,-9.541845980056E-03,
    12.970166327033));
#4855 = CARTESIAN_POINT('',(-8.108696039096,-7.047174025932,
    13.250166328498));
#4856 = CARTESIAN_POINT('',(-1.939702888081,-9.456591118822,
    13.530166324739));
#4857 = CARTESIAN_POINT('',(3.459370223096,-7.728530842073,
    13.810166328095));
#4858 = CARTESIAN_POINT('',(6.15323962742,-3.859002927187,
    14.090166326382));
#4859 = CARTESIAN_POINT('',(6.149999999985,5.156027008807E-03,
    14.37016632689));
#4860 = CARTESIAN_POINT('',(6.15,-5.156027018315E-03,11.729833673255));
#4861 = CARTESIAN_POINT('',(6.153239627445,3.859002927184,
    12.009833673791));
#4862 = CARTESIAN_POINT('',(3.459370223107,7.728530842101,
    12.289833671958));
#4863 = CARTESIAN_POINT('',(-1.939702888047,9.456591118816,
    12.569833675636));
#4864 = CARTESIAN_POINT('',(-8.108696039145,7.047174026019,
    12.849833671275));
#4865 = CARTESIAN_POINT('',(-11.38131212597,9.541845931924E-03,
    13.129833673558));
#4866 = CARTESIAN_POINT('',(-8.120501027494,-7.033567818008,
    13.409833674996));
#4867 = CARTESIAN_POINT('',(-1.955556554572,-9.453325417575,
    13.689833671256));
#4868 = CARTESIAN_POINT('',(3.446406503703,-7.734320495974,
    13.969833674603));
#4869 = CARTESIAN_POINT('',(6.146760372568,-3.869314981234,
    14.249833672893));
#4870 = CARTESIAN_POINT('',(6.150000000016,-5.156027027802E-03,
    14.5298336734));
#4871 = DEFINITIONAL_REPRESENTATION('',(#4872),#4875);
#4872 = B_SPLINE_CURVE_WITH_KNOTS('',1,(#4873,#4874),.UNSPECIFIED.,.F.,
  .F.,(2,2),(-0.16,-0.),.PIECEWISE_BEZIER_KNOTS.);
#4873 = CARTESIAN_POINT('',(-0.16,0.));
#4874 = CARTESIAN_POINT('',(0.,0.));
#4875 = ( GEOMETRIC_REPRESENTATION_CONTEXT(2) 
PARAMETRIC_REPRESENTATION_CONTEXT() REPRESENTATION_CONTEXT('2D SPACE',''
  ) );
#4876 = ADVANCED_FACE('',(#4877),#3823,.F.);
#4877 = FACE_BOUND('',#4878,.F.);
#4878 = EDGE_LOOP('',(#4879,#4910,#4911,#4912,#5184));
#4879 = ORIENTED_EDGE('',*,*,#4880,.F.);
#4880 = EDGE_CURVE('',#3356,#4881,#4883,.T.);
#4881 = VERTEX_POINT('',#4882);
#4882 = CARTESIAN_POINT('',(6.150000000016,-5.156027027802E-03,
    14.5298336734));
#4883 = SURFACE_CURVE('',#4884,(#4897,#4904),.PCURVE_S1.);
#4884 = B_SPLINE_CURVE_WITH_KNOTS('',11,(#4885,#4886,#4887,#4888,#4889,
    #4890,#4891,#4892,#4893,#4894,#4895,#4896),.UNSPECIFIED.,.F.,.F.,(12
    ,12),(0.,6.878838390627),.PIECEWISE_BEZIER_KNOTS.);
#4885 = CARTESIAN_POINT('',(6.15,-5.156027018322E-03,11.729833673255));
#4886 = CARTESIAN_POINT('',(6.15294511586,3.507715749529,11.984379128286
    ));
#4887 = CARTESIAN_POINT('',(3.949162461587,7.022358055121,
    12.238924581001));
#4888 = CARTESIAN_POINT('',(-0.467217116676,8.998762871686,
    12.493470040247));
#4889 = CARTESIAN_POINT('',(-5.865454018654,7.889673398004,
    12.748015486083));
#4890 = CARTESIAN_POINT('',(-9.893716171063,3.259974183732,
    13.002560952847));
#4891 = CARTESIAN_POINT('',(-9.899168451196,-3.243380257256,
    13.257106393882));
#4892 = CARTESIAN_POINT('',(-5.87867482107,-7.87982737427,
    13.511651860418));
#4893 = CARTESIAN_POINT('',(-0.482305188824,-8.997966812752,
    13.76619730655));
#4894 = CARTESIAN_POINT('',(3.937382133077,-7.02896996357,
    14.020742765584));
#4895 = CARTESIAN_POINT('',(6.147054884154,-3.518027803578,
    14.275288218395));
#4896 = CARTESIAN_POINT('',(6.150000000016,-5.156027027798E-03,
    14.5298336734));
#4897 = PCURVE('',#3823,#4898);
#4898 = DEFINITIONAL_REPRESENTATION('',(#4899),#4903);
#4899 = LINE('',#4900,#4901);
#4900 = CARTESIAN_POINT('',(-0.866025403784,0.));
#4901 = VECTOR('',#4902,1.);
#4902 = DIRECTION('',(0.,1.));
#4903 = ( GEOMETRIC_REPRESENTATION_CONTEXT(2) 
PARAMETRIC_REPRESENTATION_CONTEXT() REPRESENTATION_CONTEXT('2D SPACE',''
  ) );
#4904 = PCURVE('',#4848,#4905);
#4905 = DEFINITIONAL_REPRESENTATION('',(#4906),#4909);
#4906 = B_SPLINE_CURVE_WITH_KNOTS('',1,(#4907,#4908),.UNSPECIFIED.,.F.,
  .F.,(2,2),(0.,6.878838390627),.PIECEWISE_BEZIER_KNOTS.);
#4907 = CARTESIAN_POINT('',(0.,0.));
#4908 = CARTESIAN_POINT('',(0.,6.878838390627));
#4909 = ( GEOMETRIC_REPRESENTATION_CONTEXT(2) 
PARAMETRIC_REPRESENTATION_CONTEXT() REPRESENTATION_CONTEXT('2D SPACE',''
  ) );
#4910 = ORIENTED_EDGE('',*,*,#3810,.T.);
#4911 = ORIENTED_EDGE('',*,*,#4605,.T.);
#4912 = ORIENTED_EDGE('',*,*,#4913,.T.);
#4913 = EDGE_CURVE('',#4606,#4914,#4916,.T.);
#4914 = VERTEX_POINT('',#4915);
#4915 = CARTESIAN_POINT('',(6.899920794998,-3.306089464104E-02,
    14.96190047122));
#4916 = SURFACE_CURVE('',#4917,(#5004,#5094),.PCURVE_S1.);
#4917 = B_SPLINE_CURVE_WITH_KNOTS('',8,(#4918,#4919,#4920,#4921,#4922,
    #4923,#4924,#4925,#4926,#4927,#4928,#4929,#4930,#4931,#4932,#4933,
    #4934,#4935,#4936,#4937,#4938,#4939,#4940,#4941,#4942,#4943,#4944,
    #4945,#4946,#4947,#4948,#4949,#4950,#4951,#4952,#4953,#4954,#4955,
    #4956,#4957,#4958,#4959,#4960,#4961,#4962,#4963,#4964,#4965,#4966,
    #4967,#4968,#4969,#4970,#4971,#4972,#4973,#4974,#4975,#4976,#4977,
    #4978,#4979,#4980,#4981,#4982,#4983,#4984,#4985,#4986,#4987,#4988,
    #4989,#4990,#4991,#4992,#4993,#4994,#4995,#4996,#4997,#4998,#4999,
    #5000,#5001,#5002,#5003),.UNSPECIFIED.,.F.,.F.,(9,7,7,7,7,7,7,7,7,7,
    7,7,9),(0.,4.506151080002E-02,0.131227273669,0.147254598659,
    0.267213622542,0.374939510833,0.490714790834,0.626580001914,
    0.732404218894,0.784108431914,0.867168626629,0.957040826142,1.),
  .UNSPECIFIED.);
#4918 = CARTESIAN_POINT('',(6.9,3.552713678801E-15,12.164035695141));
#4919 = CARTESIAN_POINT('',(6.9,0.243981909938,12.179793035025));
#4920 = CARTESIAN_POINT('',(6.890140249447,0.48796652163,12.195549436111
    ));
#4921 = CARTESIAN_POINT('',(6.870420933467,0.731485227875,
    12.211305432783));
#4922 = CARTESIAN_POINT('',(6.840868381435,0.97407282263,12.227061465917
    ));
#4923 = CARTESIAN_POINT('',(6.801535031992,1.215267671786,12.24281784922
    ));
#4924 = CARTESIAN_POINT('',(6.752499398061,1.454611883963,
    12.258574735586));
#4925 = CARTESIAN_POINT('',(6.693866031864,1.691651481288,
    12.274332083444));
#4926 = CARTESIAN_POINT('',(6.495544930459,2.373932055818,
    12.320220890374));
#4927 = CARTESIAN_POINT('',(6.330687731071,2.811928185245,
    12.350357638428));
#4928 = CARTESIAN_POINT('',(6.132112500581,3.236704432085,
    12.380493368816));
#4929 = CARTESIAN_POINT('',(5.901085941013,3.645242268507,
    12.410626794175));
#4930 = CARTESIAN_POINT('',(5.639171529775,4.034700005871,
    12.440759634027));
#4931 = CARTESIAN_POINT('',(5.34821050031,4.402407533094,12.470894064215
    ));
#4932 = CARTESIAN_POINT('',(5.030335121251,4.745880952756,
    12.501029819977));
#4933 = CARTESIAN_POINT('',(4.624340637489,5.12181649505,12.536765515764
    ));
#4934 = CARTESIAN_POINT('',(4.559819523754,5.179860709931,
    12.542370066971));
#4935 = CARTESIAN_POINT('',(4.494466303644,5.236975525541,
    12.547974606677));
#4936 = CARTESIAN_POINT('',(4.428296617503,5.293147031963,
    12.553579135403));
#4937 = CARTESIAN_POINT('',(4.361326375222,5.34836164341,12.559183653786
    ));
#4938 = CARTESIAN_POINT('',(4.293571756242,5.40260609822,12.564788162585
    ));
#4939 = CARTESIAN_POINT('',(4.225049209547,5.45586745886,12.570392662676
    ));
#4940 = CARTESIAN_POINT('',(3.637285179075,5.899323577431,
    12.617944855955));
#4941 = CARTESIAN_POINT('',(3.076439040504,6.234940379816,
    12.659914152005));
#4942 = CARTESIAN_POINT('',(2.480581599809,6.509282310883,
    12.701871735957));
#4943 = CARTESIAN_POINT('',(1.857609152432,6.71827935268,12.743820885963
    ));
#4944 = CARTESIAN_POINT('',(1.215760047336,6.859006376255,
    12.785770566369));
#4945 = CARTESIAN_POINT('',(0.56360513165,6.929740795025,12.827729430215
    ));
#4946 = CARTESIAN_POINT('',(-8.999013094207E-02,6.929918035857,
    12.869699936736));
#4947 = CARTESIAN_POINT('',(-1.315743823009,6.798457657545,
    12.949318572673));
#4948 = CARTESIAN_POINT('',(-1.889880051637,6.680209285388,
    12.987001547093));
#4949 = CARTESIAN_POINT('',(-2.451583778978,6.506558151456,
    13.024677529471));
#4950 = CARTESIAN_POINT('',(-2.994636146145,6.279119306651,
    13.062347477582));
#4951 = CARTESIAN_POINT('',(-3.513168599776,6.000267360571,
    13.10001738456));
#4952 = CARTESIAN_POINT('',(-4.001642369026,5.673068134629,
    13.137693295049));
#4953 = CARTESIAN_POINT('',(-4.454888228412,5.301337439328,
    13.175376277675));
#4954 = CARTESIAN_POINT('',(-5.312469078194,4.447540993868,
    13.253532173981));
#4955 = CARTESIAN_POINT('',(-5.71098465659,3.958943220373,13.29403644418
    ));
#4956 = CARTESIAN_POINT('',(-6.057811094901,3.429819971826,
    13.33453142914));
#4957 = CARTESIAN_POINT('',(-6.348282130273,2.866645117688,
    13.375019033584));
#4958 = CARTESIAN_POINT('',(-6.578678031229,2.27634259836,13.41550672722
    ));
#4959 = CARTESIAN_POINT('',(-6.746264430963,1.666281310587,
    13.456001936624));
#4960 = CARTESIAN_POINT('',(-6.849270481263,1.044242553613,
    13.496506472339));
#4961 = CARTESIAN_POINT('',(-6.931916354656,-0.315736224998,
    13.584502839992));
#4962 = CARTESIAN_POINT('',(-6.887109449596,-1.056081152078,
    13.632053635456));
#4963 = CARTESIAN_POINT('',(-6.751773241775,-1.788797621456,
    13.679580489762));
#4964 = CARTESIAN_POINT('',(-6.527706605185,-2.501069725162,
    13.727091231148));
#4965 = CARTESIAN_POINT('',(-6.218467214764,-3.18070827596,
    13.774602026152));
#4966 = CARTESIAN_POINT('',(-5.829552948643,-3.816267580168,
    13.822128964856));
#4967 = CARTESIAN_POINT('',(-5.368188895331,-4.397010416434,
    13.869679727642));
#4968 = CARTESIAN_POINT('',(-4.436331392263,-5.315756357043,
    13.954195720875));
#4969 = CARTESIAN_POINT('',(-3.990008667013,-5.679436532537,
    13.991213325732));
#4970 = CARTESIAN_POINT('',(-3.509822599284,-6.000061466872,
    14.028225143437));
#4971 = CARTESIAN_POINT('',(-3.000678300926,-6.274024355559,
    14.065231748062));
#4972 = CARTESIAN_POINT('',(-2.467826126838,-6.498417238488,
    14.102238206201));
#4973 = CARTESIAN_POINT('',(-1.916825371402,-6.670978135017,
    14.13924966921));
#4974 = CARTESIAN_POINT('',(-1.353562649486,-6.790152437616,
    14.176266918996));
#4975 = CARTESIAN_POINT('',(-0.50616592589,-6.887101496758,
    14.231352542183));
#4976 = CARTESIAN_POINT('',(-0.22655146769,-6.906026279521,
    14.249433124362));
#4977 = CARTESIAN_POINT('',(5.383850363334E-02,-6.911973572833,
    14.267513535448));
#4978 = CARTESIAN_POINT('',(0.334300595052,-6.904909878251,
    14.285593758171));
#4979 = CARTESIAN_POINT('',(0.61413331917,-6.884846947698,
    14.303674001512));
#4980 = CARTESIAN_POINT('',(0.892637335583,-6.851840853749,
    14.321754474513));
#4981 = CARTESIAN_POINT('',(1.169115780861,-6.805992890802,
    14.339835159422));
#4982 = CARTESIAN_POINT('',(1.882654479432,-6.653409829877,
    14.386960869002));
#4983 = CARTESIAN_POINT('',(2.31548292358,-6.526597343379,14.41600984135
    ));
#4984 = CARTESIAN_POINT('',(2.738429947597,-6.367627538613,
    14.44505749307));
#4985 = CARTESIAN_POINT('',(3.148713999854,-6.177423998779,
    14.474103433928));
#4986 = CARTESIAN_POINT('',(3.543685204901,-5.957178376966,
    14.503149497251));
#4987 = CARTESIAN_POINT('',(3.920822377735,-5.708334779383,
    14.532197411622));
#4988 = CARTESIAN_POINT('',(4.277743896535,-5.432601354159,
    14.561246538586));
#4989 = CARTESIAN_POINT('',(4.974153335532,-4.806722742932,
    14.621718889159));
#4990 = CARTESIAN_POINT('',(5.309918666804,-4.452232407651,
    14.653150620415));
#4991 = CARTESIAN_POINT('',(5.616680683043,-4.071048506828,
    14.684579347287));
#4992 = CARTESIAN_POINT('',(5.891992256261,-3.665968069848,
    14.71600430828));
#4993 = CARTESIAN_POINT('',(6.133748969111,-3.240009765244,
    14.747428668894));
#4994 = CARTESIAN_POINT('',(6.340172370985,-2.796395012311,
    14.77885617255));
#4995 = CARTESIAN_POINT('',(6.509834396236,-2.338555167614,
    14.810287276787));
#4996 = CARTESIAN_POINT('',(6.704766055806,-1.646272816132,
    14.856737210505));
#4997 = CARTESIAN_POINT('',(6.759183985152,-1.419950174988,
    14.871760141047));
#4998 = CARTESIAN_POINT('',(6.8048669457,-1.191587357997,14.886783394265
    ));
#4999 = CARTESIAN_POINT('',(6.841726654308,-0.961578160046,
    14.901806940722));
#5000 = CARTESIAN_POINT('',(6.86969634688,-0.730319532006,
    14.916830750916));
#5001 = CARTESIAN_POINT('',(6.888730793692,-0.498211436864,
    14.93185465258));
#5002 = CARTESIAN_POINT('',(6.898806314725,-0.265656705865,
    14.946878187981));
#5003 = CARTESIAN_POINT('',(6.899920794998,-3.306089464097E-02,
    14.96190047122));
#5004 = PCURVE('',#3823,#5005);
#5005 = DEFINITIONAL_REPRESENTATION('',(#5006),#5093);
#5006 = B_SPLINE_CURVE_WITH_KNOTS('',8,(#5007,#5008,#5009,#5010,#5011,
    #5012,#5013,#5014,#5015,#5016,#5017,#5018,#5019,#5020,#5021,#5022,
    #5023,#5024,#5025,#5026,#5027,#5028,#5029,#5030,#5031,#5032,#5033,
    #5034,#5035,#5036,#5037,#5038,#5039,#5040,#5041,#5042,#5043,#5044,
    #5045,#5046,#5047,#5048,#5049,#5050,#5051,#5052,#5053,#5054,#5055,
    #5056,#5057,#5058,#5059,#5060,#5061,#5062,#5063,#5064,#5065,#5066,
    #5067,#5068,#5069,#5070,#5071,#5072,#5073,#5074,#5075,#5076,#5077,
    #5078,#5079,#5080,#5081,#5082,#5083,#5084,#5085,#5086,#5087,#5088,
    #5089,#5090,#5091,#5092),.UNSPECIFIED.,.F.,.F.,(9,7,7,7,7,7,7,7,7,7,
    7,7,9),(0.,4.506151080002E-02,0.131227273669,0.147254598659,
    0.267213622542,0.374939510833,0.490714790834,0.626580001914,
    0.732404218894,0.784108431914,0.867168626629,0.957040826142,1.),
  .UNSPECIFIED.);
#5007 = CARTESIAN_POINT('',(-9.147728761351E-05,5.245687817383E-03));
#5008 = CARTESIAN_POINT('',(-9.175778790571E-05,4.395752970337E-02));
#5009 = CARTESIAN_POINT('',(-9.431063919586E-05,8.266985068728E-02));
#5010 = CARTESIAN_POINT('',(-9.757671720911E-05,0.12138205242));
#5011 = CARTESIAN_POINT('',(-1.006134151991E-04,0.16009406255));
#5012 = CARTESIAN_POINT('',(-1.029489610704E-04,0.198806073472));
#5013 = CARTESIAN_POINT('',(-1.044367345003E-04,0.237518281077));
#5014 = CARTESIAN_POINT('',(-1.051095840616E-04,0.276230623498));
#5015 = CARTESIAN_POINT('',(-1.048898899537E-04,0.388966670913));
#5016 = CARTESIAN_POINT('',(-1.020182294191E-04,0.463000943474));
#5017 = CARTESIAN_POINT('',(-9.726378029093E-05,0.537030407967));
#5018 = CARTESIAN_POINT('',(-9.233168729046E-05,0.611053991872));
#5019 = CARTESIAN_POINT('',(-8.854654511045E-05,0.685077543289));
#5020 = CARTESIAN_POINT('',(-8.631567012026E-05,0.759106906964));
#5021 = CARTESIAN_POINT('',(-8.529672097482E-05,0.833141012807));
#5022 = CARTESIAN_POINT('',(-8.526463614342E-05,0.920933857797));
#5023 = CARTESIAN_POINT('',(-8.529303430568E-05,0.934702750467));
#5024 = CARTESIAN_POINT('',(-8.535254005513E-05,0.948471653015));
#5025 = CARTESIAN_POINT('',(-8.544071725123E-05,0.962240563732));
#5026 = CARTESIAN_POINT('',(-8.555501617222E-05,0.976009481062));
#5027 = CARTESIAN_POINT('',(-8.569277351523E-05,0.989778403599));
#5028 = CARTESIAN_POINT('',(-8.585121239621E-05,1.003547330095));
#5029 = CARTESIAN_POINT('',(-8.734646303767E-05,1.12037196752));
#5030 = CARTESIAN_POINT('',(-8.966482360106E-05,1.223481953995));
#5031 = CARTESIAN_POINT('',(-9.182886764908E-05,1.326562977867));
#5032 = CARTESIAN_POINT('',(-9.261250164303E-05,1.429621589714));
#5033 = CARTESIAN_POINT('',(-9.213527021844E-05,1.532679959018));
#5034 = CARTESIAN_POINT('',(-9.129311761283E-05,1.635760442219));
#5035 = CARTESIAN_POINT('',(-9.071125929272E-05,1.738869847374));
#5036 = CARTESIAN_POINT('',(-9.063728846085E-05,1.934471088662));
#5037 = CARTESIAN_POINT('',(-9.103947570676E-05,2.027048399922));
#5038 = CARTESIAN_POINT('',(-9.207797469644E-05,2.119609313635));
#5039 = CARTESIAN_POINT('',(-9.371498578742E-05,2.212156136455));
#5040 = CARTESIAN_POINT('',(-9.553149743926E-05,2.304703078259));
#5041 = CARTESIAN_POINT('',(-9.698367588802E-05,2.397264322452));
#5042 = CARTESIAN_POINT('',(-9.77230004332E-05,2.489842067137));
#5043 = CARTESIAN_POINT('',(-9.755746639473E-05,2.681849642782));
#5044 = CARTESIAN_POINT('',(-9.652551637972E-05,2.78135635239));
#5045 = CARTESIAN_POINT('',(-9.441567544973E-05,2.8808389294));
#5046 = CARTESIAN_POINT('',(-9.141841111643E-05,2.980302286681));
#5047 = CARTESIAN_POINT('',(-8.816720625145E-05,3.079765551791));
#5048 = CARTESIAN_POINT('',(-8.543291840702E-05,3.17924791475));
#5049 = CARTESIAN_POINT('',(-8.368986813966E-05,3.278754404982));
#5050 = CARTESIAN_POINT('',(-8.234848668652E-05,3.49493590072));
#5051 = CARTESIAN_POINT('',(-8.317430650027E-05,3.611756283499));
#5052 = CARTESIAN_POINT('',(-8.576697519412E-05,3.728520015181));
#5053 = CARTESIAN_POINT('',(-8.9712073228E-05,3.845245819636));
#5054 = CARTESIAN_POINT('',(-9.370424218082E-05,3.961971813498));
#5055 = CARTESIAN_POINT('',(-9.647235578424E-05,4.078735967593));
#5056 = CARTESIAN_POINT('',(-9.769900574438E-05,4.19555676143));
#5057 = CARTESIAN_POINT('',(-9.760550961602E-05,4.403189453564));
#5058 = CARTESIAN_POINT('',(-9.678889468537E-05,4.494130638769));
#5059 = CARTESIAN_POINT('',(-9.532162205544E-05,4.585056808935));
#5060 = CARTESIAN_POINT('',(-9.354988936827E-05,4.67596979877));
#5061 = CARTESIAN_POINT('',(-9.198258549713E-05,4.76688267932));
#5062 = CARTESIAN_POINT('',(-9.100009084256E-05,4.85780857234));
#5063 = CARTESIAN_POINT('',(-9.062801117163E-05,4.948749430148));
#5064 = CARTESIAN_POINT('',(-9.069571268457E-05,5.084079905834));
#5065 = CARTESIAN_POINT('',(-9.081750185845E-05,5.12849912756));
#5066 = CARTESIAN_POINT('',(-9.101655427906E-05,5.172918023665));
#5067 = CARTESIAN_POINT('',(-9.125696544095E-05,5.217336507715));
#5068 = CARTESIAN_POINT('',(-9.149364229851E-05,5.261755037835));
#5069 = CARTESIAN_POINT('',(-9.167855636984E-05,5.306174068721));
#5070 = CARTESIAN_POINT('',(-9.176883881643E-05,5.350593504204));
#5071 = CARTESIAN_POINT('',(-9.168511623097E-05,5.466368451662));
#5072 = CARTESIAN_POINT('',(-9.131566740988E-05,5.53773342243));
#5073 = CARTESIAN_POINT('',(-9.052018444053E-05,5.609094626538));
#5074 = CARTESIAN_POINT('',(-8.925850544357E-05,5.680451056054));
#5075 = CARTESIAN_POINT('',(-8.76979547913E-05,5.751807420072));
#5076 = CARTESIAN_POINT('',(-8.622183391763E-05,5.823168435108));
#5077 = CARTESIAN_POINT('',(-8.530694140169E-05,5.894533117114));
#5078 = CARTESIAN_POINT('',(-8.523028361023E-05,6.043097139823));
#5079 = CARTESIAN_POINT('',(-8.625467933042E-05,6.120317609697));
#5080 = CARTESIAN_POINT('',(-8.857652142735E-05,6.19753228904));
#5081 = CARTESIAN_POINT('',(-9.264133762475E-05,6.274739853198));
#5082 = CARTESIAN_POINT('',(-9.796336654335E-05,6.351947483491));
#5083 = CARTESIAN_POINT('',(-1.029232931464E-04,6.429162391518));
#5084 = CARTESIAN_POINT('',(-1.055073245157E-04,6.506383232792));
#5085 = CARTESIAN_POINT('',(-1.047391789699E-04,6.6204971438));
#5086 = CARTESIAN_POINT('',(-1.037828779912E-04,6.657403225611));
#5087 = CARTESIAN_POINT('',(-1.020859122678E-04,6.694309192234));
#5088 = CARTESIAN_POINT('',(-9.966457811674E-05,6.731214991328));
#5089 = CARTESIAN_POINT('',(-9.670352039193E-05,6.768120776754));
#5090 = CARTESIAN_POINT('',(-9.367499395061E-05,6.805026704193));
#5091 = CARTESIAN_POINT('',(-9.145812511925E-05,6.84193272676));
#5092 = CARTESIAN_POINT('',(-9.145817315968E-05,6.878838390627));
#5093 = ( GEOMETRIC_REPRESENTATION_CONTEXT(2) 
PARAMETRIC_REPRESENTATION_CONTEXT() REPRESENTATION_CONTEXT('2D SPACE',''
  ) );
#5094 = PCURVE('',#4641,#5095);
#5095 = DEFINITIONAL_REPRESENTATION('',(#5096),#5183);
#5096 = B_SPLINE_CURVE_WITH_KNOTS('',8,(#5097,#5098,#5099,#5100,#5101,
    #5102,#5103,#5104,#5105,#5106,#5107,#5108,#5109,#5110,#5111,#5112,
    #5113,#5114,#5115,#5116,#5117,#5118,#5119,#5120,#5121,#5122,#5123,
    #5124,#5125,#5126,#5127,#5128,#5129,#5130,#5131,#5132,#5133,#5134,
    #5135,#5136,#5137,#5138,#5139,#5140,#5141,#5142,#5143,#5144,#5145,
    #5146,#5147,#5148,#5149,#5150,#5151,#5152,#5153,#5154,#5155,#5156,
    #5157,#5158,#5159,#5160,#5161,#5162,#5163,#5164,#5165,#5166,#5167,
    #5168,#5169,#5170,#5171,#5172,#5173,#5174,#5175,#5176,#5177,#5178,
    #5179,#5180,#5181,#5182),.UNSPECIFIED.,.F.,.F.,(9,7,7,7,7,7,7,7,7,7,
    7,7,9),(0.,4.506151080002E-02,0.131227273669,0.147254598659,
    0.267213622542,0.374939510833,0.490714790834,0.626580001914,
    0.732404218894,0.784108431914,0.867168626629,0.957040826142,1.),
  .UNSPECIFIED.);
#5097 = CARTESIAN_POINT('',(0.,6.164035695141));
#5098 = CARTESIAN_POINT('',(3.535969709248E-02,6.179793035025));
#5099 = CARTESIAN_POINT('',(7.071978749514E-02,6.195549436111));
#5100 = CARTESIAN_POINT('',(0.106079722427,6.211305432783));
#5101 = CARTESIAN_POINT('',(0.141439450244,6.227061465917));
#5102 = CARTESIAN_POINT('',(0.176799170032,6.24281784922));
#5103 = CARTESIAN_POINT('',(0.212159085193,6.258574735586));
#5104 = CARTESIAN_POINT('',(0.247519157041,6.274332083444));
#5105 = CARTESIAN_POINT('',(0.350493005959,6.320220890374));
#5106 = CARTESIAN_POINT('',(0.418116536815,6.350357638428));
#5107 = CARTESIAN_POINT('',(0.485735881065,6.380493368816));
#5108 = CARTESIAN_POINT('',(0.553350000498,6.410626794175));
#5109 = CARTESIAN_POINT('',(0.620964127622,6.440759634027));
#5110 = CARTESIAN_POINT('',(0.688583496378,6.470894064215));
#5111 = CARTESIAN_POINT('',(0.756207064526,6.501029819977));
#5112 = CARTESIAN_POINT('',(0.836397849007,6.536765515764));
#5113 = CARTESIAN_POINT('',(0.848974476079,6.542370066971));
#5114 = CARTESIAN_POINT('',(0.861551107142,6.547974606677));
#5115 = CARTESIAN_POINT('',(0.874127740591,6.553579135403));
#5116 = CARTESIAN_POINT('',(0.886704375007,6.559183653787));
#5117 = CARTESIAN_POINT('',(0.899281009159,6.564788162585));
#5118 = CARTESIAN_POINT('',(0.911857642003,6.570392662676));
#5119 = CARTESIAN_POINT('',(1.018566034579,6.617944855955));
#5120 = CARTESIAN_POINT('',(1.112747107,6.659914152005));
#5121 = CARTESIAN_POINT('',(1.206901515051,6.701871735956));
#5122 = CARTESIAN_POINT('',(1.301035434062,6.743820885964));
#5123 = CARTESIAN_POINT('',(1.39516934586,6.785770566368));
#5124 = CARTESIAN_POINT('',(1.48932373441,6.827729430215));
#5125 = CARTESIAN_POINT('',(1.583504780969,6.869699936736));
#5126 = CARTESIAN_POINT('',(1.762168985019,6.949318572673));
#5127 = CARTESIAN_POINT('',(1.846730186378,6.987001547093));
#5128 = CARTESIAN_POINT('',(1.931276473977,7.024677529471));
#5129 = CARTESIAN_POINT('',(2.015809859873,7.062347477582));
#5130 = CARTESIAN_POINT('',(2.100343244517,7.10001738456));
#5131 = CARTESIAN_POINT('',(2.184889551349,7.137693295049));
#5132 = CARTESIAN_POINT('',(2.269450806789,7.175376277675));
#5133 = CARTESIAN_POINT('',(2.444831886405,7.253532173981));
#5134 = CARTESIAN_POINT('',(2.535721918683,7.29403644418));
#5135 = CARTESIAN_POINT('',(2.626589851928,7.33453142914));
#5136 = CARTESIAN_POINT('',(2.717440246147,7.375019033584));
#5137 = CARTESIAN_POINT('',(2.808290640213,7.41550672722));
#5138 = CARTESIAN_POINT('',(2.899158571827,7.456001936624));
#5139 = CARTESIAN_POINT('',(2.990048605293,7.496506472339));
#5140 = CARTESIAN_POINT('',(3.187510584738,7.584502839992));
#5141 = CARTESIAN_POINT('',(3.294215328531,7.632053635456));
#5142 = CARTESIAN_POINT('',(3.400868294868,7.679580489761));
#5143 = CARTESIAN_POINT('',(3.507486502318,7.727091231149));
#5144 = CARTESIAN_POINT('',(3.614104723516,7.774602026152));
#5145 = CARTESIAN_POINT('',(3.720757743443,7.822128964856));
#5146 = CARTESIAN_POINT('',(3.827462564536,7.869679727642));
#5147 = CARTESIAN_POINT('',(4.01711576562,7.954195720875));
#5148 = CARTESIAN_POINT('',(4.100182183872,7.991213325732));
#5149 = CARTESIAN_POINT('',(4.183235002375,8.028225143437));
#5150 = CARTESIAN_POINT('',(4.266275913663,8.065231748062));
#5151 = CARTESIAN_POINT('',(4.34931682761,8.102238206201));
#5152 = CARTESIAN_POINT('',(4.432369656693,8.13924966921));
#5153 = CARTESIAN_POINT('',(4.515436095244,8.176266918996));
#5154 = CARTESIAN_POINT('',(4.6390483522,8.231352542183));
#5155 = CARTESIAN_POINT('',(4.679621300797,8.249433124362));
#5156 = CARTESIAN_POINT('',(4.720193916864,8.267513535448));
#5157 = CARTESIAN_POINT('',(4.760766115933,8.285593758171));
#5158 = CARTESIAN_POINT('',(4.801338313511,8.303674001512));
#5159 = CARTESIAN_POINT('',(4.841910925245,8.321754474513));
#5160 = CARTESIAN_POINT('',(4.882483867089,8.339835159422));
#5161 = CARTESIAN_POINT('',(4.988233217524,8.386960869002));
#5162 = CARTESIAN_POINT('',(5.053418214918,8.41600984135));
#5163 = CARTESIAN_POINT('',(5.118599715039,8.44505749307));
#5164 = CARTESIAN_POINT('',(5.183776849612,8.474103433928));
#5165 = CARTESIAN_POINT('',(5.248953983675,8.503149497251));
#5166 = CARTESIAN_POINT('',(5.314135483684,8.532197411622));
#5167 = CARTESIAN_POINT('',(5.379320484769,8.561246538586));
#5168 = CARTESIAN_POINT('',(5.515020196394,8.621718889159));
#5169 = CARTESIAN_POINT('',(5.585554229447,8.653150620415));
#5170 = CARTESIAN_POINT('',(5.656083131731,8.684579347287));
#5171 = CARTESIAN_POINT('',(5.726605621596,8.71600430828));
#5172 = CARTESIAN_POINT('',(5.797128132519,8.747428668894));
#5173 = CARTESIAN_POINT('',(5.86765711443,8.77885617255));
#5174 = CARTESIAN_POINT('',(5.938191264176,8.810287276787));
#5175 = CARTESIAN_POINT('',(6.042423608293,8.856737210505));
#5176 = CARTESIAN_POINT('',(6.07613381275,8.871760141047));
#5177 = CARTESIAN_POINT('',(6.10984388048,8.886783394265));
#5178 = CARTESIAN_POINT('',(6.143553780588,8.901806940722));
#5179 = CARTESIAN_POINT('',(6.177263676769,8.916830750916));
#5180 = CARTESIAN_POINT('',(6.210973734801,8.93185465258));
#5181 = CARTESIAN_POINT('',(6.244683930026,8.946878187981));
#5182 = CARTESIAN_POINT('',(6.27839385484,8.96190047122));
#5183 = ( GEOMETRIC_REPRESENTATION_CONTEXT(2) 
PARAMETRIC_REPRESENTATION_CONTEXT() REPRESENTATION_CONTEXT('2D SPACE',''
  ) );
#5184 = ORIENTED_EDGE('',*,*,#5185,.F.);
#5185 = EDGE_CURVE('',#4881,#4914,#5186,.T.);
#5186 = SURFACE_CURVE('',#5187,(#5190,#5197),.PCURVE_S1.);
#5187 = B_SPLINE_CURVE_WITH_KNOTS('',1,(#5188,#5189),.UNSPECIFIED.,.F.,
  .F.,(2,2),(-0.866025403784,-0.),.PIECEWISE_BEZIER_KNOTS.);
#5188 = CARTESIAN_POINT('',(6.150000000016,-5.156027027798E-03,
    14.5298336734));
#5189 = CARTESIAN_POINT('',(6.900000000099,-3.306384189611E-02,
    14.961946105232));
#5190 = PCURVE('',#3823,#5191);
#5191 = DEFINITIONAL_REPRESENTATION('',(#5192),#5196);
#5192 = LINE('',#5193,#5194);
#5193 = CARTESIAN_POINT('',(0.,6.878838390627));
#5194 = VECTOR('',#5195,1.);
#5195 = DIRECTION('',(1.,0.));
#5196 = ( GEOMETRIC_REPRESENTATION_CONTEXT(2) 
PARAMETRIC_REPRESENTATION_CONTEXT() REPRESENTATION_CONTEXT('2D SPACE',''
  ) );
#5197 = PCURVE('',#5198,#5213);
#5198 = B_SPLINE_SURFACE_WITH_KNOTS('',1,6,(
    (#5199,#5200,#5201,#5202,#5203,#5204,#5205)
    ,(#5206,#5207,#5208,#5209,#5210,#5211,#5212
  )),.UNSPECIFIED.,.F.,.F.,.F.,(2,2),(7,7),(-0.866025403784,-0.),(0.,
    1.105527598494),.PIECEWISE_BEZIER_KNOTS.);
#5199 = CARTESIAN_POINT('',(6.15,-5.15602701832E-03,14.529833673255));
#5200 = CARTESIAN_POINT('',(6.150867760469,1.029886545883,
    14.604833702427));
#5201 = CARTESIAN_POINT('',(5.942698788777,2.06510444839,14.679833592503
    ));
#5202 = CARTESIAN_POINT('',(5.525434979447,3.047755361579,
    14.754833677015));
#5203 = CARTESIAN_POINT('',(4.916868283016,3.924886212579,14.82983376136
    ));
#5204 = CARTESIAN_POINT('',(4.152296921506,4.653200050709,
    14.904833651508));
#5205 = CARTESIAN_POINT('',(3.276363004245,5.204610653909,
    14.979833680672));
#5206 = CARTESIAN_POINT('',(6.9,-3.306384189622E-02,14.961946105232));
#5207 = CARTESIAN_POINT('',(6.905564651788,1.128203442982,
    15.036946105259));
#5208 = CARTESIAN_POINT('',(6.676600204437,2.290594580398,
    15.111946105027));
#5209 = CARTESIAN_POINT('',(6.212807780038,3.394935482419,
    15.186946105559));
#5210 = CARTESIAN_POINT('',(5.533913900623,4.381736221976,
    15.261946105027));
#5211 = CARTESIAN_POINT('',(4.679329824349,5.202262784224,
    15.336946105259));
#5212 = CARTESIAN_POINT('',(3.699017285714,5.824805954518,
    15.411946105232));
#5213 = DEFINITIONAL_REPRESENTATION('',(#5214),#5217);
#5214 = B_SPLINE_CURVE_WITH_KNOTS('',1,(#5215,#5216),.UNSPECIFIED.,.F.,
  .F.,(2,2),(-0.866025403784,-0.),.PIECEWISE_BEZIER_KNOTS.);
#5215 = CARTESIAN_POINT('',(-0.866025403784,0.));
#5216 = CARTESIAN_POINT('',(0.,0.));
#5217 = ( GEOMETRIC_REPRESENTATION_CONTEXT(2) 
PARAMETRIC_REPRESENTATION_CONTEXT() REPRESENTATION_CONTEXT('2D SPACE',''
  ) );
#5218 = ADVANCED_FACE('',(#5219),#4272,.F.);
#5219 = FACE_BOUND('',#5220,.F.);
#5220 = EDGE_LOOP('',(#5221,#5222,#5223,#5254));
#5221 = ORIENTED_EDGE('',*,*,#4572,.F.);
#5222 = ORIENTED_EDGE('',*,*,#4246,.F.);
#5223 = ORIENTED_EDGE('',*,*,#5224,.T.);
#5224 = EDGE_CURVE('',#4142,#5225,#5227,.T.);
#5225 = VERTEX_POINT('',#5226);
#5226 = CARTESIAN_POINT('',(-6.150000000016,5.156027027964E-03,
    11.729833673402));
#5227 = SURFACE_CURVE('',#5228,(#5241,#5247),.PCURVE_S1.);
#5228 = B_SPLINE_CURVE_WITH_KNOTS('',11,(#5229,#5230,#5231,#5232,#5233,
    #5234,#5235,#5236,#5237,#5238,#5239,#5240),.UNSPECIFIED.,.F.,.F.,(12
    ,12),(0.,6.878838390627),.PIECEWISE_BEZIER_KNOTS.);
#5229 = CARTESIAN_POINT('',(-6.15,5.156027018321E-03,8.929833673255));
#5230 = CARTESIAN_POINT('',(-6.152945115859,-3.507715749528,
    9.184379128287));
#5231 = CARTESIAN_POINT('',(-3.949162461589,-7.022358055124,
    9.438924580992));
#5232 = CARTESIAN_POINT('',(0.46721711668,-8.998762871676,9.693470040285
    ));
#5233 = CARTESIAN_POINT('',(5.865454018653,-7.889673398027,
    9.948015485983));
#5234 = CARTESIAN_POINT('',(9.893716171058,-3.259974183697,
    10.202560953025));
#5235 = CARTESIAN_POINT('',(9.899168451208,3.243380257218,
    10.457106393658));
#5236 = CARTESIAN_POINT('',(5.878674821058,7.8798273743,10.71165186062)
  );
#5237 = CARTESIAN_POINT('',(0.482305188833,8.997966812736,
    10.966197306421));
#5238 = CARTESIAN_POINT('',(-3.937382133081,7.028969963576,
    11.220742765641));
#5239 = CARTESIAN_POINT('',(-6.147054884153,3.518027803577,
    11.475288218379));
#5240 = CARTESIAN_POINT('',(-6.150000000016,5.156027027971E-03,
    11.729833673402));
#5241 = PCURVE('',#4272,#5242);
#5242 = DEFINITIONAL_REPRESENTATION('',(#5243),#5246);
#5243 = B_SPLINE_CURVE_WITH_KNOTS('',1,(#5244,#5245),.UNSPECIFIED.,.F.,
  .F.,(2,2),(0.,6.878838390627),.PIECEWISE_BEZIER_KNOTS.);
#5244 = CARTESIAN_POINT('',(0.,0.));
#5245 = CARTESIAN_POINT('',(0.,6.878838390627));
#5246 = ( GEOMETRIC_REPRESENTATION_CONTEXT(2) 
PARAMETRIC_REPRESENTATION_CONTEXT() REPRESENTATION_CONTEXT('2D SPACE',''
  ) );
#5247 = PCURVE('',#4195,#5248);
#5248 = DEFINITIONAL_REPRESENTATION('',(#5249),#5253);
#5249 = LINE('',#5250,#5251);
#5250 = CARTESIAN_POINT('',(-0.866025403784,0.));
#5251 = VECTOR('',#5252,1.);
#5252 = DIRECTION('',(0.,1.));
#5253 = ( GEOMETRIC_REPRESENTATION_CONTEXT(2) 
PARAMETRIC_REPRESENTATION_CONTEXT() REPRESENTATION_CONTEXT('2D SPACE',''
  ) );
#5254 = ORIENTED_EDGE('',*,*,#5255,.F.);
#5255 = EDGE_CURVE('',#4381,#5225,#5256,.T.);
#5256 = SURFACE_CURVE('',#5257,(#5260,#5267),.PCURVE_S1.);
#5257 = B_SPLINE_CURVE_WITH_KNOTS('',1,(#5258,#5259),.UNSPECIFIED.,.F.,
  .F.,(2,2),(-0.16,-0.),.PIECEWISE_BEZIER_KNOTS.);
#5258 = CARTESIAN_POINT('',(-6.149999999984,-5.156027008665E-03,
    11.570166326892));
#5259 = CARTESIAN_POINT('',(-6.150000000016,5.156027027964E-03,
    11.729833673402));
#5260 = PCURVE('',#4272,#5261);
#5261 = DEFINITIONAL_REPRESENTATION('',(#5262),#5266);
#5262 = LINE('',#5263,#5264);
#5263 = CARTESIAN_POINT('',(0.,6.878838390627));
#5264 = VECTOR('',#5265,1.);
#5265 = DIRECTION('',(1.,0.));
#5266 = ( GEOMETRIC_REPRESENTATION_CONTEXT(2) 
PARAMETRIC_REPRESENTATION_CONTEXT() REPRESENTATION_CONTEXT('2D SPACE',''
  ) );
#5267 = PCURVE('',#5268,#5291);
#5268 = B_SPLINE_SURFACE_WITH_KNOTS('',1,10,(
    (#5269,#5270,#5271,#5272,#5273,#5274,#5275,#5276,#5277,#5278,#5279)
    ,(#5280,#5281,#5282,#5283,#5284,#5285,#5286,#5287,#5288,#5289,#5290
    )),.UNSPECIFIED.,.F.,.F.,.F.,(2,2),(11,11),(-0.16,-0.),(0.,
    6.878838390627),.PIECEWISE_BEZIER_KNOTS.);
#5269 = CARTESIAN_POINT('',(-6.15,-5.156027018319E-03,11.570166326745));
#5270 = CARTESIAN_POINT('',(-6.146760372556,-3.869314981211,
    11.85016632728));
#5271 = CARTESIAN_POINT('',(-3.446406503715,-7.734320495961,
    12.130166325451));
#5272 = CARTESIAN_POINT('',(1.955556554573,-9.453325417521,
    12.410166329119));
#5273 = CARTESIAN_POINT('',(8.120501027427,-7.033567818058,
    12.690166324776));
#5274 = CARTESIAN_POINT('',(11.381312125986,9.541845979967E-03,
    12.970166327035));
#5275 = CARTESIAN_POINT('',(8.108696039097,7.047174025932,
    13.250166328497));
#5276 = CARTESIAN_POINT('',(1.939702888081,9.456591118822,13.53016632474
    ));
#5277 = CARTESIAN_POINT('',(-3.459370223096,7.728530842073,
    13.810166328095));
#5278 = CARTESIAN_POINT('',(-6.15323962742,3.859002927187,
    14.090166326382));
#5279 = CARTESIAN_POINT('',(-6.149999999984,-5.156027008814E-03,
    14.37016632689));
#5280 = CARTESIAN_POINT('',(-6.15,5.156027018322E-03,11.729833673255));
#5281 = CARTESIAN_POINT('',(-6.153239627445,-3.859002927184,
    12.009833673791));
#5282 = CARTESIAN_POINT('',(-3.459370223106,-7.728530842101,
    12.289833671958));
#5283 = CARTESIAN_POINT('',(1.939702888047,-9.456591118815,
    12.569833675636));
#5284 = CARTESIAN_POINT('',(8.108696039145,-7.04717402602,
    12.849833671275));
#5285 = CARTESIAN_POINT('',(11.381312125972,-9.541845931121E-03,
    13.129833673558));
#5286 = CARTESIAN_POINT('',(8.120501027494,7.033567818007,
    13.409833674996));
#5287 = CARTESIAN_POINT('',(1.955556554572,9.453325417575,
    13.689833671256));
#5288 = CARTESIAN_POINT('',(-3.446406503703,7.734320495973,
    13.969833674603));
#5289 = CARTESIAN_POINT('',(-6.146760372568,3.869314981234,
    14.249833672893));
#5290 = CARTESIAN_POINT('',(-6.150000000015,5.156027027806E-03,
    14.5298336734));
#5291 = DEFINITIONAL_REPRESENTATION('',(#5292),#5295);
#5292 = B_SPLINE_CURVE_WITH_KNOTS('',1,(#5293,#5294),.UNSPECIFIED.,.F.,
  .F.,(2,2),(-0.16,-0.),.PIECEWISE_BEZIER_KNOTS.);
#5293 = CARTESIAN_POINT('',(-0.16,0.));
#5294 = CARTESIAN_POINT('',(0.,0.));
#5295 = ( GEOMETRIC_REPRESENTATION_CONTEXT(2) 
PARAMETRIC_REPRESENTATION_CONTEXT() REPRESENTATION_CONTEXT('2D SPACE',''
  ) );
#5296 = ADVANCED_FACE('',(#5297),#4195,.F.);
#5297 = FACE_BOUND('',#5298,.F.);
#5298 = EDGE_LOOP('',(#5299,#5300,#5301,#5322,#5489,#5640));
#5299 = ORIENTED_EDGE('',*,*,#5224,.F.);
#5300 = ORIENTED_EDGE('',*,*,#4141,.F.);
#5301 = ORIENTED_EDGE('',*,*,#5302,.T.);
#5302 = EDGE_CURVE('',#4082,#5303,#5305,.T.);
#5303 = VERTEX_POINT('',#5304);
#5304 = CARTESIAN_POINT('',(-6.899920794998,3.306089464107E-02,
    9.361900471218));
#5305 = SURFACE_CURVE('',#5306,(#5309,#5315),.PCURVE_S1.);
#5306 = B_SPLINE_CURVE_WITH_KNOTS('',1,(#5307,#5308),.UNSPECIFIED.,.F.,
  .F.,(2,2),(-0.866025403784,-0.),.PIECEWISE_BEZIER_KNOTS.);
#5307 = CARTESIAN_POINT('',(-6.150000000016,5.156027028205E-03,
    8.929833673405));
#5308 = CARTESIAN_POINT('',(-6.900000000103,3.306384189627E-02,
    9.361946105232));
#5309 = PCURVE('',#4195,#5310);
#5310 = DEFINITIONAL_REPRESENTATION('',(#5311),#5314);
#5311 = B_SPLINE_CURVE_WITH_KNOTS('',1,(#5312,#5313),.UNSPECIFIED.,.F.,
  .F.,(2,2),(-0.866025403784,-0.),.PIECEWISE_BEZIER_KNOTS.);
#5312 = CARTESIAN_POINT('',(-0.866025403784,0.));
#5313 = CARTESIAN_POINT('',(0.,0.));
#5314 = ( GEOMETRIC_REPRESENTATION_CONTEXT(2) 
PARAMETRIC_REPRESENTATION_CONTEXT() REPRESENTATION_CONTEXT('2D SPACE',''
  ) );
#5315 = PCURVE('',#4105,#5316);
#5316 = DEFINITIONAL_REPRESENTATION('',(#5317),#5321);
#5317 = LINE('',#5318,#5319);
#5318 = CARTESIAN_POINT('',(0.,6.878838390627));
#5319 = VECTOR('',#5320,1.);
#5320 = DIRECTION('',(1.,0.));
#5321 = ( GEOMETRIC_REPRESENTATION_CONTEXT(2) 
PARAMETRIC_REPRESENTATION_CONTEXT() REPRESENTATION_CONTEXT('2D SPACE',''
  ) );
#5322 = ORIENTED_EDGE('',*,*,#5323,.T.);
#5323 = EDGE_CURVE('',#5303,#5324,#5326,.T.);
#5324 = VERTEX_POINT('',#5325);
#5325 = CARTESIAN_POINT('',(6.9,-1.690012582823E-15,10.764039997356));
#5326 = SURFACE_CURVE('',#5327,(#5379,#5434),.PCURVE_S1.);
#5327 = B_SPLINE_CURVE_WITH_KNOTS('',8,(#5328,#5329,#5330,#5331,#5332,
    #5333,#5334,#5335,#5336,#5337,#5338,#5339,#5340,#5341,#5342,#5343,
    #5344,#5345,#5346,#5347,#5348,#5349,#5350,#5351,#5352,#5353,#5354,
    #5355,#5356,#5357,#5358,#5359,#5360,#5361,#5362,#5363,#5364,#5365,
    #5366,#5367,#5368,#5369,#5370,#5371,#5372,#5373,#5374,#5375,#5376,
    #5377,#5378),.UNSPECIFIED.,.F.,.F.,(9,7,7,7,7,7,7,9),(0.,
    9.143763149788E-02,0.263370710827,0.295350673183,0.534713733849,
    0.749658564441,0.940742349639,1.),.UNSPECIFIED.);
#5328 = CARTESIAN_POINT('',(-6.899920794998,3.306089464485E-02,
    9.361900471277));
#5329 = CARTESIAN_POINT('',(-6.901109619051,-0.215050715658,
    9.37792484792));
#5330 = CARTESIAN_POINT('',(-6.892101974869,-0.463214087326,
    9.393948175846));
#5331 = CARTESIAN_POINT('',(-6.872895709065,-0.710936292231,
    9.409971040425));
#5332 = CARTESIAN_POINT('',(-6.843516636797,-0.957727954405,
    9.425993923029));
#5333 = CARTESIAN_POINT('',(-6.804018506282,-1.203103438613,
    9.442017165311));
#5334 = CARTESIAN_POINT('',(-6.754482963312,-1.446581038915,
    9.458040933505));
#5335 = CARTESIAN_POINT('',(-6.695019515769,-1.687683167239,
    9.474065182714));
#5336 = CARTESIAN_POINT('',(-6.495544971745,-2.373931920909,
    9.520220881263));
#5337 = CARTESIAN_POINT('',(-6.330687821983,-2.81192794856,9.5503576221)
  );
#5338 = CARTESIAN_POINT('',(-6.132112656993,-3.23670410087,
    9.580493345273));
#5339 = CARTESIAN_POINT('',(-5.901086177783,-3.645241852142,
    9.61062676342));
#5340 = CARTESIAN_POINT('',(-5.639171860471,-4.034699515683,
    9.64075959606));
#5341 = CARTESIAN_POINT('',(-5.348210936968,-4.40240698218,
    9.670894019035));
#5342 = CARTESIAN_POINT('',(-5.030335674113,-4.74588035578,
    9.701029767581));
#5343 = CARTESIAN_POINT('',(-4.624342481268,-5.121814803599,
    9.736765354168));
#5344 = CARTESIAN_POINT('',(-4.559822564848,-5.179857987498,
    9.742369803386));
#5345 = CARTESIAN_POINT('',(-4.494470571933,-5.236971806321,
    9.747974241104));
#5346 = CARTESIAN_POINT('',(-4.428302142004,-5.293142350906,
    9.753578667842));
#5347 = CARTESIAN_POINT('',(-4.361333184072,-5.348356036193,
    9.759183084238));
#5348 = CARTESIAN_POINT('',(-4.293579876678,-5.402599601224,
    9.76478749105));
#5349 = CARTESIAN_POINT('',(-4.225058667892,-5.455860109143,
    9.770391889153));
#5350 = CARTESIAN_POINT('',(-3.637297487791,-5.899315889258,
    9.817943922322));
#5351 = CARTESIAN_POINT('',(-3.076452845478,-6.2349334047,9.859913160101
    ));
#5352 = CARTESIAN_POINT('',(-2.48059686771,-6.509276295772,
    9.901870685858));
#5353 = CARTESIAN_POINT('',(-1.857625807725,-6.718274543701,
    9.943819777717));
#5354 = CARTESIAN_POINT('',(-1.215777973307,-6.859003012125,
    9.985769399977));
#5355 = CARTESIAN_POINT('',(-0.563624171487,-6.929739099364,
    10.027728205631));
#5356 = CARTESIAN_POINT('',(8.997017266638E-02,-6.929918210648,
    10.069698653877));
#5357 = CARTESIAN_POINT('',(1.315699479892,-6.798464178401,
    10.149315680225));
#5358 = CARTESIAN_POINT('',(1.889812632914,-6.680224715116,
    10.186997100541));
#5359 = CARTESIAN_POINT('',(2.451494750001,-6.506586997081,
    10.224671530271));
#5360 = CARTESIAN_POINT('',(2.994527730232,-6.27916581175,
    10.262339926825));
#5361 = CARTESIAN_POINT('',(3.513043708459,-6.000335387937,
    10.300008282216));
#5362 = CARTESIAN_POINT('',(4.0015045392,-5.673161064198,10.337682639984
    ));
#5363 = CARTESIAN_POINT('',(4.454741549226,-5.301458052191,
    10.375364068422));
#5364 = CARTESIAN_POINT('',(5.235542730897,-4.524150462667,
    10.446520438092));
#5365 = CARTESIAN_POINT('',(5.571663173872,-4.126700323728,
    10.480015201366));
#5366 = CARTESIAN_POINT('',(5.873142775566,-3.700858428661,
    10.513507206024));
#5367 = CARTESIAN_POINT('',(6.137226125793,-3.250182955023,
    10.546995604431));
#5368 = CARTESIAN_POINT('',(6.36161689693,-2.778486912553,
    10.580484172152));
#5369 = CARTESIAN_POINT('',(6.544451460084,-2.289812447563,
    10.613976640388));
#5370 = CARTESIAN_POINT('',(6.684334952861,-1.788438228122,
    10.647472046866));
#5371 = CARTESIAN_POINT('',(6.810243203237,-1.120911430608,
    10.691345202264));
#5372 = CARTESIAN_POINT('',(6.835838469141,-0.962108879544,
    10.70173027643));
#5373 = CARTESIAN_POINT('',(6.857200861763,-0.802643490378,
    10.712115323043));
#5374 = CARTESIAN_POINT('',(6.874310589129,-0.642646965966,
    10.722500337685));
#5375 = CARTESIAN_POINT('',(6.887152801934,-0.482251478511,
    10.732885316202));
#5376 = CARTESIAN_POINT('',(6.895717593546,-0.321589669552,
    10.743270254699));
#5377 = CARTESIAN_POINT('',(6.9,-0.160794649974,10.753655149541));
#5378 = CARTESIAN_POINT('',(6.9,-1.7763568394E-15,10.764039997356));
#5379 = PCURVE('',#4195,#5380);
#5380 = DEFINITIONAL_REPRESENTATION('',(#5381),#5433);
#5381 = B_SPLINE_CURVE_WITH_KNOTS('',8,(#5382,#5383,#5384,#5385,#5386,
    #5387,#5388,#5389,#5390,#5391,#5392,#5393,#5394,#5395,#5396,#5397,
    #5398,#5399,#5400,#5401,#5402,#5403,#5404,#5405,#5406,#5407,#5408,
    #5409,#5410,#5411,#5412,#5413,#5414,#5415,#5416,#5417,#5418,#5419,
    #5420,#5421,#5422,#5423,#5424,#5425,#5426,#5427,#5428,#5429,#5430,
    #5431,#5432),.UNSPECIFIED.,.F.,.F.,(9,7,7,7,7,7,7,9),(0.,
    9.143763149788E-02,0.263370710827,0.295350673183,0.534713733849,
    0.749658564441,0.940742349639,1.),.UNSPECIFIED.);
#5382 = CARTESIAN_POINT('',(-9.145805850556E-05,0.));
#5383 = CARTESIAN_POINT('',(-9.145811091056E-05,3.936753479301E-02));
#5384 = CARTESIAN_POINT('',(-9.397795569145E-05,7.873558195715E-02));
#5385 = CARTESIAN_POINT('',(-9.731867800926E-05,0.118103497048));
#5386 = CARTESIAN_POINT('',(-1.004543400598E-04,0.157471205053));
#5387 = CARTESIAN_POINT('',(-1.028722010437E-04,0.196838916803));
#5388 = CARTESIAN_POINT('',(-1.044129371365E-04,0.236206845387));
#5389 = CARTESIAN_POINT('',(-1.051108614587E-04,0.275574922567));
#5390 = CARTESIAN_POINT('',(-1.048898898606E-04,0.388966648529));
#5391 = CARTESIAN_POINT('',(-1.020182308495E-04,0.463000903362));
#5392 = CARTESIAN_POINT('',(-9.726378380591E-05,0.537030350132));
#5393 = CARTESIAN_POINT('',(-9.233169211967E-05,0.611053916321));
#5394 = CARTESIAN_POINT('',(-8.854654977008E-05,0.685077450021));
#5395 = CARTESIAN_POINT('',(-8.631567342188E-05,0.759106795974));
#5396 = CARTESIAN_POINT('',(-8.529672262408E-05,0.833140884088));
#5397 = CARTESIAN_POINT('',(-8.526463590799E-05,0.920933460801));
#5398 = CARTESIAN_POINT('',(-8.529303264696E-05,0.93470210291));
#5399 = CARTESIAN_POINT('',(-8.535253590298E-05,0.948470754897));
#5400 = CARTESIAN_POINT('',(-8.544070967465E-05,0.962239415053));
#5401 = CARTESIAN_POINT('',(-8.555500438481E-05,0.976008081821));
#5402 = CARTESIAN_POINT('',(-8.569275688057E-05,0.989776753798));
#5403 = CARTESIAN_POINT('',(-8.585119043328E-05,1.003545429733));
#5404 = CARTESIAN_POINT('',(-8.734641532414E-05,1.120369673778));
#5405 = CARTESIAN_POINT('',(-8.966477123015E-05,1.223479517093));
#5406 = CARTESIAN_POINT('',(-9.182883104665E-05,1.326560398016));
#5407 = CARTESIAN_POINT('',(-9.261249433963E-05,1.429618867045));
#5408 = CARTESIAN_POINT('',(-9.213528592246E-05,1.532677093531));
#5409 = CARTESIAN_POINT('',(-9.129314084468E-05,1.635757433778));
#5410 = CARTESIAN_POINT('',(-9.071127553543E-05,1.73886669576));
#5411 = CARTESIAN_POINT('',(-9.063727743958E-05,1.934463982691));
#5412 = CARTESIAN_POINT('',(-9.103941122053E-05,2.027037475875));
#5413 = CARTESIAN_POINT('',(-9.207779586504E-05,2.119594575012));
#5414 = CARTESIAN_POINT('',(-9.371465435871E-05,2.212137585894));
#5415 = CARTESIAN_POINT('',(-9.553106330578E-05,2.304680715743));
#5416 = CARTESIAN_POINT('',(-9.698327132845E-05,2.39723814536));
#5417 = CARTESIAN_POINT('',(-9.772276430418E-05,2.489812072034));
#5418 = CARTESIAN_POINT('',(-9.757254970231E-05,2.664623733409));
#5419 = CARTESIAN_POINT('',(-9.685724209019E-05,2.746910379254));
#5420 = CARTESIAN_POINT('',(-9.541071814367E-05,2.829189351598));
#5421 = CARTESIAN_POINT('',(-9.332966994505E-05,2.911458686555));
#5422 = CARTESIAN_POINT('',(-9.087740774615E-05,2.993727982437));
#5423 = CARTESIAN_POINT('',(-8.842199585215E-05,3.07600685696));
#5424 = CARTESIAN_POINT('',(-8.632920050165E-05,3.158293394444));
#5425 = CARTESIAN_POINT('',(-8.433920269479E-05,3.266075364251));
#5426 = CARTESIAN_POINT('',(-8.392331616695E-05,3.291588157082));
#5427 = CARTESIAN_POINT('',(-8.356975624668E-05,3.317100958573));
#5428 = CARTESIAN_POINT('',(-8.328420694631E-05,3.342613764719));
#5429 = CARTESIAN_POINT('',(-8.307087020333E-05,3.368126570436));
#5430 = CARTESIAN_POINT('',(-8.293246588037E-05,3.393639369565));
#5431 = CARTESIAN_POINT('',(-8.287023176518E-05,3.419152154863));
#5432 = CARTESIAN_POINT('',(-8.288392357067E-05,3.444664918012));
#5433 = ( GEOMETRIC_REPRESENTATION_CONTEXT(2) 
PARAMETRIC_REPRESENTATION_CONTEXT() REPRESENTATION_CONTEXT('2D SPACE',''
  ) );
#5434 = PCURVE('',#4069,#5435);
#5435 = DEFINITIONAL_REPRESENTATION('',(#5436),#5488);
#5436 = B_SPLINE_CURVE_WITH_KNOTS('',8,(#5437,#5438,#5439,#5440,#5441,
    #5442,#5443,#5444,#5445,#5446,#5447,#5448,#5449,#5450,#5451,#5452,
    #5453,#5454,#5455,#5456,#5457,#5458,#5459,#5460,#5461,#5462,#5463,
    #5464,#5465,#5466,#5467,#5468,#5469,#5470,#5471,#5472,#5473,#5474,
    #5475,#5476,#5477,#5478,#5479,#5480,#5481,#5482,#5483,#5484,#5485,
    #5486,#5487),.UNSPECIFIED.,.F.,.F.,(9,7,7,7,7,7,7,9),(0.,
    9.143763149788E-02,0.263370710827,0.295350673183,0.534713733849,
    0.749658564441,0.940742349639,1.),.UNSPECIFIED.);
#5437 = CARTESIAN_POINT('',(3.13680120125,3.361900471277));
#5438 = CARTESIAN_POINT('',(3.17275981841,3.37792484792));
#5439 = CARTESIAN_POINT('',(3.208718858586,3.393948175846));
#5440 = CARTESIAN_POINT('',(3.244677728643,3.409971040425));
#5441 = CARTESIAN_POINT('',(3.280636374473,3.425993923029));
#5442 = CARTESIAN_POINT('',(3.316595013288,3.442017165311));
#5443 = CARTESIAN_POINT('',(3.352553865913,3.458040933505));
#5444 = CARTESIAN_POINT('',(3.388512889078,3.474065182714));
#5445 = CARTESIAN_POINT('',(3.492085639104,3.520220881263));
#5446 = CARTESIAN_POINT('',(3.559709153767,3.5503576221));
#5447 = CARTESIAN_POINT('',(3.627328481828,3.580493345273));
#5448 = CARTESIAN_POINT('',(3.694942585078,3.61062676342));
#5449 = CARTESIAN_POINT('',(3.76255669602,3.64075959606));
#5450 = CARTESIAN_POINT('',(3.830176048587,3.670894019035));
#5451 = CARTESIAN_POINT('',(3.897799600542,3.701029767581));
#5452 = CARTESIAN_POINT('',(3.977990139977,3.736765354168));
#5453 = CARTESIAN_POINT('',(3.990566538184,3.742369803386));
#5454 = CARTESIAN_POINT('',(4.003142940383,3.747974241104));
#5455 = CARTESIAN_POINT('',(4.015719344968,3.753578667842));
#5456 = CARTESIAN_POINT('',(4.02829575052,3.759183084238));
#5457 = CARTESIAN_POINT('',(4.040872155809,3.76478749105));
#5458 = CARTESIAN_POINT('',(4.053448559789,3.770391889153));
#5459 = CARTESIAN_POINT('',(4.160156593055,3.817943922322));
#5460 = CARTESIAN_POINT('',(4.254337534717,3.859913160101));
#5461 = CARTESIAN_POINT('',(4.348491812199,3.901870685858));
#5462 = CARTESIAN_POINT('',(4.44262560076,3.943819777717));
#5463 = CARTESIAN_POINT('',(4.5367593821,3.985769399977));
#5464 = CARTESIAN_POINT('',(4.63091364007,4.027728205631));
#5465 = CARTESIAN_POINT('',(4.725094555846,4.069698653877));
#5466 = CARTESIAN_POINT('',(4.903755147937,4.149315680225));
#5467 = CARTESIAN_POINT('',(4.988312861814,4.186997100541));
#5468 = CARTESIAN_POINT('',(5.072855665126,4.224671530271));
#5469 = CARTESIAN_POINT('',(5.157385569158,4.262339926825));
#5470 = CARTESIAN_POINT('',(5.241915471943,4.300008282216));
#5471 = CARTESIAN_POINT('',(5.326458294538,4.337682639984));
#5472 = CARTESIAN_POINT('',(5.411016062611,4.375364068422));
#5473 = CARTESIAN_POINT('',(5.570690272385,4.446520438092));
#5474 = CARTESIAN_POINT('',(5.645851408653,4.480015201366));
#5475 = CARTESIAN_POINT('',(5.721005491188,4.513507206024));
#5476 = CARTESIAN_POINT('',(5.796150766903,4.546995604431));
#5477 = CARTESIAN_POINT('',(5.871296039472,4.580484172152));
#5478 = CARTESIAN_POINT('',(5.946450113987,4.613976640388));
#5479 = CARTESIAN_POINT('',(6.021611241168,4.647472046866));
#5480 = CARTESIAN_POINT('',(6.120060134946,4.691345202264));
#5481 = CARTESIAN_POINT('',(6.143363723191,4.70173027643));
#5482 = CARTESIAN_POINT('',(6.166667322734,4.712115323043));
#5483 = CARTESIAN_POINT('',(6.189970929404,4.722500337685));
#5484 = CARTESIAN_POINT('',(6.213274537982,4.732885316202));
#5485 = CARTESIAN_POINT('',(6.236578142195,4.743270254699));
#5486 = CARTESIAN_POINT('',(6.25988173472,4.753655149541));
#5487 = CARTESIAN_POINT('',(6.28318530718,4.764039997356));
#5488 = ( GEOMETRIC_REPRESENTATION_CONTEXT(2) 
PARAMETRIC_REPRESENTATION_CONTEXT() REPRESENTATION_CONTEXT('2D SPACE',''
  ) );
#5489 = ORIENTED_EDGE('',*,*,#5490,.T.);
#5490 = EDGE_CURVE('',#5324,#5491,#5493,.T.);
#5491 = VERTEX_POINT('',#5492);
#5492 = CARTESIAN_POINT('',(-6.899920794998,3.306089464107E-02,
    12.161900471219));
#5493 = SURFACE_CURVE('',#5494,(#5539,#5587),.PCURVE_S1.);
#5494 = B_SPLINE_CURVE_WITH_KNOTS('',8,(#5495,#5496,#5497,#5498,#5499,
    #5500,#5501,#5502,#5503,#5504,#5505,#5506,#5507,#5508,#5509,#5510,
    #5511,#5512,#5513,#5514,#5515,#5516,#5517,#5518,#5519,#5520,#5521,
    #5522,#5523,#5524,#5525,#5526,#5527,#5528,#5529,#5530,#5531,#5532,
    #5533,#5534,#5535,#5536,#5537,#5538),.UNSPECIFIED.,.F.,.F.,(9,7,7,7,
    7,7,9),(0.,0.2525539754,0.463839587428,0.564940612474,0.734870907696
    ,0.913421190399,1.),.UNSPECIFIED.);
#5495 = CARTESIAN_POINT('',(6.9,-1.849411184002E-15,10.764039997356));
#5496 = CARTESIAN_POINT('',(6.9,0.683209662842,10.808164776227));
#5497 = CARTESIAN_POINT('',(6.822687195744,1.366857277908,
    10.852317117905));
#5498 = CARTESIAN_POINT('',(6.667889125762,2.040053728899,
    10.896453273921));
#5499 = CARTESIAN_POINT('',(6.437476358066,2.692619064581,
    10.940577704341));
#5500 = CARTESIAN_POINT('',(6.134656639474,3.314898525523,
    10.984702279194));
#5501 = CARTESIAN_POINT('',(5.764051553573,3.897828744615,
    11.028838754591));
#5502 = CARTESIAN_POINT('',(5.331595458393,4.4329296532,11.072991391715)
  );
#5503 = CARTESIAN_POINT('',(4.438214305049,5.314032977052,
    11.154030980109));
#5504 = CARTESIAN_POINT('',(3.993141662972,5.676988177079,11.19095763814
    ));
#5505 = CARTESIAN_POINT('',(3.514353944409,5.997115978836,
    11.227878585078));
#5506 = CARTESIAN_POINT('',(3.00671793401,6.270833463993,11.264794378717
    ));
#5507 = CARTESIAN_POINT('',(2.475442998693,6.495249477731,
    11.301710028589));
#5508 = CARTESIAN_POINT('',(1.926045212833,6.668112569701,
    11.338630627527));
#5509 = CARTESIAN_POINT('',(1.364365501324,6.78787150567,11.375556937527
    ));
#5510 = CARTESIAN_POINT('',(0.524947142971,6.88543623073,11.430135234464
    ));
#5511 = CARTESIAN_POINT('',(0.251842162956,6.90470603431,11.447799257044
    ));
#5512 = CARTESIAN_POINT('',(-2.204076602021E-02,6.911592619276,
    11.465463125662));
#5513 = CARTESIAN_POINT('',(-0.29604592483,6.906062531598,
    11.483126824383));
#5514 = CARTESIAN_POINT('',(-0.569519123456,6.888123564414,
    11.500790539687));
#5515 = CARTESIAN_POINT('',(-0.841807917663,6.85782394556,
    11.518454459053));
#5516 = CARTESIAN_POINT('',(-1.112261893089,6.815253119197,
    11.536118568912));
#5517 = CARTESIAN_POINT('',(-1.830638065901,6.668589404807,
    11.583471852922));
#5518 = CARTESIAN_POINT('',(-2.2741016792,6.542328398952,11.61316534416)
  );
#5519 = CARTESIAN_POINT('',(-2.7074844823,6.382386266061,11.64285735138)
  );
#5520 = CARTESIAN_POINT('',(-3.127808452788,6.189730084484,
    11.672547444461));
#5521 = CARTESIAN_POINT('',(-3.532238025685,5.965619950707,
    11.702237675189));
#5522 = CARTESIAN_POINT('',(-3.918076784908,5.711591175583,
    11.731929982619));
#5523 = CARTESIAN_POINT('',(-4.282779740685,5.429467574944,
    11.761623666109));
#5524 = CARTESIAN_POINT('',(-4.982490637557,4.797717208049,
    11.822508221366));
#5525 = CARTESIAN_POINT('',(-5.315162307797,4.445294160228,
    11.853707894229));
#5526 = CARTESIAN_POINT('',(-5.619217871002,4.066617374585,
    11.88490465199));
#5527 = CARTESIAN_POINT('',(-5.892267674376,3.664425287544,
    11.916097763871));
#5528 = CARTESIAN_POINT('',(-6.132255095798,3.241671497927,
    11.947290286005));
#5529 = CARTESIAN_POINT('',(-6.337440402553,2.801506725305,
    11.978485823105));
#5530 = CARTESIAN_POINT('',(-6.506424117972,2.347285337252,
    12.009684826736));
#5531 = CARTESIAN_POINT('',(-6.702112655559,1.657269380911,
    12.056007139425));
#5532 = CARTESIAN_POINT('',(-6.757274697011,1.429461366827,
    12.071134352134));
#5533 = CARTESIAN_POINT('',(-6.803583176734,1.199570915843,
    12.086261891574));
#5534 = CARTESIAN_POINT('',(-6.840947354774,0.967999958162,
    12.101389729976));
#5535 = CARTESIAN_POINT('',(-6.869298611194,0.735153691842,
    12.116517841031));
#5536 = CARTESIAN_POINT('',(-6.888590462425,0.501440433044,
    12.13164605238));
#5537 = CARTESIAN_POINT('',(-6.898798577619,0.267271466276,
    12.146773898104));
#5538 = CARTESIAN_POINT('',(-6.899920794998,3.306089464091E-02,
    12.161900471219));
#5539 = PCURVE('',#4195,#5540);
#5540 = DEFINITIONAL_REPRESENTATION('',(#5541),#5586);
#5541 = B_SPLINE_CURVE_WITH_KNOTS('',8,(#5542,#5543,#5544,#5545,#5546,
    #5547,#5548,#5549,#5550,#5551,#5552,#5553,#5554,#5555,#5556,#5557,
    #5558,#5559,#5560,#5561,#5562,#5563,#5564,#5565,#5566,#5567,#5568,
    #5569,#5570,#5571,#5572,#5573,#5574,#5575,#5576,#5577,#5578,#5579,
    #5580,#5581,#5582,#5583,#5584,#5585),.UNSPECIFIED.,.F.,.F.,(9,7,7,7,
    7,7,9),(0.,0.2525539754,0.463839587428,0.564940612474,0.734870907696
    ,0.913421190399,1.),.UNSPECIFIED.);
#5542 = CARTESIAN_POINT('',(-8.288392357067E-05,3.444664918012));
#5543 = CARTESIAN_POINT('',(-8.294209947287E-05,3.553067568924));
#5544 = CARTESIAN_POINT('',(-8.436997494195E-05,3.661539618553));
#5545 = CARTESIAN_POINT('',(-8.717218685419E-05,3.769973569924));
#5546 = CARTESIAN_POINT('',(-9.080226764587E-05,3.878379761336));
#5547 = CARTESIAN_POINT('',(-9.42712185949E-05,3.98678607786));
#5548 = CARTESIAN_POINT('',(-9.663647725593E-05,4.095220298371));
#5549 = CARTESIAN_POINT('',(-9.769372367196E-05,4.2036926128));
#5550 = CARTESIAN_POINT('',(-9.760704307565E-05,4.402784732191));
#5551 = CARTESIAN_POINT('',(-9.679549379712E-05,4.493502491993));
#5552 = CARTESIAN_POINT('',(-9.53357306111E-05,4.584205426606));
#5553 = CARTESIAN_POINT('',(-9.357061154988E-05,4.674895326655));
#5554 = CARTESIAN_POINT('',(-9.200452962068E-05,4.765585117492));
#5555 = CARTESIAN_POINT('',(-9.101629501552E-05,4.85628777517));
#5556 = CARTESIAN_POINT('',(-9.063513724896E-05,4.947005207532));
#5557 = CARTESIAN_POINT('',(-9.06905157225E-05,5.08108930551));
#5558 = CARTESIAN_POINT('',(-9.08041915702E-05,5.124485143661));
#5559 = CARTESIAN_POINT('',(-9.099312115698E-05,5.167880695816));
#5560 = CARTESIAN_POINT('',(-9.122442316986E-05,5.211275882519));
#5561 = CARTESIAN_POINT('',(-9.145661588686E-05,5.254671111057));
#5562 = CARTESIAN_POINT('',(-9.164508335855E-05,5.298066787319));
#5563 = CARTESIAN_POINT('',(-9.174922624866E-05,5.341462828204));
#5564 = CARTESIAN_POINT('',(-9.172797043789E-05,5.45779694071));
#5565 = CARTESIAN_POINT('',(-9.139573787322E-05,5.530745364698));
#5566 = CARTESIAN_POINT('',(-9.062159455207E-05,5.60368960116));
#5567 = CARTESIAN_POINT('',(-8.93476530813E-05,5.676628522446));
#5568 = CARTESIAN_POINT('',(-8.774268374429E-05,5.749567376115));
#5569 = CARTESIAN_POINT('',(-8.621536118305E-05,5.822511426856));
#5570 = CARTESIAN_POINT('',(-8.527921778042E-05,5.895459582875));
#5571 = CARTESIAN_POINT('',(-8.525888679892E-05,6.045036349416));
#5572 = CARTESIAN_POINT('',(-8.630532211879E-05,6.121686741956));
#5573 = CARTESIAN_POINT('',(-8.863676580496E-05,6.198331548059));
#5574 = CARTESIAN_POINT('',(-9.267354336063E-05,6.274969487644));
#5575 = CARTESIAN_POINT('',(-9.793467428565E-05,6.351607479204));
#5576 = CARTESIAN_POINT('',(-1.028454199293E-04,6.428252448209));
#5577 = CARTESIAN_POINT('',(-1.054458545995E-04,6.504903101537));
#5578 = CARTESIAN_POINT('',(-1.047844886075E-04,6.61870361328));
#5579 = CARTESIAN_POINT('',(-1.038531033996E-04,6.655865918552));
#5580 = CARTESIAN_POINT('',(-1.021700370316E-04,6.693028105095));
#5581 = CARTESIAN_POINT('',(-9.974696457539E-05,6.730190118999));
#5582 = CARTESIAN_POINT('',(-9.676657625612E-05,6.767352119574));
#5583 = CARTESIAN_POINT('',(-9.37056502598E-05,6.804514267819));
#5584 = CARTESIAN_POINT('',(-9.145812554126E-05,6.841676514902));
#5585 = CARTESIAN_POINT('',(-9.145817463201E-05,6.878838390627));
#5586 = ( GEOMETRIC_REPRESENTATION_CONTEXT(2) 
PARAMETRIC_REPRESENTATION_CONTEXT() REPRESENTATION_CONTEXT('2D SPACE',''
  ) );
#5587 = PCURVE('',#5588,#5593);
#5588 = CYLINDRICAL_SURFACE('',#5589,6.9);
#5589 = AXIS2_PLACEMENT_3D('',#5590,#5591,#5592);
#5590 = CARTESIAN_POINT('',(0.,0.,6.));
#5591 = DIRECTION('',(0.,0.,1.));
#5592 = DIRECTION('',(1.,0.,0.));
#5593 = DEFINITIONAL_REPRESENTATION('',(#5594),#5639);
#5594 = B_SPLINE_CURVE_WITH_KNOTS('',8,(#5595,#5596,#5597,#5598,#5599,
    #5600,#5601,#5602,#5603,#5604,#5605,#5606,#5607,#5608,#5609,#5610,
    #5611,#5612,#5613,#5614,#5615,#5616,#5617,#5618,#5619,#5620,#5621,
    #5622,#5623,#5624,#5625,#5626,#5627,#5628,#5629,#5630,#5631,#5632,
    #5633,#5634,#5635,#5636,#5637,#5638),.UNSPECIFIED.,.F.,.F.,(9,7,7,7,
    7,7,9),(0.,0.2525539754,0.463839587428,0.564940612474,0.734870907696
    ,0.913421190399,1.),.UNSPECIFIED.);
#5595 = CARTESIAN_POINT('',(0.,4.764039997356));
#5596 = CARTESIAN_POINT('',(9.901589316553E-02,4.808164776227));
#5597 = CARTESIAN_POINT('',(0.198095179337,4.852317117905));
#5598 = CARTESIAN_POINT('',(0.297139615024,4.896453273921));
#5599 = CARTESIAN_POINT('',(0.396158587728,4.940577704341));
#5600 = CARTESIAN_POINT('',(0.495177556278,4.984702279194));
#5601 = CARTESIAN_POINT('',(0.594221978272,5.028838754591));
#5602 = CARTESIAN_POINT('',(0.693301256538,5.072991391715));
#5603 = CARTESIAN_POINT('',(0.87515343646,5.154030980109));
#5604 = CARTESIAN_POINT('',(0.958015775734,5.19095763814));
#5605 = CARTESIAN_POINT('',(1.040864688009,5.227878585078));
#5606 = CARTESIAN_POINT('',(1.123701825489,5.264794378717));
#5607 = CARTESIAN_POINT('',(1.206538965486,5.301710028589));
#5608 = CARTESIAN_POINT('',(1.289387888302,5.338630627527));
#5609 = CARTESIAN_POINT('',(1.372250248421,5.375556937527));
#5610 = CARTESIAN_POINT('',(1.494724054365,5.430135234464));
#5611 = CARTESIAN_POINT('',(1.534362236382,5.447799257044));
#5612 = CARTESIAN_POINT('',(1.574000123997,5.465463125662));
#5613 = CARTESIAN_POINT('',(1.613637639398,5.483126824383));
#5614 = CARTESIAN_POINT('',(1.653275151675,5.500790539687));
#5615 = CARTESIAN_POINT('',(1.692913031572,5.518454459053));
#5616 = CARTESIAN_POINT('',(1.732551206333,5.536118568912));
#5617 = CARTESIAN_POINT('',(1.83881131793,5.583471852922));
#5618 = CARTESIAN_POINT('',(1.90544265259,5.61316534416));
#5619 = CARTESIAN_POINT('',(1.972070098457,5.64285735138));
#5620 = CARTESIAN_POINT('',(2.03869268059,5.672547444461));
#5621 = CARTESIAN_POINT('',(2.105315260457,5.702237675189));
#5622 = CARTESIAN_POINT('',(2.171942710061,5.731929982619));
#5623 = CARTESIAN_POINT('',(2.238574068981,5.761623666109));
#5624 = CARTESIAN_POINT('',(2.375198838964,5.822508221366));
#5625 = CARTESIAN_POINT('',(2.445212160278,5.853707894229));
#5626 = CARTESIAN_POINT('',(2.515220533518,5.88490465199));
#5627 = CARTESIAN_POINT('',(2.58522271873,5.916097763871));
#5628 = CARTESIAN_POINT('',(2.655224912258,5.947290286005));
#5629 = CARTESIAN_POINT('',(2.725233306199,5.978485823105));
#5630 = CARTESIAN_POINT('',(2.795246645797,6.009684826736));
#5631 = CARTESIAN_POINT('',(2.89919273475,6.056007139425));
#5632 = CARTESIAN_POINT('',(2.933136976298,6.071134352134));
#5633 = CARTESIAN_POINT('',(2.967081076883,6.086261891574));
#5634 = CARTESIAN_POINT('',(3.001025004382,6.101389729976));
#5635 = CARTESIAN_POINT('',(3.034968927907,6.116517841031));
#5636 = CARTESIAN_POINT('',(3.068913018611,6.13164605238));
#5637 = CARTESIAN_POINT('',(3.102857250502,6.146773898104));
#5638 = CARTESIAN_POINT('',(3.13680120125,6.161900471219));
#5639 = ( GEOMETRIC_REPRESENTATION_CONTEXT(2) 
PARAMETRIC_REPRESENTATION_CONTEXT() REPRESENTATION_CONTEXT('2D SPACE',''
  ) );
#5640 = ORIENTED_EDGE('',*,*,#5641,.F.);
#5641 = EDGE_CURVE('',#5225,#5491,#5642,.T.);
#5642 = SURFACE_CURVE('',#5643,(#5646,#5653),.PCURVE_S1.);
#5643 = B_SPLINE_CURVE_WITH_KNOTS('',1,(#5644,#5645),.UNSPECIFIED.,.F.,
  .F.,(2,2),(-0.866025403784,-0.),.PIECEWISE_BEZIER_KNOTS.);
#5644 = CARTESIAN_POINT('',(-6.150000000016,5.156027027971E-03,
    11.729833673402));
#5645 = CARTESIAN_POINT('',(-6.900000000101,3.30638418962E-02,
    12.161946105232));
#5646 = PCURVE('',#4195,#5647);
#5647 = DEFINITIONAL_REPRESENTATION('',(#5648),#5652);
#5648 = LINE('',#5649,#5650);
#5649 = CARTESIAN_POINT('',(0.,6.878838390627));
#5650 = VECTOR('',#5651,1.);
#5651 = DIRECTION('',(1.,0.));
#5652 = ( GEOMETRIC_REPRESENTATION_CONTEXT(2) 
PARAMETRIC_REPRESENTATION_CONTEXT() REPRESENTATION_CONTEXT('2D SPACE',''
  ) );
#5653 = PCURVE('',#5654,#5679);
#5654 = B_SPLINE_SURFACE_WITH_KNOTS('',1,11,(
    (#5655,#5656,#5657,#5658,#5659,#5660,#5661,#5662,#5663,#5664,#5665
      ,#5666)
    ,(#5667,#5668,#5669,#5670,#5671,#5672,#5673,#5674,#5675,#5676,#5677
      ,#5678
    )),.UNSPECIFIED.,.F.,.F.,.F.,(2,2),(12,12),(-0.866025403784,-0.),(0.
    ,6.878838390627),.PIECEWISE_BEZIER_KNOTS.);
#5655 = CARTESIAN_POINT('',(-6.15,5.156027018318E-03,11.729833673255));
#5656 = CARTESIAN_POINT('',(-6.15294511586,-3.507715749529,
    11.984379128286));
#5657 = CARTESIAN_POINT('',(-3.949162461587,-7.022358055121,
    12.238924581002));
#5658 = CARTESIAN_POINT('',(0.467217116676,-8.998762871686,
    12.493470040245));
#5659 = CARTESIAN_POINT('',(5.865454018653,-7.889673398004,
    12.748015486086));
#5660 = CARTESIAN_POINT('',(9.893716171065,-3.259974183731,
    13.002560952843));
#5661 = CARTESIAN_POINT('',(9.899168451195,3.243380257256,
    13.257106393886));
#5662 = CARTESIAN_POINT('',(5.878674821071,7.879827374271,
    13.511651860415));
#5663 = CARTESIAN_POINT('',(0.482305188824,8.997966812752,
    13.766197306553));
#5664 = CARTESIAN_POINT('',(-3.937382133077,7.02896996357,
    14.020742765583));
#5665 = CARTESIAN_POINT('',(-6.147054884154,3.518027803578,
    14.275288218395));
#5666 = CARTESIAN_POINT('',(-6.150000000016,5.156027027802E-03,
    14.5298336734));
#5667 = CARTESIAN_POINT('',(-6.9,3.306384189622E-02,12.161946105232));
#5668 = CARTESIAN_POINT('',(-6.91888602305,-3.908206941727,
    12.416491559778));
#5669 = CARTESIAN_POINT('',(-4.461930776388,-7.861252292907,
    12.67103701432));
#5670 = CARTESIAN_POINT('',(0.484281525506,-10.09827899472,
    12.92558246887));
#5671 = CARTESIAN_POINT('',(6.545779589185,-8.877874595936,
    13.18012792342));
#5672 = CARTESIAN_POINT('',(11.085843714218,-3.701429245726,
    13.434673377933));
#5673 = CARTESIAN_POINT('',(11.120807326049,3.595018057555,
    13.689218832549));
#5674 = CARTESIAN_POINT('',(6.630560083836,8.814735405666,
    13.943764287003));
#5675 = CARTESIAN_POINT('',(0.581036183584,10.093174140283,
    14.198309741627));
#5676 = CARTESIAN_POINT('',(-4.386387549461,7.903652205662,
    14.452855196127));
#5677 = CARTESIAN_POINT('',(-6.881113977067,3.974334625521,
    14.707400650689));
#5678 = CARTESIAN_POINT('',(-6.900000000099,3.306384189611E-02,
    14.961946105232));
#5679 = DEFINITIONAL_REPRESENTATION('',(#5680),#5683);
#5680 = B_SPLINE_CURVE_WITH_KNOTS('',1,(#5681,#5682),.UNSPECIFIED.,.F.,
  .F.,(2,2),(-0.866025403784,-0.),.PIECEWISE_BEZIER_KNOTS.);
#5681 = CARTESIAN_POINT('',(-0.866025403784,0.));
#5682 = CARTESIAN_POINT('',(0.,0.));
#5683 = ( GEOMETRIC_REPRESENTATION_CONTEXT(2) 
PARAMETRIC_REPRESENTATION_CONTEXT() REPRESENTATION_CONTEXT('2D SPACE',''
  ) );
#5684 = ADVANCED_FACE('',(#5685),#4105,.F.);
#5685 = FACE_BOUND('',#5686,.F.);
#5686 = EDGE_LOOP('',(#5687,#5688,#5689));
#5687 = ORIENTED_EDGE('',*,*,#5302,.F.);
#5688 = ORIENTED_EDGE('',*,*,#4081,.F.);
#5689 = ORIENTED_EDGE('',*,*,#5690,.T.);
#5690 = EDGE_CURVE('',#4053,#5303,#5691,.T.);
#5691 = SURFACE_CURVE('',#5692,(#5703,#5717),.PCURVE_S1.);
#5692 = B_SPLINE_CURVE_WITH_KNOTS('',5,(#5693,#5694,#5695,#5696,#5697,
    #5698,#5699,#5700,#5701,#5702),.UNSPECIFIED.,.F.,.F.,(6,4,6),(0.,
    0.523873740992,1.),.UNSPECIFIED.);
#5693 = CARTESIAN_POINT('',(-5.723890876715,3.853190007184,9.0999994));
#5694 = CARTESIAN_POINT('',(-5.961156152785,3.50073384823,9.127438164079
    ));
#5695 = CARTESIAN_POINT('',(-6.171298072911,3.130005907077,
    9.154877271535));
#5696 = CARTESIAN_POINT('',(-6.352426695644,2.743817010293,
    9.182314987643));
#5697 = CARTESIAN_POINT('',(-6.503117017375,2.345205528828,
    9.209754950751));
#5698 = CARTESIAN_POINT('',(-6.73084217421,1.566804658583,9.262135092888
    ));
#5699 = CARTESIAN_POINT('',(-6.813343066279,1.188595864953,
    9.287076196876));
#5700 = CARTESIAN_POINT('',(-6.869206867,0.805232905419,9.312017695519)
  );
#5701 = CARTESIAN_POINT('',(-6.898070572754,0.419208549608,
    9.336960987509));
#5702 = CARTESIAN_POINT('',(-6.899920794998,3.306089464105E-02,
    9.361900471218));
#5703 = PCURVE('',#4105,#5704);
#5704 = DEFINITIONAL_REPRESENTATION('',(#5705),#5716);
#5705 = B_SPLINE_CURVE_WITH_KNOTS('',5,(#5706,#5707,#5708,#5709,#5710,
    #5711,#5712,#5713,#5714,#5715),.UNSPECIFIED.,.F.,.F.,(6,4,6),(0.,
    0.523873740992,1.),.UNSPECIFIED.);
#5706 = CARTESIAN_POINT('',(-9.159999010042E-05,6.235418870449));
#5707 = CARTESIAN_POINT('',(-9.475944174901E-05,6.302832323244));
#5708 = CARTESIAN_POINT('',(-9.863214337463E-05,6.370247493931));
#5709 = CARTESIAN_POINT('',(-1.027502033321E-04,6.437659547217));
#5710 = CARTESIAN_POINT('',(-1.051556552253E-04,6.505075021438));
#5711 = CARTESIAN_POINT('',(-1.049250032484E-04,6.633758500358));
#5712 = CARTESIAN_POINT('',(-1.027232456454E-04,6.695029309858));
#5713 = CARTESIAN_POINT('',(-9.813709665034E-05,6.756298166104));
#5714 = CARTESIAN_POINT('',(-9.145809437538E-05,6.817568862676));
#5715 = CARTESIAN_POINT('',(-9.145817687136E-05,6.878838390627));
#5716 = ( GEOMETRIC_REPRESENTATION_CONTEXT(2) 
PARAMETRIC_REPRESENTATION_CONTEXT() REPRESENTATION_CONTEXT('2D SPACE',''
  ) );
#5717 = PCURVE('',#4069,#5718);
#5718 = DEFINITIONAL_REPRESENTATION('',(#5719),#5730);
#5719 = B_SPLINE_CURVE_WITH_KNOTS('',5,(#5720,#5721,#5722,#5723,#5724,
    #5725,#5726,#5727,#5728,#5729),.UNSPECIFIED.,.F.,.F.,(6,4,6),(0.,
    0.523873740992,1.),.UNSPECIFIED.);
#5720 = CARTESIAN_POINT('',(2.549096630989,3.0999994));
#5721 = CARTESIAN_POINT('',(2.610672954944,3.127438164079));
#5722 = CARTESIAN_POINT('',(2.672250847443,3.154877271535));
#5723 = CARTESIAN_POINT('',(2.733825794375,3.182314987643));
#5724 = CARTESIAN_POINT('',(2.795403662382,3.209754950751));
#5725 = CARTESIAN_POINT('',(2.912943974134,3.262135092888));
#5726 = CARTESIAN_POINT('',(2.968909008572,3.287076196876));
#5727 = CARTESIAN_POINT('',(3.024872165551,3.312017695519));
#5728 = CARTESIAN_POINT('',(3.080837130583,3.336960987509));
#5729 = CARTESIAN_POINT('',(3.13680120125,3.361900471218));
#5730 = ( GEOMETRIC_REPRESENTATION_CONTEXT(2) 
PARAMETRIC_REPRESENTATION_CONTEXT() REPRESENTATION_CONTEXT('2D SPACE',''
  ) );
#5731 = ADVANCED_FACE('',(#5732),#4069,.T.);
#5732 = FACE_BOUND('',#5733,.T.);
#5733 = EDGE_LOOP('',(#5734,#5922,#5923,#5924,#5925));
#5734 = ORIENTED_EDGE('',*,*,#5735,.F.);
#5735 = EDGE_CURVE('',#3960,#5736,#5738,.T.);
#5736 = VERTEX_POINT('',#5737);
#5737 = CARTESIAN_POINT('',(6.9,-1.690012582823E-15,11.135964304801));
#5738 = SURFACE_CURVE('',#5739,(#5798,#5860),.PCURVE_S1.);
#5739 = B_SPLINE_CURVE_WITH_KNOTS('',8,(#5740,#5741,#5742,#5743,#5744,
    #5745,#5746,#5747,#5748,#5749,#5750,#5751,#5752,#5753,#5754,#5755,
    #5756,#5757,#5758,#5759,#5760,#5761,#5762,#5763,#5764,#5765,#5766,
    #5767,#5768,#5769,#5770,#5771,#5772,#5773,#5774,#5775,#5776,#5777,
    #5778,#5779,#5780,#5781,#5782,#5783,#5784,#5785,#5786,#5787,#5788,
    #5789,#5790,#5791,#5792,#5793,#5794,#5795,#5796,#5797),
  .UNSPECIFIED.,.F.,.F.,(9,7,7,7,7,7,7,7,9),(0.,0.141406961445,
    0.314677308312,0.487020339356,0.633729797878,0.702461406736,
    0.82032503431,0.938302679585,1.),.UNSPECIFIED.);
#5740 = CARTESIAN_POINT('',(-0.988083041014,6.82888657865,9.0999994));
#5741 = CARTESIAN_POINT('',(-1.539483369415,6.74910354132,9.135982160878
    ));
#5742 = CARTESIAN_POINT('',(-2.083678858747,6.618413629331,
    9.171975133315));
#5743 = CARTESIAN_POINT('',(-2.614944578368,6.437597359998,
    9.207963907182));
#5744 = CARTESIAN_POINT('',(-3.127913817913,6.208217131576,
    9.243947337257));
#5745 = CARTESIAN_POINT('',(-3.617519528698,5.932465527883,
    9.279930866611));
#5746 = CARTESIAN_POINT('',(-4.078984297735,5.613109965095,
    9.315919878984));
#5747 = CARTESIAN_POINT('',(-4.507858854373,5.253533680741,
    9.351913080156));
#5748 = CARTESIAN_POINT('',(-5.380745544126,4.373057809318,
    9.431986786528));
#5749 = CARTESIAN_POINT('',(-5.806869049251,3.833585258369,
    9.476105294193));
#5750 = CARTESIAN_POINT('',(-6.170709917406,3.247048863878,
    9.520207715623));
#5751 = CARTESIAN_POINT('',(-6.466441456565,2.621974081572,
    9.564298295944));
#5752 = CARTESIAN_POINT('',(-6.689552572965,1.967453566755,
    9.608388773962));
#5753 = CARTESIAN_POINT('',(-6.836947931763,1.293154108017,
    9.652490970946));
#5754 = CARTESIAN_POINT('',(-6.906871210859,0.609251433997,9.69660931551
    ));
#5755 = CARTESIAN_POINT('',(-6.892386956085,-0.752385605091,
    9.784555115672));
#5756 = CARTESIAN_POINT('',(-6.808794272453,-1.430989601759,
    9.828438098024));
#5757 = CARTESIAN_POINT('',(-6.648779043815,-2.098522938185,
    9.872306739427));
#5758 = CARTESIAN_POINT('',(-6.414269498712,-2.745010002697,
    9.916164789749));
#5759 = CARTESIAN_POINT('',(-6.10849736723,-3.360999974642,
    9.960022806224));
#5760 = CARTESIAN_POINT('',(-5.736068422925,-3.937630007036,
    10.003891360348));
#5761 = CARTESIAN_POINT('',(-5.302867623537,-4.46661806844,
    10.047774290635));
#5762 = CARTESIAN_POINT('',(-4.40276833434,-5.344132711206,
    10.128961358359));
#5763 = CARTESIAN_POINT('',(-3.950108477165,-5.708144977412,
    10.166305336251));
#5764 = CARTESIAN_POINT('',(-3.463270787755,-6.028104495553,
    10.203642583994));
#5765 = CARTESIAN_POINT('',(-2.947318515678,-6.300343141603,
    10.240974089977));
#5766 = CARTESIAN_POINT('',(-2.407666194638,-6.521919342835,
    10.278305652951));
#5767 = CARTESIAN_POINT('',(-1.850042031802,-6.690562060461,
    10.31564302608));
#5768 = CARTESIAN_POINT('',(-1.280506809917,-6.804735541531,
    10.352987081701));
#5769 = CARTESIAN_POINT('',(-0.43611932883,-6.891526221614,
    10.407808732969));
#5770 = CARTESIAN_POINT('',(-0.165490257502,-6.907132561281,
    10.425298684259));
#5771 = CARTESIAN_POINT('',(0.105746491073,-6.910590310078,
    10.442788559702));
#5772 = CARTESIAN_POINT('',(0.376954101495,-6.901875034346,
    10.460278313749));
#5773 = CARTESIAN_POINT('',(0.647497687243,-6.881001923574,
    10.477768084776));
#5774 = CARTESIAN_POINT('',(0.91674448607,-6.848025025807,
    10.495258008594));
#5775 = CARTESIAN_POINT('',(1.1840641372,-6.803037985073,10.512748032915
    ));
#5776 = CARTESIAN_POINT('',(1.902858161099,-6.64866762585,
    10.560229748206));
#5777 = CARTESIAN_POINT('',(2.349450336119,-6.516223062631,
    10.59022573663));
#5778 = CARTESIAN_POINT('',(2.785373858224,-6.349519861193,
    10.620219707628));
#5779 = CARTESIAN_POINT('',(3.207569901524,-6.149590073765,
    10.65021115041));
#5780 = CARTESIAN_POINT('',(3.613131739411,-5.917768943552,
    10.680202400125));
#5781 = CARTESIAN_POINT('',(3.999300984179,-5.655676064543,
    10.71019592203));
#5782 = CARTESIAN_POINT('',(4.363480848269,-5.365229292375,
    10.74019151355));
#5783 = CARTESIAN_POINT('',(5.043380704279,-4.73184731093,
    10.800204348141));
#5784 = CARTESIAN_POINT('',(5.359148264544,-4.38877330198,
    10.830229820887));
#5785 = CARTESIAN_POINT('',(5.648134698758,-4.021714687467,
    10.860254006079));
#5786 = CARTESIAN_POINT('',(5.908237396712,-3.633133515612,
    10.890276635482));
#5787 = CARTESIAN_POINT('',(6.13764098217,-3.225674737067,
    10.920299834451));
#5788 = CARTESIAN_POINT('',(6.334804327903,-2.802151857609,
    10.950325283356));
#5789 = CARTESIAN_POINT('',(6.49847915077,-2.365552081255,
    10.980351714955));
#5790 = CARTESIAN_POINT('',(6.695368702708,-1.685564956427,
    11.026072478614));
#5791 = CARTESIAN_POINT('',(6.753576542432,-1.449344366318,
    11.041772019165));
#5792 = CARTESIAN_POINT('',(6.802255037862,-1.210844269151,
    11.057471103128));
#5793 = CARTESIAN_POINT('',(6.84130115209,-0.97051374866,11.073169690493
    ));
#5794 = CARTESIAN_POINT('',(6.870637512441,-0.728805721456,
    11.088867933797));
#5795 = CARTESIAN_POINT('',(6.890212443472,-0.486176781843,
    11.104566144405));
#5796 = CARTESIAN_POINT('',(6.899999999979,-0.243087046639,
    11.120264758786));
#5797 = CARTESIAN_POINT('',(6.9,-1.7763568394E-15,11.135964304801));
#5798 = PCURVE('',#4069,#5799);
#5799 = DEFINITIONAL_REPRESENTATION('',(#5800),#5859);
#5800 = B_SPLINE_CURVE_WITH_KNOTS('',8,(#5801,#5802,#5803,#5804,#5805,
    #5806,#5807,#5808,#5809,#5810,#5811,#5812,#5813,#5814,#5815,#5816,
    #5817,#5818,#5819,#5820,#5821,#5822,#5823,#5824,#5825,#5826,#5827,
    #5828,#5829,#5830,#5831,#5832,#5833,#5834,#5835,#5836,#5837,#5838,
    #5839,#5840,#5841,#5842,#5843,#5844,#5845,#5846,#5847,#5848,#5849,
    #5850,#5851,#5852,#5853,#5854,#5855,#5856,#5857,#5858),
  .UNSPECIFIED.,.F.,.F.,(9,7,7,7,7,7,7,7,9),(0.,0.141406961445,
    0.314677308312,0.487020339356,0.633729797878,0.702461406736,
    0.82032503431,0.938302679585,1.),.UNSPECIFIED.);
#5801 = CARTESIAN_POINT('',(1.714490759846,3.0999994));
#5802 = CARTESIAN_POINT('',(1.795236035381,3.135982160878));
#5803 = CARTESIAN_POINT('',(1.876003839348,3.171975133315));
#5804 = CARTESIAN_POINT('',(1.956761596331,3.207963907182));
#5805 = CARTESIAN_POINT('',(2.037506808143,3.243947337257));
#5806 = CARTESIAN_POINT('',(2.118252016164,3.279930866611));
#5807 = CARTESIAN_POINT('',(2.199009763234,3.315919878984));
#5808 = CARTESIAN_POINT('',(2.279777555134,3.351913080156));
#5809 = CARTESIAN_POINT('',(2.459462507395,3.431986786528));
#5810 = CARTESIAN_POINT('',(2.558465333542,3.476105294193));
#5811 = CARTESIAN_POINT('',(2.657433460526,3.520207715623));
#5812 = CARTESIAN_POINT('',(2.756376209459,3.564298295944));
#5813 = CARTESIAN_POINT('',(2.855318966056,3.608388773962));
#5814 = CARTESIAN_POINT('',(2.954287094209,3.652490970946));
#5815 = CARTESIAN_POINT('',(3.05328994767,3.69660931551));
#5816 = CARTESIAN_POINT('',(3.250639813494,3.784555115672));
#5817 = CARTESIAN_POINT('',(3.349111444083,3.828438098024));
#5818 = CARTESIAN_POINT('',(3.447549332939,3.872306739427));
#5819 = CARTESIAN_POINT('',(3.545962400141,3.916164789749));
#5820 = CARTESIAN_POINT('',(3.64437547065,3.960022806224));
#5821 = CARTESIAN_POINT('',(3.742813345173,4.003891360348));
#5822 = CARTESIAN_POINT('',(3.841284995203,4.047774290635));
#5823 = CARTESIAN_POINT('',(4.023468228491,4.128961358359));
#5824 = CARTESIAN_POINT('',(4.107268841656,4.166305336251));
#5825 = CARTESIAN_POINT('',(4.191055227416,4.203642583994));
#5826 = CARTESIAN_POINT('',(4.274829224765,4.240974089977));
#5827 = CARTESIAN_POINT('',(4.358603223536,4.278305652951));
#5828 = CARTESIAN_POINT('',(4.442389614578,4.31564302608));
#5829 = CARTESIAN_POINT('',(4.526190237195,4.352987081701));
#5830 = CARTESIAN_POINT('',(4.64920997171,4.407808732969));
#5831 = CARTESIAN_POINT('',(4.688457275303,4.425298684259));
#5832 = CARTESIAN_POINT('',(4.727704294823,4.442788559702));
#5833 = CARTESIAN_POINT('',(4.766950959554,4.460278313749));
#5834 = CARTESIAN_POINT('',(4.806197622849,4.477768084776));
#5835 = CARTESIAN_POINT('',(4.845444638304,4.495258008594));
#5836 = CARTESIAN_POINT('',(4.884691935938,4.512748032915));
#5837 = CARTESIAN_POINT('',(4.991240296666,4.560229748206));
#5838 = CARTESIAN_POINT('',(5.058551186608,4.59022573663));
#5839 = CARTESIAN_POINT('',(5.1258579951,4.620219707628));
#5840 = CARTESIAN_POINT('',(5.19315969882,4.65021115041));
#5841 = CARTESIAN_POINT('',(5.26046140564,4.680202400125));
#5842 = CARTESIAN_POINT('',(5.327768227298,4.71019592203));
#5843 = CARTESIAN_POINT('',(5.395079143299,4.74019151355));
#5844 = CARTESIAN_POINT('',(5.52974767447,4.800204348141));
#5845 = CARTESIAN_POINT('',(5.597123725503,4.830229820887));
#5846 = CARTESIAN_POINT('',(5.664495663327,4.860254006079));
#5847 = CARTESIAN_POINT('',(5.731862455917,4.890276635482));
#5848 = CARTESIAN_POINT('',(5.799229236597,4.920299834451));
#5849 = CARTESIAN_POINT('',(5.86660114844,4.950325283356));
#5850 = CARTESIAN_POINT('',(5.933977181518,4.980351714955));
#5851 = CARTESIAN_POINT('',(6.036574002414,5.026072478614));
#5852 = CARTESIAN_POINT('',(6.071804372204,5.041772019165));
#5853 = CARTESIAN_POINT('',(6.107034590652,5.057471103128));
#5854 = CARTESIAN_POINT('',(6.142264618983,5.073169690493));
#5855 = CARTESIAN_POINT('',(6.177494657599,5.088867933797));
#5856 = CARTESIAN_POINT('',(6.212724902286,5.104566144405));
#5857 = CARTESIAN_POINT('',(6.24795530042,5.120264758786));
#5858 = CARTESIAN_POINT('',(6.28318530718,5.135964304801));
#5859 = ( GEOMETRIC_REPRESENTATION_CONTEXT(2) 
PARAMETRIC_REPRESENTATION_CONTEXT() REPRESENTATION_CONTEXT('2D SPACE',''
  ) );
#5860 = PCURVE('',#4005,#5861);
#5861 = DEFINITIONAL_REPRESENTATION('',(#5862),#5921);
#5862 = B_SPLINE_CURVE_WITH_KNOTS('',8,(#5863,#5864,#5865,#5866,#5867,
    #5868,#5869,#5870,#5871,#5872,#5873,#5874,#5875,#5876,#5877,#5878,
    #5879,#5880,#5881,#5882,#5883,#5884,#5885,#5886,#5887,#5888,#5889,
    #5890,#5891,#5892,#5893,#5894,#5895,#5896,#5897,#5898,#5899,#5900,
    #5901,#5902,#5903,#5904,#5905,#5906,#5907,#5908,#5909,#5910,#5911,
    #5912,#5913,#5914,#5915,#5916,#5917,#5918,#5919,#5920),
  .UNSPECIFIED.,.F.,.F.,(9,7,7,7,7,7,7,7,9),(0.,0.141406961445,
    0.314677308312,0.487020339356,0.633729797878,0.702461406736,
    0.82032503431,0.938302679585,1.),.UNSPECIFIED.);
#5863 = CARTESIAN_POINT('',(-0.865934722098,1.871781696096));
#5864 = CARTESIAN_POINT('',(-0.86593463163,1.960181441246));
#5865 = CARTESIAN_POINT('',(-0.865934111313,2.048605746505));
#5866 = CARTESIAN_POINT('',(-0.865932998267,2.137019010445));
#5867 = CARTESIAN_POINT('',(-0.865931429087,2.22541858701));
#5868 = CARTESIAN_POINT('',(-0.865929750617,2.313818273506));
#5869 = CARTESIAN_POINT('',(-0.865928393237,2.402231823885));
#5870 = CARTESIAN_POINT('',(-0.865927706666,2.490656487288));
#5871 = CARTESIAN_POINT('',(-0.865927821507,2.6873759443));
#5872 = CARTESIAN_POINT('',(-0.865929003139,2.795764565708));
#5873 = CARTESIAN_POINT('',(-0.865931481299,2.90411525691));
#5874 = CARTESIAN_POINT('',(-0.865934988222,3.012438118793));
#5875 = CARTESIAN_POINT('',(-0.865938599031,3.120760856695));
#5876 = CARTESIAN_POINT('',(-0.865941289873,3.229111257199));
#5877 = CARTESIAN_POINT('',(-0.86594259073,3.33749962406));
#5878 = CARTESIAN_POINT('',(-0.8659424493,3.553558360138));
#5879 = CARTESIAN_POINT('',(-0.86594102158,3.661365161345));
#5880 = CARTESIAN_POINT('',(-0.865938254935,3.769135089474));
#5881 = CARTESIAN_POINT('',(-0.865934645737,3.876877965387));
#5882 = CARTESIAN_POINT('',(-0.865931210079,3.984620970876));
#5883 = CARTESIAN_POINT('',(-0.865928832052,4.092391160954));
#5884 = CARTESIAN_POINT('',(-0.865927746269,4.200198253401));
#5885 = CARTESIAN_POINT('',(-0.865927764804,4.399652818365));
#5886 = CARTESIAN_POINT('',(-0.865928567199,4.491397797942));
#5887 = CARTESIAN_POINT('',(-0.865930041919,4.583127067517));
#5888 = CARTESIAN_POINT('',(-0.865931836855,4.674842623675));
#5889 = CARTESIAN_POINT('',(-0.865933426236,4.76655806787));
#5890 = CARTESIAN_POINT('',(-0.86593441631,4.858287051401));
#5891 = CARTESIAN_POINT('',(-0.865934783563,4.950031688538));
#5892 = CARTESIAN_POINT('',(-0.865934703833,5.084713476293));
#5893 = CARTESIAN_POINT('',(-0.865934585968,5.127681384808));
#5894 = CARTESIAN_POINT('',(-0.865934396242,5.170649018899));
#5895 = CARTESIAN_POINT('',(-0.865934166992,5.213616306304));
#5896 = CARTESIAN_POINT('',(-0.86593393863,5.256583636514));
#5897 = CARTESIAN_POINT('',(-0.865933754381,5.299551396161));
#5898 = CARTESIAN_POINT('',(-0.865933653467,5.342519504872));
#5899 = CARTESIAN_POINT('',(-0.865933678603,5.459169194969));
#5900 = CARTESIAN_POINT('',(-0.865934020836,5.53286159903));
#5901 = CARTESIAN_POINT('',(-0.865934815576,5.606549601511));
#5902 = CARTESIAN_POINT('',(-0.865936120961,5.680232018808));
#5903 = CARTESIAN_POINT('',(-0.865937757032,5.75391436715));
#5904 = CARTESIAN_POINT('',(-0.865939293707,5.827602175805));
#5905 = CARTESIAN_POINT('',(-0.865940196814,5.901294292305));
#5906 = CARTESIAN_POINT('',(-0.865940067489,6.048729344676));
#5907 = CARTESIAN_POINT('',(-0.865939007218,6.122492464493));
#5908 = CARTESIAN_POINT('',(-0.865936738094,6.196250939316));
#5909 = CARTESIAN_POINT('',(-0.865932934289,6.270003710759));
#5910 = CARTESIAN_POINT('',(-0.865928013754,6.343756512576));
#5911 = CARTESIAN_POINT('',(-0.865923298015,6.417515092911));
#5912 = CARTESIAN_POINT('',(-0.865920475416,6.49127840809));
#5913 = CARTESIAN_POINT('',(-0.865920311555,6.603601687336));
#5914 = CARTESIAN_POINT('',(-0.86592099629,6.642172032109));
#5915 = CARTESIAN_POINT('',(-0.865922495701,6.68074224744));
#5916 = CARTESIAN_POINT('',(-0.865924838123,6.719312271464));
#5917 = CARTESIAN_POINT('',(-0.865927869076,6.757882296912));
#5918 = CARTESIAN_POINT('',(-0.865931113798,6.796452512762));
#5919 = CARTESIAN_POINT('',(-0.865933639761,6.835022845878));
#5920 = CARTESIAN_POINT('',(-0.865933919209,6.873592702656));
#5921 = ( GEOMETRIC_REPRESENTATION_CONTEXT(2) 
PARAMETRIC_REPRESENTATION_CONTEXT() REPRESENTATION_CONTEXT('2D SPACE',''
  ) );
#5922 = ORIENTED_EDGE('',*,*,#4052,.T.);
#5923 = ORIENTED_EDGE('',*,*,#5690,.T.);
#5924 = ORIENTED_EDGE('',*,*,#5323,.T.);
#5925 = ORIENTED_EDGE('',*,*,#5926,.T.);
#5926 = EDGE_CURVE('',#5324,#5736,#5927,.T.);
#5927 = SURFACE_CURVE('',#5928,(#5932,#5939),.PCURVE_S1.);
#5928 = LINE('',#5929,#5930);
#5929 = CARTESIAN_POINT('',(6.9,-1.690012582823E-15,6.));
#5930 = VECTOR('',#5931,1.);
#5931 = DIRECTION('',(0.,0.,1.));
#5932 = PCURVE('',#4069,#5933);
#5933 = DEFINITIONAL_REPRESENTATION('',(#5934),#5938);
#5934 = LINE('',#5935,#5936);
#5935 = CARTESIAN_POINT('',(6.28318530718,-0.));
#5936 = VECTOR('',#5937,1.);
#5937 = DIRECTION('',(0.,1.));
#5938 = ( GEOMETRIC_REPRESENTATION_CONTEXT(2) 
PARAMETRIC_REPRESENTATION_CONTEXT() REPRESENTATION_CONTEXT('2D SPACE',''
  ) );
#5939 = PCURVE('',#5588,#5940);
#5940 = DEFINITIONAL_REPRESENTATION('',(#5941),#5945);
#5941 = LINE('',#5942,#5943);
#5942 = CARTESIAN_POINT('',(0.,-0.));
#5943 = VECTOR('',#5944,1.);
#5944 = DIRECTION('',(0.,1.));
#5945 = ( GEOMETRIC_REPRESENTATION_CONTEXT(2) 
PARAMETRIC_REPRESENTATION_CONTEXT() REPRESENTATION_CONTEXT('2D SPACE',''
  ) );
#5946 = ADVANCED_FACE('',(#5947),#4005,.F.);
#5947 = FACE_BOUND('',#5948,.F.);
#5948 = EDGE_LOOP('',(#5949,#5995,#6022,#6023,#6024));
#5949 = ORIENTED_EDGE('',*,*,#5950,.F.);
#5950 = EDGE_CURVE('',#5951,#4803,#5953,.T.);
#5951 = VERTEX_POINT('',#5952);
#5952 = CARTESIAN_POINT('',(6.899920794998,3.306089464855E-02,
    11.138099528665));
#5953 = SURFACE_CURVE('',#5954,(#5957,#5964),.PCURVE_S1.);
#5954 = B_SPLINE_CURVE_WITH_KNOTS('',1,(#5955,#5956),.UNSPECIFIED.,.F.,
  .F.,(2,2),(-0.866025403784,-0.),.PIECEWISE_BEZIER_KNOTS.);
#5955 = CARTESIAN_POINT('',(6.899999999899,3.306384189619E-02,
    11.138053894768));
#5956 = CARTESIAN_POINT('',(6.149999999984,5.156027008664E-03,
    11.570166326892));
#5957 = PCURVE('',#4005,#5958);
#5958 = DEFINITIONAL_REPRESENTATION('',(#5959),#5963);
#5959 = LINE('',#5960,#5961);
#5960 = CARTESIAN_POINT('',(0.,6.878838390627));
#5961 = VECTOR('',#5962,1.);
#5962 = DIRECTION('',(1.,0.));
#5963 = ( GEOMETRIC_REPRESENTATION_CONTEXT(2) 
PARAMETRIC_REPRESENTATION_CONTEXT() REPRESENTATION_CONTEXT('2D SPACE',''
  ) );
#5964 = PCURVE('',#5965,#5990);
#5965 = B_SPLINE_SURFACE_WITH_KNOTS('',1,11,(
    (#5966,#5967,#5968,#5969,#5970,#5971,#5972,#5973,#5974,#5975,#5976
      ,#5977)
    ,(#5978,#5979,#5980,#5981,#5982,#5983,#5984,#5985,#5986,#5987,#5988
      ,#5989
    )),.UNSPECIFIED.,.F.,.F.,.F.,(2,2),(12,12),(-0.866025403784,-0.),(0.
    ,6.878838390627),.PIECEWISE_BEZIER_KNOTS.);
#5966 = CARTESIAN_POINT('',(6.9,3.306384189622E-02,11.138053894768));
#5967 = CARTESIAN_POINT('',(6.881113976952,3.974334625462,
    11.392599349311));
#5968 = CARTESIAN_POINT('',(4.386387549437,7.903652205548,
    11.647144803873));
#5969 = CARTESIAN_POINT('',(-0.581036183649,10.093174140132,
    11.901690258372));
#5970 = CARTESIAN_POINT('',(-6.630560083672,8.814735405532,12.156235713)
  );
#5971 = CARTESIAN_POINT('',(-11.12080732589,3.595018057516,
    12.410781167444));
#5972 = CARTESIAN_POINT('',(-11.08584371413,-3.701429245695,
    12.665326622079));
#5973 = CARTESIAN_POINT('',(-6.545779588961,-8.877874595783,
    12.919872076569));
#5974 = CARTESIAN_POINT('',(-0.484281525603,-10.09827899459,
    13.174417531137));
#5975 = CARTESIAN_POINT('',(4.461930776377,-7.861252292785,
    13.428962985677));
#5976 = CARTESIAN_POINT('',(6.918886022933,-3.90820694167,
    13.683508440223));
#5977 = CARTESIAN_POINT('',(6.899999999901,3.306384189614E-02,
    13.938053894768));
#5978 = CARTESIAN_POINT('',(6.15,5.156027018322E-03,11.570166326745));
#5979 = CARTESIAN_POINT('',(6.147054884143,3.518027803557,
    11.824711781775));
#5980 = CARTESIAN_POINT('',(3.937382133081,7.028969963556,
    12.079257234494));
#5981 = CARTESIAN_POINT('',(-0.48230518881,8.997966812709,
    12.333802693733));
#5982 = CARTESIAN_POINT('',(-5.87867482105,7.879827374282,
    12.588348139578));
#5983 = CARTESIAN_POINT('',(-9.899168451142,3.243380257256,
    12.842893606335));
#5984 = CARTESIAN_POINT('',(-9.89371617108,-3.259974183723,
    13.097439047369));
#5985 = CARTESIAN_POINT('',(-5.865454018613,-7.889673397947,
    13.351984513914));
#5986 = CARTESIAN_POINT('',(-0.467217116716,-8.998762871686,
    13.606529960035));
#5987 = CARTESIAN_POINT('',(3.949162461578,-7.022358055097,
    13.861075419077));
#5988 = CARTESIAN_POINT('',(6.152945115835,-3.507715749533,
    14.115620871884));
#5989 = CARTESIAN_POINT('',(6.149999999985,5.156027008807E-03,
    14.37016632689));
#5990 = DEFINITIONAL_REPRESENTATION('',(#5991),#5994);
#5991 = B_SPLINE_CURVE_WITH_KNOTS('',1,(#5992,#5993),.UNSPECIFIED.,.F.,
  .F.,(2,2),(-0.866025403784,-0.),.PIECEWISE_BEZIER_KNOTS.);
#5992 = CARTESIAN_POINT('',(-0.866025403784,0.));
#5993 = CARTESIAN_POINT('',(0.,0.));
#5994 = ( GEOMETRIC_REPRESENTATION_CONTEXT(2) 
PARAMETRIC_REPRESENTATION_CONTEXT() REPRESENTATION_CONTEXT('2D SPACE',''
  ) );
#5995 = ORIENTED_EDGE('',*,*,#5996,.F.);
#5996 = EDGE_CURVE('',#5736,#5951,#5997,.T.);
#5997 = SURFACE_CURVE('',#5998,(#6004,#6013),.PCURVE_S1.);
#5998 = B_SPLINE_CURVE_WITH_KNOTS('',3,(#5999,#6000,#6001,#6002,#6003),
  .UNSPECIFIED.,.F.,.F.,(4,1,4),(0.,0.502952786041,1.),.UNSPECIFIED.);
#5999 = CARTESIAN_POINT('',(6.9,-9.098624631498E-16,11.135964304801));
#6000 = CARTESIAN_POINT('',(6.9,5.542709718208E-03,11.136322275443));
#6001 = CARTESIAN_POINT('',(6.899986721178,1.656305176732E-02,
    11.137034015274));
#6002 = CARTESIAN_POINT('',(6.899947040691,2.758332948677E-02,
    11.13774575817));
#6003 = CARTESIAN_POINT('',(6.899920794998,3.306089464865E-02,
    11.138099528665));
#6004 = PCURVE('',#4005,#6005);
#6005 = DEFINITIONAL_REPRESENTATION('',(#6006),#6012);
#6006 = B_SPLINE_CURVE_WITH_KNOTS('',3,(#6007,#6008,#6009,#6010,#6011),
  .UNSPECIFIED.,.F.,.F.,(4,1,4),(0.,0.502952786041,1.),.UNSPECIFIED.);
#6007 = CARTESIAN_POINT('',(-0.865933926613,6.873592702809));
#6008 = CARTESIAN_POINT('',(-0.865933932985,6.874472147118));
#6009 = CARTESIAN_POINT('',(-0.86593394258,6.876220710049));
#6010 = CARTESIAN_POINT('',(-0.865933945841,6.877969272745));
#6011 = CARTESIAN_POINT('',(-0.865933945842,6.878838390627));
#6012 = ( GEOMETRIC_REPRESENTATION_CONTEXT(2) 
PARAMETRIC_REPRESENTATION_CONTEXT() REPRESENTATION_CONTEXT('2D SPACE',''
  ) );
#6013 = PCURVE('',#5588,#6014);
#6014 = DEFINITIONAL_REPRESENTATION('',(#6015),#6021);
#6015 = B_SPLINE_CURVE_WITH_KNOTS('',3,(#6016,#6017,#6018,#6019,#6020),
  .UNSPECIFIED.,.F.,.F.,(4,1,4),(0.,0.502952786041,1.),.UNSPECIFIED.);
#6016 = CARTESIAN_POINT('',(0.,5.135964304801));
#6017 = CARTESIAN_POINT('',(8.032912635085E-04,5.136322275443));
#6018 = CARTESIAN_POINT('',(2.400442285118E-03,5.137034015274));
#6019 = CARTESIAN_POINT('',(3.997593204577E-03,5.13774575817));
#6020 = CARTESIAN_POINT('',(4.791452340736E-03,5.138099528665));
#6021 = ( GEOMETRIC_REPRESENTATION_CONTEXT(2) 
PARAMETRIC_REPRESENTATION_CONTEXT() REPRESENTATION_CONTEXT('2D SPACE',''
  ) );
#6022 = ORIENTED_EDGE('',*,*,#5735,.F.);
#6023 = ORIENTED_EDGE('',*,*,#3959,.F.);
#6024 = ORIENTED_EDGE('',*,*,#4802,.T.);
#6025 = ADVANCED_FACE('',(#6026),#4395,.F.);
#6026 = FACE_BOUND('',#6027,.F.);
#6027 = EDGE_LOOP('',(#6028,#6029,#6030,#6061,#6097));
#6028 = ORIENTED_EDGE('',*,*,#4653,.F.);
#6029 = ORIENTED_EDGE('',*,*,#4378,.T.);
#6030 = ORIENTED_EDGE('',*,*,#6031,.T.);
#6031 = EDGE_CURVE('',#4381,#6032,#6034,.T.);
#6032 = VERTEX_POINT('',#6033);
#6033 = CARTESIAN_POINT('',(-6.149999999984,-5.156027008814E-03,
    14.37016632689));
#6034 = SURFACE_CURVE('',#6035,(#6048,#6055),.PCURVE_S1.);
#6035 = B_SPLINE_CURVE_WITH_KNOTS('',11,(#6036,#6037,#6038,#6039,#6040,
    #6041,#6042,#6043,#6044,#6045,#6046,#6047),.UNSPECIFIED.,.F.,.F.,(12
    ,12),(0.,6.878838390627),.PIECEWISE_BEZIER_KNOTS.);
#6036 = CARTESIAN_POINT('',(-6.15,-5.156027018326E-03,11.570166326745));
#6037 = CARTESIAN_POINT('',(-6.147054884143,-3.518027803556,
    11.824711781775));
#6038 = CARTESIAN_POINT('',(-3.937382133081,-7.028969963557,
    12.079257234494));
#6039 = CARTESIAN_POINT('',(0.48230518881,-8.997966812708,
    12.333802693733));
#6040 = CARTESIAN_POINT('',(5.87867482105,-7.879827374282,
    12.588348139578));
#6041 = CARTESIAN_POINT('',(9.899168451142,-3.243380257255,
    12.842893606335));
#6042 = CARTESIAN_POINT('',(9.89371617108,3.259974183722,13.097439047369
    ));
#6043 = CARTESIAN_POINT('',(5.865454018614,7.889673397947,
    13.351984513914));
#6044 = CARTESIAN_POINT('',(0.467217116716,8.998762871686,
    13.606529960035));
#6045 = CARTESIAN_POINT('',(-3.949162461578,7.022358055097,
    13.861075419077));
#6046 = CARTESIAN_POINT('',(-6.152945115835,3.507715749533,
    14.115620871884));
#6047 = CARTESIAN_POINT('',(-6.149999999985,-5.156027008803E-03,
    14.37016632689));
#6048 = PCURVE('',#4395,#6049);
#6049 = DEFINITIONAL_REPRESENTATION('',(#6050),#6054);
#6050 = LINE('',#6051,#6052);
#6051 = CARTESIAN_POINT('',(-0.,0.));
#6052 = VECTOR('',#6053,1.);
#6053 = DIRECTION('',(0.,1.));
#6054 = ( GEOMETRIC_REPRESENTATION_CONTEXT(2) 
PARAMETRIC_REPRESENTATION_CONTEXT() REPRESENTATION_CONTEXT('2D SPACE',''
  ) );
#6055 = PCURVE('',#5268,#6056);
#6056 = DEFINITIONAL_REPRESENTATION('',(#6057),#6060);
#6057 = B_SPLINE_CURVE_WITH_KNOTS('',1,(#6058,#6059),.UNSPECIFIED.,.F.,
  .F.,(2,2),(0.,6.878838390627),.PIECEWISE_BEZIER_KNOTS.);
#6058 = CARTESIAN_POINT('',(-0.16,0.));
#6059 = CARTESIAN_POINT('',(-0.16,6.878838390627));
#6060 = ( GEOMETRIC_REPRESENTATION_CONTEXT(2) 
PARAMETRIC_REPRESENTATION_CONTEXT() REPRESENTATION_CONTEXT('2D SPACE',''
  ) );
#6061 = ORIENTED_EDGE('',*,*,#6062,.F.);
#6062 = EDGE_CURVE('',#6063,#6032,#6065,.T.);
#6063 = VERTEX_POINT('',#6064);
#6064 = CARTESIAN_POINT('',(-6.899920794998,-3.306089464846E-02,
    13.938099528666));
#6065 = SURFACE_CURVE('',#6066,(#6069,#6076),.PCURVE_S1.);
#6066 = B_SPLINE_CURVE_WITH_KNOTS('',1,(#6067,#6068),.UNSPECIFIED.,.F.,
  .F.,(2,2),(-0.866025403784,-0.),.PIECEWISE_BEZIER_KNOTS.);
#6067 = CARTESIAN_POINT('',(-6.899999999901,-3.306384189614E-02,
    13.938053894768));
#6068 = CARTESIAN_POINT('',(-6.149999999985,-5.156027008803E-03,
    14.37016632689));
#6069 = PCURVE('',#4395,#6070);
#6070 = DEFINITIONAL_REPRESENTATION('',(#6071),#6075);
#6071 = LINE('',#6072,#6073);
#6072 = CARTESIAN_POINT('',(0.,6.878838390627));
#6073 = VECTOR('',#6074,1.);
#6074 = DIRECTION('',(1.,0.));
#6075 = ( GEOMETRIC_REPRESENTATION_CONTEXT(2) 
PARAMETRIC_REPRESENTATION_CONTEXT() REPRESENTATION_CONTEXT('2D SPACE',''
  ) );
#6076 = PCURVE('',#6077,#6092);
#6077 = B_SPLINE_SURFACE_WITH_KNOTS('',1,6,(
    (#6078,#6079,#6080,#6081,#6082,#6083,#6084)
    ,(#6085,#6086,#6087,#6088,#6089,#6090,#6091
  )),.UNSPECIFIED.,.F.,.F.,.F.,(2,2),(7,7),(-0.866025403784,-0.),(0.,
    1.105527598494),.PIECEWISE_BEZIER_KNOTS.);
#6078 = CARTESIAN_POINT('',(-6.9,-3.306384189622E-02,13.938053894768));
#6079 = CARTESIAN_POINT('',(-6.894435348212,-1.194331125922,
    14.013053894741));
#6080 = CARTESIAN_POINT('',(-6.654341792676,-2.354474593471,
    14.088053894973));
#6081 = CARTESIAN_POINT('',(-6.179987047422,-3.454320115641,
    14.163053894441));
#6082 = CARTESIAN_POINT('',(-5.491667328611,-4.434569167357,
    14.238053894973));
#6083 = CARTESIAN_POINT('',(-4.629259054598,-5.246868275653,
    14.313053894741));
#6084 = CARTESIAN_POINT('',(-3.643025370198,-5.859987994832,
    14.388053894768));
#6085 = CARTESIAN_POINT('',(-6.15,-5.15602701832E-03,14.370166326745));
#6086 = CARTESIAN_POINT('',(-6.149132239531,-1.040198599787,
    14.445166355909));
#6087 = CARTESIAN_POINT('',(-5.939227777369,-2.075065997153,
    14.520166246057));
#6088 = CARTESIAN_POINT('',(-5.520316863269,-3.057015893805,
    14.595166330402));
#6089 = CARTESIAN_POINT('',(-4.910280286757,-3.933125064395,
    14.670166414914));
#6090 = CARTESIAN_POINT('',(-4.144488807661,-4.660155900538,
    14.745166304989));
#6091 = CARTESIAN_POINT('',(-3.267631537705,-5.210096996089,
    14.820166334162));
#6092 = DEFINITIONAL_REPRESENTATION('',(#6093),#6096);
#6093 = B_SPLINE_CURVE_WITH_KNOTS('',1,(#6094,#6095),.UNSPECIFIED.,.F.,
  .F.,(2,2),(-0.866025403784,-0.),.PIECEWISE_BEZIER_KNOTS.);
#6094 = CARTESIAN_POINT('',(-0.866025403784,0.));
#6095 = CARTESIAN_POINT('',(0.,0.));
#6096 = ( GEOMETRIC_REPRESENTATION_CONTEXT(2) 
PARAMETRIC_REPRESENTATION_CONTEXT() REPRESENTATION_CONTEXT('2D SPACE',''
  ) );
#6097 = ORIENTED_EDGE('',*,*,#6098,.F.);
#6098 = EDGE_CURVE('',#4626,#6063,#6099,.T.);
#6099 = SURFACE_CURVE('',#6100,(#6145,#6193),.PCURVE_S1.);
#6100 = B_SPLINE_CURVE_WITH_KNOTS('',8,(#6101,#6102,#6103,#6104,#6105,
    #6106,#6107,#6108,#6109,#6110,#6111,#6112,#6113,#6114,#6115,#6116,
    #6117,#6118,#6119,#6120,#6121,#6122,#6123,#6124,#6125,#6126,#6127,
    #6128,#6129,#6130,#6131,#6132,#6133,#6134,#6135,#6136,#6137,#6138,
    #6139,#6140,#6141,#6142,#6143,#6144),.UNSPECIFIED.,.F.,.F.,(9,7,7,7,
    7,7,9),(0.,0.252200892156,0.463890729396,0.565954027825,
    0.738210532212,0.910035160303,1.),.UNSPECIFIED.);
#6101 = CARTESIAN_POINT('',(6.9,-2.053912595557E-15,12.535960002586));
#6102 = CARTESIAN_POINT('',(6.9,0.684339742604,12.580157767134));
#6103 = CARTESIAN_POINT('',(6.822431224663,1.369120398549,
    12.624384661837));
#6104 = CARTESIAN_POINT('',(6.667119735065,2.043397026127,
    12.668596613909));
#6105 = CARTESIAN_POINT('',(6.435949348339,2.696939232505,
    12.712797628911));
#6106 = CARTESIAN_POINT('',(6.13214877951,3.320046313763,12.756998646937
    ));
#6107 = CARTESIAN_POINT('',(5.760369793553,3.903613735495,
    12.801210582548));
#6108 = CARTESIAN_POINT('',(5.326583605354,4.439124608291,
    12.845437551652));
#6109 = CARTESIAN_POINT('',(4.429215571452,5.321841841465,12.92673372697
    ));
#6110 = CARTESIAN_POINT('',(3.981259027262,5.685825101209,
    12.963843497264));
#6111 = CARTESIAN_POINT('',(3.499329624595,6.006486511014,
    13.000946741231));
#6112 = CARTESIAN_POINT('',(2.98837526934,6.280199411418,13.038044396673
    ));
#6113 = CARTESIAN_POINT('',(2.453691432867,6.504043852982,
    13.075142092118));
#6114 = CARTESIAN_POINT('',(1.900883901838,6.675752626692,
    13.112245438532));
#6115 = CARTESIAN_POINT('',(1.335887416214,6.793773268827,
    13.149355290101));
#6116 = CARTESIAN_POINT('',(0.489777922757,6.888164941521,
    13.204339800216));
#6117 = CARTESIAN_POINT('',(0.213126608159,6.90624553864,13.222226543342
    ));
#6118 = CARTESIAN_POINT('',(-6.425538476832E-02,6.911624324342,
    13.240113203487));
#6119 = CARTESIAN_POINT('',(-0.341686982448,6.904270276818,
    13.25799972769));
#6120 = CARTESIAN_POINT('',(-0.618489016813,6.884195726821,
    13.275886270274));
#6121 = CARTESIAN_POINT('',(-0.89398445255,6.851455475004,13.29377298426
    ));
#6122 = CARTESIAN_POINT('',(-1.167498689433,6.806147629128,
    13.311659813479));
#6123 = CARTESIAN_POINT('',(-1.895503818787,6.650980344096,
    13.359734033307));
#6124 = CARTESIAN_POINT('',(-2.345169540025,6.518139220951,
    13.389925887838));
#6125 = CARTESIAN_POINT('',(-2.784059276997,6.350578271446,
    13.420115662512));
#6126 = CARTESIAN_POINT('',(-3.209052907891,6.149347681945,
    13.450302830127));
#6127 = CARTESIAN_POINT('',(-3.617186381914,5.915808761485,
    13.480489801282));
#6128 = CARTESIAN_POINT('',(-4.005647802288,5.651614367383,
    13.510679119571));
#6129 = CARTESIAN_POINT('',(-4.371791225885,5.358723340364,
    13.540870573401));
#6130 = CARTESIAN_POINT('',(-5.053689243119,4.720975033185,
    13.601170189946));
#6131 = CARTESIAN_POINT('',(-5.369664384707,4.376159624095,
    13.631286772713));
#6132 = CARTESIAN_POINT('',(-5.65864089383,4.007273647653,
    13.661402045002));
#6133 = CARTESIAN_POINT('',(-5.918502727056,3.616806674861,
    13.691515731933));
#6134 = CARTESIAN_POINT('',(-6.147425040377,3.207432609801,
    13.721629983853));
#6135 = CARTESIAN_POINT('',(-6.343860928876,2.781995122151,
    13.751746497136));
#6136 = CARTESIAN_POINT('',(-6.506560373589,2.343512824438,
    13.781863983422));
#6137 = CARTESIAN_POINT('',(-6.701672256965,1.660476410703,
    13.827742188191));
#6138 = CARTESIAN_POINT('',(-6.759232813106,1.423035001296,
    13.843508194214));
#6139 = CARTESIAN_POINT('',(-6.807174369317,1.18333123401,
    13.859273737196));
#6140 = CARTESIAN_POINT('',(-6.84539431991,0.94182033834,13.875038780722
    ));
#6141 = CARTESIAN_POINT('',(-6.873816179057,0.698961333613,
    13.890803487733));
#6142 = CARTESIAN_POINT('',(-6.892389611626,0.455216857535,
    13.906568188108));
#6143 = CARTESIAN_POINT('',(-6.901090464016,0.211052994744,
    13.922333346249));
#6144 = CARTESIAN_POINT('',(-6.899920794998,-3.306089464857E-02,
    13.938099528666));
#6145 = PCURVE('',#4395,#6146);
#6146 = DEFINITIONAL_REPRESENTATION('',(#6147),#6192);
#6147 = B_SPLINE_CURVE_WITH_KNOTS('',8,(#6148,#6149,#6150,#6151,#6152,
    #6153,#6154,#6155,#6156,#6157,#6158,#6159,#6160,#6161,#6162,#6163,
    #6164,#6165,#6166,#6167,#6168,#6169,#6170,#6171,#6172,#6173,#6174,
    #6175,#6176,#6177,#6178,#6179,#6180,#6181,#6182,#6183,#6184,#6185,
    #6186,#6187,#6188,#6189,#6190,#6191),.UNSPECIFIED.,.F.,.F.,(9,7,7,7,
    7,7,9),(0.,0.252200892156,0.463890729396,0.565954027825,
    0.738210532212,0.910035160303,1.),.UNSPECIFIED.);
#6148 = CARTESIAN_POINT('',(-0.865942519907,3.434173472614));
#6149 = CARTESIAN_POINT('',(-0.865942578179,3.542755429599));
#6150 = CARTESIAN_POINT('',(-0.865941262899,3.65140726157));
#6151 = CARTESIAN_POINT('',(-0.865938536223,3.760020675372));
#6152 = CARTESIAN_POINT('',(-0.865934923571,3.868606097247));
#6153 = CARTESIAN_POINT('',(-0.865931400992,3.977191673942));
#6154 = CARTESIAN_POINT('',(-0.865928945619,4.085805356793));
#6155 = CARTESIAN_POINT('',(-0.865927790778,4.19445757588));
#6156 = CARTESIAN_POINT('',(-0.865927728315,4.394180089237));
#6157 = CARTESIAN_POINT('',(-0.865928488447,4.485349632647));
#6158 = CARTESIAN_POINT('',(-0.8659299254,4.576503972296));
#6159 = CARTESIAN_POINT('',(-0.865931701389,4.667644998057));
#6160 = CARTESIAN_POINT('',(-0.865933302406,4.758785907611));
#6161 = CARTESIAN_POINT('',(-0.865934332356,4.849940000039));
#6162 = CARTESIAN_POINT('',(-0.865934748217,4.941109321107));
#6163 = CARTESIAN_POINT('',(-0.865934725501,5.076191278643));
#6164 = CARTESIAN_POINT('',(-0.865934617975,5.120134009442));
#6165 = CARTESIAN_POINT('',(-0.865934430625,5.164076438532));
#6166 = CARTESIAN_POINT('',(-0.865934196964,5.208018476881));
#6167 = CARTESIAN_POINT('',(-0.865933959827,5.251960556126));
#6168 = CARTESIAN_POINT('',(-0.865933765645,5.295903109112));
#6169 = CARTESIAN_POINT('',(-0.865933656851,5.339846049867));
#6170 = CARTESIAN_POINT('',(-0.865933671858,5.457951350031));
#6171 = CARTESIAN_POINT('',(-0.865934009567,5.532124938294));
#6172 = CARTESIAN_POINT('',(-0.865934805394,5.606293978482));
#6173 = CARTESIAN_POINT('',(-0.865936121136,5.680457251151));
#6174 = CARTESIAN_POINT('',(-0.865937773645,5.754620453985));
#6175 = CARTESIAN_POINT('',(-0.865939322167,5.828789295617));
#6176 = CARTESIAN_POINT('',(-0.865940219922,5.902962585978));
#6177 = CARTESIAN_POINT('',(-0.865940040178,6.0511021218));
#6178 = CARTESIAN_POINT('',(-0.865938940934,6.125089026383));
#6179 = CARTESIAN_POINT('',(-0.865936622909,6.199071217483));
#6180 = CARTESIAN_POINT('',(-0.865932762121,6.273047622656));
#6181 = CARTESIAN_POINT('',(-0.865927797311,6.347024062533));
#6182 = CARTESIAN_POINT('',(-0.865923087099,6.421006370052));
#6183 = CARTESIAN_POINT('',(-0.865920346876,6.494993482806));
#6184 = CARTESIAN_POINT('',(-0.865920375157,6.607703787564));
#6185 = CARTESIAN_POINT('',(-0.865921143584,6.646437517902));
#6186 = CARTESIAN_POINT('',(-0.865922729384,6.685171112618));
#6187 = CARTESIAN_POINT('',(-0.86592515249,6.723904506684));
#6188 = CARTESIAN_POINT('',(-0.865928245614,6.76263789534));
#6189 = CARTESIAN_POINT('',(-0.865931505771,6.801371472443));
#6190 = CARTESIAN_POINT('',(-0.865933945791,6.840105168822));
#6191 = CARTESIAN_POINT('',(-0.865933945841,6.878838390627));
#6192 = ( GEOMETRIC_REPRESENTATION_CONTEXT(2) 
PARAMETRIC_REPRESENTATION_CONTEXT() REPRESENTATION_CONTEXT('2D SPACE',''
  ) );
#6193 = PCURVE('',#4641,#6194);
#6194 = DEFINITIONAL_REPRESENTATION('',(#6195),#6240);
#6195 = B_SPLINE_CURVE_WITH_KNOTS('',8,(#6196,#6197,#6198,#6199,#6200,
    #6201,#6202,#6203,#6204,#6205,#6206,#6207,#6208,#6209,#6210,#6211,
    #6212,#6213,#6214,#6215,#6216,#6217,#6218,#6219,#6220,#6221,#6222,
    #6223,#6224,#6225,#6226,#6227,#6228,#6229,#6230,#6231,#6232,#6233,
    #6234,#6235,#6236,#6237,#6238,#6239),.UNSPECIFIED.,.F.,.F.,(9,7,7,7,
    7,7,9),(0.,0.252200892156,0.463890729396,0.565954027825,
    0.738210532212,0.910035160303,1.),.UNSPECIFIED.);
#6196 = CARTESIAN_POINT('',(0.,6.535960002586));
#6197 = CARTESIAN_POINT('',(9.917967284122E-02,6.580157767134));
#6198 = CARTESIAN_POINT('',(0.198423166522,6.624384661837));
#6199 = CARTESIAN_POINT('',(0.29763150991,6.668596613909));
#6200 = CARTESIAN_POINT('',(0.396814172664,6.712797628911));
#6201 = CARTESIAN_POINT('',(0.495996856241,6.756998646937));
#6202 = CARTESIAN_POINT('',(0.595205180659,6.801210582548));
#6203 = CARTESIAN_POINT('',(0.694448770511,6.845437551652));
#6204 = CARTESIAN_POINT('',(0.876876740777,6.92673372697));
#6205 = CARTESIAN_POINT('',(0.960151739828,6.963843497264));
#6206 = CARTESIAN_POINT('',(1.043412971507,7.000946741231));
#6207 = CARTESIAN_POINT('',(1.126662178319,7.038044396673));
#6208 = CARTESIAN_POINT('',(1.20991138418,7.075142092118));
#6209 = CARTESIAN_POINT('',(1.293172661696,7.112245438532));
#6210 = CARTESIAN_POINT('',(1.376447789545,7.149355290101));
#6211 = CARTESIAN_POINT('',(1.499833059592,7.204339800216));
#6212 = CARTESIAN_POINT('',(1.539970781041,7.222226543342));
#6213 = CARTESIAN_POINT('',(1.580108192687,7.240113203487));
#6214 = CARTESIAN_POINT('',(1.620245207898,7.25799972769));
#6215 = CARTESIAN_POINT('',(1.660382218082,7.275886270274));
#6216 = CARTESIAN_POINT('',(1.700519618854,7.29377298426));
#6217 = CARTESIAN_POINT('',(1.740657335209,7.311659813479));
#6218 = CARTESIAN_POINT('',(1.848535259743,7.359734033307));
#6219 = CARTESIAN_POINT('',(1.916285665681,7.389925887838));
#6220 = CARTESIAN_POINT('',(1.984031854823,7.420115662512));
#6221 = CARTESIAN_POINT('',(2.051772772241,7.450302830127));
#6222 = CARTESIAN_POINT('',(2.119513693066,7.480489801282));
#6223 = CARTESIAN_POINT('',(2.187259894123,7.510679119571));
#6224 = CARTESIAN_POINT('',(2.255010320913,7.540870573401));
#6225 = CARTESIAN_POINT('',(2.390322340959,7.601170189946));
#6226 = CARTESIAN_POINT('',(2.457902803088,7.631286772713));
#6227 = CARTESIAN_POINT('',(2.525479089265,7.661402045002));
#6228 = CARTESIAN_POINT('',(2.593050152723,7.691515731933));
#6229 = CARTESIAN_POINT('',(2.660621204458,7.721629983853));
#6230 = CARTESIAN_POINT('',(2.728197464622,7.751746497136));
#6231 = CARTESIAN_POINT('',(2.79577790785,7.781863983422));
#6232 = CARTESIAN_POINT('',(2.89872823056,7.827742188191));
#6233 = CARTESIAN_POINT('',(2.934107834721,7.843508194214));
#6234 = CARTESIAN_POINT('',(2.969487282712,7.859273737196));
#6235 = CARTESIAN_POINT('',(3.004866533626,7.875038780722));
#6236 = CARTESIAN_POINT('',(3.040245790781,7.890803487733));
#6237 = CARTESIAN_POINT('',(3.075625254562,7.906568188108));
#6238 = CARTESIAN_POINT('',(3.111004875263,7.922333346249));
#6239 = CARTESIAN_POINT('',(3.146384105931,7.938099528666));
#6240 = ( GEOMETRIC_REPRESENTATION_CONTEXT(2) 
PARAMETRIC_REPRESENTATION_CONTEXT() REPRESENTATION_CONTEXT('2D SPACE',''
  ) );
#6241 = ADVANCED_FACE('',(#6242),#4641,.T.);
#6242 = FACE_BOUND('',#6243,.T.);
#6243 = EDGE_LOOP('',(#6244,#6245,#6274,#6297,#6324,#6325,#6393,#6425,
    #6452,#6547,#6576,#6599,#6745,#6828,#6860,#6887,#6965,#6966));
#6244 = ORIENTED_EDGE('',*,*,#4913,.T.);
#6245 = ORIENTED_EDGE('',*,*,#6246,.T.);
#6246 = EDGE_CURVE('',#4914,#6247,#6249,.T.);
#6247 = VERTEX_POINT('',#6248);
#6248 = CARTESIAN_POINT('',(6.9,-1.690012582823E-15,14.964035704287));
#6249 = SURFACE_CURVE('',#6250,(#6256,#6265),.PCURVE_S1.);
#6250 = B_SPLINE_CURVE_WITH_KNOTS('',4,(#6251,#6252,#6253,#6254,#6255),
  .UNSPECIFIED.,.F.,.F.,(5,5),(0.,1.),.PIECEWISE_BEZIER_KNOTS.);
#6251 = CARTESIAN_POINT('',(6.899920794998,-3.306089464484E-02,
    14.961900471277));
#6252 = CARTESIAN_POINT('',(6.899960397424,-2.479573416509E-02,
    14.962434279525));
#6253 = CARTESIAN_POINT('',(6.899986799141,-1.65305106484E-02,
    14.962968087763));
#6254 = CARTESIAN_POINT('',(6.9,-8.265255068596E-03,14.963501896037));
#6255 = CARTESIAN_POINT('',(6.9,-1.831867990632E-15,14.964035704287));
#6256 = PCURVE('',#4641,#6257);
#6257 = DEFINITIONAL_REPRESENTATION('',(#6258),#6264);
#6258 = B_SPLINE_CURVE_WITH_KNOTS('',4,(#6259,#6260,#6261,#6262,#6263),
  .UNSPECIFIED.,.F.,.F.,(5,5),(0.,1.),.PIECEWISE_BEZIER_KNOTS.);
#6259 = CARTESIAN_POINT('',(6.278393854839,8.961900471277));
#6260 = CARTESIAN_POINT('',(6.279591717935,8.962434279525));
#6261 = CARTESIAN_POINT('',(6.280789580999,8.962968087763));
#6262 = CARTESIAN_POINT('',(6.281987444126,8.963501896037));
#6263 = CARTESIAN_POINT('',(6.28318530718,8.964035704287));
#6264 = ( GEOMETRIC_REPRESENTATION_CONTEXT(2) 
PARAMETRIC_REPRESENTATION_CONTEXT() REPRESENTATION_CONTEXT('2D SPACE',''
  ) );
#6265 = PCURVE('',#5198,#6266);
#6266 = DEFINITIONAL_REPRESENTATION('',(#6267),#6273);
#6267 = B_SPLINE_CURVE_WITH_KNOTS('',4,(#6268,#6269,#6270,#6271,#6272),
  .UNSPECIFIED.,.F.,.F.,(5,5),(0.,1.),.PIECEWISE_BEZIER_KNOTS.);
#6268 = CARTESIAN_POINT('',(-9.145805849733E-05,0.));
#6269 = CARTESIAN_POINT('',(-9.145822452481E-05,1.311421871934E-03));
#6270 = CARTESIAN_POINT('',(-9.145838516079E-05,2.622843710132E-03));
#6271 = CARTESIAN_POINT('',(-9.145852512603E-05,3.934265614004E-03));
#6272 = CARTESIAN_POINT('',(-9.14586432533E-05,5.245687432051E-03));
#6273 = ( GEOMETRIC_REPRESENTATION_CONTEXT(2) 
PARAMETRIC_REPRESENTATION_CONTEXT() REPRESENTATION_CONTEXT('2D SPACE',''
  ) );
#6274 = ORIENTED_EDGE('',*,*,#6275,.T.);
#6275 = EDGE_CURVE('',#6247,#6276,#6278,.T.);
#6276 = VERTEX_POINT('',#6277);
#6277 = CARTESIAN_POINT('',(6.9,-1.690012582823E-15,16.));
#6278 = SEAM_CURVE('',#6279,(#6283,#6290),.PCURVE_S1.);
#6279 = LINE('',#6280,#6281);
#6280 = CARTESIAN_POINT('',(6.9,-1.690012582823E-15,6.));
#6281 = VECTOR('',#6282,1.);
#6282 = DIRECTION('',(0.,0.,1.));
#6283 = PCURVE('',#4641,#6284);
#6284 = DEFINITIONAL_REPRESENTATION('',(#6285),#6289);
#6285 = LINE('',#6286,#6287);
#6286 = CARTESIAN_POINT('',(6.28318530718,-0.));
#6287 = VECTOR('',#6288,1.);
#6288 = DIRECTION('',(0.,1.));
#6289 = ( GEOMETRIC_REPRESENTATION_CONTEXT(2) 
PARAMETRIC_REPRESENTATION_CONTEXT() REPRESENTATION_CONTEXT('2D SPACE',''
  ) );
#6290 = PCURVE('',#4641,#6291);
#6291 = DEFINITIONAL_REPRESENTATION('',(#6292),#6296);
#6292 = LINE('',#6293,#6294);
#6293 = CARTESIAN_POINT('',(0.,-0.));
#6294 = VECTOR('',#6295,1.);
#6295 = DIRECTION('',(0.,1.));
#6296 = ( GEOMETRIC_REPRESENTATION_CONTEXT(2) 
PARAMETRIC_REPRESENTATION_CONTEXT() REPRESENTATION_CONTEXT('2D SPACE',''
  ) );
#6297 = ORIENTED_EDGE('',*,*,#6298,.F.);
#6298 = EDGE_CURVE('',#6276,#6276,#6299,.T.);
#6299 = SURFACE_CURVE('',#6300,(#6305,#6312),.PCURVE_S1.);
#6300 = CIRCLE('',#6301,6.9);
#6301 = AXIS2_PLACEMENT_3D('',#6302,#6303,#6304);
#6302 = CARTESIAN_POINT('',(0.,0.,16.));
#6303 = DIRECTION('',(0.,0.,1.));
#6304 = DIRECTION('',(1.,0.,0.));
#6305 = PCURVE('',#4641,#6306);
#6306 = DEFINITIONAL_REPRESENTATION('',(#6307),#6311);
#6307 = LINE('',#6308,#6309);
#6308 = CARTESIAN_POINT('',(0.,10.));
#6309 = VECTOR('',#6310,1.);
#6310 = DIRECTION('',(1.,0.));
#6311 = ( GEOMETRIC_REPRESENTATION_CONTEXT(2) 
PARAMETRIC_REPRESENTATION_CONTEXT() REPRESENTATION_CONTEXT('2D SPACE',''
  ) );
#6312 = PCURVE('',#6313,#6318);
#6313 = PLANE('',#6314);
#6314 = AXIS2_PLACEMENT_3D('',#6315,#6316,#6317);
#6315 = CARTESIAN_POINT('',(0.,0.,16.));
#6316 = DIRECTION('',(0.,0.,1.));
#6317 = DIRECTION('',(1.,0.,0.));
#6318 = DEFINITIONAL_REPRESENTATION('',(#6319),#6323);
#6319 = CIRCLE('',#6320,6.9);
#6320 = AXIS2_PLACEMENT_2D('',#6321,#6322);
#6321 = CARTESIAN_POINT('',(0.,0.));
#6322 = DIRECTION('',(1.,0.));
#6323 = ( GEOMETRIC_REPRESENTATION_CONTEXT(2) 
PARAMETRIC_REPRESENTATION_CONTEXT() REPRESENTATION_CONTEXT('2D SPACE',''
  ) );
#6324 = ORIENTED_EDGE('',*,*,#6275,.F.);
#6325 = ORIENTED_EDGE('',*,*,#6326,.T.);
#6326 = EDGE_CURVE('',#6247,#6327,#6329,.T.);
#6327 = VERTEX_POINT('',#6328);
#6328 = CARTESIAN_POINT('',(3.698972647738,5.824740453555,
    15.411900468349));
#6329 = SURFACE_CURVE('',#6330,(#6349,#6371),.PCURVE_S1.);
#6330 = B_SPLINE_CURVE_WITH_KNOTS('',5,(#6331,#6332,#6333,#6334,#6335,
    #6336,#6337,#6338,#6339,#6340,#6341,#6342,#6343,#6344,#6345,#6346,
    #6347,#6348),.UNSPECIFIED.,.F.,.F.,(6,4,4,4,6),(0.,0.253245336639,
    0.505371094555,0.753537661155,1.),.UNSPECIFIED.);
#6331 = CARTESIAN_POINT('',(6.9,-1.831196587504E-15,14.964035704287));
#6332 = CARTESIAN_POINT('',(6.9,0.351227230488,14.986719576939));
#6333 = CARTESIAN_POINT('',(6.877651806584,0.702458653827,
    15.009403751418));
#6334 = CARTESIAN_POINT('',(6.832956043715,1.051786223568,
    15.032087542139));
#6335 = CARTESIAN_POINT('',(6.766153266819,1.397329791933,
    15.054771703866));
#6336 = CARTESIAN_POINT('',(6.589684229315,2.075652671006,
    15.100039109907));
#6337 = CARTESIAN_POINT('',(6.480206694787,2.408489656011,
    15.122622880988));
#6338 = CARTESIAN_POINT('',(6.349765294768,2.733931581371,
    15.145206134075));
#6339 = CARTESIAN_POINT('',(6.199055925533,3.050242260677,
    15.167790004051));
#6340 = CARTESIAN_POINT('',(5.861602041778,3.656512509468,
    15.212602705448));
#6341 = CARTESIAN_POINT('',(5.675456792209,3.946814675475,
    15.234832048486));
#6342 = CARTESIAN_POINT('',(5.471431490987,4.225114597152,
    15.257060964447));
#6343 = CARTESIAN_POINT('',(5.250580729283,4.489973749428,
    15.279290223255));
#6344 = CARTESIAN_POINT('',(4.779317578743,4.988483167036,
    15.323595398227));
#6345 = CARTESIAN_POINT('',(4.52911352602,5.222340653573,15.34567181051)
  );
#6346 = CARTESIAN_POINT('',(4.264733370721,5.4403823826,15.36774763804)
  );
#6347 = CARTESIAN_POINT('',(3.98752510364,5.641496642036,15.389824168102
    ));
#6348 = CARTESIAN_POINT('',(3.698972647738,5.824740453555,
    15.411900468349));
#6349 = PCURVE('',#4641,#6350);
#6350 = DEFINITIONAL_REPRESENTATION('',(#6351),#6370);
#6351 = B_SPLINE_CURVE_WITH_KNOTS('',5,(#6352,#6353,#6354,#6355,#6356,
    #6357,#6358,#6359,#6360,#6361,#6362,#6363,#6364,#6365,#6366,#6367,
    #6368,#6369),.UNSPECIFIED.,.F.,.F.,(6,4,4,4,6),(0.,0.253245336639,
    0.505371094555,0.753537661155,1.),.UNSPECIFIED.);
#6352 = CARTESIAN_POINT('',(0.,8.964035704287));
#6353 = CARTESIAN_POINT('',(5.090249717212E-02,8.986719576939));
#6354 = CARTESIAN_POINT('',(0.101805604494,9.009403751418));
#6355 = CARTESIAN_POINT('',(0.152707558514,9.032087542139));
#6356 = CARTESIAN_POINT('',(0.203610668725,9.054771703866));
#6357 = CARTESIAN_POINT('',(0.305190631078,9.100039109907));
#6358 = CARTESIAN_POINT('',(0.355868690995,9.122622880988));
#6359 = CARTESIAN_POINT('',(0.406545619152,9.145206134075));
#6360 = CARTESIAN_POINT('',(0.457223673066,9.167790004051));
#6361 = CARTESIAN_POINT('',(0.557782784083,9.212602705448));
#6362 = CARTESIAN_POINT('',(0.607664990762,9.234832048486));
#6363 = CARTESIAN_POINT('',(0.65754615411,9.257060964447));
#6364 = CARTESIAN_POINT('',(0.707428366602,9.279290223255));
#6365 = CARTESIAN_POINT('',(0.806849141994,9.323595398227));
#6366 = CARTESIAN_POINT('',(0.856388790879,9.34567181051));
#6367 = CARTESIAN_POINT('',(0.905927432724,9.36774763804));
#6368 = CARTESIAN_POINT('',(0.95546707671,9.389824168102));
#6369 = CARTESIAN_POINT('',(1.005006186341,9.411900468349));
#6370 = ( GEOMETRIC_REPRESENTATION_CONTEXT(2) 
PARAMETRIC_REPRESENTATION_CONTEXT() REPRESENTATION_CONTEXT('2D SPACE',''
  ) );
#6371 = PCURVE('',#5198,#6372);
#6372 = DEFINITIONAL_REPRESENTATION('',(#6373),#6392);
#6373 = B_SPLINE_CURVE_WITH_KNOTS('',5,(#6374,#6375,#6376,#6377,#6378,
    #6379,#6380,#6381,#6382,#6383,#6384,#6385,#6386,#6387,#6388,#6389,
    #6390,#6391),.UNSPECIFIED.,.F.,.F.,(6,4,4,4,6),(0.,0.253245336639,
    0.505371094555,0.753537661155,1.),.UNSPECIFIED.);
#6374 = CARTESIAN_POINT('',(-9.14586432533E-05,5.245687432051E-03));
#6375 = CARTESIAN_POINT('',(-9.14636630033E-05,6.097379858301E-02));
#6376 = CARTESIAN_POINT('',(-9.139972326377E-05,0.116702566767));
#6377 = CARTESIAN_POINT('',(-9.095409844281E-05,0.172429924275));
#6378 = CARTESIAN_POINT('',(-9.081787638461E-05,0.22815857249));
#6379 = CARTESIAN_POINT('',(-9.082745416257E-05,0.339368287968));
#6380 = CARTESIAN_POINT('',(-9.099633122976E-05,0.394850677642));
#6381 = CARTESIAN_POINT('',(-9.129417850148E-05,0.450331952838));
#6382 = CARTESIAN_POINT('',(-9.141837696549E-05,0.505814530713));
#6383 = CARTESIAN_POINT('',(-9.13920299261E-05,0.615907116543));
#6384 = CARTESIAN_POINT('',(-9.124487985538E-05,0.670518385566));
#6385 = CARTESIAN_POINT('',(-9.095776723692E-05,0.725128433817));
#6386 = CARTESIAN_POINT('',(-9.082274978798E-05,0.77973951079));
#6387 = CARTESIAN_POINT('',(-9.086511073411E-05,0.888585326485));
#6388 = CARTESIAN_POINT('',(-9.101919808182E-05,0.942821255485));
#6389 = CARTESIAN_POINT('',(-9.143521547302E-05,0.997056068964));
#6390 = CARTESIAN_POINT('',(-9.145705963443E-05,1.051292125177));
#6391 = CARTESIAN_POINT('',(-9.14639273477E-05,1.105527598494));
#6392 = ( GEOMETRIC_REPRESENTATION_CONTEXT(2) 
PARAMETRIC_REPRESENTATION_CONTEXT() REPRESENTATION_CONTEXT('2D SPACE',''
  ) );
#6393 = ORIENTED_EDGE('',*,*,#6394,.T.);
#6394 = EDGE_CURVE('',#6327,#6395,#6397,.T.);
#6395 = VERTEX_POINT('',#6396);
#6396 = CARTESIAN_POINT('',(3.671021214783,5.842397045786,
    14.899997930482));
#6397 = SURFACE_CURVE('',#6398,(#6403,#6413),.PCURVE_S1.);
#6398 = ELLIPSE('',#6399,107.05917522128,6.9);
#6399 = AXIS2_PLACEMENT_3D('',#6400,#6401,#6402);
#6400 = CARTESIAN_POINT('',(0.,0.,14.900000000003));
#6401 = DIRECTION('',(-0.844963788229,0.530925936971,6.4450337729E-02));
#6402 = DIRECTION('',(5.457166060358E-02,-3.428964701408E-02,
    0.997920915688));
#6403 = PCURVE('',#4641,#6404);
#6404 = DEFINITIONAL_REPRESENTATION('',(#6405),#6412);
#6405 = B_SPLINE_CURVE_WITH_KNOTS('',5,(#6406,#6407,#6408,#6409,#6410,
    #6411),.UNSPECIFIED.,.F.,.F.,(6,6),(1.565046061732,1.576546591857),
  .PIECEWISE_BEZIER_KNOTS.);
#6406 = CARTESIAN_POINT('',(1.004047373591,9.514335326278));
#6407 = CARTESIAN_POINT('',(1.006347479616,9.268603904217));
#6408 = CARTESIAN_POINT('',(1.008647585641,9.02286841949));
#6409 = CARTESIAN_POINT('',(1.010947691666,8.77713158051));
#6410 = CARTESIAN_POINT('',(1.013247797691,8.531396095783));
#6411 = CARTESIAN_POINT('',(1.015547903716,8.285664673722));
#6412 = ( GEOMETRIC_REPRESENTATION_CONTEXT(2) 
PARAMETRIC_REPRESENTATION_CONTEXT() REPRESENTATION_CONTEXT('2D SPACE',''
  ) );
#6413 = PCURVE('',#6414,#6419);
#6414 = PLANE('',#6415);
#6415 = AXIS2_PLACEMENT_3D('',#6416,#6417,#6418);
#6416 = CARTESIAN_POINT('',(3.530720393528,5.619109316343,
    14.900000002608));
#6417 = DIRECTION('',(-0.844963788229,0.530925936971,6.4450337729E-02));
#6418 = DIRECTION('',(-0.532032076515,-0.846724199228,
    -3.469446951954E-18));
#6419 = DEFINITIONAL_REPRESENTATION('',(#6420),#6424);
#6420 = ELLIPSE('',#6421,107.05917522128,6.9);
#6421 = AXIS2_PLACEMENT_2D('',#6422,#6423);
#6422 = CARTESIAN_POINT('',(6.636292338821,-2.610525854938E-09));
#6423 = DIRECTION('',(-3.462233679223E-18,1.));
#6424 = ( GEOMETRIC_REPRESENTATION_CONTEXT(2) 
PARAMETRIC_REPRESENTATION_CONTEXT() REPRESENTATION_CONTEXT('2D SPACE',''
  ) );
#6425 = ORIENTED_EDGE('',*,*,#6426,.T.);
#6426 = EDGE_CURVE('',#6395,#6427,#6429,.T.);
#6427 = VERTEX_POINT('',#6428);
#6428 = CARTESIAN_POINT('',(3.64298572865,5.859919366412,14.388099525796
    ));
#6429 = SURFACE_CURVE('',#6430,(#6435,#6445),.PCURVE_S1.);
#6430 = ELLIPSE('',#6431,107.05917522128,6.9);
#6431 = AXIS2_PLACEMENT_3D('',#6432,#6433,#6434);
#6432 = CARTESIAN_POINT('',(0.,0.,14.900000000003));
#6433 = DIRECTION('',(-0.844963788229,0.530925936971,6.4450337729E-02));
#6434 = DIRECTION('',(5.457166060358E-02,-3.428964701408E-02,
    0.997920915688));
#6435 = PCURVE('',#4641,#6436);
#6436 = DEFINITIONAL_REPRESENTATION('',(#6437),#6444);
#6437 = B_SPLINE_CURVE_WITH_KNOTS('',5,(#6438,#6439,#6440,#6441,#6442,
    #6443),.UNSPECIFIED.,.F.,.F.,(6,6),(1.565046061732,1.576546591857),
  .PIECEWISE_BEZIER_KNOTS.);
#6438 = CARTESIAN_POINT('',(1.004047373591,9.514335326278));
#6439 = CARTESIAN_POINT('',(1.006347479616,9.268603904217));
#6440 = CARTESIAN_POINT('',(1.008647585641,9.02286841949));
#6441 = CARTESIAN_POINT('',(1.010947691666,8.77713158051));
#6442 = CARTESIAN_POINT('',(1.013247797691,8.531396095783));
#6443 = CARTESIAN_POINT('',(1.015547903716,8.285664673722));
#6444 = ( GEOMETRIC_REPRESENTATION_CONTEXT(2) 
PARAMETRIC_REPRESENTATION_CONTEXT() REPRESENTATION_CONTEXT('2D SPACE',''
  ) );
#6445 = PCURVE('',#6414,#6446);
#6446 = DEFINITIONAL_REPRESENTATION('',(#6447),#6451);
#6447 = ELLIPSE('',#6448,107.05917522128,6.9);
#6448 = AXIS2_PLACEMENT_2D('',#6449,#6450);
#6449 = CARTESIAN_POINT('',(6.636292338821,-2.610525854938E-09));
#6450 = DIRECTION('',(-3.462233679223E-18,1.));
#6451 = ( GEOMETRIC_REPRESENTATION_CONTEXT(2) 
PARAMETRIC_REPRESENTATION_CONTEXT() REPRESENTATION_CONTEXT('2D SPACE',''
  ) );
#6452 = ORIENTED_EDGE('',*,*,#6453,.F.);
#6453 = EDGE_CURVE('',#6454,#6427,#6456,.T.);
#6454 = VERTEX_POINT('',#6455);
#6455 = CARTESIAN_POINT('',(6.899920794998,3.306089464845E-02,
    13.938099528666));
#6456 = SURFACE_CURVE('',#6457,(#6480,#6506),.PCURVE_S1.);
#6457 = B_SPLINE_CURVE_WITH_KNOTS('',6,(#6458,#6459,#6460,#6461,#6462,
    #6463,#6464,#6465,#6466,#6467,#6468,#6469,#6470,#6471,#6472,#6473,
    #6474,#6475,#6476,#6477,#6478,#6479),.UNSPECIFIED.,.F.,.F.,(7,5,5,5,
    7),(0.,2.900026725503E-02,0.280901939357,0.666899025755,1.),
  .UNSPECIFIED.);
#6458 = CARTESIAN_POINT('',(6.899920794998,3.306089464484E-02,
    13.938099528723));
#6459 = CARTESIAN_POINT('',(6.899759435056,6.673726156026E-02,
    13.940274528529));
#6460 = CARTESIAN_POINT('',(6.899400838469,0.100412683475,
    13.942449528376));
#6461 = CARTESIAN_POINT('',(6.898845012156,0.134085716331,
    13.944624527998));
#6462 = CARTESIAN_POINT('',(6.898091977129,0.167754916334,
    13.946799527186));
#6463 = CARTESIAN_POINT('',(6.897141768491,0.201418839956,
    13.948974525786));
#6464 = CARTESIAN_POINT('',(6.886028488835,0.527428727593,
    13.970041956871));
#6465 = CARTESIAN_POINT('',(6.861189273911,0.819277203577,
    13.988934510621));
#6466 = CARTESIAN_POINT('',(6.821509542415,1.109669650997,14.00782676627
    ));
#6467 = CARTESIAN_POINT('',(6.767101488339,1.397666211474,
    14.026719034376));
#6468 = CARTESIAN_POINT('',(6.698156596534,1.682339924206,
    14.045611619559));
#6469 = CARTESIAN_POINT('',(6.487438421241,2.392501483137,
    14.093453622169));
#6470 = CARTESIAN_POINT('',(6.326425311808,2.812308605438,
    14.122404862936));
#6471 = CARTESIAN_POINT('',(6.13288337752,3.218881580926,14.151354437675
    ));
#6472 = CARTESIAN_POINT('',(5.908215132202,3.609117746712,
    14.180303736036));
#6473 = CARTESIAN_POINT('',(5.654177388209,3.980100335316,
    14.209254707007));
#6474 = CARTESIAN_POINT('',(5.130252600281,4.630349302905,14.26318640481
    ));
#6475 = CARTESIAN_POINT('',(4.867289594796,4.915240511446,
    14.288169425194));
#6476 = CARTESIAN_POINT('',(4.58544297951,5.182088663968,14.313151634901
    ));
#6477 = CARTESIAN_POINT('',(4.286273871026,5.429360325767,
    14.338134088175));
#6478 = CARTESIAN_POINT('',(3.971494274272,5.65569267512,14.363117185099
    ));
#6479 = CARTESIAN_POINT('',(3.64298572865,5.859919366412,14.388099525796
    ));
#6480 = PCURVE('',#4641,#6481);
#6481 = DEFINITIONAL_REPRESENTATION('',(#6482),#6505);
#6482 = B_SPLINE_CURVE_WITH_KNOTS('',6,(#6483,#6484,#6485,#6486,#6487,
    #6488,#6489,#6490,#6491,#6492,#6493,#6494,#6495,#6496,#6497,#6498,
    #6499,#6500,#6501,#6502,#6503,#6504),.UNSPECIFIED.,.F.,.F.,(7,5,5,5,
    7),(0.,2.900026725503E-02,0.280901939357,0.666899025755,1.),
  .UNSPECIFIED.);
#6483 = CARTESIAN_POINT('',(4.791452340184E-03,7.938099528723));
#6484 = CARTESIAN_POINT('',(9.672141251835E-03,7.940274528529));
#6485 = CARTESIAN_POINT('',(1.455283016568E-02,7.942449528376));
#6486 = CARTESIAN_POINT('',(1.943351908782E-02,7.944624527998));
#6487 = CARTESIAN_POINT('',(2.431420802291E-02,7.946799527186));
#6488 = CARTESIAN_POINT('',(2.919489697416E-02,7.948974525786));
#6489 = CARTESIAN_POINT('',(7.647015084642E-02,7.970041956871));
#6490 = CARTESIAN_POINT('',(0.118865123521,7.988934510621));
#6491 = CARTESIAN_POINT('',(0.161259625004,8.00782676627));
#6492 = CARTESIAN_POINT('',(0.203654126634,8.026719034376));
#6493 = CARTESIAN_POINT('',(0.246049099625,8.045611619559));
#6494 = CARTESIAN_POINT('',(0.353406229002,8.093453622169));
#6495 = CARTESIAN_POINT('',(0.418372258189,8.122404862936));
#6496 = CARTESIAN_POINT('',(0.48333422961,8.151354437675));
#6497 = CARTESIAN_POINT('',(0.548296204272,8.180303736036));
#6498 = CARTESIAN_POINT('',(0.613262235892,8.209254707007));
#6499 = CARTESIAN_POINT('',(0.734285051127,8.26318640481));
#6500 = CARTESIAN_POINT('',(0.790346974518,8.288169425194));
#6501 = CARTESIAN_POINT('',(0.846406949393,8.313151634901));
#6502 = CARTESIAN_POINT('',(0.902466920465,8.338134088175));
#6503 = CARTESIAN_POINT('',(0.958528840857,8.363117185099));
#6504 = CARTESIAN_POINT('',(1.014589091021,8.388099525796));
#6505 = ( GEOMETRIC_REPRESENTATION_CONTEXT(2) 
PARAMETRIC_REPRESENTATION_CONTEXT() REPRESENTATION_CONTEXT('2D SPACE',''
  ) );
#6506 = PCURVE('',#6507,#6522);
#6507 = B_SPLINE_SURFACE_WITH_KNOTS('',1,6,(
    (#6508,#6509,#6510,#6511,#6512,#6513,#6514)
    ,(#6515,#6516,#6517,#6518,#6519,#6520,#6521
  )),.UNSPECIFIED.,.F.,.F.,.F.,(2,2),(7,7),(-0.866025403784,-0.),(0.,
    1.105527598494),.PIECEWISE_BEZIER_KNOTS.);
#6508 = CARTESIAN_POINT('',(6.9,3.306384189622E-02,13.938053894768));
#6509 = CARTESIAN_POINT('',(6.894435348212,1.194331125922,
    14.013053894741));
#6510 = CARTESIAN_POINT('',(6.654341792676,2.354474593471,
    14.088053894973));
#6511 = CARTESIAN_POINT('',(6.179987047422,3.454320115641,
    14.163053894441));
#6512 = CARTESIAN_POINT('',(5.491667328611,4.434569167357,
    14.238053894973));
#6513 = CARTESIAN_POINT('',(4.629259054598,5.246868275653,
    14.313053894741));
#6514 = CARTESIAN_POINT('',(3.643025370198,5.859987994832,
    14.388053894768));
#6515 = CARTESIAN_POINT('',(6.15,5.156027018319E-03,14.370166326745));
#6516 = CARTESIAN_POINT('',(6.149132239531,1.040198599787,
    14.445166355909));
#6517 = CARTESIAN_POINT('',(5.939227777369,2.075065997153,
    14.520166246057));
#6518 = CARTESIAN_POINT('',(5.520316863269,3.057015893805,
    14.595166330402));
#6519 = CARTESIAN_POINT('',(4.910280286757,3.933125064395,
    14.670166414914));
#6520 = CARTESIAN_POINT('',(4.144488807661,4.660155900538,
    14.745166304989));
#6521 = CARTESIAN_POINT('',(3.267631537705,5.210096996089,
    14.820166334162));
#6522 = DEFINITIONAL_REPRESENTATION('',(#6523),#6546);
#6523 = B_SPLINE_CURVE_WITH_KNOTS('',6,(#6524,#6525,#6526,#6527,#6528,
    #6529,#6530,#6531,#6532,#6533,#6534,#6535,#6536,#6537,#6538,#6539,
    #6540,#6541,#6542,#6543,#6544,#6545),.UNSPECIFIED.,.F.,.F.,(7,5,5,5,
    7),(0.,2.900026725503E-02,0.280901939357,0.666899025755,1.),
  .UNSPECIFIED.);
#6524 = CARTESIAN_POINT('',(-0.865933945726,0.));
#6525 = CARTESIAN_POINT('',(-0.865933946403,5.343383746841E-03));
#6526 = CARTESIAN_POINT('',(-0.865933946997,1.068676749311E-02));
#6527 = CARTESIAN_POINT('',(-0.865933947943,1.603015111881E-02));
#6528 = CARTESIAN_POINT('',(-0.865933949579,2.137353452287E-02));
#6529 = CARTESIAN_POINT('',(-0.865933952146,2.671691762312E-02));
#6530 = CARTESIAN_POINT('',(-0.865933987454,7.847390866331E-02));
#6531 = CARTESIAN_POINT('',(-0.865934116563,0.124887932629));
#6532 = CARTESIAN_POINT('',(-0.865934367594,0.1713013737));
#6533 = CARTESIAN_POINT('',(-0.865934576689,0.217714793985));
#6534 = CARTESIAN_POINT('',(-0.865934604542,0.264128771082));
#6535 = CARTESIAN_POINT('',(-0.865934464598,0.381663386794));
#6536 = CARTESIAN_POINT('',(-0.865934159098,0.452788336069));
#6537 = CARTESIAN_POINT('',(-0.865933735037,0.523909047027));
#6538 = CARTESIAN_POINT('',(-0.865933917255,0.595029822147));
#6539 = CARTESIAN_POINT('',(-0.865934242318,0.6661548815));
#6540 = CARTESIAN_POINT('',(-0.865934625091,0.798650862563));
#6541 = CARTESIAN_POINT('',(-0.865934704222,0.860027445162));
#6542 = CARTESIAN_POINT('',(-0.865934582536,0.921401790005));
#6543 = CARTESIAN_POINT('',(-0.865933959878,0.982776119154));
#6544 = CARTESIAN_POINT('',(-0.865933943825,1.044152773182));
#6545 = CARTESIAN_POINT('',(-0.865933951595,1.105527598494));
#6546 = ( GEOMETRIC_REPRESENTATION_CONTEXT(2) 
PARAMETRIC_REPRESENTATION_CONTEXT() REPRESENTATION_CONTEXT('2D SPACE',''
  ) );
#6547 = ORIENTED_EDGE('',*,*,#6548,.F.);
#6548 = EDGE_CURVE('',#6549,#6454,#6551,.T.);
#6549 = VERTEX_POINT('',#6550);
#6550 = CARTESIAN_POINT('',(6.9,-1.690012582823E-15,13.935964304801));
#6551 = SURFACE_CURVE('',#6552,(#6558,#6567),.PCURVE_S1.);
#6552 = B_SPLINE_CURVE_WITH_KNOTS('',3,(#6553,#6554,#6555,#6556,#6557),
  .UNSPECIFIED.,.F.,.F.,(4,1,4),(0.,0.151042721284,1.),.UNSPECIFIED.);
#6553 = CARTESIAN_POINT('',(6.9,-1.144917494145E-16,13.935964304801));
#6554 = CARTESIAN_POINT('',(6.9,1.664541320676E-03,13.936071807621));
#6555 = CARTESIAN_POINT('',(6.899996012224,1.268487462312E-02,
    13.936783545832));
#6556 = CARTESIAN_POINT('',(6.89996562266,2.370520958212E-02,
    13.937495288417));
#6557 = CARTESIAN_POINT('',(6.899920794998,3.306089464847E-02,
    13.938099528666));
#6558 = PCURVE('',#4641,#6559);
#6559 = DEFINITIONAL_REPRESENTATION('',(#6560),#6566);
#6560 = B_SPLINE_CURVE_WITH_KNOTS('',3,(#6561,#6562,#6563,#6564,#6565),
  .UNSPECIFIED.,.F.,.F.,(4,1,4),(0.,0.151042721284,1.),.UNSPECIFIED.);
#6561 = CARTESIAN_POINT('',(0.,7.935964304801));
#6562 = CARTESIAN_POINT('',(2.412378725617E-04,7.936071807621));
#6563 = CARTESIAN_POINT('',(1.838387626537E-03,7.936783545832));
#6564 = CARTESIAN_POINT('',(3.435540389788E-03,7.937495288417));
#6565 = CARTESIAN_POINT('',(4.79145234071E-03,7.938099528666));
#6566 = ( GEOMETRIC_REPRESENTATION_CONTEXT(2) 
PARAMETRIC_REPRESENTATION_CONTEXT() REPRESENTATION_CONTEXT('2D SPACE',''
  ) );
#6567 = PCURVE('',#5965,#6568);
#6568 = DEFINITIONAL_REPRESENTATION('',(#6569),#6575);
#6569 = B_SPLINE_CURVE_WITH_KNOTS('',3,(#6570,#6571,#6572,#6573,#6574),
  .UNSPECIFIED.,.F.,.F.,(4,1,4),(0.,0.151042721284,1.),.UNSPECIFIED.);
#6570 = CARTESIAN_POINT('',(-0.865933926612,6.873592702809));
#6571 = CARTESIAN_POINT('',(-0.865933928525,6.873856810342));
#6572 = CARTESIAN_POINT('',(-0.865933940272,6.875605371929));
#6573 = CARTESIAN_POINT('',(-0.865933945839,6.877353936687));
#6574 = CARTESIAN_POINT('',(-0.865933945841,6.878838390627));
#6575 = ( GEOMETRIC_REPRESENTATION_CONTEXT(2) 
PARAMETRIC_REPRESENTATION_CONTEXT() REPRESENTATION_CONTEXT('2D SPACE',''
  ) );
#6576 = ORIENTED_EDGE('',*,*,#6577,.F.);
#6577 = EDGE_CURVE('',#6578,#6549,#6580,.T.);
#6578 = VERTEX_POINT('',#6579);
#6579 = CARTESIAN_POINT('',(6.9,-1.690012582823E-15,13.564039997356));
#6580 = SURFACE_CURVE('',#6581,(#6585,#6592),.PCURVE_S1.);
#6581 = LINE('',#6582,#6583);
#6582 = CARTESIAN_POINT('',(6.9,-1.690012582823E-15,6.));
#6583 = VECTOR('',#6584,1.);
#6584 = DIRECTION('',(0.,0.,1.));
#6585 = PCURVE('',#4641,#6586);
#6586 = DEFINITIONAL_REPRESENTATION('',(#6587),#6591);
#6587 = LINE('',#6588,#6589);
#6588 = CARTESIAN_POINT('',(0.,-0.));
#6589 = VECTOR('',#6590,1.);
#6590 = DIRECTION('',(0.,1.));
#6591 = ( GEOMETRIC_REPRESENTATION_CONTEXT(2) 
PARAMETRIC_REPRESENTATION_CONTEXT() REPRESENTATION_CONTEXT('2D SPACE',''
  ) );
#6592 = PCURVE('',#5588,#6593);
#6593 = DEFINITIONAL_REPRESENTATION('',(#6594),#6598);
#6594 = LINE('',#6595,#6596);
#6595 = CARTESIAN_POINT('',(6.28318530718,-0.));
#6596 = VECTOR('',#6597,1.);
#6597 = DIRECTION('',(0.,1.));
#6598 = ( GEOMETRIC_REPRESENTATION_CONTEXT(2) 
PARAMETRIC_REPRESENTATION_CONTEXT() REPRESENTATION_CONTEXT('2D SPACE',''
  ) );
#6599 = ORIENTED_EDGE('',*,*,#6600,.T.);
#6600 = EDGE_CURVE('',#6578,#6601,#6603,.T.);
#6601 = VERTEX_POINT('',#6602);
#6602 = CARTESIAN_POINT('',(-6.899920794998,3.306089464103E-02,
    14.96190047122));
#6603 = SURFACE_CURVE('',#6604,(#6649,#6697),.PCURVE_S1.);
#6604 = B_SPLINE_CURVE_WITH_KNOTS('',8,(#6605,#6606,#6607,#6608,#6609,
    #6610,#6611,#6612,#6613,#6614,#6615,#6616,#6617,#6618,#6619,#6620,
    #6621,#6622,#6623,#6624,#6625,#6626,#6627,#6628,#6629,#6630,#6631,
    #6632,#6633,#6634,#6635,#6636,#6637,#6638,#6639,#6640,#6641,#6642,
    #6643,#6644,#6645,#6646,#6647,#6648),.UNSPECIFIED.,.F.,.F.,(9,7,7,7,
    7,7,9),(0.,0.25261646398,0.464505374421,0.568117211555,
    0.734380090571,0.913536179907,1.),.UNSPECIFIED.);
#6605 = CARTESIAN_POINT('',(6.9,-2.003801573364E-15,13.564039997356));
#6606 = CARTESIAN_POINT('',(6.9,0.683378978764,13.608175711417));
#6607 = CARTESIAN_POINT('',(6.822648870797,1.367196450576,
    13.652339022798));
#6608 = CARTESIAN_POINT('',(6.667773896301,2.040554840652,
    13.696486127594));
#6609 = CARTESIAN_POINT('',(6.437247634548,2.693266683059,
    13.740621494777));
#6610 = CARTESIAN_POINT('',(6.134280969021,3.315670293563,13.78475700682
    ));
#6611 = CARTESIAN_POINT('',(5.763499992039,3.898696118988,13.82890443215
    ));
#6612 = CARTESIAN_POINT('',(5.330844687258,4.433858562074,
    13.873068039967));
#6613 = CARTESIAN_POINT('',(4.436007432143,5.316051104205,
    13.954223985045));
#6614 = CARTESIAN_POINT('',(3.989481978332,5.679846157212,
    13.991256230523));
#6615 = CARTESIAN_POINT('',(3.509069461785,6.000549094543,
    14.028282676522));
#6616 = CARTESIAN_POINT('',(2.999681198242,6.2745492775,14.065303899753)
  );
#6617 = CARTESIAN_POINT('',(2.466574172879,6.498936058076,
    14.102324976048));
#6618 = CARTESIAN_POINT('',(1.915314667774,6.671445783237,
    14.139351066237));
#6619 = CARTESIAN_POINT('',(1.351796681174,6.790523331616,14.17638295547
    ));
#6620 = CARTESIAN_POINT('',(0.503805907422,6.887288489964,
    14.231505347997));
#6621 = CARTESIAN_POINT('',(0.223841479323,6.906138561319,
    14.249608084729));
#6622 = CARTESIAN_POINT('',(-5.689568277458E-02,6.911978992307,
    14.267710649464));
#6623 = CARTESIAN_POINT('',(-0.337699579984,6.904776427909,
    14.285813024815));
#6624 = CARTESIAN_POINT('',(-0.617866150545,6.884542983987,
    14.303915421024));
#6625 = CARTESIAN_POINT('',(-0.896693512372,6.851335310505,
    14.322018048395));
#6626 = CARTESIAN_POINT('',(-1.173482295769,6.805255498984,
    14.340120889052));
#6627 = CARTESIAN_POINT('',(-1.887302121567,6.652096525679,
    14.387272145975));
#6628 = CARTESIAN_POINT('',(-2.3200925784,6.524966362909,14.416324513739
    ));
#6629 = CARTESIAN_POINT('',(-2.742976743612,6.365678276223,
    14.445375560019));
#6630 = CARTESIAN_POINT('',(-3.153172740025,6.175158134797,
    14.474424893776));
#6631 = CARTESIAN_POINT('',(-3.548030619737,5.954599907168,
    14.503474348723));
#6632 = CARTESIAN_POINT('',(-3.925029365113,5.70545003607,
    14.532525653937));
#6633 = CARTESIAN_POINT('',(-4.281787777523,5.42941902757,14.56157817054
    ));
#6634 = CARTESIAN_POINT('',(-4.976314852611,4.804287642941,
    14.621927848281));
#6635 = CARTESIAN_POINT('',(-5.310572092183,4.45108486172,
    14.653233451215));
#6636 = CARTESIAN_POINT('',(-5.616049796374,4.07141388053,
    14.684536099576));
#6637 = CARTESIAN_POINT('',(-5.890330806466,3.668038599286,
    14.715835046625));
#6638 = CARTESIAN_POINT('',(-6.131335304605,3.243941194304,
    14.747133395389));
#6639 = CARTESIAN_POINT('',(-6.337304392272,2.802303686936,
    14.778434809772));
#6640 = CARTESIAN_POINT('',(-6.506823923789,2.346514734672,
    14.809739743987));
#6641 = CARTESIAN_POINT('',(-6.702625283954,1.655150901159,
    14.856147808418));
#6642 = CARTESIAN_POINT('',(-6.7576435682,1.427628949403,14.871254928245
    ));
#6643 = CARTESIAN_POINT('',(-6.803831197938,1.19803274921,
    14.886362373958));
#6644 = CARTESIAN_POINT('',(-6.841097910731,0.966762654697,
    14.901470117473));
#6645 = CARTESIAN_POINT('',(-6.869375447415,0.734222265701,
    14.916578131888));
#6646 = CARTESIAN_POINT('',(-6.888617568134,0.500818279142,
    14.931686244908));
#6647 = CARTESIAN_POINT('',(-6.898800068375,0.266960340393,
    14.946793992281));
#6648 = CARTESIAN_POINT('',(-6.899920794998,3.306089464105E-02,
    14.96190047122));
#6649 = PCURVE('',#4641,#6650);
#6650 = DEFINITIONAL_REPRESENTATION('',(#6651),#6696);
#6651 = B_SPLINE_CURVE_WITH_KNOTS('',8,(#6652,#6653,#6654,#6655,#6656,
    #6657,#6658,#6659,#6660,#6661,#6662,#6663,#6664,#6665,#6666,#6667,
    #6668,#6669,#6670,#6671,#6672,#6673,#6674,#6675,#6676,#6677,#6678,
    #6679,#6680,#6681,#6682,#6683,#6684,#6685,#6686,#6687,#6688,#6689,
    #6690,#6691,#6692,#6693,#6694,#6695),.UNSPECIFIED.,.F.,.F.,(9,7,7,7,
    7,7,9),(0.,0.25261646398,0.464505374421,0.568117211555,
    0.734380090571,0.913536179907,1.),.UNSPECIFIED.);
#6652 = CARTESIAN_POINT('',(0.,7.564039997356));
#6653 = CARTESIAN_POINT('',(9.904043170487E-02,7.608175711417));
#6654 = CARTESIAN_POINT('',(0.198144334627,7.652339022798));
#6655 = CARTESIAN_POINT('',(0.297213340822,7.696486127594));
#6656 = CARTESIAN_POINT('',(0.396256857196,7.740621494777));
#6657 = CARTESIAN_POINT('',(0.495300369311,7.784757006821));
#6658 = CARTESIAN_POINT('',(0.594369361946,7.82890443215));
#6659 = CARTESIAN_POINT('',(0.693473256535,7.873068039967));
#6660 = CARTESIAN_POINT('',(0.875586536342,7.954223985045));
#6661 = CARTESIAN_POINT('',(0.958685807204,7.991256230523));
#6662 = CARTESIAN_POINT('',(1.041771450333,8.028282676522));
#6663 = CARTESIAN_POINT('',(1.124845164808,8.065303899753));
#6664 = CARTESIAN_POINT('',(1.207918881955,8.102324976048));
#6665 = CARTESIAN_POINT('',(1.291004535638,8.139351066237));
#6666 = CARTESIAN_POINT('',(1.374103826674,8.17638295547));
#6667 = CARTESIAN_POINT('',(1.497798595716,8.231505347997));
#6668 = CARTESIAN_POINT('',(1.538421259731,8.249608084729));
#6669 = CARTESIAN_POINT('',(1.579043589046,8.267710649464));
#6670 = CARTESIAN_POINT('',(1.619665498694,8.285813024815));
#6671 = CARTESIAN_POINT('',(1.660287406783,8.303915421024));
#6672 = CARTESIAN_POINT('',(1.700909731614,8.322018048395));
#6673 = CARTESIAN_POINT('',(1.741532388801,8.340120889052));
#6674 = CARTESIAN_POINT('',(1.847339060475,8.387272145975));
#6675 = CARTESIAN_POINT('',(1.91253167217,8.416324513739));
#6676 = CARTESIAN_POINT('',(1.977720784505,8.445375560019));
#6677 = CARTESIAN_POINT('',(2.042905528806,8.474424893776));
#6678 = CARTESIAN_POINT('',(2.108090272681,8.503474348723));
#6679 = CARTESIAN_POINT('',(2.173279385105,8.532525653937));
#6680 = CARTESIAN_POINT('',(2.238472000668,8.56157817054));
#6681 = CARTESIAN_POINT('',(2.373896458528,8.621927848281));
#6682 = CARTESIAN_POINT('',(2.444147464183,8.653233451215));
#6683 = CARTESIAN_POINT('',(2.514393440454,8.684536099576));
#6684 = CARTESIAN_POINT('',(2.584633126258,8.715835046625));
#6685 = CARTESIAN_POINT('',(2.654872823739,8.747133395389));
#6686 = CARTESIAN_POINT('',(2.725118838416,8.778434809772));
#6687 = CARTESIAN_POINT('',(2.795369894641,8.809739743987));
#6688 = CARTESIAN_POINT('',(2.899508384635,8.856147808418));
#6689 = CARTESIAN_POINT('',(2.933407532334,8.871254928245));
#6690 = CARTESIAN_POINT('',(2.967306539737,8.886362373958));
#6691 = CARTESIAN_POINT('',(3.001205374986,8.901470117473));
#6692 = CARTESIAN_POINT('',(3.035104206212,8.916578131888));
#6693 = CARTESIAN_POINT('',(3.069003203642,8.931686244908));
#6694 = CARTESIAN_POINT('',(3.102902341727,8.946793992281));
#6695 = CARTESIAN_POINT('',(3.13680120125,8.96190047122));
#6696 = ( GEOMETRIC_REPRESENTATION_CONTEXT(2) 
PARAMETRIC_REPRESENTATION_CONTEXT() REPRESENTATION_CONTEXT('2D SPACE',''
  ) );
#6697 = PCURVE('',#5654,#6698);
#6698 = DEFINITIONAL_REPRESENTATION('',(#6699),#6744);
#6699 = B_SPLINE_CURVE_WITH_KNOTS('',8,(#6700,#6701,#6702,#6703,#6704,
    #6705,#6706,#6707,#6708,#6709,#6710,#6711,#6712,#6713,#6714,#6715,
    #6716,#6717,#6718,#6719,#6720,#6721,#6722,#6723,#6724,#6725,#6726,
    #6727,#6728,#6729,#6730,#6731,#6732,#6733,#6734,#6735,#6736,#6737,
    #6738,#6739,#6740,#6741,#6742,#6743),.UNSPECIFIED.,.F.,.F.,(9,7,7,7,
    7,7,9),(0.,0.25261646398,0.464505374421,0.568117211555,
    0.734380090571,0.913536179907,1.),.UNSPECIFIED.);
#6700 = CARTESIAN_POINT('',(-8.28839340996E-05,3.444664918012));
#6701 = CARTESIAN_POINT('',(-8.294212439882E-05,3.553094433729));
#6702 = CARTESIAN_POINT('',(-8.437061020882E-05,3.661593433788));
#6703 = CARTESIAN_POINT('',(-8.717440485841E-05,3.770054285006));
#6704 = CARTESIAN_POINT('',(-9.080574731325E-05,3.878487346967));
#6705 = CARTESIAN_POINT('',(-9.427558114195E-05,3.986920534002));
#6706 = CARTESIAN_POINT('',(-9.663998568055E-05,4.095381654593));
#6707 = CARTESIAN_POINT('',(-9.769555585244E-05,4.203880918953));
#6708 = CARTESIAN_POINT('',(-9.76052279512E-05,4.403258890594));
#6709 = CARTESIAN_POINT('',(-9.678776877037E-05,4.49423604279));
#6710 = CARTESIAN_POINT('',(-9.531926942074E-05,4.585198149191));
#6711 = CARTESIAN_POINT('',(-9.35464727973E-05,4.676147051662));
#6712 = CARTESIAN_POINT('',(-9.197899341733E-05,4.767095844829));
#6713 = CARTESIAN_POINT('',(-9.099745608342E-05,4.858057674024));
#6714 = CARTESIAN_POINT('',(-9.062686695009E-05,4.949034498799));
#6715 = CARTESIAN_POINT('',(-9.069653316297E-05,5.084455309162));
#6716 = CARTESIAN_POINT('',(-9.081910049579E-05,5.128928959551));
#6717 = CARTESIAN_POINT('',(-9.101891378265E-05,5.173402282079));
#6718 = CARTESIAN_POINT('',(-9.125986977168E-05,5.217875189777));
#6719 = CARTESIAN_POINT('',(-9.149666005511E-05,5.262348143609));
#6720 = CARTESIAN_POINT('',(-9.168107348351E-05,5.306821601142));
#6721 = CARTESIAN_POINT('',(-9.177014558526E-05,5.351295465786));
#6722 = CARTESIAN_POINT('',(-9.168161128117E-05,5.46713317022));
#6723 = CARTESIAN_POINT('',(-9.130823150167E-05,5.538506477784));
#6724 = CARTESIAN_POINT('',(-9.050836043816E-05,5.609876016022));
#6725 = CARTESIAN_POINT('',(-8.92429653533E-05,5.681240776412));
#6726 = CARTESIAN_POINT('',(-8.768084151685E-05,5.752605470801));
#6727 = CARTESIAN_POINT('',(-8.620663781863E-05,5.823974818565));
#6728 = CARTESIAN_POINT('',(-8.529770246473E-05,5.895347835295));
#6729 = CARTESIAN_POINT('',(-8.52396273193E-05,6.043610507001));
#6730 = CARTESIAN_POINT('',(-8.626764489076E-05,6.120521118336));
#6731 = CARTESIAN_POINT('',(-8.858541879052E-05,6.197426052084));
#6732 = CARTESIAN_POINT('',(-9.262650976175E-05,6.274324005176));
#6733 = CARTESIAN_POINT('',(-9.791149156876E-05,6.351222013218));
#6734 = CARTESIAN_POINT('',(-1.028498403639E-04,6.428127127744));
#6735 = CARTESIAN_POINT('',(-1.054586438245E-04,6.505038033962));
#6736 = CARTESIAN_POINT('',(-1.047758781701E-04,6.619049188179));
#6737 = CARTESIAN_POINT('',(-1.038396552726E-04,6.656162124775));
#6738 = CARTESIAN_POINT('',(-1.02153867809E-04,6.693274943159));
#6739 = CARTESIAN_POINT('',(-9.973109268455E-05,6.730387589757));
#6740 = CARTESIAN_POINT('',(-9.675440857505E-05,6.767500222894));
#6741 = CARTESIAN_POINT('',(-9.369972723465E-05,6.804613002669));
#6742 = CARTESIAN_POINT('',(-9.145812480333E-05,6.841725880827));
#6743 = CARTESIAN_POINT('',(-9.145817311458E-05,6.878838390627));
#6744 = ( GEOMETRIC_REPRESENTATION_CONTEXT(2) 
PARAMETRIC_REPRESENTATION_CONTEXT() REPRESENTATION_CONTEXT('2D SPACE',''
  ) );
#6745 = ORIENTED_EDGE('',*,*,#6746,.T.);
#6746 = EDGE_CURVE('',#6601,#6747,#6749,.T.);
#6747 = VERTEX_POINT('',#6748);
#6748 = CARTESIAN_POINT('',(-3.698972647738,-5.824740453555,
    15.411900468349));
#6749 = SURFACE_CURVE('',#6750,(#6769,#6791),.PCURVE_S1.);
#6750 = B_SPLINE_CURVE_WITH_KNOTS('',5,(#6751,#6752,#6753,#6754,#6755,
    #6756,#6757,#6758,#6759,#6760,#6761,#6762,#6763,#6764,#6765,#6766,
    #6767,#6768),.UNSPECIFIED.,.F.,.F.,(6,4,4,4,6),(0.,0.256788620486,
    0.50671802881,0.753707024908,1.),.UNSPECIFIED.);
#6751 = CARTESIAN_POINT('',(-6.899920794998,3.306089464484E-02,
    14.961900471277));
#6752 = CARTESIAN_POINT('',(-6.901635358604,-0.324774342655,
    14.985011383853));
#6753 = CARTESIAN_POINT('',(-6.880152633149,-0.682725325134,
    15.008122615055));
#6754 = CARTESIAN_POINT('',(-6.835463644302,-1.038773756093,
    15.031233434672));
#6755 = CARTESIAN_POINT('',(-6.767818027355,-1.390930679686,
    15.054344663557));
#6756 = CARTESIAN_POINT('',(-6.590035093621,-2.074303996641,
    15.09994910706));
#6757 = CARTESIAN_POINT('',(-6.481078977121,-2.405836595707,
    15.122442870621));
#6758 = CARTESIAN_POINT('',(-6.351323867847,-2.730040204698,
    15.144936125832));
#6759 = CARTESIAN_POINT('',(-6.201456508271,-3.045198966571,
    15.167429986383));
#6760 = CARTESIAN_POINT('',(-5.86529158589,-3.650591294608,
    15.212152678615));
#6761 = CARTESIAN_POINT('',(-5.679439625807,-3.941081242321,
    15.234382017159));
#6762 = CARTESIAN_POINT('',(-5.475695508918,-4.219587011998,
    15.256610929977));
#6763 = CARTESIAN_POINT('',(-5.25511237259,-4.484669015225,
    15.278840186883));
#6764 = CARTESIAN_POINT('',(-4.783396585696,-4.98466775327,
    15.323235367924));
#6765 = CARTESIAN_POINT('',(-4.532346620135,-5.219672860271,
    15.345401792474));
#6766 = CARTESIAN_POINT('',(-4.266993617013,-5.438742141724,
    15.367567619875));
#6767 = CARTESIAN_POINT('',(-3.98870155447,-5.640749542749,
    15.389734161307));
#6768 = CARTESIAN_POINT('',(-3.698972647738,-5.824740453555,
    15.411900468349));
#6769 = PCURVE('',#4641,#6770);
#6770 = DEFINITIONAL_REPRESENTATION('',(#6771),#6790);
#6771 = B_SPLINE_CURVE_WITH_KNOTS('',5,(#6772,#6773,#6774,#6775,#6776,
    #6777,#6778,#6779,#6780,#6781,#6782,#6783,#6784,#6785,#6786,#6787,
    #6788,#6789),.UNSPECIFIED.,.F.,.F.,(6,4,4,4,6),(0.,0.256788620486,
    0.50671802881,0.753707024908,1.),.UNSPECIFIED.);
#6772 = CARTESIAN_POINT('',(3.13680120125,8.961900471277));
#6773 = CARTESIAN_POINT('',(3.188661975878,8.985011383853));
#6774 = CARTESIAN_POINT('',(3.240523419361,9.008122615055));
#6775 = CARTESIAN_POINT('',(3.292383598289,9.031233434672));
#6776 = CARTESIAN_POINT('',(3.344245044774,9.054344663557));
#6777 = CARTESIAN_POINT('',(3.446581318471,9.09994910706));
#6778 = CARTESIAN_POINT('',(3.49705740063,9.122442870621));
#6779 = CARTESIAN_POINT('',(3.547532373087,9.144936125832));
#6780 = CARTESIAN_POINT('',(3.598008449305,9.167429986383));
#6781 = CARTESIAN_POINT('',(3.698365585767,9.212152678615));
#6782 = CARTESIAN_POINT('',(3.748247783935,9.234382017159));
#6783 = CARTESIAN_POINT('',(3.798128938734,9.256610929977));
#6784 = CARTESIAN_POINT('',(3.848011142655,9.278840186883));
#6785 = CARTESIAN_POINT('',(3.947633884265,9.323235367924));
#6786 = CARTESIAN_POINT('',(3.997375518783,9.345401792474));
#6787 = CARTESIAN_POINT('',(4.047116125866,9.367567619875));
#6788 = CARTESIAN_POINT('',(4.096857755493,9.389734161307));
#6789 = CARTESIAN_POINT('',(4.146598839931,9.411900468349));
#6790 = ( GEOMETRIC_REPRESENTATION_CONTEXT(2) 
PARAMETRIC_REPRESENTATION_CONTEXT() REPRESENTATION_CONTEXT('2D SPACE',''
  ) );
#6791 = PCURVE('',#6792,#6807);
#6792 = B_SPLINE_SURFACE_WITH_KNOTS('',1,6,(
    (#6793,#6794,#6795,#6796,#6797,#6798,#6799)
    ,(#6800,#6801,#6802,#6803,#6804,#6805,#6806
  )),.UNSPECIFIED.,.F.,.F.,.F.,(2,2),(7,7),(-0.866025403784,-0.),(0.,
    1.105527598494),.PIECEWISE_BEZIER_KNOTS.);
#6793 = CARTESIAN_POINT('',(-6.15,5.15602701832E-03,14.529833673255));
#6794 = CARTESIAN_POINT('',(-6.150867760469,-1.029886545883,
    14.604833702427));
#6795 = CARTESIAN_POINT('',(-5.942698788777,-2.06510444839,
    14.679833592503));
#6796 = CARTESIAN_POINT('',(-5.525434979447,-3.047755361579,
    14.754833677015));
#6797 = CARTESIAN_POINT('',(-4.916868283016,-3.924886212579,
    14.82983376136));
#6798 = CARTESIAN_POINT('',(-4.152296921506,-4.653200050709,
    14.904833651508));
#6799 = CARTESIAN_POINT('',(-3.276363004245,-5.204610653909,
    14.979833680672));
#6800 = CARTESIAN_POINT('',(-6.9,3.306384189622E-02,14.961946105232));
#6801 = CARTESIAN_POINT('',(-6.905564651788,-1.128203442982,
    15.036946105259));
#6802 = CARTESIAN_POINT('',(-6.676600204437,-2.290594580398,
    15.111946105027));
#6803 = CARTESIAN_POINT('',(-6.212807780038,-3.394935482419,
    15.186946105559));
#6804 = CARTESIAN_POINT('',(-5.533913900623,-4.381736221976,
    15.261946105027));
#6805 = CARTESIAN_POINT('',(-4.679329824349,-5.202262784224,
    15.336946105259));
#6806 = CARTESIAN_POINT('',(-3.699017285714,-5.824805954518,
    15.411946105232));
#6807 = DEFINITIONAL_REPRESENTATION('',(#6808),#6827);
#6808 = B_SPLINE_CURVE_WITH_KNOTS('',5,(#6809,#6810,#6811,#6812,#6813,
    #6814,#6815,#6816,#6817,#6818,#6819,#6820,#6821,#6822,#6823,#6824,
    #6825,#6826),.UNSPECIFIED.,.F.,.F.,(6,4,4,4,6),(0.,0.256788620486,
    0.50671802881,0.753707024908,1.),.UNSPECIFIED.);
#6809 = CARTESIAN_POINT('',(-9.145805849836E-05,0.));
#6810 = CARTESIAN_POINT('',(-9.146524656111E-05,5.677723474255E-02));
#6811 = CARTESIAN_POINT('',(-9.142925723937E-05,0.1135551994));
#6812 = CARTESIAN_POINT('',(-9.095710013958E-05,0.170331618227));
#6813 = CARTESIAN_POINT('',(-9.081778603047E-05,0.227109450496));
#6814 = CARTESIAN_POINT('',(-9.082743511846E-05,0.339147175431));
#6815 = CARTESIAN_POINT('',(-9.099493628823E-05,0.394408439424));
#6816 = CARTESIAN_POINT('',(-9.129071705538E-05,0.449668611785));
#6817 = CARTESIAN_POINT('',(-9.141632785017E-05,0.504930062716));
#6818 = CARTESIAN_POINT('',(-9.139448419088E-05,0.614801526031));
#6819 = CARTESIAN_POINT('',(-9.124946692264E-05,0.669412786626));
#6820 = CARTESIAN_POINT('',(-9.096241950486E-05,0.724022827238));
#6821 = CARTESIAN_POINT('',(-9.082486494648E-05,0.778633896428));
#6822 = CARTESIAN_POINT('',(-9.086227917995E-05,0.887700826487));
#6823 = CARTESIAN_POINT('',(-9.10147092369E-05,0.942157889113));
#6824 = CARTESIAN_POINT('',(-9.143469307685E-05,0.996613812658));
#6825 = CARTESIAN_POINT('',(-9.145703163404E-05,1.051071002929));
#6826 = CARTESIAN_POINT('',(-9.14639273477E-05,1.105527598494));
#6827 = ( GEOMETRIC_REPRESENTATION_CONTEXT(2) 
PARAMETRIC_REPRESENTATION_CONTEXT() REPRESENTATION_CONTEXT('2D SPACE',''
  ) );
#6828 = ORIENTED_EDGE('',*,*,#6829,.T.);
#6829 = EDGE_CURVE('',#6747,#6830,#6832,.T.);
#6830 = VERTEX_POINT('',#6831);
#6831 = CARTESIAN_POINT('',(-3.671021213707,-5.842397046462,
    14.899997910804));
#6832 = SURFACE_CURVE('',#6833,(#6838,#6848),.PCURVE_S1.);
#6833 = ELLIPSE('',#6834,107.05917522128,6.9);
#6834 = AXIS2_PLACEMENT_3D('',#6835,#6836,#6837);
#6835 = CARTESIAN_POINT('',(0.,0.,14.900000000003));
#6836 = DIRECTION('',(0.844963788229,-0.530925936971,6.4450337729E-02));
#6837 = DIRECTION('',(-5.457166060358E-02,3.428964701408E-02,
    0.997920915688));
#6838 = PCURVE('',#4641,#6839);
#6839 = DEFINITIONAL_REPRESENTATION('',(#6840),#6847);
#6840 = B_SPLINE_CURVE_WITH_KNOTS('',5,(#6841,#6842,#6843,#6844,#6845,
    #6846),.UNSPECIFIED.,.F.,.F.,(6,6),(1.565046061732,1.576546591857),
  .PIECEWISE_BEZIER_KNOTS.);
#6841 = CARTESIAN_POINT('',(4.145640027181,9.514335326278));
#6842 = CARTESIAN_POINT('',(4.147940133206,9.268603904217));
#6843 = CARTESIAN_POINT('',(4.150240239231,9.02286841949));
#6844 = CARTESIAN_POINT('',(4.152540345256,8.77713158051));
#6845 = CARTESIAN_POINT('',(4.154840451281,8.531396095783));
#6846 = CARTESIAN_POINT('',(4.157140557306,8.285664673722));
#6847 = ( GEOMETRIC_REPRESENTATION_CONTEXT(2) 
PARAMETRIC_REPRESENTATION_CONTEXT() REPRESENTATION_CONTEXT('2D SPACE',''
  ) );
#6848 = PCURVE('',#6849,#6854);
#6849 = PLANE('',#6850);
#6850 = AXIS2_PLACEMENT_3D('',#6851,#6852,#6853);
#6851 = CARTESIAN_POINT('',(-3.530720393528,-5.619109316343,
    14.900000002608));
#6852 = DIRECTION('',(0.844963788229,-0.530925936971,6.4450337729E-02));
#6853 = DIRECTION('',(0.532032076515,0.846724199228,0.));
#6854 = DEFINITIONAL_REPRESENTATION('',(#6855),#6859);
#6855 = ELLIPSE('',#6856,107.05917522128,6.9);
#6856 = AXIS2_PLACEMENT_2D('',#6857,#6858);
#6857 = CARTESIAN_POINT('',(6.636292338821,-2.6104564435E-09));
#6858 = DIRECTION('',(-1.734723475977E-17,1.));
#6859 = ( GEOMETRIC_REPRESENTATION_CONTEXT(2) 
PARAMETRIC_REPRESENTATION_CONTEXT() REPRESENTATION_CONTEXT('2D SPACE',''
  ) );
#6860 = ORIENTED_EDGE('',*,*,#6861,.T.);
#6861 = EDGE_CURVE('',#6830,#6862,#6864,.T.);
#6862 = VERTEX_POINT('',#6863);
#6863 = CARTESIAN_POINT('',(-3.64298572865,-5.859919366412,
    14.388099525796));
#6864 = SURFACE_CURVE('',#6865,(#6870,#6880),.PCURVE_S1.);
#6865 = ELLIPSE('',#6866,107.05917522128,6.9);
#6866 = AXIS2_PLACEMENT_3D('',#6867,#6868,#6869);
#6867 = CARTESIAN_POINT('',(0.,0.,14.900000000003));
#6868 = DIRECTION('',(0.844963788229,-0.530925936971,6.4450337729E-02));
#6869 = DIRECTION('',(-5.457166060358E-02,3.428964701408E-02,
    0.997920915688));
#6870 = PCURVE('',#4641,#6871);
#6871 = DEFINITIONAL_REPRESENTATION('',(#6872),#6879);
#6872 = B_SPLINE_CURVE_WITH_KNOTS('',5,(#6873,#6874,#6875,#6876,#6877,
    #6878),.UNSPECIFIED.,.F.,.F.,(6,6),(1.565046061732,1.576546591857),
  .PIECEWISE_BEZIER_KNOTS.);
#6873 = CARTESIAN_POINT('',(4.145640027181,9.514335326278));
#6874 = CARTESIAN_POINT('',(4.147940133206,9.268603904217));
#6875 = CARTESIAN_POINT('',(4.150240239231,9.02286841949));
#6876 = CARTESIAN_POINT('',(4.152540345256,8.77713158051));
#6877 = CARTESIAN_POINT('',(4.154840451281,8.531396095783));
#6878 = CARTESIAN_POINT('',(4.157140557306,8.285664673722));
#6879 = ( GEOMETRIC_REPRESENTATION_CONTEXT(2) 
PARAMETRIC_REPRESENTATION_CONTEXT() REPRESENTATION_CONTEXT('2D SPACE',''
  ) );
#6880 = PCURVE('',#6849,#6881);
#6881 = DEFINITIONAL_REPRESENTATION('',(#6882),#6886);
#6882 = ELLIPSE('',#6883,107.05917522128,6.9);
#6883 = AXIS2_PLACEMENT_2D('',#6884,#6885);
#6884 = CARTESIAN_POINT('',(6.636292338821,-2.6104564435E-09));
#6885 = DIRECTION('',(-1.734723475977E-17,1.));
#6886 = ( GEOMETRIC_REPRESENTATION_CONTEXT(2) 
PARAMETRIC_REPRESENTATION_CONTEXT() REPRESENTATION_CONTEXT('2D SPACE',''
  ) );
#6887 = ORIENTED_EDGE('',*,*,#6888,.F.);
#6888 = EDGE_CURVE('',#6063,#6862,#6889,.T.);
#6889 = SURFACE_CURVE('',#6890,(#6913,#6939),.PCURVE_S1.);
#6890 = B_SPLINE_CURVE_WITH_KNOTS('',6,(#6891,#6892,#6893,#6894,#6895,
    #6896,#6897,#6898,#6899,#6900,#6901,#6902,#6903,#6904,#6905,#6906,
    #6907,#6908,#6909,#6910,#6911,#6912),.UNSPECIFIED.,.F.,.F.,(7,5,5,5,
    7),(0.,2.900026920722E-02,0.280901982032,0.668898963417,1.),
  .UNSPECIFIED.);
#6891 = CARTESIAN_POINT('',(-6.899920794998,-3.306089464484E-02,
    13.938099528723));
#6892 = CARTESIAN_POINT('',(-6.899759435056,-6.673726156028E-02,
    13.940274528529));
#6893 = CARTESIAN_POINT('',(-6.899400838469,-0.100412683475,
    13.942449528376));
#6894 = CARTESIAN_POINT('',(-6.898845012156,-0.134085716331,
    13.944624527998));
#6895 = CARTESIAN_POINT('',(-6.898091977129,-0.167754916334,
    13.946799527186));
#6896 = CARTESIAN_POINT('',(-6.897141768491,-0.201418839956,
    13.948974525786));
#6897 = CARTESIAN_POINT('',(-6.886028487895,-0.527428755174,
    13.970041958653));
#6898 = CARTESIAN_POINT('',(-6.861189269224,-0.819277258646,
    13.988934514185));
#6899 = CARTESIAN_POINT('',(-6.821509531184,-1.109669733188,
    14.007826771617));
#6900 = CARTESIAN_POINT('',(-6.767101467806,-1.397666320158,
    14.026719041506));
#6901 = CARTESIAN_POINT('',(-6.698156564011,-1.682340058493,
    14.045611628471));
#6902 = CARTESIAN_POINT('',(-6.486777743707,-2.394728057931,
    14.093603621762));
#6903 = CARTESIAN_POINT('',(-6.32475580366,-2.816658933955,
    14.12270489315));
#6904 = CARTESIAN_POINT('',(-6.129872166753,-3.225200595534,
    14.151804453185));
#6905 = CARTESIAN_POINT('',(-5.903553677983,-3.61720299949,
    14.180903729282));
#6906 = CARTESIAN_POINT('',(-5.647588304955,-3.989706042588,
    14.210004726081));
#6907 = CARTESIAN_POINT('',(-5.122351397551,-4.638895475265,
    14.263936417273));
#6908 = CARTESIAN_POINT('',(-4.860516760371,-4.921645173758,
    14.288769422429));
#6909 = CARTESIAN_POINT('',(-4.580052362117,-5.186540510947,
    14.313601643849));
#6910 = CARTESIAN_POINT('',(-4.282493288733,-5.432077465048,
    14.338434101591));
#6911 = CARTESIAN_POINT('',(-3.969521887599,-5.656918865457,
    14.363267180697));
#6912 = CARTESIAN_POINT('',(-3.64298572865,-5.859919366412,
    14.388099525796));
#6913 = PCURVE('',#4641,#6914);
#6914 = DEFINITIONAL_REPRESENTATION('',(#6915),#6938);
#6915 = B_SPLINE_CURVE_WITH_KNOTS('',6,(#6916,#6917,#6918,#6919,#6920,
    #6921,#6922,#6923,#6924,#6925,#6926,#6927,#6928,#6929,#6930,#6931,
    #6932,#6933,#6934,#6935,#6936,#6937),.UNSPECIFIED.,.F.,.F.,(7,5,5,5,
    7),(0.,2.900026920722E-02,0.280901982032,0.668898963417,1.),
  .UNSPECIFIED.);
#6916 = CARTESIAN_POINT('',(3.14638410593,7.938099528723));
#6917 = CARTESIAN_POINT('',(3.151264794842,7.940274528529));
#6918 = CARTESIAN_POINT('',(3.156145483755,7.942449528376));
#6919 = CARTESIAN_POINT('',(3.161026172678,7.944624527998));
#6920 = CARTESIAN_POINT('',(3.165906861613,7.946799527186));
#6921 = CARTESIAN_POINT('',(3.170787550564,7.948974525786));
#6922 = CARTESIAN_POINT('',(3.218062808436,7.970041958653));
#6923 = CARTESIAN_POINT('',(3.26045778511,7.988934514185));
#6924 = CARTESIAN_POINT('',(3.302852290593,8.007826771617));
#6925 = CARTESIAN_POINT('',(3.345246796223,8.026719041506));
#6926 = CARTESIAN_POINT('',(3.387641773214,8.045611628471));
#6927 = CARTESIAN_POINT('',(3.495335480659,8.093603621762));
#6928 = CARTESIAN_POINT('',(3.560638173905,8.12270489315));
#6929 = CARTESIAN_POINT('',(3.625936704169,8.151804453185));
#6930 = CARTESIAN_POINT('',(3.691235237821,8.180903729282));
#6931 = CARTESIAN_POINT('',(3.756537933652,8.210004726081));
#6932 = CARTESIAN_POINT('',(3.877560733714,8.263936417273));
#6933 = CARTESIAN_POINT('',(3.933286018499,8.288769422429));
#6934 = CARTESIAN_POINT('',(3.989009412142,8.313601643849));
#6935 = CARTESIAN_POINT('',(4.044732802047,8.338434101591));
#6936 = CARTESIAN_POINT('',(4.100458083835,8.363267180697));
#6937 = CARTESIAN_POINT('',(4.156181744611,8.388099525796));
#6938 = ( GEOMETRIC_REPRESENTATION_CONTEXT(2) 
PARAMETRIC_REPRESENTATION_CONTEXT() REPRESENTATION_CONTEXT('2D SPACE',''
  ) );
#6939 = PCURVE('',#6077,#6940);
#6940 = DEFINITIONAL_REPRESENTATION('',(#6941),#6964);
#6941 = B_SPLINE_CURVE_WITH_KNOTS('',6,(#6942,#6943,#6944,#6945,#6946,
    #6947,#6948,#6949,#6950,#6951,#6952,#6953,#6954,#6955,#6956,#6957,
    #6958,#6959,#6960,#6961,#6962,#6963),.UNSPECIFIED.,.F.,.F.,(7,5,5,5,
    7),(0.,2.900026920722E-02,0.280901982032,0.668898963417,1.),
  .UNSPECIFIED.);
#6942 = CARTESIAN_POINT('',(-0.865933945726,0.));
#6943 = CARTESIAN_POINT('',(-0.865933946403,5.343383746844E-03));
#6944 = CARTESIAN_POINT('',(-0.865933946997,1.068676749311E-02));
#6945 = CARTESIAN_POINT('',(-0.865933947943,1.603015111881E-02));
#6946 = CARTESIAN_POINT('',(-0.865933949579,2.137353452287E-02));
#6947 = CARTESIAN_POINT('',(-0.865933952146,2.671691762312E-02));
#6948 = CARTESIAN_POINT('',(-0.865933987454,7.847391304219E-02));
#6949 = CARTESIAN_POINT('',(-0.865934116564,0.124887941386));
#6950 = CARTESIAN_POINT('',(-0.865934367594,0.171301386837));
#6951 = CARTESIAN_POINT('',(-0.86593457669,0.217714811501));
#6952 = CARTESIAN_POINT('',(-0.865934604542,0.264128792976));
#6953 = CARTESIAN_POINT('',(-0.865934464159,0.382031894454));
#6954 = CARTESIAN_POINT('',(-0.865934155954,0.453525424842));
#6955 = CARTESIAN_POINT('',(-0.865933728369,0.525014604556));
#6956 = CARTESIAN_POINT('',(-0.86593392119,0.596503847176));
#6957 = CARTESIAN_POINT('',(-0.865934250759,0.667997484704));
#6958 = CARTESIAN_POINT('',(-0.865934627664,0.800493442333));
#6959 = CARTESIAN_POINT('',(-0.865934700488,0.861501470593));
#6960 = CARTESIAN_POINT('',(-0.865934572099,0.922507326791));
#6961 = CARTESIAN_POINT('',(-0.865933959401,0.983513169928));
#6962 = CARTESIAN_POINT('',(-0.865933943871,1.044521271625));
#6963 = CARTESIAN_POINT('',(-0.865933951595,1.105527598494));
#6964 = ( GEOMETRIC_REPRESENTATION_CONTEXT(2) 
PARAMETRIC_REPRESENTATION_CONTEXT() REPRESENTATION_CONTEXT('2D SPACE',''
  ) );
#6965 = ORIENTED_EDGE('',*,*,#6098,.F.);
#6966 = ORIENTED_EDGE('',*,*,#4625,.F.);
#6967 = ADVANCED_FACE('',(#6968),#4848,.F.);
#6968 = FACE_BOUND('',#6969,.F.);
#6969 = EDGE_LOOP('',(#6970,#7001,#7002,#7003));
#6970 = ORIENTED_EDGE('',*,*,#6971,.F.);
#6971 = EDGE_CURVE('',#4803,#6972,#6974,.T.);
#6972 = VERTEX_POINT('',#6973);
#6973 = CARTESIAN_POINT('',(6.149999999985,5.156027008807E-03,
    14.37016632689));
#6974 = SURFACE_CURVE('',#6975,(#6988,#6994),.PCURVE_S1.);
#6975 = B_SPLINE_CURVE_WITH_KNOTS('',11,(#6976,#6977,#6978,#6979,#6980,
    #6981,#6982,#6983,#6984,#6985,#6986,#6987),.UNSPECIFIED.,.F.,.F.,(12
    ,12),(0.,6.878838390627),.PIECEWISE_BEZIER_KNOTS.);
#6976 = CARTESIAN_POINT('',(6.15,5.156027018322E-03,11.570166326745));
#6977 = CARTESIAN_POINT('',(6.147054884143,3.518027803557,
    11.824711781775));
#6978 = CARTESIAN_POINT('',(3.937382133081,7.028969963556,
    12.079257234494));
#6979 = CARTESIAN_POINT('',(-0.48230518881,8.997966812709,
    12.333802693733));
#6980 = CARTESIAN_POINT('',(-5.87867482105,7.879827374282,
    12.588348139578));
#6981 = CARTESIAN_POINT('',(-9.899168451142,3.243380257256,
    12.842893606335));
#6982 = CARTESIAN_POINT('',(-9.89371617108,-3.259974183723,
    13.097439047369));
#6983 = CARTESIAN_POINT('',(-5.865454018613,-7.889673397947,
    13.351984513914));
#6984 = CARTESIAN_POINT('',(-0.467217116716,-8.998762871686,
    13.606529960035));
#6985 = CARTESIAN_POINT('',(3.949162461578,-7.022358055097,
    13.861075419077));
#6986 = CARTESIAN_POINT('',(6.152945115835,-3.507715749533,
    14.115620871884));
#6987 = CARTESIAN_POINT('',(6.149999999985,5.156027008807E-03,
    14.37016632689));
#6988 = PCURVE('',#4848,#6989);
#6989 = DEFINITIONAL_REPRESENTATION('',(#6990),#6993);
#6990 = B_SPLINE_CURVE_WITH_KNOTS('',1,(#6991,#6992),.UNSPECIFIED.,.F.,
  .F.,(2,2),(0.,6.878838390627),.PIECEWISE_BEZIER_KNOTS.);
#6991 = CARTESIAN_POINT('',(-0.16,0.));
#6992 = CARTESIAN_POINT('',(-0.16,6.878838390627));
#6993 = ( GEOMETRIC_REPRESENTATION_CONTEXT(2) 
PARAMETRIC_REPRESENTATION_CONTEXT() REPRESENTATION_CONTEXT('2D SPACE',''
  ) );
#6994 = PCURVE('',#5965,#6995);
#6995 = DEFINITIONAL_REPRESENTATION('',(#6996),#7000);
#6996 = LINE('',#6997,#6998);
#6997 = CARTESIAN_POINT('',(-0.,0.));
#6998 = VECTOR('',#6999,1.);
#6999 = DIRECTION('',(0.,1.));
#7000 = ( GEOMETRIC_REPRESENTATION_CONTEXT(2) 
PARAMETRIC_REPRESENTATION_CONTEXT() REPRESENTATION_CONTEXT('2D SPACE',''
  ) );
#7001 = ORIENTED_EDGE('',*,*,#4835,.T.);
#7002 = ORIENTED_EDGE('',*,*,#4880,.T.);
#7003 = ORIENTED_EDGE('',*,*,#7004,.F.);
#7004 = EDGE_CURVE('',#6972,#4881,#7005,.T.);
#7005 = SURFACE_CURVE('',#7006,(#7009,#7016),.PCURVE_S1.);
#7006 = B_SPLINE_CURVE_WITH_KNOTS('',1,(#7007,#7008),.UNSPECIFIED.,.F.,
  .F.,(2,2),(-0.16,-0.),.PIECEWISE_BEZIER_KNOTS.);
#7007 = CARTESIAN_POINT('',(6.149999999985,5.156027008807E-03,
    14.37016632689));
#7008 = CARTESIAN_POINT('',(6.150000000016,-5.156027027802E-03,
    14.5298336734));
#7009 = PCURVE('',#4848,#7010);
#7010 = DEFINITIONAL_REPRESENTATION('',(#7011),#7015);
#7011 = LINE('',#7012,#7013);
#7012 = CARTESIAN_POINT('',(0.,6.878838390627));
#7013 = VECTOR('',#7014,1.);
#7014 = DIRECTION('',(1.,0.));
#7015 = ( GEOMETRIC_REPRESENTATION_CONTEXT(2) 
PARAMETRIC_REPRESENTATION_CONTEXT() REPRESENTATION_CONTEXT('2D SPACE',''
  ) );
#7016 = PCURVE('',#7017,#7032);
#7017 = B_SPLINE_SURFACE_WITH_KNOTS('',1,6,(
    (#7018,#7019,#7020,#7021,#7022,#7023,#7024)
    ,(#7025,#7026,#7027,#7028,#7029,#7030,#7031
  )),.UNSPECIFIED.,.F.,.F.,.F.,(2,2),(7,7),(-0.16,-0.),(0.,
    1.105527598494),.PIECEWISE_BEZIER_KNOTS.);
#7018 = CARTESIAN_POINT('',(6.15,5.15602701832E-03,14.370166326745));
#7019 = CARTESIAN_POINT('',(6.149132239531,1.040198599787,
    14.445166355909));
#7020 = CARTESIAN_POINT('',(5.939227777369,2.075065997153,
    14.520166246057));
#7021 = CARTESIAN_POINT('',(5.520316863269,3.057015893805,
    14.595166330402));
#7022 = CARTESIAN_POINT('',(4.910280286757,3.933125064395,
    14.670166414914));
#7023 = CARTESIAN_POINT('',(4.144488807661,4.660155900538,
    14.745166304989));
#7024 = CARTESIAN_POINT('',(3.267631537705,5.210096996089,
    14.820166334162));
#7025 = CARTESIAN_POINT('',(6.15,-5.15602701832E-03,14.529833673255));
#7026 = CARTESIAN_POINT('',(6.150867760469,1.029886545883,
    14.604833702427));
#7027 = CARTESIAN_POINT('',(5.942698788777,2.06510444839,14.679833592503
    ));
#7028 = CARTESIAN_POINT('',(5.525434979447,3.047755361579,
    14.754833677015));
#7029 = CARTESIAN_POINT('',(4.916868283016,3.924886212579,14.82983376136
    ));
#7030 = CARTESIAN_POINT('',(4.152296921506,4.653200050709,
    14.904833651508));
#7031 = CARTESIAN_POINT('',(3.276363004245,5.204610653909,
    14.979833680672));
#7032 = DEFINITIONAL_REPRESENTATION('',(#7033),#7036);
#7033 = B_SPLINE_CURVE_WITH_KNOTS('',1,(#7034,#7035),.UNSPECIFIED.,.F.,
  .F.,(2,2),(-0.16,-0.),.PIECEWISE_BEZIER_KNOTS.);
#7034 = CARTESIAN_POINT('',(-0.16,0.));
#7035 = CARTESIAN_POINT('',(0.,0.));
#7036 = ( GEOMETRIC_REPRESENTATION_CONTEXT(2) 
PARAMETRIC_REPRESENTATION_CONTEXT() REPRESENTATION_CONTEXT('2D SPACE',''
  ) );
#7037 = ADVANCED_FACE('',(#7038),#5198,.F.);
#7038 = FACE_BOUND('',#7039,.F.);
#7039 = EDGE_LOOP('',(#7040,#7066,#7067,#7068,#7069));
#7040 = ORIENTED_EDGE('',*,*,#7041,.F.);
#7041 = EDGE_CURVE('',#4881,#7042,#7044,.T.);
#7042 = VERTEX_POINT('',#7043);
#7043 = CARTESIAN_POINT('',(3.276363004245,5.204610653909,
    14.979833680672));
#7044 = SURFACE_CURVE('',#7045,(#7053,#7060),.PCURVE_S1.);
#7045 = B_SPLINE_CURVE_WITH_KNOTS('',6,(#7046,#7047,#7048,#7049,#7050,
    #7051,#7052),.UNSPECIFIED.,.F.,.F.,(7,7),(0.,1.105527598494),
  .PIECEWISE_BEZIER_KNOTS.);
#7046 = CARTESIAN_POINT('',(6.15,-5.15602701832E-03,14.529833673255));
#7047 = CARTESIAN_POINT('',(6.150867760469,1.029886545883,
    14.604833702427));
#7048 = CARTESIAN_POINT('',(5.942698788777,2.06510444839,14.679833592503
    ));
#7049 = CARTESIAN_POINT('',(5.525434979447,3.047755361579,
    14.754833677015));
#7050 = CARTESIAN_POINT('',(4.916868283016,3.924886212579,14.82983376136
    ));
#7051 = CARTESIAN_POINT('',(4.152296921506,4.653200050709,
    14.904833651508));
#7052 = CARTESIAN_POINT('',(3.276363004245,5.204610653909,
    14.979833680672));
#7053 = PCURVE('',#5198,#7054);
#7054 = DEFINITIONAL_REPRESENTATION('',(#7055),#7059);
#7055 = LINE('',#7056,#7057);
#7056 = CARTESIAN_POINT('',(-0.866025403784,0.));
#7057 = VECTOR('',#7058,1.);
#7058 = DIRECTION('',(0.,1.));
#7059 = ( GEOMETRIC_REPRESENTATION_CONTEXT(2) 
PARAMETRIC_REPRESENTATION_CONTEXT() REPRESENTATION_CONTEXT('2D SPACE',''
  ) );
#7060 = PCURVE('',#7017,#7061);
#7061 = DEFINITIONAL_REPRESENTATION('',(#7062),#7065);
#7062 = B_SPLINE_CURVE_WITH_KNOTS('',1,(#7063,#7064),.UNSPECIFIED.,.F.,
  .F.,(2,2),(0.,1.105527598494),.PIECEWISE_BEZIER_KNOTS.);
#7063 = CARTESIAN_POINT('',(0.,0.));
#7064 = CARTESIAN_POINT('',(0.,1.105527598494));
#7065 = ( GEOMETRIC_REPRESENTATION_CONTEXT(2) 
PARAMETRIC_REPRESENTATION_CONTEXT() REPRESENTATION_CONTEXT('2D SPACE',''
  ) );
#7066 = ORIENTED_EDGE('',*,*,#5185,.T.);
#7067 = ORIENTED_EDGE('',*,*,#6246,.T.);
#7068 = ORIENTED_EDGE('',*,*,#6326,.T.);
#7069 = ORIENTED_EDGE('',*,*,#7070,.F.);
#7070 = EDGE_CURVE('',#7042,#6327,#7071,.T.);
#7071 = SURFACE_CURVE('',#7072,(#7075,#7082),.PCURVE_S1.);
#7072 = B_SPLINE_CURVE_WITH_KNOTS('',1,(#7073,#7074),.UNSPECIFIED.,.F.,
  .F.,(2,2),(-0.866025403784,-0.),.PIECEWISE_BEZIER_KNOTS.);
#7073 = CARTESIAN_POINT('',(3.276363004245,5.204610653909,
    14.979833680672));
#7074 = CARTESIAN_POINT('',(3.699017285714,5.824805954518,
    15.411946105232));
#7075 = PCURVE('',#5198,#7076);
#7076 = DEFINITIONAL_REPRESENTATION('',(#7077),#7081);
#7077 = LINE('',#7078,#7079);
#7078 = CARTESIAN_POINT('',(0.,1.105527598494));
#7079 = VECTOR('',#7080,1.);
#7080 = DIRECTION('',(1.,0.));
#7081 = ( GEOMETRIC_REPRESENTATION_CONTEXT(2) 
PARAMETRIC_REPRESENTATION_CONTEXT() REPRESENTATION_CONTEXT('2D SPACE',''
  ) );
#7082 = PCURVE('',#6414,#7083);
#7083 = DEFINITIONAL_REPRESENTATION('',(#7084),#7087);
#7084 = B_SPLINE_CURVE_WITH_KNOTS('',1,(#7085,#7086),.UNSPECIFIED.,.F.,
  .F.,(2,2),(-0.866025403784,-0.),.PIECEWISE_BEZIER_KNOTS.);
#7085 = CARTESIAN_POINT('',(0.486292338028,8.000000481914E-02));
#7086 = CARTESIAN_POINT('',(-0.263707666263,0.513012699279));
#7087 = ( GEOMETRIC_REPRESENTATION_CONTEXT(2) 
PARAMETRIC_REPRESENTATION_CONTEXT() REPRESENTATION_CONTEXT('2D SPACE',''
  ) );
#7088 = ADVANCED_FACE('',(#7089),#5268,.F.);
#7089 = FACE_BOUND('',#7090,.F.);
#7090 = EDGE_LOOP('',(#7091,#7092,#7093,#7124));
#7091 = ORIENTED_EDGE('',*,*,#6031,.F.);
#7092 = ORIENTED_EDGE('',*,*,#5255,.T.);
#7093 = ORIENTED_EDGE('',*,*,#7094,.T.);
#7094 = EDGE_CURVE('',#5225,#7095,#7097,.T.);
#7095 = VERTEX_POINT('',#7096);
#7096 = CARTESIAN_POINT('',(-6.150000000015,5.156027027806E-03,
    14.5298336734));
#7097 = SURFACE_CURVE('',#7098,(#7111,#7117),.PCURVE_S1.);
#7098 = B_SPLINE_CURVE_WITH_KNOTS('',11,(#7099,#7100,#7101,#7102,#7103,
    #7104,#7105,#7106,#7107,#7108,#7109,#7110),.UNSPECIFIED.,.F.,.F.,(12
    ,12),(0.,6.878838390627),.PIECEWISE_BEZIER_KNOTS.);
#7099 = CARTESIAN_POINT('',(-6.15,5.156027018318E-03,11.729833673255));
#7100 = CARTESIAN_POINT('',(-6.15294511586,-3.507715749529,
    11.984379128286));
#7101 = CARTESIAN_POINT('',(-3.949162461587,-7.022358055121,
    12.238924581002));
#7102 = CARTESIAN_POINT('',(0.467217116676,-8.998762871686,
    12.493470040245));
#7103 = CARTESIAN_POINT('',(5.865454018653,-7.889673398004,
    12.748015486086));
#7104 = CARTESIAN_POINT('',(9.893716171065,-3.259974183731,
    13.002560952843));
#7105 = CARTESIAN_POINT('',(9.899168451195,3.243380257256,
    13.257106393886));
#7106 = CARTESIAN_POINT('',(5.878674821071,7.879827374271,
    13.511651860415));
#7107 = CARTESIAN_POINT('',(0.482305188824,8.997966812752,
    13.766197306553));
#7108 = CARTESIAN_POINT('',(-3.937382133077,7.02896996357,
    14.020742765583));
#7109 = CARTESIAN_POINT('',(-6.147054884154,3.518027803578,
    14.275288218395));
#7110 = CARTESIAN_POINT('',(-6.150000000016,5.156027027802E-03,
    14.5298336734));
#7111 = PCURVE('',#5268,#7112);
#7112 = DEFINITIONAL_REPRESENTATION('',(#7113),#7116);
#7113 = B_SPLINE_CURVE_WITH_KNOTS('',1,(#7114,#7115),.UNSPECIFIED.,.F.,
  .F.,(2,2),(0.,6.878838390627),.PIECEWISE_BEZIER_KNOTS.);
#7114 = CARTESIAN_POINT('',(0.,0.));
#7115 = CARTESIAN_POINT('',(0.,6.878838390627));
#7116 = ( GEOMETRIC_REPRESENTATION_CONTEXT(2) 
PARAMETRIC_REPRESENTATION_CONTEXT() REPRESENTATION_CONTEXT('2D SPACE',''
  ) );
#7117 = PCURVE('',#5654,#7118);
#7118 = DEFINITIONAL_REPRESENTATION('',(#7119),#7123);
#7119 = LINE('',#7120,#7121);
#7120 = CARTESIAN_POINT('',(-0.866025403784,0.));
#7121 = VECTOR('',#7122,1.);
#7122 = DIRECTION('',(0.,1.));
#7123 = ( GEOMETRIC_REPRESENTATION_CONTEXT(2) 
PARAMETRIC_REPRESENTATION_CONTEXT() REPRESENTATION_CONTEXT('2D SPACE',''
  ) );
#7124 = ORIENTED_EDGE('',*,*,#7125,.F.);
#7125 = EDGE_CURVE('',#6032,#7095,#7126,.T.);
#7126 = SURFACE_CURVE('',#7127,(#7130,#7137),.PCURVE_S1.);
#7127 = B_SPLINE_CURVE_WITH_KNOTS('',1,(#7128,#7129),.UNSPECIFIED.,.F.,
  .F.,(2,2),(-0.16,-0.),.PIECEWISE_BEZIER_KNOTS.);
#7128 = CARTESIAN_POINT('',(-6.149999999984,-5.156027008814E-03,
    14.37016632689));
#7129 = CARTESIAN_POINT('',(-6.150000000015,5.156027027806E-03,
    14.5298336734));
#7130 = PCURVE('',#5268,#7131);
#7131 = DEFINITIONAL_REPRESENTATION('',(#7132),#7136);
#7132 = LINE('',#7133,#7134);
#7133 = CARTESIAN_POINT('',(0.,6.878838390627));
#7134 = VECTOR('',#7135,1.);
#7135 = DIRECTION('',(1.,0.));
#7136 = ( GEOMETRIC_REPRESENTATION_CONTEXT(2) 
PARAMETRIC_REPRESENTATION_CONTEXT() REPRESENTATION_CONTEXT('2D SPACE',''
  ) );
#7137 = PCURVE('',#7138,#7153);
#7138 = B_SPLINE_SURFACE_WITH_KNOTS('',1,6,(
    (#7139,#7140,#7141,#7142,#7143,#7144,#7145)
    ,(#7146,#7147,#7148,#7149,#7150,#7151,#7152
  )),.UNSPECIFIED.,.F.,.F.,.F.,(2,2),(7,7),(-0.16,-0.),(0.,
    1.105527598494),.PIECEWISE_BEZIER_KNOTS.);
#7139 = CARTESIAN_POINT('',(-6.15,-5.156027018319E-03,14.370166326745));
#7140 = CARTESIAN_POINT('',(-6.149132239531,-1.040198599787,
    14.445166355909));
#7141 = CARTESIAN_POINT('',(-5.939227777369,-2.075065997153,
    14.520166246057));
#7142 = CARTESIAN_POINT('',(-5.520316863269,-3.057015893805,
    14.595166330402));
#7143 = CARTESIAN_POINT('',(-4.910280286757,-3.933125064395,
    14.670166414914));
#7144 = CARTESIAN_POINT('',(-4.144488807661,-4.660155900538,
    14.745166304989));
#7145 = CARTESIAN_POINT('',(-3.267631537705,-5.210096996089,
    14.820166334162));
#7146 = CARTESIAN_POINT('',(-6.15,5.15602701832E-03,14.529833673255));
#7147 = CARTESIAN_POINT('',(-6.150867760469,-1.029886545883,
    14.604833702427));
#7148 = CARTESIAN_POINT('',(-5.942698788777,-2.06510444839,
    14.679833592503));
#7149 = CARTESIAN_POINT('',(-5.525434979447,-3.047755361579,
    14.754833677015));
#7150 = CARTESIAN_POINT('',(-4.916868283016,-3.924886212579,
    14.82983376136));
#7151 = CARTESIAN_POINT('',(-4.152296921506,-4.653200050709,
    14.904833651508));
#7152 = CARTESIAN_POINT('',(-3.276363004245,-5.204610653909,
    14.979833680672));
#7153 = DEFINITIONAL_REPRESENTATION('',(#7154),#7157);
#7154 = B_SPLINE_CURVE_WITH_KNOTS('',1,(#7155,#7156),.UNSPECIFIED.,.F.,
  .F.,(2,2),(-0.16,-0.),.PIECEWISE_BEZIER_KNOTS.);
#7155 = CARTESIAN_POINT('',(-0.16,0.));
#7156 = CARTESIAN_POINT('',(0.,0.));
#7157 = ( GEOMETRIC_REPRESENTATION_CONTEXT(2) 
PARAMETRIC_REPRESENTATION_CONTEXT() REPRESENTATION_CONTEXT('2D SPACE',''
  ) );
#7158 = ADVANCED_FACE('',(#7159),#5654,.F.);
#7159 = FACE_BOUND('',#7160,.F.);
#7160 = EDGE_LOOP('',(#7161,#7162,#7163,#7328,#7329));
#7161 = ORIENTED_EDGE('',*,*,#7094,.F.);
#7162 = ORIENTED_EDGE('',*,*,#5641,.T.);
#7163 = ORIENTED_EDGE('',*,*,#7164,.T.);
#7164 = EDGE_CURVE('',#5491,#6578,#7165,.T.);
#7165 = SURFACE_CURVE('',#7166,(#7218,#7273),.PCURVE_S1.);
#7166 = B_SPLINE_CURVE_WITH_KNOTS('',8,(#7167,#7168,#7169,#7170,#7171,
    #7172,#7173,#7174,#7175,#7176,#7177,#7178,#7179,#7180,#7181,#7182,
    #7183,#7184,#7185,#7186,#7187,#7188,#7189,#7190,#7191,#7192,#7193,
    #7194,#7195,#7196,#7197,#7198,#7199,#7200,#7201,#7202,#7203,#7204,
    #7205,#7206,#7207,#7208,#7209,#7210,#7211,#7212,#7213,#7214,#7215,
    #7216,#7217),.UNSPECIFIED.,.F.,.F.,(9,7,7,7,7,7,7,9),(0.,
    9.14374656648E-02,0.263370275408,0.297348014037,0.534715762038,
    0.749670683303,0.940768723318,1.),.UNSPECIFIED.);
#7167 = CARTESIAN_POINT('',(-6.899920794998,3.306089464485E-02,
    12.161900471277));
#7168 = CARTESIAN_POINT('',(-6.90110961909,-0.215050723607,
    12.177924848434));
#7169 = CARTESIAN_POINT('',(-6.892101974292,-0.463214103229,
    12.193948176872));
#7170 = CARTESIAN_POINT('',(-6.872895707219,-0.710936316042,
    12.209971041965));
#7171 = CARTESIAN_POINT('',(-6.843516633032,-0.957727986035,
    12.225993925082));
#7172 = CARTESIAN_POINT('',(-6.804018499954,-1.203103477923,
    12.242017167877));
#7173 = CARTESIAN_POINT('',(-6.754482953789,-1.446581085722,
    12.258040936585));
#7174 = CARTESIAN_POINT('',(-6.695019502433,-1.687683221315,
    12.274065186308));
#7175 = CARTESIAN_POINT('',(-6.495544913703,-2.373932105182,
    12.320220893738));
#7176 = CARTESIAN_POINT('',(-6.330687704492,-2.811928250215,
    12.350357642948));
#7177 = CARTESIAN_POINT('',(-6.132112461691,-3.236704511354,
    12.380493374493));
#7178 = CARTESIAN_POINT('',(-5.901085887502,-3.645242360434,
    12.410626801007));
#7179 = CARTESIAN_POINT('',(-5.639171459548,-4.034700108509,
    12.440759642014));
#7180 = CARTESIAN_POINT('',(-5.348210411532,-4.402407644221,
    12.470894073358));
#7181 = CARTESIAN_POINT('',(-5.030335012385,-4.745881069906,
    12.501029830276));
#7182 = CARTESIAN_POINT('',(-4.62036394373,-5.125498759891,
    12.537115544807));
#7183 = CARTESIAN_POINT('',(-4.551757102058,-5.187107245737,
    12.543070112347));
#7184 = CARTESIAN_POINT('',(-4.48221205852,-5.247665617676,
    12.549024666981));
#7185 = CARTESIAN_POINT('',(-4.411747593561,-5.307157215496,
    12.554979209215));
#7186 = CARTESIAN_POINT('',(-4.340382828449,-5.365565794086,
    12.56093373981));
#7187 = CARTESIAN_POINT('',(-4.268137225269,-5.422875523434,
    12.566888259784));
#7188 = CARTESIAN_POINT('',(-4.195030586929,-5.479070988626,
    12.572842770407));
#7189 = CARTESIAN_POINT('',(-3.604487211729,-5.918828481902,
    12.620395301134));
#7190 = CARTESIAN_POINT('',(-3.046589492082,-6.248603151889,
    12.662014062655));
#7191 = CARTESIAN_POINT('',(-2.454581750137,-6.517954276751,
    12.703621644799));
#7192 = CARTESIAN_POINT('',(-1.836180948587,-6.722948187425,
    12.745221103568));
#7193 = CARTESIAN_POINT('',(-1.19943201117,-6.860762499936,
    12.78682107157));
#7194 = CARTESIAN_POINT('',(-0.552697641592,-6.929738360335,
    12.82842989121));
#7195 = CARTESIAN_POINT('',(9.537706139999E-02,-6.929340656669,
    12.870049841457));
#7196 = CARTESIAN_POINT('',(1.31575205617,-6.798456447082,12.94931910971
    ));
#7197 = CARTESIAN_POINT('',(1.889892572501,-6.680206420073,
    12.987002372893));
#7198 = CARTESIAN_POINT('',(2.451600315318,-6.506552793822,
    13.024678643765));
#7199 = CARTESIAN_POINT('',(2.994656284876,-6.279110668179,
    13.062348880165));
#7200 = CARTESIAN_POINT('',(3.513191799934,-6.000254723495,
    13.100019075439));
#7201 = CARTESIAN_POINT('',(4.001667973452,-5.673050870901,
    13.137695274435));
#7202 = CARTESIAN_POINT('',(4.454915477316,-5.301315032175,
    13.175378545839));
#7203 = CARTESIAN_POINT('',(5.235736492369,-4.523930769949,
    13.246539317316));
#7204 = CARTESIAN_POINT('',(5.571865712875,-4.126435481641,
    13.280036645087));
#7205 = CARTESIAN_POINT('',(5.873347493894,-3.700545606437,
    13.313531213088));
#7206 = CARTESIAN_POINT('',(6.137425959594,-3.249820273656,
    13.347022173352));
#7207 = CARTESIAN_POINT('',(6.361804470043,-2.778073496127,
    13.380513302868));
#7208 = CARTESIAN_POINT('',(6.544619224043,-2.289348464612,
    13.41400833425));
#7209 = CARTESIAN_POINT('',(6.68447534371,-1.787924933967,
    13.447506304895));
#7210 = CARTESIAN_POINT('',(6.810322588182,-1.120418786011,
    13.491377419187));
#7211 = CARTESIAN_POINT('',(6.835895260362,-0.961684851051,
    13.501757890853));
#7212 = CARTESIAN_POINT('',(6.857238766464,-0.802288956671,
    13.512138334977));
#7213 = CARTESIAN_POINT('',(6.874333349539,-0.642362631794,
    13.52251874716));
#7214 = CARTESIAN_POINT('',(6.887164186563,-0.48203787375,
    13.532899123255));
#7215 = CARTESIAN_POINT('',(6.89572138844,-0.321447148274,13.54327945937
    ));
#7216 = CARTESIAN_POINT('',(6.9,-0.160723389508,13.553659751865));
#7217 = CARTESIAN_POINT('',(6.9,-1.7763568394E-15,13.564039997356));
#7218 = PCURVE('',#5654,#7219);
#7219 = DEFINITIONAL_REPRESENTATION('',(#7220),#7272);
#7220 = B_SPLINE_CURVE_WITH_KNOTS('',8,(#7221,#7222,#7223,#7224,#7225,
    #7226,#7227,#7228,#7229,#7230,#7231,#7232,#7233,#7234,#7235,#7236,
    #7237,#7238,#7239,#7240,#7241,#7242,#7243,#7244,#7245,#7246,#7247,
    #7248,#7249,#7250,#7251,#7252,#7253,#7254,#7255,#7256,#7257,#7258,
    #7259,#7260,#7261,#7262,#7263,#7264,#7265,#7266,#7267,#7268,#7269,
    #7270,#7271),.UNSPECIFIED.,.F.,.F.,(9,7,7,7,7,7,7,9),(0.,
    9.14374656648E-02,0.263370275408,0.297348014037,0.534715762038,
    0.749670683303,0.940768723318,1.),.UNSPECIFIED.);
#7221 = CARTESIAN_POINT('',(-9.145805849838E-05,0.));
#7222 = CARTESIAN_POINT('',(-9.145811102158E-05,3.936753605438E-02));
#7223 = CARTESIAN_POINT('',(-9.397795604268E-05,7.873558447993E-02));
#7224 = CARTESIAN_POINT('',(-9.731867858153E-05,0.118103500833));
#7225 = CARTESIAN_POINT('',(-1.004543407604E-04,0.157471210099));
#7226 = CARTESIAN_POINT('',(-1.028722017579E-04,0.19683892311));
#7227 = CARTESIAN_POINT('',(-1.044129377634E-04,0.236206852955));
#7228 = CARTESIAN_POINT('',(-1.051108619308E-04,0.275574931397));
#7229 = CARTESIAN_POINT('',(-1.04889889763E-04,0.388966679176));
#7230 = CARTESIAN_POINT('',(-1.020182288775E-04,0.463000954579));
#7231 = CARTESIAN_POINT('',(-9.726377938852E-05,0.537030421911));
#7232 = CARTESIAN_POINT('',(-9.233168621949E-05,0.611054008655));
#7233 = CARTESIAN_POINT('',(-8.854654414502E-05,0.685077562911));
#7234 = CARTESIAN_POINT('',(-8.631566945514E-05,0.759106929427));
#7235 = CARTESIAN_POINT('',(-8.529672064283E-05,0.83314103811));
#7236 = CARTESIAN_POINT('',(-8.52643219351E-05,0.921793783563));
#7237 = CARTESIAN_POINT('',(-8.529672468924E-05,0.936422576066));
#7238 = CARTESIAN_POINT('',(-8.536407330623E-05,0.951051379699));
#7239 = CARTESIAN_POINT('',(-8.546342907097E-05,0.965680192104));
#7240 = CARTESIAN_POINT('',(-8.55917176244E-05,0.980309011382));
#7241 = CARTESIAN_POINT('',(-8.574572896351E-05,0.994937836096));
#7242 = CARTESIAN_POINT('',(-8.592211744131E-05,1.00956666527));
#7243 = CARTESIAN_POINT('',(-8.748165384615E-05,1.126392210512));
#7244 = CARTESIAN_POINT('',(-8.977141774402E-05,1.228640993943));
#7245 = CARTESIAN_POINT('',(-9.18611778019E-05,1.330862067521));
#7246 = CARTESIAN_POINT('',(-9.259596794707E-05,1.433061523232));
#7247 = CARTESIAN_POINT('',(-9.211448970847E-05,1.535260739087));
#7248 = CARTESIAN_POINT('',(-9.128338427324E-05,1.637481272424));
#7249 = CARTESIAN_POINT('',(-9.071093141759E-05,1.739729467698));
#7250 = CARTESIAN_POINT('',(-9.06372904845E-05,1.934472408019));
#7251 = CARTESIAN_POINT('',(-9.103948766526E-05,2.027050428703));
#7252 = CARTESIAN_POINT('',(-9.207800788721E-05,2.119612051193));
#7253 = CARTESIAN_POINT('',(-9.37150473266E-05,2.212159582296));
#7254 = CARTESIAN_POINT('',(-9.553157806213E-05,2.304707232388));
#7255 = CARTESIAN_POINT('',(-9.698375101028E-05,2.397269185356));
#7256 = CARTESIAN_POINT('',(-9.772304425783E-05,2.489847639453));
#7257 = CARTESIAN_POINT('',(-9.757223400969E-05,2.664670114139));
#7258 = CARTESIAN_POINT('',(-9.685652046969E-05,2.746963059759));
#7259 = CARTESIAN_POINT('',(-9.540948722238E-05,2.829248328914));
#7260 = CARTESIAN_POINT('',(-9.33279248899E-05,2.911523957031));
#7261 = CARTESIAN_POINT('',(-9.087527491752E-05,2.993799546068));
#7262 = CARTESIAN_POINT('',(-8.841972094886E-05,3.076084717369));
#7263 = CARTESIAN_POINT('',(-8.632709238004E-05,3.15837755452));
#7264 = CARTESIAN_POINT('',(-8.43379137195E-05,3.266154510889));
#7265 = CARTESIAN_POINT('',(-8.392237408796E-05,3.291655997056));
#7266 = CARTESIAN_POINT('',(-8.35691187979E-05,3.317157491862));
#7267 = CARTESIAN_POINT('',(-8.32838241725E-05,3.342658991328));
#7268 = CARTESIAN_POINT('',(-8.30706852583E-05,3.368160490385));
#7269 = CARTESIAN_POINT('',(-8.293241582528E-05,3.39366198287));
#7270 = CARTESIAN_POINT('',(-8.287024836679E-05,3.419163461529));
#7271 = CARTESIAN_POINT('',(-8.28839340996E-05,3.444664918012));
#7272 = ( GEOMETRIC_REPRESENTATION_CONTEXT(2) 
PARAMETRIC_REPRESENTATION_CONTEXT() REPRESENTATION_CONTEXT('2D SPACE',''
  ) );
#7273 = PCURVE('',#5588,#7274);
#7274 = DEFINITIONAL_REPRESENTATION('',(#7275),#7327);
#7275 = B_SPLINE_CURVE_WITH_KNOTS('',8,(#7276,#7277,#7278,#7279,#7280,
    #7281,#7282,#7283,#7284,#7285,#7286,#7287,#7288,#7289,#7290,#7291,
    #7292,#7293,#7294,#7295,#7296,#7297,#7298,#7299,#7300,#7301,#7302,
    #7303,#7304,#7305,#7306,#7307,#7308,#7309,#7310,#7311,#7312,#7313,
    #7314,#7315,#7316,#7317,#7318,#7319,#7320,#7321,#7322,#7323,#7324,
    #7325,#7326),.UNSPECIFIED.,.F.,.F.,(9,7,7,7,7,7,7,9),(0.,
    9.14374656648E-02,0.263370275408,0.297348014037,0.534715762038,
    0.749670683303,0.940768723318,1.),.UNSPECIFIED.);
#7276 = CARTESIAN_POINT('',(3.13680120125,6.161900471277));
#7277 = CARTESIAN_POINT('',(3.172759819562,6.177924848434));
#7278 = CARTESIAN_POINT('',(3.20871886089,6.193948176872));
#7279 = CARTESIAN_POINT('',(3.2446777321,6.209971041965));
#7280 = CARTESIAN_POINT('',(3.280636379082,6.225993925082));
#7281 = CARTESIAN_POINT('',(3.316595019049,6.242017167877));
#7282 = CARTESIAN_POINT('',(3.352553872826,6.258040936585));
#7283 = CARTESIAN_POINT('',(3.388512897143,6.274065186308));
#7284 = CARTESIAN_POINT('',(3.492085667097,6.320220893738));
#7285 = CARTESIAN_POINT('',(3.559709200548,6.350357642948));
#7286 = CARTESIAN_POINT('',(3.627328547392,6.380493374493));
#7287 = CARTESIAN_POINT('',(3.694942669418,6.410626801007));
#7288 = CARTESIAN_POINT('',(3.762556799135,6.440759642014));
#7289 = CARTESIAN_POINT('',(3.830176170485,6.470894073358));
#7290 = CARTESIAN_POINT('',(3.897799741228,6.501029830276));
#7291 = CARTESIAN_POINT('',(3.978775966626,6.537115544807));
#7292 = CARTESIAN_POINT('',(3.992138033403,6.543070112347));
#7293 = CARTESIAN_POINT('',(4.005500104661,6.549024666981));
#7294 = CARTESIAN_POINT('',(4.018862178195,6.554979209215));
#7295 = CARTESIAN_POINT('',(4.032224252284,6.56093373981));
#7296 = CARTESIAN_POINT('',(4.045586325685,6.566888259784));
#7297 = CARTESIAN_POINT('',(4.058948397639,6.572842770407));
#7298 = CARTESIAN_POINT('',(4.165657601791,6.620395301134));
#7299 = CARTESIAN_POINT('',(4.259052037729,6.662014062655));
#7300 = CARTESIAN_POINT('',(4.352420964892,6.703621644799));
#7301 = CARTESIAN_POINT('',(4.445770136319,6.745221103568));
#7302 = CARTESIAN_POINT('',(4.53911930091,6.78682107157));
#7303 = CARTESIAN_POINT('',(4.632488209609,6.82842989121));
#7304 = CARTESIAN_POINT('',(4.725882620684,6.870049841457));
#7305 = CARTESIAN_POINT('',(4.903762843724,6.94931910971));
#7306 = CARTESIAN_POINT('',(4.988324693081,6.987002372893));
#7307 = CARTESIAN_POINT('',(5.072871628086,7.024678643765));
#7308 = CARTESIAN_POINT('',(5.157405660935,7.062348880165));
#7309 = CARTESIAN_POINT('',(5.241939692533,7.100019075439));
#7310 = CARTESIAN_POINT('',(5.32648664676,7.137695274435));
#7311 = CARTESIAN_POINT('',(5.411048550177,7.175378545839));
#7312 = CARTESIAN_POINT('',(5.570732636843,7.246539317316));
#7313 = CARTESIAN_POINT('',(5.64589952734,7.280036645087));
#7314 = CARTESIAN_POINT('',(5.721059361404,7.313531213088));
#7315 = CARTESIAN_POINT('',(5.796210385331,7.347022173352));
#7316 = CARTESIAN_POINT('',(5.871361406135,7.380513302868));
#7317 = CARTESIAN_POINT('',(5.946521232212,7.41400833425));
#7318 = CARTESIAN_POINT('',(6.021688113601,7.447506304895));
#7319 = CARTESIAN_POINT('',(6.120132428116,7.491377419187));
#7320 = CARTESIAN_POINT('',(6.143425688773,7.501757890853));
#7321 = CARTESIAN_POINT('',(6.166718960704,7.512138334977));
#7322 = CARTESIAN_POINT('',(6.190012239765,7.52251874716));
#7323 = CARTESIAN_POINT('',(6.213305520747,7.532899123255));
#7324 = CARTESIAN_POINT('',(6.236598797379,7.54327945937));
#7325 = CARTESIAN_POINT('',(6.259892062323,7.553659751865));
#7326 = CARTESIAN_POINT('',(6.28318530718,7.564039997356));
#7327 = ( GEOMETRIC_REPRESENTATION_CONTEXT(2) 
PARAMETRIC_REPRESENTATION_CONTEXT() REPRESENTATION_CONTEXT('2D SPACE',''
  ) );
#7328 = ORIENTED_EDGE('',*,*,#6600,.T.);
#7329 = ORIENTED_EDGE('',*,*,#7330,.F.);
#7330 = EDGE_CURVE('',#7095,#6601,#7331,.T.);
#7331 = SURFACE_CURVE('',#7332,(#7335,#7342),.PCURVE_S1.);
#7332 = B_SPLINE_CURVE_WITH_KNOTS('',1,(#7333,#7334),.UNSPECIFIED.,.F.,
  .F.,(2,2),(-0.866025403784,-0.),.PIECEWISE_BEZIER_KNOTS.);
#7333 = CARTESIAN_POINT('',(-6.150000000016,5.156027027802E-03,
    14.5298336734));
#7334 = CARTESIAN_POINT('',(-6.900000000099,3.306384189611E-02,
    14.961946105232));
#7335 = PCURVE('',#5654,#7336);
#7336 = DEFINITIONAL_REPRESENTATION('',(#7337),#7341);
#7337 = LINE('',#7338,#7339);
#7338 = CARTESIAN_POINT('',(0.,6.878838390627));
#7339 = VECTOR('',#7340,1.);
#7340 = DIRECTION('',(1.,0.));
#7341 = ( GEOMETRIC_REPRESENTATION_CONTEXT(2) 
PARAMETRIC_REPRESENTATION_CONTEXT() REPRESENTATION_CONTEXT('2D SPACE',''
  ) );
#7342 = PCURVE('',#6792,#7343);
#7343 = DEFINITIONAL_REPRESENTATION('',(#7344),#7347);
#7344 = B_SPLINE_CURVE_WITH_KNOTS('',1,(#7345,#7346),.UNSPECIFIED.,.F.,
  .F.,(2,2),(-0.866025403784,-0.),.PIECEWISE_BEZIER_KNOTS.);
#7345 = CARTESIAN_POINT('',(-0.866025403784,0.));
#7346 = CARTESIAN_POINT('',(0.,0.));
#7347 = ( GEOMETRIC_REPRESENTATION_CONTEXT(2) 
PARAMETRIC_REPRESENTATION_CONTEXT() REPRESENTATION_CONTEXT('2D SPACE',''
  ) );
#7348 = ADVANCED_FACE('',(#7349),#5588,.T.);
#7349 = FACE_BOUND('',#7350,.T.);
#7350 = EDGE_LOOP('',(#7351,#7352,#7353,#7354,#7355,#7356));
#7351 = ORIENTED_EDGE('',*,*,#5996,.F.);
#7352 = ORIENTED_EDGE('',*,*,#5926,.F.);
#7353 = ORIENTED_EDGE('',*,*,#5490,.T.);
#7354 = ORIENTED_EDGE('',*,*,#7164,.T.);
#7355 = ORIENTED_EDGE('',*,*,#6577,.T.);
#7356 = ORIENTED_EDGE('',*,*,#7357,.F.);
#7357 = EDGE_CURVE('',#5951,#6549,#7358,.T.);
#7358 = SURFACE_CURVE('',#7359,(#7446,#7536),.PCURVE_S1.);
#7359 = B_SPLINE_CURVE_WITH_KNOTS('',8,(#7360,#7361,#7362,#7363,#7364,
    #7365,#7366,#7367,#7368,#7369,#7370,#7371,#7372,#7373,#7374,#7375,
    #7376,#7377,#7378,#7379,#7380,#7381,#7382,#7383,#7384,#7385,#7386,
    #7387,#7388,#7389,#7390,#7391,#7392,#7393,#7394,#7395,#7396,#7397,
    #7398,#7399,#7400,#7401,#7402,#7403,#7404,#7405,#7406,#7407,#7408,
    #7409,#7410,#7411,#7412,#7413,#7414,#7415,#7416,#7417,#7418,#7419,
    #7420,#7421,#7422,#7423,#7424,#7425,#7426,#7427,#7428,#7429,#7430,
    #7431,#7432,#7433,#7434,#7435,#7436,#7437,#7438,#7439,#7440,#7441,
    #7442,#7443,#7444,#7445),.UNSPECIFIED.,.F.,.F.,(9,7,7,7,7,7,7,7,7,7,
    7,7,9),(0.,4.470945275227E-02,0.1332400521,0.21754572614,
    0.270025604919,0.375090171413,0.501948223085,0.626798265178,
    0.732774797392,0.783704941992,0.868977979324,0.95498388629,1.),
  .UNSPECIFIED.);
#7360 = CARTESIAN_POINT('',(6.899920794998,3.306089464485E-02,
    11.138099528723));
#7361 = CARTESIAN_POINT('',(6.8987608769,0.275139734087,11.153734276714)
  );
#7362 = CARTESIAN_POINT('',(6.887894306473,0.51717436161,11.169370399017
    ));
#7363 = CARTESIAN_POINT('',(6.867323487754,0.758707298304,
    11.185006880935));
#7364 = CARTESIAN_POINT('',(6.837076118096,0.999284381316,11.20064321609
    ));
#7365 = CARTESIAN_POINT('',(6.797205166455,1.238454944365,
    11.216279233603));
#7366 = CARTESIAN_POINT('',(6.747788851679,1.475771998249,
    11.231914925262));
#7367 = CARTESIAN_POINT('',(6.688930620793,1.710792411356,
    11.247550272698));
#7368 = CARTESIAN_POINT('',(6.485770600114,2.403031318404,
    11.294144039476));
#7369 = CARTESIAN_POINT('',(6.314242150769,2.852340199506,
    11.325106239809));
#7370 = CARTESIAN_POINT('',(6.107179407747,3.287507010243,
    11.356065168869));
#7371 = CARTESIAN_POINT('',(5.865976755767,3.705264704217,
    11.387021262746));
#7372 = CARTESIAN_POINT('',(5.592357171431,4.102546148651,
    11.417977970774));
#7373 = CARTESIAN_POINT('',(5.288349931356,4.476477853409,
    11.448938225881));
#7374 = CARTESIAN_POINT('',(4.956306192786,4.824397192268,
    11.479901314802));
#7375 = CARTESIAN_POINT('',(4.258652610709,5.448141810519,
    11.540341540338));
#7376 = CARTESIAN_POINT('',(3.895305240112,5.726700817594,
    11.569827203024));
#7377 = CARTESIAN_POINT('',(3.511236072572,5.977470913026,
    11.599311537447));
#7378 = CARTESIAN_POINT('',(3.108943979368,6.19867644871,11.628793860512
    ));
#7379 = CARTESIAN_POINT('',(2.691074185112,6.388822818686,
    11.658276041649));
#7380 = CARTESIAN_POINT('',(2.260406461748,6.546683724318,
    11.687760065982));
#7381 = CARTESIAN_POINT('',(1.819858296795,6.671318239014,
    11.717245523839));
#7382 = CARTESIAN_POINT('',(1.094026526018,6.81863988545,11.765079121042
    ));
#7383 = CARTESIAN_POINT('',(0.812884249539,6.86205673332,11.783431503323
    ));
#7384 = CARTESIAN_POINT('',(0.529803754347,6.892219612862,
    11.801783665506));
#7385 = CARTESIAN_POINT('',(0.245515031163,6.909030939799,
    11.820135587999));
#7386 = CARTESIAN_POINT('',(-3.9249916897E-02,6.912441153528,
    11.83848749517));
#7387 = CARTESIAN_POINT('',(-0.32375742251,6.902447726129,
    11.856839611128));
#7388 = CARTESIAN_POINT('',(-0.60727242014,6.879096175676,
    11.875191915711));
#7389 = CARTESIAN_POINT('',(-1.453193811821,6.769183779223,
    11.930284521732));
#7390 = CARTESIAN_POINT('',(-2.010596410582,6.642706225315,
    11.967036653425));
#7391 = CARTESIAN_POINT('',(-2.555152821087,6.463790051509,
    12.003783224044));
#7392 = CARTESIAN_POINT('',(-3.081124722956,6.23403759003,
    12.040524943001));
#7393 = CARTESIAN_POINT('',(-3.583100885285,5.955734675935,
    12.077266780152));
#7394 = CARTESIAN_POINT('',(-4.055978909995,5.631791821013,
    12.114013639229));
#7395 = CARTESIAN_POINT('',(-4.495000685476,5.265794340654,
    12.150766059339));
#7396 = CARTESIAN_POINT('',(-5.379881089926,4.374777964122,
    12.231868604772));
#7397 = CARTESIAN_POINT('',(-5.808765924441,3.832020894969,
    12.276258922793));
#7398 = CARTESIAN_POINT('',(-6.174590657186,3.241610328731,
    12.320632634548));
#7399 = CARTESIAN_POINT('',(-6.471424562738,2.612234362112,
    12.364994196458));
#7400 = CARTESIAN_POINT('',(-6.694682744752,1.953159011654,
    12.409355660947));
#7401 = CARTESIAN_POINT('',(-6.841232863997,1.274236739025,
    12.453729158101));
#7402 = CARTESIAN_POINT('',(-6.909312317517,0.585837892351,
    12.498119334412));
#7403 = CARTESIAN_POINT('',(-6.889369244004,-0.776901688481,
    12.586140839348));
#7404 = CARTESIAN_POINT('',(-6.803788125095,-1.452143455843,
    12.629827957089));
#7405 = CARTESIAN_POINT('',(-6.64251019521,-2.11615799529,
    12.673501069165));
#7406 = CARTESIAN_POINT('',(-6.40746711334,-2.759109131741,
    12.717163788798));
#7407 = CARTESIAN_POINT('',(-6.101871909141,-3.371679914957,
    12.760826464227));
#7408 = CARTESIAN_POINT('',(-5.730285543358,-3.945133836498,
    12.804499472498));
#7409 = CARTESIAN_POINT('',(-5.29852666609,-4.471308532121,
    12.848186501188));
#7410 = CARTESIAN_POINT('',(-4.403188858734,-5.343331501143,
    12.928905791444));
#7411 = CARTESIAN_POINT('',(-3.953940798607,-5.704751571716,
    12.965976846997));
#7412 = CARTESIAN_POINT('',(-3.47100086316,-6.022777002677,
    13.003041415171));
#7413 = CARTESIAN_POINT('',(-2.959318808149,-6.293816337218,
    13.04010042381));
#7414 = CARTESIAN_POINT('',(-2.424187013619,-6.514983283382,
    13.077159483564));
#7415 = CARTESIAN_POINT('',(-1.871204243128,-6.684043172528,
    13.114224162641));
#7416 = CARTESIAN_POINT('',(-1.306293763903,-6.799475004123,
    13.151295280787));
#7417 = CARTESIAN_POINT('',(-0.461558650845,-6.890065982913,
    13.206164876442));
#7418 = CARTESIAN_POINT('',(-0.186019247312,-6.906947569903,
    13.223975302156));
#7419 = CARTESIAN_POINT('',(9.019371090202E-02,-6.911232852998,
    13.24178564322));
#7420 = CARTESIAN_POINT('',(0.366407777431,-6.902893884657,
    13.259595850298));
#7421 = CARTESIAN_POINT('',(0.641952509296,-6.881945320419,
    13.277406075502));
#7422 = CARTESIAN_POINT('',(0.916159684234,-6.848443566422,
    13.295216468249));
#7423 = CARTESIAN_POINT('',(1.18836360653,-6.802487600696,
    13.313026972209));
#7424 = CARTESIAN_POINT('',(1.909192483317,-6.646665686092,
    13.360656902873));
#7425 = CARTESIAN_POINT('',(2.353084209678,-6.514584239636,
    13.390480542271));
#7426 = CARTESIAN_POINT('',(2.786402329913,-6.348647104969,
    13.420302215832));
#7427 = CARTESIAN_POINT('',(3.206141271944,-6.149870453635,13.4501214283
    ));
#7428 = CARTESIAN_POINT('',(3.609444120511,-5.919566813562,
    13.479940450538));
#7429 = CARTESIAN_POINT('',(3.993598973523,-5.659326860008,13.5097616789
    ));
#7430 = CARTESIAN_POINT('',(4.356051776365,-5.371032836479,
    13.539584918285));
#7431 = CARTESIAN_POINT('',(5.035727694424,-4.740074626027,
    13.599480541314));
#7432 = CARTESIAN_POINT('',(5.352629959761,-4.396876594221,
    13.629561075103));
#7433 = CARTESIAN_POINT('',(5.642690384302,-4.02956304464,
    13.659640306148));
#7434 = CARTESIAN_POINT('',(5.903790970945,-3.640606453426,
    13.689717965333));
#7435 = CARTESIAN_POINT('',(6.134102800474,-3.2326638946,13.719796202082
    ));
#7436 = CARTESIAN_POINT('',(6.332072938431,-2.808562507415,
    13.749876720081));
#7437 = CARTESIAN_POINT('',(6.496443219772,-2.371304774867,
    13.779958245163));
#7438 = CARTESIAN_POINT('',(6.694269366183,-1.690020057148,
    13.825776363244));
#7439 = CARTESIAN_POINT('',(6.752788519278,-1.453199957355,
    13.841518214726));
#7440 = CARTESIAN_POINT('',(6.801728297068,-1.214081968055,
    13.857259607543));
#7441 = CARTESIAN_POINT('',(6.840984547056,-0.973118782256,
    13.873000498486));
#7442 = CARTESIAN_POINT('',(6.870479065354,-0.730766965881,
    13.888741039625));
#7443 = CARTESIAN_POINT('',(6.890159624289,-0.487486791758,
    13.904481544532));
#7444 = CARTESIAN_POINT('',(6.899999999991,-0.243742073602,
    13.920222454507));
#7445 = CARTESIAN_POINT('',(6.9,-8.881784197001E-16,13.935964304801));
#7446 = PCURVE('',#5588,#7447);
#7447 = DEFINITIONAL_REPRESENTATION('',(#7448),#7535);
#7448 = B_SPLINE_CURVE_WITH_KNOTS('',8,(#7449,#7450,#7451,#7452,#7453,
    #7454,#7455,#7456,#7457,#7458,#7459,#7460,#7461,#7462,#7463,#7464,
    #7465,#7466,#7467,#7468,#7469,#7470,#7471,#7472,#7473,#7474,#7475,
    #7476,#7477,#7478,#7479,#7480,#7481,#7482,#7483,#7484,#7485,#7486,
    #7487,#7488,#7489,#7490,#7491,#7492,#7493,#7494,#7495,#7496,#7497,
    #7498,#7499,#7500,#7501,#7502,#7503,#7504,#7505,#7506,#7507,#7508,
    #7509,#7510,#7511,#7512,#7513,#7514,#7515,#7516,#7517,#7518,#7519,
    #7520,#7521,#7522,#7523,#7524,#7525,#7526,#7527,#7528,#7529,#7530,
    #7531,#7532,#7533,#7534),.UNSPECIFIED.,.F.,.F.,(9,7,7,7,7,7,7,7,7,7,
    7,7,9),(0.,4.470945275227E-02,0.1332400521,0.21754572614,
    0.270025604919,0.375090171413,0.501948223085,0.626798265178,
    0.732774797392,0.783704941992,0.868977979324,0.95498388629,1.),
  .UNSPECIFIED.);
#7449 = CARTESIAN_POINT('',(4.791452340185E-03,5.138099528723));
#7450 = CARTESIAN_POINT('',(3.987574484646E-02,5.153734276714));
#7451 = CARTESIAN_POINT('',(7.496037207586E-02,5.169370399017));
#7452 = CARTESIAN_POINT('',(0.110044835016,5.185006880935));
#7453 = CARTESIAN_POINT('',(0.145129101738,5.20064321609));
#7454 = CARTESIAN_POINT('',(0.1802133729,5.216279233603));
#7455 = CARTESIAN_POINT('',(0.215297847256,5.231914925262));
#7456 = CARTESIAN_POINT('',(0.250382487152,5.247550272698));
#7457 = CARTESIAN_POINT('',(0.35493830828,5.294144039476));
#7458 = CARTESIAN_POINT('',(0.424420547161,5.325106239809));
#7459 = CARTESIAN_POINT('',(0.493898030281,5.356065168869));
#7460 = CARTESIAN_POINT('',(0.563369549091,5.387021262746));
#7461 = CARTESIAN_POINT('',(0.632841068285,5.417977970774));
#7462 = CARTESIAN_POINT('',(0.702318577403,5.448938225881));
#7463 = CARTESIAN_POINT('',(0.771800882663,5.479901314802));
#7464 = CARTESIAN_POINT('',(0.907428425127,5.540341540338));
#7465 = CARTESIAN_POINT('',(0.97359294768,5.569827203024));
#7466 = CARTESIAN_POINT('',(1.039753708067,5.599311537447));
#7467 = CARTESIAN_POINT('',(1.105909769498,5.628793860512));
#7468 = CARTESIAN_POINT('',(1.172065829306,5.658276041649));
#7469 = CARTESIAN_POINT('',(1.238226587664,5.687760065982));
#7470 = CARTESIAN_POINT('',(1.304391112706,5.717245523839));
#7471 = CARTESIAN_POINT('',(1.411729051194,5.765079121042));
#7472 = CARTESIAN_POINT('',(1.452911715745,5.783431503323));
#7473 = CARTESIAN_POINT('',(1.494094027601,5.801783665506));
#7474 = CARTESIAN_POINT('',(1.535275894332,5.820135587999));
#7475 = CARTESIAN_POINT('',(1.576457762666,5.83848749517));
#7476 = CARTESIAN_POINT('',(1.617640080401,5.856839611128));
#7477 = CARTESIAN_POINT('',(1.658822756731,5.875191915711));
#7478 = CARTESIAN_POINT('',(1.782450594946,5.930284521732));
#7479 = CARTESIAN_POINT('',(1.864922018282,5.967036653425));
#7480 = CARTESIAN_POINT('',(1.947380339266,6.003783224044));
#7481 = CARTESIAN_POINT('',(2.029827130274,6.040524943001));
#7482 = CARTESIAN_POINT('',(2.112273913891,6.077266780152));
#7483 = CARTESIAN_POINT('',(2.194732225038,6.114013639229));
#7484 = CARTESIAN_POINT('',(2.277203654159,6.150766059339));
#7485 = CARTESIAN_POINT('',(2.459197299384,6.231868604772));
#7486 = CARTESIAN_POINT('',(2.558810069934,6.276258922793));
#7487 = CARTESIAN_POINT('',(2.658386994071,6.320632634548));
#7488 = CARTESIAN_POINT('',(2.757937864468,6.364994196458));
#7489 = CARTESIAN_POINT('',(2.857488745189,6.409355660947));
#7490 = CARTESIAN_POINT('',(2.957065667874,6.453729158101));
#7491 = CARTESIAN_POINT('',(3.056678475136,6.498119334412));
#7492 = CARTESIAN_POINT('',(3.254198113096,6.586140839348));
#7493 = CARTESIAN_POINT('',(3.35223018335,6.629827957089));
#7494 = CARTESIAN_POINT('',(3.450229291174,6.673501069165));
#7495 = CARTESIAN_POINT('',(3.548204055484,6.717163788798));
#7496 = CARTESIAN_POINT('',(3.646178817975,6.760826464227));
#7497 = CARTESIAN_POINT('',(3.744177920502,6.804499472498));
#7498 = CARTESIAN_POINT('',(3.84220998711,6.848186501188));
#7499 = CARTESIAN_POINT('',(4.023343541657,6.928905791444));
#7500 = CARTESIAN_POINT('',(4.106531709197,6.965976846997));
#7501 = CARTESIAN_POINT('',(4.189706180658,7.003041415171));
#7502 = CARTESIAN_POINT('',(4.272868668556,7.04010042381));
#7503 = CARTESIAN_POINT('',(4.356031157498,7.077159483564));
#7504 = CARTESIAN_POINT('',(4.439205633156,7.114224162641));
#7505 = CARTESIAN_POINT('',(4.522393809381,7.151295280787));
#7506 = CARTESIAN_POINT('',(4.645521171637,7.206164876442));
#7507 = CARTESIAN_POINT('',(4.685487626417,7.223975302156));
#7508 = CARTESIAN_POINT('',(4.725453770971,7.24178564322));
#7509 = CARTESIAN_POINT('',(4.765419527231,7.259595850298));
#7510 = CARTESIAN_POINT('',(4.805385281593,7.277406075502));
#7511 = CARTESIAN_POINT('',(4.845351421047,7.295216468249));
#7512 = CARTESIAN_POINT('',(4.885317869336,7.313026972209));
#7513 = CARTESIAN_POINT('',(4.992198831087,7.360656902873));
#7514 = CARTESIAN_POINT('',(5.059122976273,7.390480542271));
#7515 = CARTESIAN_POINT('',(5.126043151556,7.420302215832));
#7516 = CARTESIAN_POINT('',(5.192958364024,7.4501214283));
#7517 = CARTESIAN_POINT('',(5.259873579153,7.479940450538));
#7518 = CARTESIAN_POINT('',(5.326793763336,7.5097616789));
#7519 = CARTESIAN_POINT('',(5.393717924785,7.539584918285));
#7520 = CARTESIAN_POINT('',(5.528123476297,7.599480541314));
#7521 = CARTESIAN_POINT('',(5.595623109307,7.629561075103));
#7522 = CARTESIAN_POINT('',(5.663118595114,7.659640306148));
#7523 = CARTESIAN_POINT('',(5.730608889948,7.689717965333));
#7524 = CARTESIAN_POINT('',(5.798099173128,7.719796202082));
#7525 = CARTESIAN_POINT('',(5.865594638722,7.749876720081));
#7526 = CARTESIAN_POINT('',(5.933094268697,7.779958245163));
#7527 = CARTESIAN_POINT('',(6.035909508578,7.825776363244));
#7528 = CARTESIAN_POINT('',(6.071234811274,7.841518214726));
#7529 = CARTESIAN_POINT('',(6.106559962109,7.857259607543));
#7530 = CARTESIAN_POINT('',(6.141884917759,7.873000498486));
#7531 = CARTESIAN_POINT('',(6.177209879187,7.888741039625));
#7532 = CARTESIAN_POINT('',(6.212535045693,7.904481544532));
#7533 = CARTESIAN_POINT('',(6.247860368976,7.920222454507));
#7534 = CARTESIAN_POINT('',(6.28318530718,7.935964304801));
#7535 = ( GEOMETRIC_REPRESENTATION_CONTEXT(2) 
PARAMETRIC_REPRESENTATION_CONTEXT() REPRESENTATION_CONTEXT('2D SPACE',''
  ) );
#7536 = PCURVE('',#5965,#7537);
#7537 = DEFINITIONAL_REPRESENTATION('',(#7538),#7625);
#7538 = B_SPLINE_CURVE_WITH_KNOTS('',8,(#7539,#7540,#7541,#7542,#7543,
    #7544,#7545,#7546,#7547,#7548,#7549,#7550,#7551,#7552,#7553,#7554,
    #7555,#7556,#7557,#7558,#7559,#7560,#7561,#7562,#7563,#7564,#7565,
    #7566,#7567,#7568,#7569,#7570,#7571,#7572,#7573,#7574,#7575,#7576,
    #7577,#7578,#7579,#7580,#7581,#7582,#7583,#7584,#7585,#7586,#7587,
    #7588,#7589,#7590,#7591,#7592,#7593,#7594,#7595,#7596,#7597,#7598,
    #7599,#7600,#7601,#7602,#7603,#7604,#7605,#7606,#7607,#7608,#7609,
    #7610,#7611,#7612,#7613,#7614,#7615,#7616,#7617,#7618,#7619,#7620,
    #7621,#7622,#7623,#7624),.UNSPECIFIED.,.F.,.F.,(9,7,7,7,7,7,7,7,7,7,
    7,7,9),(0.,4.470945275227E-02,0.1332400521,0.21754572614,
    0.270025604919,0.375090171413,0.501948223085,0.626798265178,
    0.732774797392,0.783704941992,0.868977979324,0.95498388629,1.),
  .UNSPECIFIED.);
#7539 = CARTESIAN_POINT('',(-0.865933945726,0.));
#7540 = CARTESIAN_POINT('',(-0.865933945777,3.841032317231E-02));
#7541 = CARTESIAN_POINT('',(-0.86593154598,7.682108089902E-02));
#7542 = CARTESIAN_POINT('',(-0.865928326844,0.115231717746));
#7543 = CARTESIAN_POINT('',(-0.865925256057,0.153642175885));
#7544 = CARTESIAN_POINT('',(-0.865922831451,0.192052645759));
#7545 = CARTESIAN_POINT('',(-0.865921223977,0.230463316745));
#7546 = CARTESIAN_POINT('',(-0.865920420663,0.268874127819));
#7547 = CARTESIAN_POINT('',(-0.865920262513,0.383342145268));
#7548 = CARTESIAN_POINT('',(-0.865923095565,0.459411322449));
#7549 = CARTESIAN_POINT('',(-0.865928024476,0.535475032127));
#7550 = CARTESIAN_POINT('',(-0.865933165438,0.611532036463));
#7551 = CARTESIAN_POINT('',(-0.865937050358,0.687589009937));
#7552 = CARTESIAN_POINT('',(-0.865939255749,0.76365263883));
#7553 = CARTESIAN_POINT('',(-0.865940203238,0.839721687688));
#7554 = CARTESIAN_POINT('',(-0.86594006361,0.988206710727));
#7555 = CARTESIAN_POINT('',(-0.865939100361,1.060643782987));
#7556 = CARTESIAN_POINT('',(-0.865937578214,1.133076906966));
#7557 = CARTESIAN_POINT('',(-0.865935996295,1.205505016313));
#7558 = CARTESIAN_POINT('',(-0.865934747683,1.277933185553));
#7559 = CARTESIAN_POINT('',(-0.865933992206,1.350366487515));
#7560 = CARTESIAN_POINT('',(-0.865933670939,1.422803843513));
#7561 = CARTESIAN_POINT('',(-0.865933657111,1.540317963993));
#7562 = CARTESIAN_POINT('',(-0.86593377211,1.585404916316));
#7563 = CARTESIAN_POINT('',(-0.865933976101,1.630491437003));
#7564 = CARTESIAN_POINT('',(-0.86593422282,1.675577421215));
#7565 = CARTESIAN_POINT('',(-0.865934461885,1.7206633584));
#7566 = CARTESIAN_POINT('',(-0.865934647396,1.765749742875));
#7567 = CARTESIAN_POINT('',(-0.865934744292,1.810836482122));
#7568 = CARTESIAN_POINT('',(-0.865934708785,1.946183986219));
#7569 = CARTESIAN_POINT('',(-0.865934248944,2.036473413407));
#7570 = CARTESIAN_POINT('',(-0.865933189593,2.126748443665));
#7571 = CARTESIAN_POINT('',(-0.865931590452,2.217010893029));
#7572 = CARTESIAN_POINT('',(-0.865929842704,2.307273450598));
#7573 = CARTESIAN_POINT('',(-0.865928442308,2.397548771464));
#7574 = CARTESIAN_POINT('',(-0.865927712249,2.487838575978));
#7575 = CARTESIAN_POINT('',(-0.865927812694,2.68708559307));
#7576 = CARTESIAN_POINT('',(-0.865928998626,2.79614198386));
#7577 = CARTESIAN_POINT('',(-0.865931499475,2.905159189412));
#7578 = CARTESIAN_POINT('',(-0.865935043357,3.014147824653));
#7579 = CARTESIAN_POINT('',(-0.86593868125,3.123136335806));
#7580 = CARTESIAN_POINT('',(-0.865941368274,3.232153242352));
#7581 = CARTESIAN_POINT('',(-0.86594263608,3.341209385362));
#7582 = CARTESIAN_POINT('',(-0.865942397786,3.557453988742));
#7583 = CARTESIAN_POINT('',(-0.865940935169,3.664779561099));
#7584 = CARTESIAN_POINT('',(-0.865938158335,3.772069114361));
#7585 = CARTESIAN_POINT('',(-0.865934567093,3.879332137923));
#7586 = CARTESIAN_POINT('',(-0.865931163469,3.986595282851));
#7587 = CARTESIAN_POINT('',(-0.865928812286,4.09388510287));
#7588 = CARTESIAN_POINT('',(-0.865927741657,4.201210936955));
#7589 = CARTESIAN_POINT('',(-0.865927768809,4.399516310478));
#7590 = CARTESIAN_POINT('',(-0.865928563082,4.490590784149));
#7591 = CARTESIAN_POINT('',(-0.865930019384,4.581650131614));
#7592 = CARTESIAN_POINT('',(-0.865931794353,4.672696211443));
#7593 = CARTESIAN_POINT('',(-0.865933376106,4.76374218));
#7594 = CARTESIAN_POINT('',(-0.865934377412,4.854801242184));
#7595 = CARTESIAN_POINT('',(-0.865934766073,4.945875372425));
#7596 = CARTESIAN_POINT('',(-0.865934715051,5.080674981693));
#7597 = CARTESIAN_POINT('',(-0.865934600866,5.124430213209));
#7598 = CARTESIAN_POINT('',(-0.865934409925,5.168185142673));
#7599 = CARTESIAN_POINT('',(-0.865934175938,5.211939690204));
#7600 = CARTESIAN_POINT('',(-0.865933941512,5.255694281728));
#7601 = CARTESIAN_POINT('',(-0.86593375245,5.299449340468));
#7602 = CARTESIAN_POINT('',(-0.865933650294,5.343204778955));
#7603 = CARTESIAN_POINT('',(-0.86593368454,5.460218605076));
#7604 = CARTESIAN_POINT('',(-0.865934030562,5.533487599103));
#7605 = CARTESIAN_POINT('',(-0.86593482414,5.606752312226));
#7606 = CARTESIAN_POINT('',(-0.865936120333,5.680011595218));
#7607 = CARTESIAN_POINT('',(-0.865937742006,5.753270809846));
#7608 = CARTESIAN_POINT('',(-0.865939268333,5.826535327446));
#7609 = CARTESIAN_POINT('',(-0.865940176066,5.899804027303));
#7610 = CARTESIAN_POINT('',(-0.865940090722,6.046951176659));
#7611 = CARTESIAN_POINT('',(-0.865939055013,6.12084959659));
#7612 = CARTESIAN_POINT('',(-0.865936809276,6.194743332769));
#7613 = CARTESIAN_POINT('',(-0.865933018634,6.268631313554));
#7614 = CARTESIAN_POINT('',(-0.865928094177,6.342519323416));
#7615 = CARTESIAN_POINT('',(-0.865923357125,6.416413167411));
#7616 = CARTESIAN_POINT('',(-0.865920503481,6.49031179424));
#7617 = CARTESIAN_POINT('',(-0.865920298893,6.602874196894));
#7618 = CARTESIAN_POINT('',(-0.865920974341,6.641548474078));
#7619 = CARTESIAN_POINT('',(-0.865922465475,6.680222621622));
#7620 = CARTESIAN_POINT('',(-0.865924803712,6.718896572602));
#7621 = CARTESIAN_POINT('',(-0.865927839368,6.757570520246));
#7622 = CARTESIAN_POINT('',(-0.865931099085,6.796244657221));
#7623 = CARTESIAN_POINT('',(-0.86593364326,6.834918914918));
#7624 = CARTESIAN_POINT('',(-0.865933923473,6.873592702743));
#7625 = ( GEOMETRIC_REPRESENTATION_CONTEXT(2) 
PARAMETRIC_REPRESENTATION_CONTEXT() REPRESENTATION_CONTEXT('2D SPACE',''
  ) );
#7626 = ADVANCED_FACE('',(#7627),#5965,.F.);
#7627 = FACE_BOUND('',#7628,.F.);
#7628 = EDGE_LOOP('',(#7629,#7630,#7631,#7632,#7651));
#7629 = ORIENTED_EDGE('',*,*,#7357,.F.);
#7630 = ORIENTED_EDGE('',*,*,#5950,.T.);
#7631 = ORIENTED_EDGE('',*,*,#6971,.T.);
#7632 = ORIENTED_EDGE('',*,*,#7633,.F.);
#7633 = EDGE_CURVE('',#6454,#6972,#7634,.T.);
#7634 = SURFACE_CURVE('',#7635,(#7638,#7645),.PCURVE_S1.);
#7635 = B_SPLINE_CURVE_WITH_KNOTS('',1,(#7636,#7637),.UNSPECIFIED.,.F.,
  .F.,(2,2),(-0.866025403784,-0.),.PIECEWISE_BEZIER_KNOTS.);
#7636 = CARTESIAN_POINT('',(6.899999999901,3.306384189614E-02,
    13.938053894768));
#7637 = CARTESIAN_POINT('',(6.149999999985,5.156027008807E-03,
    14.37016632689));
#7638 = PCURVE('',#5965,#7639);
#7639 = DEFINITIONAL_REPRESENTATION('',(#7640),#7644);
#7640 = LINE('',#7641,#7642);
#7641 = CARTESIAN_POINT('',(0.,6.878838390627));
#7642 = VECTOR('',#7643,1.);
#7643 = DIRECTION('',(1.,0.));
#7644 = ( GEOMETRIC_REPRESENTATION_CONTEXT(2) 
PARAMETRIC_REPRESENTATION_CONTEXT() REPRESENTATION_CONTEXT('2D SPACE',''
  ) );
#7645 = PCURVE('',#6507,#7646);
#7646 = DEFINITIONAL_REPRESENTATION('',(#7647),#7650);
#7647 = B_SPLINE_CURVE_WITH_KNOTS('',1,(#7648,#7649),.UNSPECIFIED.,.F.,
  .F.,(2,2),(-0.866025403784,-0.),.PIECEWISE_BEZIER_KNOTS.);
#7648 = CARTESIAN_POINT('',(-0.866025403784,0.));
#7649 = CARTESIAN_POINT('',(0.,0.));
#7650 = ( GEOMETRIC_REPRESENTATION_CONTEXT(2) 
PARAMETRIC_REPRESENTATION_CONTEXT() REPRESENTATION_CONTEXT('2D SPACE',''
  ) );
#7651 = ORIENTED_EDGE('',*,*,#6548,.F.);
#7652 = ADVANCED_FACE('',(#7653),#6077,.F.);
#7653 = FACE_BOUND('',#7654,.F.);
#7654 = EDGE_LOOP('',(#7655,#7656,#7657,#7683));
#7655 = ORIENTED_EDGE('',*,*,#6888,.F.);
#7656 = ORIENTED_EDGE('',*,*,#6062,.T.);
#7657 = ORIENTED_EDGE('',*,*,#7658,.T.);
#7658 = EDGE_CURVE('',#6032,#7659,#7661,.T.);
#7659 = VERTEX_POINT('',#7660);
#7660 = CARTESIAN_POINT('',(-3.267631537705,-5.210096996089,
    14.820166334162));
#7661 = SURFACE_CURVE('',#7662,(#7670,#7677),.PCURVE_S1.);
#7662 = B_SPLINE_CURVE_WITH_KNOTS('',6,(#7663,#7664,#7665,#7666,#7667,
    #7668,#7669),.UNSPECIFIED.,.F.,.F.,(7,7),(0.,1.105527598494),
  .PIECEWISE_BEZIER_KNOTS.);
#7663 = CARTESIAN_POINT('',(-6.15,-5.15602701832E-03,14.370166326745));
#7664 = CARTESIAN_POINT('',(-6.149132239531,-1.040198599787,
    14.445166355909));
#7665 = CARTESIAN_POINT('',(-5.939227777369,-2.075065997153,
    14.520166246057));
#7666 = CARTESIAN_POINT('',(-5.520316863269,-3.057015893805,
    14.595166330402));
#7667 = CARTESIAN_POINT('',(-4.910280286757,-3.933125064395,
    14.670166414914));
#7668 = CARTESIAN_POINT('',(-4.144488807661,-4.660155900538,
    14.745166304989));
#7669 = CARTESIAN_POINT('',(-3.267631537705,-5.210096996089,
    14.820166334162));
#7670 = PCURVE('',#6077,#7671);
#7671 = DEFINITIONAL_REPRESENTATION('',(#7672),#7676);
#7672 = LINE('',#7673,#7674);
#7673 = CARTESIAN_POINT('',(-0.,0.));
#7674 = VECTOR('',#7675,1.);
#7675 = DIRECTION('',(0.,1.));
#7676 = ( GEOMETRIC_REPRESENTATION_CONTEXT(2) 
PARAMETRIC_REPRESENTATION_CONTEXT() REPRESENTATION_CONTEXT('2D SPACE',''
  ) );
#7677 = PCURVE('',#7138,#7678);
#7678 = DEFINITIONAL_REPRESENTATION('',(#7679),#7682);
#7679 = B_SPLINE_CURVE_WITH_KNOTS('',1,(#7680,#7681),.UNSPECIFIED.,.F.,
  .F.,(2,2),(0.,1.105527598494),.PIECEWISE_BEZIER_KNOTS.);
#7680 = CARTESIAN_POINT('',(-0.16,0.));
#7681 = CARTESIAN_POINT('',(-0.16,1.105527598494));
#7682 = ( GEOMETRIC_REPRESENTATION_CONTEXT(2) 
PARAMETRIC_REPRESENTATION_CONTEXT() REPRESENTATION_CONTEXT('2D SPACE',''
  ) );
#7683 = ORIENTED_EDGE('',*,*,#7684,.F.);
#7684 = EDGE_CURVE('',#6862,#7659,#7685,.T.);
#7685 = SURFACE_CURVE('',#7686,(#7689,#7696),.PCURVE_S1.);
#7686 = B_SPLINE_CURVE_WITH_KNOTS('',1,(#7687,#7688),.UNSPECIFIED.,.F.,
  .F.,(2,2),(-0.866025403784,-0.),.PIECEWISE_BEZIER_KNOTS.);
#7687 = CARTESIAN_POINT('',(-3.643025370198,-5.859987994832,
    14.388053894768));
#7688 = CARTESIAN_POINT('',(-3.267631537705,-5.210096996089,
    14.820166334162));
#7689 = PCURVE('',#6077,#7690);
#7690 = DEFINITIONAL_REPRESENTATION('',(#7691),#7695);
#7691 = LINE('',#7692,#7693);
#7692 = CARTESIAN_POINT('',(0.,1.105527598494));
#7693 = VECTOR('',#7694,1.);
#7694 = DIRECTION('',(1.,0.));
#7695 = ( GEOMETRIC_REPRESENTATION_CONTEXT(2) 
PARAMETRIC_REPRESENTATION_CONTEXT() REPRESENTATION_CONTEXT('2D SPACE',''
  ) );
#7696 = PCURVE('',#6849,#7697);
#7697 = DEFINITIONAL_REPRESENTATION('',(#7698),#7701);
#7698 = B_SPLINE_CURVE_WITH_KNOTS('',1,(#7699,#7700),.UNSPECIFIED.,.F.,
  .F.,(2,2),(-0.866025403784,-0.),.PIECEWISE_BEZIER_KNOTS.);
#7699 = CARTESIAN_POINT('',(-0.263707656095,-0.513012704506));
#7700 = CARTESIAN_POINT('',(0.486292339614,-7.999999518087E-02));
#7701 = ( GEOMETRIC_REPRESENTATION_CONTEXT(2) 
PARAMETRIC_REPRESENTATION_CONTEXT() REPRESENTATION_CONTEXT('2D SPACE',''
  ) );
#7702 = ADVANCED_FACE('',(#7703),#6849,.F.);
#7703 = FACE_BOUND('',#7704,.F.);
#7704 = EDGE_LOOP('',(#7705,#7726,#7745,#7746,#7747));
#7705 = ORIENTED_EDGE('',*,*,#7706,.T.);
#7706 = EDGE_CURVE('',#7659,#7707,#7709,.T.);
#7707 = VERTEX_POINT('',#7708);
#7708 = CARTESIAN_POINT('',(-3.276363004245,-5.204610653909,
    14.979833680672));
#7709 = SURFACE_CURVE('',#7710,(#7713,#7719),.PCURVE_S1.);
#7710 = B_SPLINE_CURVE_WITH_KNOTS('',1,(#7711,#7712),.UNSPECIFIED.,.F.,
  .F.,(2,2),(-0.16,-0.),.PIECEWISE_BEZIER_KNOTS.);
#7711 = CARTESIAN_POINT('',(-3.267631537705,-5.210096996089,
    14.820166334162));
#7712 = CARTESIAN_POINT('',(-3.276363004245,-5.204610653909,
    14.979833680672));
#7713 = PCURVE('',#6849,#7714);
#7714 = DEFINITIONAL_REPRESENTATION('',(#7715),#7718);
#7715 = B_SPLINE_CURVE_WITH_KNOTS('',1,(#7716,#7717),.UNSPECIFIED.,.F.,
  .F.,(2,2),(-0.16,-0.),.PIECEWISE_BEZIER_KNOTS.);
#7716 = CARTESIAN_POINT('',(0.486292339614,-7.999999518087E-02));
#7717 = CARTESIAN_POINT('',(0.486292338028,8.000000481913E-02));
#7718 = ( GEOMETRIC_REPRESENTATION_CONTEXT(2) 
PARAMETRIC_REPRESENTATION_CONTEXT() REPRESENTATION_CONTEXT('2D SPACE',''
  ) );
#7719 = PCURVE('',#7138,#7720);
#7720 = DEFINITIONAL_REPRESENTATION('',(#7721),#7725);
#7721 = LINE('',#7722,#7723);
#7722 = CARTESIAN_POINT('',(0.,1.105527598494));
#7723 = VECTOR('',#7724,1.);
#7724 = DIRECTION('',(1.,0.));
#7725 = ( GEOMETRIC_REPRESENTATION_CONTEXT(2) 
PARAMETRIC_REPRESENTATION_CONTEXT() REPRESENTATION_CONTEXT('2D SPACE',''
  ) );
#7726 = ORIENTED_EDGE('',*,*,#7727,.T.);
#7727 = EDGE_CURVE('',#7707,#6747,#7728,.T.);
#7728 = SURFACE_CURVE('',#7729,(#7732,#7738),.PCURVE_S1.);
#7729 = B_SPLINE_CURVE_WITH_KNOTS('',1,(#7730,#7731),.UNSPECIFIED.,.F.,
  .F.,(2,2),(-0.866025403784,-0.),.PIECEWISE_BEZIER_KNOTS.);
#7730 = CARTESIAN_POINT('',(-3.276363004245,-5.204610653909,
    14.979833680672));
#7731 = CARTESIAN_POINT('',(-3.699017285714,-5.824805954518,
    15.411946105232));
#7732 = PCURVE('',#6849,#7733);
#7733 = DEFINITIONAL_REPRESENTATION('',(#7734),#7737);
#7734 = B_SPLINE_CURVE_WITH_KNOTS('',1,(#7735,#7736),.UNSPECIFIED.,.F.,
  .F.,(2,2),(-0.866025403784,-0.),.PIECEWISE_BEZIER_KNOTS.);
#7735 = CARTESIAN_POINT('',(0.486292338028,8.000000481913E-02));
#7736 = CARTESIAN_POINT('',(-0.263707666263,0.513012699279));
#7737 = ( GEOMETRIC_REPRESENTATION_CONTEXT(2) 
PARAMETRIC_REPRESENTATION_CONTEXT() REPRESENTATION_CONTEXT('2D SPACE',''
  ) );
#7738 = PCURVE('',#6792,#7739);
#7739 = DEFINITIONAL_REPRESENTATION('',(#7740),#7744);
#7740 = LINE('',#7741,#7742);
#7741 = CARTESIAN_POINT('',(0.,1.105527598494));
#7742 = VECTOR('',#7743,1.);
#7743 = DIRECTION('',(1.,0.));
#7744 = ( GEOMETRIC_REPRESENTATION_CONTEXT(2) 
PARAMETRIC_REPRESENTATION_CONTEXT() REPRESENTATION_CONTEXT('2D SPACE',''
  ) );
#7745 = ORIENTED_EDGE('',*,*,#6829,.T.);
#7746 = ORIENTED_EDGE('',*,*,#6861,.T.);
#7747 = ORIENTED_EDGE('',*,*,#7684,.T.);
#7748 = ADVANCED_FACE('',(#7749),#6792,.F.);
#7749 = FACE_BOUND('',#7750,.F.);
#7750 = EDGE_LOOP('',(#7751,#7775,#7776,#7777));
#7751 = ORIENTED_EDGE('',*,*,#7752,.F.);
#7752 = EDGE_CURVE('',#7095,#7707,#7753,.T.);
#7753 = SURFACE_CURVE('',#7754,(#7762,#7769),.PCURVE_S1.);
#7754 = B_SPLINE_CURVE_WITH_KNOTS('',6,(#7755,#7756,#7757,#7758,#7759,
    #7760,#7761),.UNSPECIFIED.,.F.,.F.,(7,7),(0.,1.105527598494),
  .PIECEWISE_BEZIER_KNOTS.);
#7755 = CARTESIAN_POINT('',(-6.15,5.15602701832E-03,14.529833673255));
#7756 = CARTESIAN_POINT('',(-6.150867760469,-1.029886545883,
    14.604833702427));
#7757 = CARTESIAN_POINT('',(-5.942698788777,-2.06510444839,
    14.679833592503));
#7758 = CARTESIAN_POINT('',(-5.525434979447,-3.047755361579,
    14.754833677015));
#7759 = CARTESIAN_POINT('',(-4.916868283016,-3.924886212579,
    14.82983376136));
#7760 = CARTESIAN_POINT('',(-4.152296921506,-4.653200050709,
    14.904833651508));
#7761 = CARTESIAN_POINT('',(-3.276363004245,-5.204610653909,
    14.979833680672));
#7762 = PCURVE('',#6792,#7763);
#7763 = DEFINITIONAL_REPRESENTATION('',(#7764),#7768);
#7764 = LINE('',#7765,#7766);
#7765 = CARTESIAN_POINT('',(-0.866025403784,0.));
#7766 = VECTOR('',#7767,1.);
#7767 = DIRECTION('',(0.,1.));
#7768 = ( GEOMETRIC_REPRESENTATION_CONTEXT(2) 
PARAMETRIC_REPRESENTATION_CONTEXT() REPRESENTATION_CONTEXT('2D SPACE',''
  ) );
#7769 = PCURVE('',#7138,#7770);
#7770 = DEFINITIONAL_REPRESENTATION('',(#7771),#7774);
#7771 = B_SPLINE_CURVE_WITH_KNOTS('',1,(#7772,#7773),.UNSPECIFIED.,.F.,
  .F.,(2,2),(0.,1.105527598494),.PIECEWISE_BEZIER_KNOTS.);
#7772 = CARTESIAN_POINT('',(0.,0.));
#7773 = CARTESIAN_POINT('',(0.,1.105527598494));
#7774 = ( GEOMETRIC_REPRESENTATION_CONTEXT(2) 
PARAMETRIC_REPRESENTATION_CONTEXT() REPRESENTATION_CONTEXT('2D SPACE',''
  ) );
#7775 = ORIENTED_EDGE('',*,*,#7330,.T.);
#7776 = ORIENTED_EDGE('',*,*,#6746,.T.);
#7777 = ORIENTED_EDGE('',*,*,#7727,.F.);
#7778 = ADVANCED_FACE('',(#7779),#6507,.F.);
#7779 = FACE_BOUND('',#7780,.F.);
#7780 = EDGE_LOOP('',(#7781,#7782,#7783,#7809));
#7781 = ORIENTED_EDGE('',*,*,#6453,.F.);
#7782 = ORIENTED_EDGE('',*,*,#7633,.T.);
#7783 = ORIENTED_EDGE('',*,*,#7784,.T.);
#7784 = EDGE_CURVE('',#6972,#7785,#7787,.T.);
#7785 = VERTEX_POINT('',#7786);
#7786 = CARTESIAN_POINT('',(3.267631537705,5.210096996089,
    14.820166334162));
#7787 = SURFACE_CURVE('',#7788,(#7796,#7803),.PCURVE_S1.);
#7788 = B_SPLINE_CURVE_WITH_KNOTS('',6,(#7789,#7790,#7791,#7792,#7793,
    #7794,#7795),.UNSPECIFIED.,.F.,.F.,(7,7),(0.,1.105527598494),
  .PIECEWISE_BEZIER_KNOTS.);
#7789 = CARTESIAN_POINT('',(6.15,5.156027018319E-03,14.370166326745));
#7790 = CARTESIAN_POINT('',(6.149132239531,1.040198599787,
    14.445166355909));
#7791 = CARTESIAN_POINT('',(5.939227777369,2.075065997153,
    14.520166246057));
#7792 = CARTESIAN_POINT('',(5.520316863269,3.057015893805,
    14.595166330402));
#7793 = CARTESIAN_POINT('',(4.910280286757,3.933125064395,
    14.670166414914));
#7794 = CARTESIAN_POINT('',(4.144488807661,4.660155900538,
    14.745166304989));
#7795 = CARTESIAN_POINT('',(3.267631537705,5.210096996089,
    14.820166334162));
#7796 = PCURVE('',#6507,#7797);
#7797 = DEFINITIONAL_REPRESENTATION('',(#7798),#7802);
#7798 = LINE('',#7799,#7800);
#7799 = CARTESIAN_POINT('',(-0.,0.));
#7800 = VECTOR('',#7801,1.);
#7801 = DIRECTION('',(0.,1.));
#7802 = ( GEOMETRIC_REPRESENTATION_CONTEXT(2) 
PARAMETRIC_REPRESENTATION_CONTEXT() REPRESENTATION_CONTEXT('2D SPACE',''
  ) );
#7803 = PCURVE('',#7017,#7804);
#7804 = DEFINITIONAL_REPRESENTATION('',(#7805),#7808);
#7805 = B_SPLINE_CURVE_WITH_KNOTS('',1,(#7806,#7807),.UNSPECIFIED.,.F.,
  .F.,(2,2),(0.,1.105527598494),.PIECEWISE_BEZIER_KNOTS.);
#7806 = CARTESIAN_POINT('',(-0.16,0.));
#7807 = CARTESIAN_POINT('',(-0.16,1.105527598494));
#7808 = ( GEOMETRIC_REPRESENTATION_CONTEXT(2) 
PARAMETRIC_REPRESENTATION_CONTEXT() REPRESENTATION_CONTEXT('2D SPACE',''
  ) );
#7809 = ORIENTED_EDGE('',*,*,#7810,.F.);
#7810 = EDGE_CURVE('',#6427,#7785,#7811,.T.);
#7811 = SURFACE_CURVE('',#7812,(#7815,#7822),.PCURVE_S1.);
#7812 = B_SPLINE_CURVE_WITH_KNOTS('',1,(#7813,#7814),.UNSPECIFIED.,.F.,
  .F.,(2,2),(-0.866025403784,-0.),.PIECEWISE_BEZIER_KNOTS.);
#7813 = CARTESIAN_POINT('',(3.643025370198,5.859987994832,
    14.388053894768));
#7814 = CARTESIAN_POINT('',(3.267631537705,5.210096996089,
    14.820166334162));
#7815 = PCURVE('',#6507,#7816);
#7816 = DEFINITIONAL_REPRESENTATION('',(#7817),#7821);
#7817 = LINE('',#7818,#7819);
#7818 = CARTESIAN_POINT('',(0.,1.105527598494));
#7819 = VECTOR('',#7820,1.);
#7820 = DIRECTION('',(1.,0.));
#7821 = ( GEOMETRIC_REPRESENTATION_CONTEXT(2) 
PARAMETRIC_REPRESENTATION_CONTEXT() REPRESENTATION_CONTEXT('2D SPACE',''
  ) );
#7822 = PCURVE('',#6414,#7823);
#7823 = DEFINITIONAL_REPRESENTATION('',(#7824),#7827);
#7824 = B_SPLINE_CURVE_WITH_KNOTS('',1,(#7825,#7826),.UNSPECIFIED.,.F.,
  .F.,(2,2),(-0.866025403784,-0.),.PIECEWISE_BEZIER_KNOTS.);
#7825 = CARTESIAN_POINT('',(-0.263707656095,-0.513012704506));
#7826 = CARTESIAN_POINT('',(0.486292339614,-7.999999518087E-02));
#7827 = ( GEOMETRIC_REPRESENTATION_CONTEXT(2) 
PARAMETRIC_REPRESENTATION_CONTEXT() REPRESENTATION_CONTEXT('2D SPACE',''
  ) );
#7828 = ADVANCED_FACE('',(#7829),#6414,.F.);
#7829 = FACE_BOUND('',#7830,.F.);
#7830 = EDGE_LOOP('',(#7831,#7850,#7851,#7852,#7853));
#7831 = ORIENTED_EDGE('',*,*,#7832,.T.);
#7832 = EDGE_CURVE('',#7785,#7042,#7833,.T.);
#7833 = SURFACE_CURVE('',#7834,(#7837,#7843),.PCURVE_S1.);
#7834 = B_SPLINE_CURVE_WITH_KNOTS('',1,(#7835,#7836),.UNSPECIFIED.,.F.,
  .F.,(2,2),(-0.16,-0.),.PIECEWISE_BEZIER_KNOTS.);
#7835 = CARTESIAN_POINT('',(3.267631537705,5.210096996089,
    14.820166334162));
#7836 = CARTESIAN_POINT('',(3.276363004245,5.204610653909,
    14.979833680672));
#7837 = PCURVE('',#6414,#7838);
#7838 = DEFINITIONAL_REPRESENTATION('',(#7839),#7842);
#7839 = B_SPLINE_CURVE_WITH_KNOTS('',1,(#7840,#7841),.UNSPECIFIED.,.F.,
  .F.,(2,2),(-0.16,-0.),.PIECEWISE_BEZIER_KNOTS.);
#7840 = CARTESIAN_POINT('',(0.486292339614,-7.999999518087E-02));
#7841 = CARTESIAN_POINT('',(0.486292338028,8.000000481913E-02));
#7842 = ( GEOMETRIC_REPRESENTATION_CONTEXT(2) 
PARAMETRIC_REPRESENTATION_CONTEXT() REPRESENTATION_CONTEXT('2D SPACE',''
  ) );
#7843 = PCURVE('',#7017,#7844);
#7844 = DEFINITIONAL_REPRESENTATION('',(#7845),#7849);
#7845 = LINE('',#7846,#7847);
#7846 = CARTESIAN_POINT('',(0.,1.105527598494));
#7847 = VECTOR('',#7848,1.);
#7848 = DIRECTION('',(1.,0.));
#7849 = ( GEOMETRIC_REPRESENTATION_CONTEXT(2) 
PARAMETRIC_REPRESENTATION_CONTEXT() REPRESENTATION_CONTEXT('2D SPACE',''
  ) );
#7850 = ORIENTED_EDGE('',*,*,#7070,.T.);
#7851 = ORIENTED_EDGE('',*,*,#6394,.T.);
#7852 = ORIENTED_EDGE('',*,*,#6426,.T.);
#7853 = ORIENTED_EDGE('',*,*,#7810,.T.);
#7854 = ADVANCED_FACE('',(#7855),#6313,.T.);
#7855 = FACE_BOUND('',#7856,.T.);
#7856 = EDGE_LOOP('',(#7857));
#7857 = ORIENTED_EDGE('',*,*,#6298,.T.);
#7858 = ADVANCED_FACE('',(#7859),#7017,.F.);
#7859 = FACE_BOUND('',#7860,.F.);
#7860 = EDGE_LOOP('',(#7861,#7862,#7863,#7864));
#7861 = ORIENTED_EDGE('',*,*,#7784,.F.);
#7862 = ORIENTED_EDGE('',*,*,#7004,.T.);
#7863 = ORIENTED_EDGE('',*,*,#7041,.T.);
#7864 = ORIENTED_EDGE('',*,*,#7832,.F.);
#7865 = ADVANCED_FACE('',(#7866),#7138,.F.);
#7866 = FACE_BOUND('',#7867,.F.);
#7867 = EDGE_LOOP('',(#7868,#7869,#7870,#7871));
#7868 = ORIENTED_EDGE('',*,*,#7658,.F.);
#7869 = ORIENTED_EDGE('',*,*,#7125,.T.);
#7870 = ORIENTED_EDGE('',*,*,#7752,.T.);
#7871 = ORIENTED_EDGE('',*,*,#7706,.F.);
#7872 = ( GEOMETRIC_REPRESENTATION_CONTEXT(3) 
GLOBAL_UNCERTAINTY_ASSIGNED_CONTEXT((#7876)) 
GLOBAL_UNIT_ASSIGNED_CONTEXT((#7873,#7874,#7875)) REPRESENTATION_CONTEXT
('Context #1','3D Context with UNIT and UNCERTAINTY') );
#7873 = ( LENGTH_UNIT() NAMED_UNIT(*) SI_UNIT(.MILLI.,.METRE.) );
#7874 = ( NAMED_UNIT(*) PLANE_ANGLE_UNIT() SI_UNIT($,.RADIAN.) );
#7875 = ( NAMED_UNIT(*) SI_UNIT($,.STERADIAN.) SOLID_ANGLE_UNIT() );
#7876 = UNCERTAINTY_MEASURE_WITH_UNIT(LENGTH_MEASURE(2.E-05),#7873,
  'distance_accuracy_value','confusion accuracy');
#7877 = PRODUCT_RELATED_PRODUCT_CATEGORY('part',$,(#7));

#7878=DESCRIPTIVE_REPRESENTATION_ITEM('cadpy:generator','cadpy');
#7879=REPRESENTATION('cadpy:generator',(#7878),#7872);
#7880=PROPERTY_DEFINITION('cadpy metadata','cadpy:generator',#5);
#7881=PROPERTY_DEFINITION_REPRESENTATION(#7880,#7879);
#7882=DESCRIPTIVE_REPRESENTATION_ITEM('cadpy:entryKind','part');
#7883=REPRESENTATION('cadpy:entryKind',(#7882),#7872);
#7884=PROPERTY_DEFINITION('cadpy metadata','cadpy:entryKind',#5);
#7885=PROPERTY_DEFINITION_REPRESENTATION(#7884,#7883);
#7886=DESCRIPTIVE_REPRESENTATION_ITEM('cadpy:sourcePath','male_thread_grip.py');
#7887=REPRESENTATION('cadpy:sourcePath',(#7886),#7872);
#7888=PROPERTY_DEFINITION('cadpy metadata','cadpy:sourcePath',#5);
#7889=PROPERTY_DEFINITION_REPRESENTATION(#7888,#7887);
#7890=DESCRIPTIVE_REPRESENTATION_ITEM('cadpy:sourceFingerprint','52c51718819babef61b2aa2a159669db586df1c0a8d45ff97e3bd813519d6040');
#7891=REPRESENTATION('cadpy:sourceFingerprint',(#7890),#7872);
#7892=PROPERTY_DEFINITION('cadpy metadata','cadpy:sourceFingerprint',#5);
#7893=PROPERTY_DEFINITION_REPRESENTATION(#7892,#7891);
#7894=DESCRIPTIVE_REPRESENTATION_ITEM('cadpy:sourceHash','9e59ee8080ad323f9a9f2d5e378b7f52847c437faa63386322800016149436f7');
#7895=REPRESENTATION('cadpy:sourceHash',(#7894),#7872);
#7896=PROPERTY_DEFINITION('cadpy metadata','cadpy:sourceHash',#5);
#7897=PROPERTY_DEFINITION_REPRESENTATION(#7896,#7895);
ENDSEC;
END-ISO-10303-21;
