ISO-10303-21;
HEADER;
FILE_DESCRIPTION(('Open CASCADE Model'),'2;1');
FILE_NAME('male_thread_simple','2026-06-09T03:05:52',('Author'),(
    'Open CASCADE'),'Open CASCADE STEP processor 7.8','cadpy','Unknown'
  );
FILE_SCHEMA(('AUTOMOTIVE_DESIGN { 1 0 10303 214 1 1 1 1 }'));
ENDSEC;
DATA;
#1 = APPLICATION_PROTOCOL_DEFINITION('international standard',
  'automotive_design',2000,#2);
#2 = APPLICATION_CONTEXT(
  'core data for automotive mechanical design processes');
#3 = SHAPE_DEFINITION_REPRESENTATION(#4,#10);
#4 = PRODUCT_DEFINITION_SHAPE('','',#5);
#5 = PRODUCT_DEFINITION('design','',#6,#9);
#6 = PRODUCT_DEFINITION_FORMATION('','',#7);
#7 = PRODUCT('male_thread_simple','male_thread_simple','',(#8));
#8 = PRODUCT_CONTEXT('',#2,'mechanical');
#9 = PRODUCT_DEFINITION_CONTEXT('part definition',#2,'design');
#10 = ADVANCED_BREP_SHAPE_REPRESENTATION('',(#11,#15),#5399);
#11 = AXIS2_PLACEMENT_3D('',#12,#13,#14);
#12 = CARTESIAN_POINT('',(0.,0.,0.));
#13 = DIRECTION('',(0.,0.,1.));
#14 = DIRECTION('',(1.,0.,-0.));
#15 = MANIFOLD_SOLID_BREP('',#16);
#16 = CLOSED_SHELL('',(#17,#750,#826,#971,#1220,#1723,#1822,#1899,#1945,
    #2154,#2252,#2355,#2561,#2877,#3003,#3103,#3138,#3342,#3496,#3522,
    #3675,#4021,#4105,#4131,#4326,#4407,#4711,#4740,#5143,#5252,#5335,
    #5385,#5391));
#17 = ADVANCED_FACE('',(#18),#67,.T.);
#18 = FACE_BOUND('',#19,.T.);
#19 = EDGE_LOOP('',(#20,#178,#206,#235,#267,#294,#499,#553,#581));
#20 = ORIENTED_EDGE('',*,*,#21,.T.);
#21 = EDGE_CURVE('',#22,#24,#26,.T.);
#22 = VERTEX_POINT('',#23);
#23 = CARTESIAN_POINT('',(-6.899843043346,4.654006000235E-02,
    7.81047132397));
#24 = VERTEX_POINT('',#25);
#25 = CARTESIAN_POINT('',(6.9,-1.690012582823E-15,9.614335085929));
#26 = SURFACE_CURVE('',#27,(#66,#113),.PCURVE_S1.);
#27 = B_SPLINE_CURVE_WITH_KNOTS('',7,(#28,#29,#30,#31,#32,#33,#34,#35,
    #36,#37,#38,#39,#40,#41,#42,#43,#44,#45,#46,#47,#48,#49,#50,#51,#52,
    #53,#54,#55,#56,#57,#58,#59,#60,#61,#62,#63,#64,#65),.UNSPECIFIED.,
  .F.,.F.,(8,6,6,6,6,6,8),(0.,0.173121823531,0.390702594861,
    0.606092173254,0.749863066102,0.891268571985,1.),.UNSPECIFIED.);
#28 = CARTESIAN_POINT('',(-6.899843043346,4.654006000857E-02,
    7.810471324045));
#29 = CARTESIAN_POINT('',(-6.90346655332,-0.490667027443,7.855080597259)
  );
#30 = CARTESIAN_POINT('',(-6.858293671866,-1.028293857581,7.899697262224
    ));
#31 = CARTESIAN_POINT('',(-6.764259518179,-1.560858292619,7.944309869346
    ));
#32 = CARTESIAN_POINT('',(-6.622106325119,-2.083073024905,7.988919557304
    ));
#33 = CARTESIAN_POINT('',(-6.433227401597,-2.589819597145,8.033532253022
    ));
#34 = CARTESIAN_POINT('',(-6.199662909863,-3.076163905808,8.078149634767
    ));
#35 = CARTESIAN_POINT('',(-5.57810330725,-4.117114651512,8.178824056241)
  );
#36 = CARTESIAN_POINT('',(-5.165635303324,-4.657539987183,8.234911330342
    ));
#37 = CARTESIAN_POINT('',(-4.692425954079,-5.149129999589,8.290978249279
    ));
#38 = CARTESIAN_POINT('',(-4.165557920918,-5.583952689302,8.347039001247
    ));
#39 = CARTESIAN_POINT('',(-3.593131741642,-5.955322912185,8.403106705064
    ));
#40 = CARTESIAN_POINT('',(-2.984278529279,-6.257791229678,8.459194542222
    ));
#41 = CARTESIAN_POINT('',(-1.721000770142,-6.715272901373,8.570760556168
    ));
#42 = CARTESIAN_POINT('',(-1.06658837982,-6.871924770914,8.626284118009)
  );
#43 = CARTESIAN_POINT('',(-0.396258408122,-6.95389710069,8.681790014692)
  );
#44 = CARTESIAN_POINT('',(0.279805413571,-6.959555623123,8.737290008044)
  );
#45 = CARTESIAN_POINT('',(0.951413656309,-6.888815106386,8.792795238515)
  );
#46 = CARTESIAN_POINT('',(1.608356723393,-6.743138921296,8.848318197902)
  );
#47 = CARTESIAN_POINT('',(2.662484752352,-6.381239333934,8.940864938626)
  );
#48 = CARTESIAN_POINT('',(3.073555275958,-6.204529664658,8.977913967919)
  );
#49 = CARTESIAN_POINT('',(3.470786862203,-5.996978828982,9.014960768329)
  );
#50 = CARTESIAN_POINT('',(3.851428212284,-5.759914685433,9.052006222444)
  );
#51 = CARTESIAN_POINT('',(4.212898788788,-5.494944408738,9.089053166507)
  );
#52 = CARTESIAN_POINT('',(4.552793462065,-5.203951586875,9.126102418296)
  );
#53 = CARTESIAN_POINT('',(5.179835193829,-4.579503494205,9.199585733817)
  );
#54 = CARTESIAN_POINT('',(5.467806310095,-4.246777576991,9.236025474549)
  );
#55 = CARTESIAN_POINT('',(5.730726540578,-3.893040965899,9.272463310033)
  );
#56 = CARTESIAN_POINT('',(5.966789559673,-3.52057055298,9.308899897847)
  );
#57 = CARTESIAN_POINT('',(6.17444689317,-3.131809584092,9.345337684653)
  );
#58 = CARTESIAN_POINT('',(6.352410575754,-2.729363456912,9.381777308347)
  );
#59 = CARTESIAN_POINT('',(6.612948542842,-1.99818804865,9.446231412774)
  );
#60 = CARTESIAN_POINT('',(6.708071956076,-1.673885631239,9.474249437865)
  );
#61 = CARTESIAN_POINT('',(6.784616822794,-1.344369300031,9.502266784935)
  );
#62 = CARTESIAN_POINT('',(6.842251221985,-1.010916666352,9.530283647312)
  );
#63 = CARTESIAN_POINT('',(6.880751007803,-0.67482452742,9.558300736454)
  );
#64 = CARTESIAN_POINT('',(6.9,-0.337407770538,9.586318292981));
#65 = CARTESIAN_POINT('',(6.9,-2.6645352591E-15,9.614335085929));
#66 = PCURVE('',#67,#72);
#67 = CYLINDRICAL_SURFACE('',#68,6.9);
#68 = AXIS2_PLACEMENT_3D('',#69,#70,#71);
#69 = CARTESIAN_POINT('',(0.,0.,0.));
#70 = DIRECTION('',(0.,0.,1.));
#71 = DIRECTION('',(1.,0.,0.));
#72 = DEFINITIONAL_REPRESENTATION('',(#73),#112);
#73 = B_SPLINE_CURVE_WITH_KNOTS('',7,(#74,#75,#76,#77,#78,#79,#80,#81,
    #82,#83,#84,#85,#86,#87,#88,#89,#90,#91,#92,#93,#94,#95,#96,#97,#98,
    #99,#100,#101,#102,#103,#104,#105,#106,#107,#108,#109,#110,#111),
  .UNSPECIFIED.,.F.,.F.,(8,6,6,6,6,6,8),(0.,0.173121823531,
    0.390702594861,0.606092173254,0.749863066102,0.891268571985,1.),
  .UNSPECIFIED.);
#74 = CARTESIAN_POINT('',(3.134847666213,7.810471324045));
#75 = CARTESIAN_POINT('',(3.212705536903,7.855080597259));
#76 = CARTESIAN_POINT('',(3.290576309037,7.899697262224));
#77 = CARTESIAN_POINT('',(3.368437565296,7.944309869346));
#78 = CARTESIAN_POINT('',(3.446292778799,7.988919557304));
#79 = CARTESIAN_POINT('',(3.524154040142,8.033532253022));
#80 = CARTESIAN_POINT('',(3.602024806932,8.078149634767));
#81 = CARTESIAN_POINT('',(3.777735013695,8.178824056241));
#82 = CARTESIAN_POINT('',(3.875627984453,8.234911330342));
#83 = CARTESIAN_POINT('',(3.97348754763,8.290978249279));
#84 = CARTESIAN_POINT('',(4.071336610303,8.347039001247));
#85 = CARTESIAN_POINT('',(4.169196147731,8.403106705064));
#86 = CARTESIAN_POINT('',(4.267089109943,8.459194542222));
#87 = CARTESIAN_POINT('',(4.461808312046,8.570760556168));
#88 = CARTESIAN_POINT('',(4.558713798774,8.626284118009));
#89 = CARTESIAN_POINT('',(4.655587548052,8.681790014692));
#90 = CARTESIAN_POINT('',(4.752451178716,8.737290008044));
#91 = CARTESIAN_POINT('',(4.849324939151,8.792795238515));
#92 = CARTESIAN_POINT('',(4.946230464385,8.848318197902));
#93 = CARTESIAN_POINT('',(5.107755256962,8.940864938626));
#94 = CARTESIAN_POINT('',(5.172418325229,8.977913967919));
#95 = CARTESIAN_POINT('',(5.23707760884,9.014960768329));
#96 = CARTESIAN_POINT('',(5.301734479921,9.052006222444));
#97 = CARTESIAN_POINT('',(5.3663937545,9.089053166507));
#98 = CARTESIAN_POINT('',(5.431056811319,9.126102418296));
#99 = CARTESIAN_POINT('',(5.559308817384,9.199585733817));
#100 = CARTESIAN_POINT('',(5.622907681558,9.236025474549));
#101 = CARTESIAN_POINT('',(5.6865030581,9.272463310033));
#102 = CARTESIAN_POINT('',(5.750096216349,9.308899897847));
#103 = CARTESIAN_POINT('',(5.813691596378,9.345337684653));
#104 = CARTESIAN_POINT('',(5.877290469893,9.381777308347));
#105 = CARTESIAN_POINT('',(5.989784256969,9.446231412774));
#106 = CARTESIAN_POINT('',(6.038685212214,9.474249437865));
#107 = CARTESIAN_POINT('',(6.08758522586,9.502266784935));
#108 = CARTESIAN_POINT('',(6.136484640163,9.530283647312));
#109 = CARTESIAN_POINT('',(6.185384660181,9.558300736454));
#110 = CARTESIAN_POINT('',(6.23428563029,9.586318292981));
#111 = CARTESIAN_POINT('',(6.28318530718,9.614335085929));
#112 = ( GEOMETRIC_REPRESENTATION_CONTEXT(2) 
PARAMETRIC_REPRESENTATION_CONTEXT() REPRESENTATION_CONTEXT('2D SPACE',''
  ) );
#113 = PCURVE('',#114,#137);
#114 = B_SPLINE_SURFACE_WITH_KNOTS('',1,10,(
    (#115,#116,#117,#118,#119,#120,#121,#122,#123,#124,#125)
    ,(#126,#127,#128,#129,#130,#131,#132,#133,#134,#135,#136
  )),.UNSPECIFIED.,.F.,.F.,.F.,(2,2),(11,11),(-0.958274654836,-0.),(0.,
    5.431078152858),.PIECEWISE_BEZIER_KNOTS.);
#115 = CARTESIAN_POINT('',(-6.05,9.930306465022E-03,7.369588415047));
#116 = CARTESIAN_POINT('',(-6.054679548437,-2.841065031721,
    7.639588427961));
#117 = CARTESIAN_POINT('',(-4.566581435839,-5.694510518174,
    7.909588321394));
#118 = CARTESIAN_POINT('',(-1.583868532563,-7.670801591661,8.1795886339)
  );
#119 = CARTESIAN_POINT('',(2.299701868669,-7.891824458752,8.449588205049
    ));
#120 = CARTESIAN_POINT('',(5.914077919739,-5.933524337024,8.719588416472
    ));
#121 = CARTESIAN_POINT('',(7.88423265735,-2.325596164466,8.98958862592)
  );
#122 = CARTESIAN_POINT('',(7.675959678545,1.558678705827,9.259588198392)
  );
#123 = CARTESIAN_POINT('',(5.709470719613,4.547863274037,9.529588510341)
  );
#124 = CARTESIAN_POINT('',(2.860925644801,6.045320451747,9.799588403893)
  );
#125 = CARTESIAN_POINT('',(9.930306612483E-03,6.050000000249,
    10.069588416804));
#126 = CARTESIAN_POINT('',(-6.9,4.654682142699E-02,7.810552750265));
#127 = CARTESIAN_POINT('',(-6.921934681079,-3.205001575309,
    8.080552750288));
#128 = CARTESIAN_POINT('',(-5.241362554063,-6.468034965404,8.35055274994
    ));
#129 = CARTESIAN_POINT('',(-1.851067868404,-8.739369802209,
    8.620552751437));
#130 = CARTESIAN_POINT('',(2.576878989909,-9.014057036713,8.890552747967
    ));
#131 = CARTESIAN_POINT('',(6.710494318336,-6.801646480597,9.160552753109
    ));
#132 = CARTESIAN_POINT('',(8.97847160717,-2.698254614917,9.430552747964)
  );
#133 = CARTESIAN_POINT('',(8.763547560236,1.73299433644,9.70055275144));
#134 = CARTESIAN_POINT('',(6.538158664242,5.153623980077,9.970552749939)
  );
#135 = CARTESIAN_POINT('',(3.298095218166,6.878065320088,10.240552750288
    ));
#136 = CARTESIAN_POINT('',(4.654682142705E-02,6.900000001167,
    10.510552750265));
#137 = DEFINITIONAL_REPRESENTATION('',(#138),#177);
#138 = B_SPLINE_CURVE_WITH_KNOTS('',7,(#139,#140,#141,#142,#143,#144,
    #145,#146,#147,#148,#149,#150,#151,#152,#153,#154,#155,#156,#157,
    #158,#159,#160,#161,#162,#163,#164,#165,#166,#167,#168,#169,#170,
    #171,#172,#173,#174,#175,#176),.UNSPECIFIED.,.F.,.F.,(8,6,6,6,6,6,8)
  ,(0.,0.173121823531,0.390702594861,0.606092173254,0.749863066102,
    0.891268571985,1.),.UNSPECIFIED.);
#139 = CARTESIAN_POINT('',(-1.769500978078E-04,0.));
#140 = CARTESIAN_POINT('',(-1.769516320844E-04,8.973201962153E-02));
#141 = CARTESIAN_POINT('',(-1.769632731344E-04,0.179478917205));
#142 = CARTESIAN_POINT('',(-1.742284965778E-04,0.269215110236));
#143 = CARTESIAN_POINT('',(-1.702591070136E-04,0.358944288543));
#144 = CARTESIAN_POINT('',(-1.670548868018E-04,0.448680225243));
#145 = CARTESIAN_POINT('',(-1.654256438571E-04,0.538427045774));
#146 = CARTESIAN_POINT('',(-1.654031087295E-04,0.740934673428));
#147 = CARTESIAN_POINT('',(-1.679432317294E-04,0.853757161297));
#148 = CARTESIAN_POINT('',(-1.731934864697E-04,0.966541213116));
#149 = CARTESIAN_POINT('',(-1.790599061779E-04,1.079313430353));
#150 = CARTESIAN_POINT('',(-1.829961878007E-04,1.192097844727));
#151 = CARTESIAN_POINT('',(-1.847490998929E-04,1.304920736542));
#152 = CARTESIAN_POINT('',(-1.846623605401E-04,1.529336856611));
#153 = CARTESIAN_POINT('',(-1.828685584296E-04,1.641021419813));
#154 = CARTESIAN_POINT('',(-1.797254144443E-04,1.752669200376));
#155 = CARTESIAN_POINT('',(-1.765790146148E-04,1.864305103313));
#156 = CARTESIAN_POINT('',(-1.746341622094E-04,1.975952652949));
#157 = CARTESIAN_POINT('',(-1.738544773003E-04,2.087636942995));
#158 = CARTESIAN_POINT('',(-1.73893114089E-04,2.273795712702));
#159 = CARTESIAN_POINT('',(-1.742642127457E-04,2.34832056493));
#160 = CARTESIAN_POINT('',(-1.748820172087E-04,2.422841162096));
#161 = CARTESIAN_POINT('',(-1.75537643599E-04,2.497359086183));
#162 = CARTESIAN_POINT('',(-1.760376383129E-04,2.571879863261));
#163 = CARTESIAN_POINT('',(-1.762755194262E-04,2.646405039735));
#164 = CARTESIAN_POINT('',(-1.762436886044E-04,2.79421746565));
#165 = CARTESIAN_POINT('',(-1.759822203587E-04,2.867516142068));
#166 = CARTESIAN_POINT('',(-1.754755374567E-04,2.940810759083));
#167 = CARTESIAN_POINT('',(-1.748311617312E-04,3.014102738945));
#168 = CARTESIAN_POINT('',(-1.742344960942E-04,3.087397174754));
#169 = CARTESIAN_POINT('',(-1.738818620338E-04,3.160695531366));
#170 = CARTESIAN_POINT('',(-1.738710417147E-04,3.29034562447));
#171 = CARTESIAN_POINT('',(-1.740717047089E-04,3.346704359828));
#172 = CARTESIAN_POINT('',(-1.745259978592E-04,3.403061966095));
#173 = CARTESIAN_POINT('',(-1.752555276196E-04,3.459418852174));
#174 = CARTESIAN_POINT('',(-1.762344663607E-04,3.515776425257));
#175 = CARTESIAN_POINT('',(-1.773888908827E-04,3.572135100906));
#176 = CARTESIAN_POINT('',(-1.786162362753E-04,3.628492308114));
#177 = ( GEOMETRIC_REPRESENTATION_CONTEXT(2) 
PARAMETRIC_REPRESENTATION_CONTEXT() REPRESENTATION_CONTEXT('2D SPACE',''
  ) );
#178 = ORIENTED_EDGE('',*,*,#179,.T.);
#179 = EDGE_CURVE('',#24,#180,#182,.T.);
#180 = VERTEX_POINT('',#181);
#181 = CARTESIAN_POINT('',(6.9,-1.690012582823E-15,10.));
#182 = SURFACE_CURVE('',#183,(#187,#194),.PCURVE_S1.);
#183 = LINE('',#184,#185);
#184 = CARTESIAN_POINT('',(6.9,-1.690012582823E-15,0.));
#185 = VECTOR('',#186,1.);
#186 = DIRECTION('',(0.,0.,1.));
#187 = PCURVE('',#67,#188);
#188 = DEFINITIONAL_REPRESENTATION('',(#189),#193);
#189 = LINE('',#190,#191);
#190 = CARTESIAN_POINT('',(6.28318530718,-0.));
#191 = VECTOR('',#192,1.);
#192 = DIRECTION('',(0.,1.));
#193 = ( GEOMETRIC_REPRESENTATION_CONTEXT(2) 
PARAMETRIC_REPRESENTATION_CONTEXT() REPRESENTATION_CONTEXT('2D SPACE',''
  ) );
#194 = PCURVE('',#195,#200);
#195 = CYLINDRICAL_SURFACE('',#196,6.9);
#196 = AXIS2_PLACEMENT_3D('',#197,#198,#199);
#197 = CARTESIAN_POINT('',(0.,0.,0.));
#198 = DIRECTION('',(0.,0.,1.));
#199 = DIRECTION('',(1.,0.,0.));
#200 = DEFINITIONAL_REPRESENTATION('',(#201),#205);
#201 = LINE('',#202,#203);
#202 = CARTESIAN_POINT('',(0.,-0.));
#203 = VECTOR('',#204,1.);
#204 = DIRECTION('',(0.,1.));
#205 = ( GEOMETRIC_REPRESENTATION_CONTEXT(2) 
PARAMETRIC_REPRESENTATION_CONTEXT() REPRESENTATION_CONTEXT('2D SPACE',''
  ) );
#206 = ORIENTED_EDGE('',*,*,#207,.F.);
#207 = EDGE_CURVE('',#208,#180,#210,.T.);
#208 = VERTEX_POINT('',#209);
#209 = CARTESIAN_POINT('',(-4.151868080668E-03,-6.899998750869,10.));
#210 = SURFACE_CURVE('',#211,(#216,#223),.PCURVE_S1.);
#211 = CIRCLE('',#212,6.9);
#212 = AXIS2_PLACEMENT_3D('',#213,#214,#215);
#213 = CARTESIAN_POINT('',(0.,0.,10.));
#214 = DIRECTION('',(0.,0.,1.));
#215 = DIRECTION('',(1.,0.,0.));
#216 = PCURVE('',#67,#217);
#217 = DEFINITIONAL_REPRESENTATION('',(#218),#222);
#218 = LINE('',#219,#220);
#219 = CARTESIAN_POINT('',(0.,10.));
#220 = VECTOR('',#221,1.);
#221 = DIRECTION('',(1.,0.));
#222 = ( GEOMETRIC_REPRESENTATION_CONTEXT(2) 
PARAMETRIC_REPRESENTATION_CONTEXT() REPRESENTATION_CONTEXT('2D SPACE',''
  ) );
#223 = PCURVE('',#224,#229);
#224 = PLANE('',#225);
#225 = AXIS2_PLACEMENT_3D('',#226,#227,#228);
#226 = CARTESIAN_POINT('',(0.,0.,10.));
#227 = DIRECTION('',(0.,0.,1.));
#228 = DIRECTION('',(1.,0.,0.));
#229 = DEFINITIONAL_REPRESENTATION('',(#230),#234);
#230 = CIRCLE('',#231,6.9);
#231 = AXIS2_PLACEMENT_2D('',#232,#233);
#232 = CARTESIAN_POINT('',(0.,0.));
#233 = DIRECTION('',(1.,0.));
#234 = ( GEOMETRIC_REPRESENTATION_CONTEXT(2) 
PARAMETRIC_REPRESENTATION_CONTEXT() REPRESENTATION_CONTEXT('2D SPACE',''
  ) );
#235 = ORIENTED_EDGE('',*,*,#236,.T.);
#236 = EDGE_CURVE('',#208,#237,#239,.T.);
#237 = VERTEX_POINT('',#238);
#238 = CARTESIAN_POINT('',(1.729504230143E-07,-6.9,9.949997917197));
#239 = SURFACE_CURVE('',#240,(#245,#255),.PCURVE_S1.);
#240 = ELLIPSE('',#241,83.381112447601,6.9);
#241 = AXIS2_PLACEMENT_3D('',#242,#243,#244);
#242 = CARTESIAN_POINT('',(0.,0.,9.949999999848));
#243 = DIRECTION('',(0.996570125394,1.819808378941E-12,
    8.275255387527E-02));
#244 = DIRECTION('',(-8.275255387527E-02,-1.51112086429E-13,
    0.996570125394));
#245 = PCURVE('',#67,#246);
#246 = DEFINITIONAL_REPRESENTATION('',(#247),#254);
#247 = B_SPLINE_CURVE_WITH_KNOTS('',5,(#248,#249,#250,#251,#252,#253),
  .UNSPECIFIED.,.F.,.F.,(6,6),(1.570194599524,1.578891514587),
  .PIECEWISE_BEZIER_KNOTS.);
#248 = CARTESIAN_POINT('',(4.711787253116,10.0000006));
#249 = CARTESIAN_POINT('',(4.713526636129,9.855466376121));
#250 = CARTESIAN_POINT('',(4.715266019141,9.710931963148));
#251 = CARTESIAN_POINT('',(4.717005402154,9.566398272086));
#252 = CARTESIAN_POINT('',(4.718744785166,9.42186621394));
#253 = CARTESIAN_POINT('',(4.720484168179,9.277336699682));
#254 = ( GEOMETRIC_REPRESENTATION_CONTEXT(2) 
PARAMETRIC_REPRESENTATION_CONTEXT() REPRESENTATION_CONTEXT('2D SPACE',''
  ) );
#255 = PCURVE('',#256,#261);
#256 = PLANE('',#257);
#257 = AXIS2_PLACEMENT_3D('',#258,#259,#260);
#258 = CARTESIAN_POINT('',(-5.384658516035E-11,-6.589614709782,
    9.950000000642));
#259 = DIRECTION('',(0.996570125394,1.819808378941E-12,
    8.275255387527E-02));
#260 = DIRECTION('',(-8.275255387527E-02,0.,0.996570125394));
#261 = DEFINITIONAL_REPRESENTATION('',(#262),#266);
#262 = ELLIPSE('',#263,83.381112447601,6.9);
#263 = AXIS2_PLACEMENT_2D('',#264,#265);
#264 = CARTESIAN_POINT('',(-7.951072531455E-10,-6.589614709782));
#265 = DIRECTION('',(1.,1.51112086429E-13));
#266 = ( GEOMETRIC_REPRESENTATION_CONTEXT(2) 
PARAMETRIC_REPRESENTATION_CONTEXT() REPRESENTATION_CONTEXT('2D SPACE',''
  ) );
#267 = ORIENTED_EDGE('',*,*,#268,.T.);
#268 = EDGE_CURVE('',#237,#269,#271,.T.);
#269 = VERTEX_POINT('',#270);
#270 = CARTESIAN_POINT('',(4.654006005882E-02,-6.899843043346,
    9.38952867535));
#271 = SURFACE_CURVE('',#272,(#277,#287),.PCURVE_S1.);
#272 = ELLIPSE('',#273,83.381112447601,6.9);
#273 = AXIS2_PLACEMENT_3D('',#274,#275,#276);
#274 = CARTESIAN_POINT('',(0.,0.,9.949999999848));
#275 = DIRECTION('',(0.996570125394,1.819808378941E-12,
    8.275255387527E-02));
#276 = DIRECTION('',(-8.275255387527E-02,-1.51112086429E-13,
    0.996570125394));
#277 = PCURVE('',#67,#278);
#278 = DEFINITIONAL_REPRESENTATION('',(#279),#286);
#279 = B_SPLINE_CURVE_WITH_KNOTS('',5,(#280,#281,#282,#283,#284,#285),
  .UNSPECIFIED.,.F.,.F.,(6,6),(1.570194599524,1.578891514587),
  .PIECEWISE_BEZIER_KNOTS.);
#280 = CARTESIAN_POINT('',(4.711787253116,10.0000006));
#281 = CARTESIAN_POINT('',(4.713526636129,9.855466376121));
#282 = CARTESIAN_POINT('',(4.715266019141,9.710931963148));
#283 = CARTESIAN_POINT('',(4.717005402154,9.566398272086));
#284 = CARTESIAN_POINT('',(4.718744785166,9.42186621394));
#285 = CARTESIAN_POINT('',(4.720484168179,9.277336699682));
#286 = ( GEOMETRIC_REPRESENTATION_CONTEXT(2) 
PARAMETRIC_REPRESENTATION_CONTEXT() REPRESENTATION_CONTEXT('2D SPACE',''
  ) );
#287 = PCURVE('',#256,#288);
#288 = DEFINITIONAL_REPRESENTATION('',(#289),#293);
#289 = ELLIPSE('',#290,83.381112447601,6.9);
#290 = AXIS2_PLACEMENT_2D('',#291,#292);
#291 = CARTESIAN_POINT('',(-7.951072531455E-10,-6.589614709782));
#292 = DIRECTION('',(1.,1.51112086429E-13));
#293 = ( GEOMETRIC_REPRESENTATION_CONTEXT(2) 
PARAMETRIC_REPRESENTATION_CONTEXT() REPRESENTATION_CONTEXT('2D SPACE',''
  ) );
#294 = ORIENTED_EDGE('',*,*,#295,.F.);
#295 = EDGE_CURVE('',#296,#269,#298,.T.);
#296 = VERTEX_POINT('',#297);
#297 = CARTESIAN_POINT('',(6.899843043346,4.654006001482E-02,
    6.689528675879));
#298 = SURFACE_CURVE('',#299,(#356,#416),.PCURVE_S1.);
#299 = B_SPLINE_CURVE_WITH_KNOTS('',7,(#300,#301,#302,#303,#304,#305,
    #306,#307,#308,#309,#310,#311,#312,#313,#314,#315,#316,#317,#318,
    #319,#320,#321,#322,#323,#324,#325,#326,#327,#328,#329,#330,#331,
    #332,#333,#334,#335,#336,#337,#338,#339,#340,#341,#342,#343,#344,
    #345,#346,#347,#348,#349,#350,#351,#352,#353,#354,#355),
  .UNSPECIFIED.,.F.,.F.,(8,6,6,6,6,6,6,6,6,8),(0.,0.117232162933,
    0.259837805722,0.405492196933,0.500806866313,0.597699365122,
    0.630679794572,0.739684007748,0.885488331443,1.),.UNSPECIFIED.);
#300 = CARTESIAN_POINT('',(6.899843043346,4.654006000857E-02,
    6.689528675955));
#301 = CARTESIAN_POINT('',(6.896170372447,0.591035549496,6.734743172602)
  );
#302 = CARTESIAN_POINT('',(6.842366970037,1.135289841117,6.779965586408)
  );
#303 = CARTESIAN_POINT('',(6.73844113063,1.673589832153,6.825181009763)
  );
#304 = CARTESIAN_POINT('',(6.585252171753,2.20044219251,6.870392146807)
  );
#305 = CARTESIAN_POINT('',(6.384342258824,2.710542936855,6.915607270957)
  );
#306 = CARTESIAN_POINT('',(6.137931519334,3.198794380538,6.960828934937)
  );
#307 = CARTESIAN_POINT('',(5.497702196067,4.221846910113,7.061044061477)
  );
#308 = CARTESIAN_POINT('',(5.083310512015,4.744188083503,7.116066954982)
  );
#309 = CARTESIAN_POINT('',(4.611354153365,5.218498622761,7.171073685259)
  );
#310 = CARTESIAN_POINT('',(4.08864122162,5.637404365838,7.226075171879)
  );
#311 = CARTESIAN_POINT('',(3.522910826458,5.994703125963,7.281081500429)
  );
#312 = CARTESIAN_POINT('',(2.922843137744,6.285356690471,7.336104209551)
  );
#313 = CARTESIAN_POINT('',(1.660418418513,6.731321611886,7.447281447445)
  );
#314 = CARTESIAN_POINT('',(0.996486965362,6.883789176577,7.503480583586)
  );
#315 = CARTESIAN_POINT('',(0.316977366585,6.959571236777,7.559659616862)
  );
#316 = CARTESIAN_POINT('',(-0.367530557979,6.957084658214,7.615832475087
    ));
#317 = CARTESIAN_POINT('',(-1.046471625895,6.876368068244,7.67201194471)
  );
#318 = CARTESIAN_POINT('',(-1.709278184102,6.719080878329,7.728211407369
    ));
#319 = CARTESIAN_POINT('',(-2.761857229594,6.338622460599,7.821149050265
    ));
#320 = CARTESIAN_POINT('',(-3.166969916067,6.156956266688,7.857913334408
    ));
#321 = CARTESIAN_POINT('',(-3.557989978791,5.945137583687,7.894675691249
    ));
#322 = CARTESIAN_POINT('',(-3.932249203916,5.704504335966,7.93143678561)
  );
#323 = CARTESIAN_POINT('',(-4.287248977489,5.436663039795,7.968199176035
    ));
#324 = CARTESIAN_POINT('',(-4.620664682926,5.143485966663,8.004963555119
    ));
#325 = CARTESIAN_POINT('',(-5.245216581552,4.505578266861,8.079094941494
    ));
#326 = CARTESIAN_POINT('',(-5.535612907874,4.160022071143,8.116467875878
    ));
#327 = CARTESIAN_POINT('',(-5.799324624524,3.792757118862,8.153838407294
    ));
#328 = CARTESIAN_POINT('',(-6.03444215697,3.406270771025,8.19120739158)
  );
#329 = CARTESIAN_POINT('',(-6.239343752668,3.003228853924,8.228577791691
    ));
#330 = CARTESIAN_POINT('',(-6.412698477338,2.58647073452,8.265950529998)
  );
#331 = CARTESIAN_POINT('',(-6.60144813506,2.013541130334,8.316040302176)
  );
#332 = CARTESIAN_POINT('',(-6.645611655704,1.866807545522,8.328760311122
    ));
#333 = CARTESIAN_POINT('',(-6.685968208716,1.718949750539,8.341480340586
    ));
#334 = CARTESIAN_POINT('',(-6.722483773064,1.570086320348,8.354200390372
    ));
#335 = CARTESIAN_POINT('',(-6.755128983046,1.420336971036,8.366920459685
    ));
#336 = CARTESIAN_POINT('',(-6.783879128291,1.269822559813,8.379640547125
    ));
#337 = CARTESIAN_POINT('',(-6.890796845073,0.619071784368,8.434402094787
    ));
#338 = CARTESIAN_POINT('',(-6.930122734236,0.112385177632,8.47644928607)
  );
#339 = CARTESIAN_POINT('',(-6.925930891318,-0.396885082999,
    8.518492644248));
#340 = CARTESIAN_POINT('',(-6.878104902082,-0.904272857211,
    8.560533531636));
#341 = CARTESIAN_POINT('',(-6.787061550625,-1.405356531278,
    8.602576894216));
#342 = CARTESIAN_POINT('',(-6.653749738586,-1.895770408447,8.64462397713
    ));
#343 = CARTESIAN_POINT('',(-6.247030026387,-3.007197766437,8.74289945128
    ));
#344 = CARTESIAN_POINT('',(-5.941379664469,-3.616786977908,
    8.799156640259));
#345 = CARTESIAN_POINT('',(-5.566545350815,-4.189464009746,
    8.855393400278));
#346 = CARTESIAN_POINT('',(-5.12806343012,-4.716036646814,8.911623149227
    ));
#347 = CARTESIAN_POINT('',(-4.632715350526,-5.188360939572,
    8.967859171189));
#348 = CARTESIAN_POINT('',(-4.088539162668,-5.599327651462,9.02411588803
    ));
#349 = CARTESIAN_POINT('',(-3.047083500247,-6.21354728854,9.124515421661
    ));
#350 = CARTESIAN_POINT('',(-2.564579814847,-6.442583191447,
    9.168688443731));
#351 = CARTESIAN_POINT('',(-2.062269886742,-6.627739212448,
    9.212857016786));
#352 = CARTESIAN_POINT('',(-1.544949121908,-6.767053751847,
    9.257022712078));
#353 = CARTESIAN_POINT('',(-1.017588464507,-6.859188117079,
    9.301191154878));
#354 = CARTESIAN_POINT('',(-0.485319764899,-6.903430485559,
    9.345363434799));
#355 = CARTESIAN_POINT('',(4.654006005882E-02,-6.899843043346,
    9.38952867535));
#356 = PCURVE('',#67,#357);
#357 = DEFINITIONAL_REPRESENTATION('',(#358),#415);
#358 = B_SPLINE_CURVE_WITH_KNOTS('',7,(#359,#360,#361,#362,#363,#364,
    #365,#366,#367,#368,#369,#370,#371,#372,#373,#374,#375,#376,#377,
    #378,#379,#380,#381,#382,#383,#384,#385,#386,#387,#388,#389,#390,
    #391,#392,#393,#394,#395,#396,#397,#398,#399,#400,#401,#402,#403,
    #404,#405,#406,#407,#408,#409,#410,#411,#412,#413,#414),
  .UNSPECIFIED.,.F.,.F.,(8,6,6,6,6,6,6,6,6,8),(0.,0.117232162933,
    0.259837805722,0.405492196933,0.500806866313,0.597699365122,
    0.630679794572,0.739684007748,0.885488331443,1.),.UNSPECIFIED.);
#359 = CARTESIAN_POINT('',(6.744987376714E-03,6.689528675955));
#360 = CARTESIAN_POINT('',(8.565917224535E-02,6.734743172602));
#361 = CARTESIAN_POINT('',(0.164587154164,6.779965586408));
#362 = CARTESIAN_POINT('',(0.243505023564,6.825181009763));
#363 = CARTESIAN_POINT('',(0.3224164589,6.870392146807));
#364 = CARTESIAN_POINT('',(0.401334340694,6.915607270957));
#365 = CARTESIAN_POINT('',(0.480262347229,6.960828934937));
#366 = CARTESIAN_POINT('',(0.655170734726,7.061044061477));
#367 = CARTESIAN_POINT('',(0.751201843868,7.116066954982));
#368 = CARTESIAN_POINT('',(0.847202630479,7.171073685259));
#369 = CARTESIAN_POINT('',(0.943193604842,7.226075171879));
#370 = CARTESIAN_POINT('',(1.039194390674,7.281081500429));
#371 = CARTESIAN_POINT('',(1.135225495169,7.336104209551));
#372 = CARTESIAN_POINT('',(1.329266141367,7.447281447445));
#373 = CARTESIAN_POINT('',(1.427353595907,7.503480583586));
#374 = CARTESIAN_POINT('',(1.525407304772,7.559659616862));
#375 = CARTESIAN_POINT('',(1.623450452919,7.615832475087));
#376 = CARTESIAN_POINT('',(1.721504152556,7.67201194471));
#377 = CARTESIAN_POINT('',(1.81959165626,7.728211407369));
#378 = CARTESIAN_POINT('',(1.98179860881,7.821149050265));
#379 = CARTESIAN_POINT('',(2.045964098095,7.857913334408));
#380 = CARTESIAN_POINT('',(2.110125938499,7.894675691249));
#381 = CARTESIAN_POINT('',(2.174285455756,7.93143678561));
#382 = CARTESIAN_POINT('',(2.238447289088,7.968199176035));
#383 = CARTESIAN_POINT('',(2.302612767685,8.004963555119));
#384 = CARTESIAN_POINT('',(2.431995912098,8.079094941494));
#385 = CARTESIAN_POINT('',(2.497223929467,8.116467875878));
#386 = CARTESIAN_POINT('',(2.562448000361,8.153838407294));
#387 = CARTESIAN_POINT('',(2.627669560211,8.19120739158));
#388 = CARTESIAN_POINT('',(2.692893636755,8.228577791691));
#389 = CARTESIAN_POINT('',(2.758121666778,8.265950529998));
#390 = CARTESIAN_POINT('',(2.845544902784,8.316040302176));
#391 = CARTESIAN_POINT('',(2.867745503261,8.328760311122));
#392 = CARTESIAN_POINT('',(2.889946108702,8.341480340586));
#393 = CARTESIAN_POINT('',(2.912146715517,8.354200390372));
#394 = CARTESIAN_POINT('',(2.934347320224,8.366920459685));
#395 = CARTESIAN_POINT('',(2.956547919458,8.379640547125));
#396 = CARTESIAN_POINT('',(3.052124082703,8.434402094787));
#397 = CARTESIAN_POINT('',(3.125509285712,8.47644928607));
#398 = CARTESIAN_POINT('',(3.198887407253,8.518492644248));
#399 = CARTESIAN_POINT('',(3.272261023336,8.560533531636));
#400 = CARTESIAN_POINT('',(3.34563914083,8.602576894216));
#401 = CARTESIAN_POINT('',(3.419024339161,8.64462397713));
#402 = CARTESIAN_POINT('',(3.590547268957,8.74289945128));
#403 = CARTESIAN_POINT('',(3.688735863369,8.799156640259));
#404 = CARTESIAN_POINT('',(3.786890525277,8.855393400278));
#405 = CARTESIAN_POINT('',(3.885034595995,8.911623149227));
#406 = CARTESIAN_POINT('',(3.983189278685,8.967859171189));
#407 = CARTESIAN_POINT('',(4.081377895548,9.02411588803));
#408 = CARTESIAN_POINT('',(4.256608152406,9.124515421661));
#409 = CARTESIAN_POINT('',(4.333703312152,9.168688443731));
#410 = CARTESIAN_POINT('',(4.410789429042,9.212857016786));
#411 = CARTESIAN_POINT('',(4.487869791472,9.257022712078));
#412 = CARTESIAN_POINT('',(4.564955906173,9.301191154878));
#413 = CARTESIAN_POINT('',(4.642051080286,9.345363434799));
#414 = CARTESIAN_POINT('',(4.719133967769,9.38952867535));
#415 = ( GEOMETRIC_REPRESENTATION_CONTEXT(2) 
PARAMETRIC_REPRESENTATION_CONTEXT() REPRESENTATION_CONTEXT('2D SPACE',''
  ) );
#416 = PCURVE('',#417,#440);
#417 = B_SPLINE_SURFACE_WITH_KNOTS('',1,10,(
    (#418,#419,#420,#421,#422,#423,#424,#425,#426,#427,#428)
    ,(#429,#430,#431,#432,#433,#434,#435,#436,#437,#438,#439
  )),.UNSPECIFIED.,.F.,.F.,.F.,(2,2),(11,11),(-0.958274654836,-0.),(0.,
    5.431078152858),.PIECEWISE_BEZIER_KNOTS.);
#418 = CARTESIAN_POINT('',(6.9,4.654682142699E-02,6.689447249735));
#419 = CARTESIAN_POINT('',(6.878065318928,3.298095217617,6.959447249713)
  );
#420 = CARTESIAN_POINT('',(5.153623979178,6.538158663145,7.229447250061)
  );
#421 = CARTESIAN_POINT('',(1.732994336187,8.763547558747,7.499447248559)
  );
#422 = CARTESIAN_POINT('',(-2.698254614543,8.978471605672,7.769447252039
    ));
#423 = CARTESIAN_POINT('',(-6.801646479386,6.710494317164,8.039447246887
    ));
#424 = CARTESIAN_POINT('',(-9.014057035235,2.576878989492,8.309447252036
    ));
#425 = CARTESIAN_POINT('',(-8.739369800715,-1.851067868121,
    8.579447248563));
#426 = CARTESIAN_POINT('',(-6.468034964308,-5.241362553176,
    8.849447250059));
#427 = CARTESIAN_POINT('',(-3.205001574759,-6.921934679916,
    9.119447249713));
#428 = CARTESIAN_POINT('',(4.654682142703E-02,-6.899999998833,
    9.389447249735));
#429 = CARTESIAN_POINT('',(6.05,9.930306465023E-03,7.130411584953));
#430 = CARTESIAN_POINT('',(6.04532045157,2.860925644535,7.400411597857)
  );
#431 = CARTESIAN_POINT('',(4.547863273981,5.709470719272,7.670411491438)
  );
#432 = CARTESIAN_POINT('',(1.558678705967,7.675959678179,7.940411803305)
  );
#433 = CARTESIAN_POINT('',(-2.325596164199,7.884232657099,8.210411375935
    ));
#434 = CARTESIAN_POINT('',(-5.933524336624,5.914077919628,8.480411585164
    ));
#435 = CARTESIAN_POINT('',(-7.891824458371,2.299701868769,8.750411796807
    ));
#436 = CARTESIAN_POINT('',(-7.67080159139,-1.583868532309,9.020411367797
    ));
#437 = CARTESIAN_POINT('',(-5.694510518047,-4.566581435513,
    9.290411680385));
#438 = CARTESIAN_POINT('',(-2.841065031753,-6.054679548119,
    9.560411573789));
#439 = CARTESIAN_POINT('',(9.930306317582E-03,-6.049999999751,
    9.83041158671));
#440 = DEFINITIONAL_REPRESENTATION('',(#441),#498);
#441 = B_SPLINE_CURVE_WITH_KNOTS('',7,(#442,#443,#444,#445,#446,#447,
    #448,#449,#450,#451,#452,#453,#454,#455,#456,#457,#458,#459,#460,
    #461,#462,#463,#464,#465,#466,#467,#468,#469,#470,#471,#472,#473,
    #474,#475,#476,#477,#478,#479,#480,#481,#482,#483,#484,#485,#486,
    #487,#488,#489,#490,#491,#492,#493,#494,#495,#496,#497),
  .UNSPECIFIED.,.F.,.F.,(8,6,6,6,6,6,6,6,6,8),(0.,0.117232162933,
    0.259837805722,0.405492196933,0.500806866313,0.597699365122,
    0.630679794572,0.739684007748,0.885488331443,1.),.UNSPECIFIED.);
#442 = CARTESIAN_POINT('',(-0.958097704739,0.));
#443 = CARTESIAN_POINT('',(-0.958097706293,9.094943290209E-02));
#444 = CARTESIAN_POINT('',(-0.958097692329,0.181914776868));
#445 = CARTESIAN_POINT('',(-0.958100538427,0.27286870682));
#446 = CARTESIAN_POINT('',(-0.958104610505,0.363815149619));
#447 = CARTESIAN_POINT('',(-0.958107813409,0.454768807998));
#448 = CARTESIAN_POINT('',(-0.958109356058,0.54573408454));
#449 = CARTESIAN_POINT('',(-0.958109083599,0.747317604333));
#450 = CARTESIAN_POINT('',(-0.958106474144,0.857994312968));
#451 = CARTESIAN_POINT('',(-0.958101340255,0.96863617242));
#452 = CARTESIAN_POINT('',(-0.958095660869,1.079266979268));
#453 = CARTESIAN_POINT('',(-0.958091784282,1.189909194421));
#454 = CARTESIAN_POINT('',(-0.95808999464,1.300586290998));
#455 = CARTESIAN_POINT('',(-0.958089904586,1.5242203809));
#456 = CARTESIAN_POINT('',(-0.958091670006,1.637267163351));
#457 = CARTESIAN_POINT('',(-0.958094861132,1.75027482835));
#458 = CARTESIAN_POINT('',(-0.958098077806,1.86327009582));
#459 = CARTESIAN_POINT('',(-0.958100047701,1.976277508139));
#460 = CARTESIAN_POINT('',(-0.958100821153,2.089324029198));
#461 = CARTESIAN_POINT('',(-0.958100751768,2.276269002723));
#462 = CARTESIAN_POINT('',(-0.958100377251,2.350220396958));
#463 = CARTESIAN_POINT('',(-0.958099764097,2.424167693515));
#464 = CARTESIAN_POINT('',(-0.958099116087,2.498112418315));
#465 = CARTESIAN_POINT('',(-0.958098621401,2.572059892083));
#466 = CARTESIAN_POINT('',(-0.958098383877,2.646011604095));
#467 = CARTESIAN_POINT('',(-0.958098409244,2.795127684234));
#468 = CARTESIAN_POINT('',(-0.958098680398,2.870303982421));
#469 = CARTESIAN_POINT('',(-0.958099210733,2.945475686918));
#470 = CARTESIAN_POINT('',(-0.958099881433,3.02064440927));
#471 = CARTESIAN_POINT('',(-0.95810048878,3.095815920927));
#472 = CARTESIAN_POINT('',(-0.958100820787,3.170991881028));
#473 = CARTESIAN_POINT('',(-0.958100760391,3.271747924143));
#474 = CARTESIAN_POINT('',(-0.958100701372,3.297334300139));
#475 = CARTESIAN_POINT('',(-0.958100594181,3.322920672818));
#476 = CARTESIAN_POINT('',(-0.958100435953,3.348507039135));
#477 = CARTESIAN_POINT('',(-0.958100225451,3.374093396342));
#478 = CARTESIAN_POINT('',(-0.95809996306,3.399679741983));
#479 = CARTESIAN_POINT('',(-0.958098618713,3.50983192174));
#480 = CARTESIAN_POINT('',(-0.958097044662,3.594408828446));
#481 = CARTESIAN_POINT('',(-0.958094997234,3.678977586655));
#482 = CARTESIAN_POINT('',(-0.958092795746,3.763541232244));
#483 = CARTESIAN_POINT('',(-0.958090945595,3.848110181912));
#484 = CARTESIAN_POINT('',(-0.958089943132,3.932687399717));
#485 = CARTESIAN_POINT('',(-0.9580899593,4.130369555659));
#486 = CARTESIAN_POINT('',(-0.958091786677,4.243533169355));
#487 = CARTESIAN_POINT('',(-0.958095803933,4.356657716992));
#488 = CARTESIAN_POINT('',(-0.958101728485,4.469769927228));
#489 = CARTESIAN_POINT('',(-0.958106942679,4.582894098165));
#490 = CARTESIAN_POINT('',(-0.958109370975,4.696057318364));
#491 = CARTESIAN_POINT('',(-0.958109130749,4.898011804755));
#492 = CARTESIAN_POINT('',(-0.958107441287,4.986864735424));
#493 = CARTESIAN_POINT('',(-0.958104239619,5.075707317122));
#494 = CARTESIAN_POINT('',(-0.9581003466,5.164543470242));
#495 = CARTESIAN_POINT('',(-0.958097693249,5.253386297477));
#496 = CARTESIAN_POINT('',(-0.958097704534,5.342239309582));
#497 = CARTESIAN_POINT('',(-0.958097706053,5.431078152858));
#498 = ( GEOMETRIC_REPRESENTATION_CONTEXT(2) 
PARAMETRIC_REPRESENTATION_CONTEXT() REPRESENTATION_CONTEXT('2D SPACE',''
  ) );
#499 = ORIENTED_EDGE('',*,*,#500,.F.);
#500 = EDGE_CURVE('',#501,#296,#503,.T.);
#501 = VERTEX_POINT('',#502);
#502 = CARTESIAN_POINT('',(6.9,-1.690012582823E-15,6.685664099369));
#503 = SURFACE_CURVE('',#504,(#510,#519),.PCURVE_S1.);
#504 = B_SPLINE_CURVE_WITH_KNOTS('',3,(#505,#506,#507,#508,#509),
  .UNSPECIFIED.,.F.,.F.,(4,1,4),(0.,0.634206898192,1.),.UNSPECIFIED.);
#505 = CARTESIAN_POINT('',(6.9,-3.559652572704E-15,6.685664099369));
#506 = CARTESIAN_POINT('',(6.9,9.838744939765E-03,6.686481075896));
#507 = CARTESIAN_POINT('',(6.899966818787,2.535223222956E-02,
    6.687769267352));
#508 = CARTESIAN_POINT('',(6.899881318952,4.086547183781E-02,
    6.689057462331));
#509 = CARTESIAN_POINT('',(6.899843043346,4.654006001479E-02,
    6.68952867588));
#510 = PCURVE('',#67,#511);
#511 = DEFINITIONAL_REPRESENTATION('',(#512),#518);
#512 = B_SPLINE_CURVE_WITH_KNOTS('',3,(#513,#514,#515,#516,#517),
  .UNSPECIFIED.,.F.,.F.,(4,1,4),(0.,0.634206898192,1.),.UNSPECIFIED.);
#513 = CARTESIAN_POINT('',(0.,6.685664099369));
#514 = CARTESIAN_POINT('',(1.425905063735E-03,6.686481075896));
#515 = CARTESIAN_POINT('',(3.674236555028E-03,6.687769267352));
#516 = CARTESIAN_POINT('',(5.922564586062E-03,6.689057462331));
#517 = CARTESIAN_POINT('',(6.744987377615E-03,6.68952867588));
#518 = ( GEOMETRIC_REPRESENTATION_CONTEXT(2) 
PARAMETRIC_REPRESENTATION_CONTEXT() REPRESENTATION_CONTEXT('2D SPACE',''
  ) );
#519 = PCURVE('',#520,#545);
#520 = B_SPLINE_SURFACE_WITH_KNOTS('',1,11,(
    (#521,#522,#523,#524,#525,#526,#527,#528,#529,#530,#531,#532)
    ,(#533,#534,#535,#536,#537,#538,#539,#540,#541,#542,#543,#544
  )),.UNSPECIFIED.,.F.,.F.,.F.,(2,2),(12,12),(-0.958274654836,-0.),(0.,
    7.241437537144),.PIECEWISE_BEZIER_KNOTS.);
#521 = CARTESIAN_POINT('',(6.9,4.654682142699E-02,3.089447249735));
#522 = CARTESIAN_POINT('',(6.873412516753,3.987817604983,3.416719977005)
  );
#523 = CARTESIAN_POINT('',(4.370984805494,7.912297255861,3.743992704293)
  );
#524 = CARTESIAN_POINT('',(-0.600763792517,10.092133295446,
    4.071265431529));
#525 = CARTESIAN_POINT('',(-6.647846242691,8.801861759194,4.39853815885)
  );
#526 = CARTESIAN_POINT('',(-11.12793616598,3.57332154876,4.725810886097)
  );
#527 = CARTESIAN_POINT('',(-11.07871487391,-3.723125754481,
    5.053083613343));
#528 = CARTESIAN_POINT('',(-6.528493430018,-8.890748242026,
    5.380356340688));
#529 = CARTESIAN_POINT('',(-0.464553916626,-10.09931983923,
    5.707629067883));
#530 = CARTESIAN_POINT('',(4.477333520236,-7.852607242415,6.034901795205
    ));
#531 = CARTESIAN_POINT('',(6.926587483106,-3.894723962127,6.362174522459
    ));
#532 = CARTESIAN_POINT('',(6.899999999855,4.654682142701E-02,
    6.689447249735));
#533 = CARTESIAN_POINT('',(6.05,9.930306465016E-03,3.530411584953));
#534 = CARTESIAN_POINT('',(6.044327821995,3.465682215368,3.857684312942)
  );
#535 = CARTESIAN_POINT('',(3.867809822529,6.917792716009,4.184957037495)
  );
#536 = CARTESIAN_POINT('',(-0.481570977728,8.851283356048,4.512229771817
    ));
#537 = CARTESIAN_POINT('',(-5.789315071853,7.747061576244,4.839502485879
    ));
#538 = CARTESIAN_POINT('',(-9.740774989117,3.182824735585,5.166775231924
    ));
#539 = CARTESIAN_POINT('',(-9.730274110711,-3.214783989209,
    5.494047938188));
#540 = CARTESIAN_POINT('',(-5.763852323344,-7.766024632941,
    5.821320684272));
#541 = CARTESIAN_POINT('',(-0.452511940666,-8.85281653448,6.148593398281
    ));
#542 = CARTESIAN_POINT('',(3.89049827464,-6.905058438824,6.475866132642)
  );
#543 = CARTESIAN_POINT('',(6.055672177966,-3.445821602458,6.803138857177
    ));
#544 = CARTESIAN_POINT('',(6.049999999969,9.930306446533E-03,
    7.130411585171));
#545 = DEFINITIONAL_REPRESENTATION('',(#546),#552);
#546 = B_SPLINE_CURVE_WITH_KNOTS('',3,(#547,#548,#549,#550,#551),
  .UNSPECIFIED.,.F.,.F.,(4,1,4),(0.,0.634206898192,1.),.UNSPECIFIED.);
#547 = CARTESIAN_POINT('',(-0.958097668049,7.233663867085));
#548 = CARTESIAN_POINT('',(-0.958097683375,7.235307238075));
#549 = CARTESIAN_POINT('',(-0.958097700256,7.237898464245));
#550 = CARTESIAN_POINT('',(-0.9580977049,7.240489686176));
#551 = CARTESIAN_POINT('',(-0.958097704902,7.241437537144));
#552 = ( GEOMETRIC_REPRESENTATION_CONTEXT(2) 
PARAMETRIC_REPRESENTATION_CONTEXT() REPRESENTATION_CONTEXT('2D SPACE',''
  ) );
#553 = ORIENTED_EDGE('',*,*,#554,.F.);
#554 = EDGE_CURVE('',#555,#501,#557,.T.);
#555 = VERTEX_POINT('',#556);
#556 = CARTESIAN_POINT('',(6.9,-1.690012582823E-15,6.014339788759));
#557 = SURFACE_CURVE('',#558,(#562,#569),.PCURVE_S1.);
#558 = LINE('',#559,#560);
#559 = CARTESIAN_POINT('',(6.9,-1.690012582823E-15,0.));
#560 = VECTOR('',#561,1.);
#561 = DIRECTION('',(0.,0.,1.));
#562 = PCURVE('',#67,#563);
#563 = DEFINITIONAL_REPRESENTATION('',(#564),#568);
#564 = LINE('',#565,#566);
#565 = CARTESIAN_POINT('',(0.,-0.));
#566 = VECTOR('',#567,1.);
#567 = DIRECTION('',(0.,1.));
#568 = ( GEOMETRIC_REPRESENTATION_CONTEXT(2) 
PARAMETRIC_REPRESENTATION_CONTEXT() REPRESENTATION_CONTEXT('2D SPACE',''
  ) );
#569 = PCURVE('',#570,#575);
#570 = CYLINDRICAL_SURFACE('',#571,6.9);
#571 = AXIS2_PLACEMENT_3D('',#572,#573,#574);
#572 = CARTESIAN_POINT('',(0.,0.,0.));
#573 = DIRECTION('',(0.,0.,1.));
#574 = DIRECTION('',(1.,0.,0.));
#575 = DEFINITIONAL_REPRESENTATION('',(#576),#580);
#576 = LINE('',#577,#578);
#577 = CARTESIAN_POINT('',(6.28318530718,-0.));
#578 = VECTOR('',#579,1.);
#579 = DIRECTION('',(0.,1.));
#580 = ( GEOMETRIC_REPRESENTATION_CONTEXT(2) 
PARAMETRIC_REPRESENTATION_CONTEXT() REPRESENTATION_CONTEXT('2D SPACE',''
  ) );
#581 = ORIENTED_EDGE('',*,*,#582,.T.);
#582 = EDGE_CURVE('',#555,#22,#583,.T.);
#583 = SURFACE_CURVE('',#584,(#629,#677),.PCURVE_S1.);
#584 = B_SPLINE_CURVE_WITH_KNOTS('',8,(#585,#586,#587,#588,#589,#590,
    #591,#592,#593,#594,#595,#596,#597,#598,#599,#600,#601,#602,#603,
    #604,#605,#606,#607,#608,#609,#610,#611,#612,#613,#614,#615,#616,
    #617,#618,#619,#620,#621,#622,#623,#624,#625,#626,#627,#628),
  .UNSPECIFIED.,.F.,.F.,(9,7,7,7,7,7,9),(0.,0.252879384014,
    0.464681870907,0.564846422446,0.733602758202,0.912256499306,1.),
  .UNSPECIFIED.);
#585 = CARTESIAN_POINT('',(6.9,-1.430475464554E-15,6.014339788759));
#586 = CARTESIAN_POINT('',(6.9,0.683664430643,6.071109410456));
#587 = CARTESIAN_POINT('',(6.822584238359,1.367764992363,6.127914582909)
  );
#588 = CARTESIAN_POINT('',(6.667580850434,2.041395251507,6.18469930976)
  );
#589 = CARTESIAN_POINT('',(6.436863710787,2.694353884354,6.241469152704)
  );
#590 = CARTESIAN_POINT('',(6.133649867925,3.31696666926,6.298239152735)
  );
#591 = CARTESIAN_POINT('',(5.762573030974,3.900152392723,6.355024225688)
  );
#592 = CARTESIAN_POINT('',(5.329584877969,4.435416785272,6.411829728472)
  );
#593 = CARTESIAN_POINT('',(4.434673884522,5.3170999879,6.516147757964));
#594 = CARTESIAN_POINT('',(3.988529314307,5.680411545961,6.56371127425)
  );
#595 = CARTESIAN_POINT('',(3.508576935225,6.000714074322,6.611267308066)
  );
#596 = CARTESIAN_POINT('',(2.999713137927,6.274408521603,6.65881663484)
  );
#597 = CARTESIAN_POINT('',(2.467179144065,6.498592832473,6.706365811134)
  );
#598 = CARTESIAN_POINT('',(1.916524610635,6.671010049403,6.753921476206)
  );
#599 = CARTESIAN_POINT('',(1.353625170961,6.790109258363,6.801484609541)
  );
#600 = CARTESIAN_POINT('',(0.515688157658,6.8860290936,6.871518861453));
#601 = CARTESIAN_POINT('',(0.245262550776,6.904759860233,6.894005384746)
  );
#602 = CARTESIAN_POINT('',(-2.591100781328E-02,6.911350331934,
    6.916491733652));
#603 = CARTESIAN_POINT('',(-0.297196062315,6.905768715034,6.938977884964
    ));
#604 = CARTESIAN_POINT('',(-0.56795760537,6.888022859741,6.961464058887)
  );
#605 = CARTESIAN_POINT('',(-0.837562305009,6.858159504102,6.983950475398
    ));
#606 = CARTESIAN_POINT('',(-1.105378795625,6.816265006433,7.006437110134
    ));
#607 = CARTESIAN_POINT('',(-1.817920281529,6.671830122735,7.066808232779
    ));
#608 = CARTESIAN_POINT('',(-2.258270749712,6.547391681946,7.104697995334
    ));
#609 = CARTESIAN_POINT('',(-2.68876158014,6.389759136354,7.142585857012)
  );
#610 = CARTESIAN_POINT('',(-3.106479549919,6.199870871076,7.180471278591
    ));
#611 = CARTESIAN_POINT('',(-3.508648560199,5.978950242025,7.218356813008
    ));
#612 = CARTESIAN_POINT('',(-3.8926268274,5.728488548818,7.256244915991)
  );
#613 = CARTESIAN_POINT('',(-4.255918776062,5.450257502424,7.294134816427
    ));
#614 = CARTESIAN_POINT('',(-4.956441770177,4.824621044205,7.372125975521
    ));
#615 = CARTESIAN_POINT('',(-5.291001782658,4.474019981853,7.412238295267
    ));
#616 = CARTESIAN_POINT('',(-5.597091069886,4.097012810889,7.452347138047
    ));
#617 = CARTESIAN_POINT('',(-5.872305366457,3.696324462271,7.492451644102
    ));
#618 = CARTESIAN_POINT('',(-6.114572058455,3.274897142568,7.532555611069
    ));
#619 = CARTESIAN_POINT('',(-6.322134515762,2.83587202257,7.572663329311)
  );
#620 = CARTESIAN_POINT('',(-6.493575440695,2.382595459475,7.612775003079
    ));
#621 = CARTESIAN_POINT('',(-6.693840823335,1.690788750693,7.672579677127
    ));
#622 = CARTESIAN_POINT('',(-6.750850103473,1.460333973649,7.692278126557
    ));
#623 = CARTESIAN_POINT('',(-6.79878755995,1.227698897409,7.711976858145)
  );
#624 = CARTESIAN_POINT('',(-6.837556931485,0.993300698722,7.731675839631
    ));
#625 = CARTESIAN_POINT('',(-6.867085224576,0.757560082252,7.751375078533
    ));
#626 = CARTESIAN_POINT('',(-6.887322729145,0.520901107652,7.771074446548
    ));
#627 = CARTESIAN_POINT('',(-6.898243034174,0.283751016627,7.790773503946
    ));
#628 = CARTESIAN_POINT('',(-6.899843043346,4.654006000226E-02,
    7.81047132397));
#629 = PCURVE('',#67,#630);
#630 = DEFINITIONAL_REPRESENTATION('',(#631),#676);
#631 = B_SPLINE_CURVE_WITH_KNOTS('',8,(#632,#633,#634,#635,#636,#637,
    #638,#639,#640,#641,#642,#643,#644,#645,#646,#647,#648,#649,#650,
    #651,#652,#653,#654,#655,#656,#657,#658,#659,#660,#661,#662,#663,
    #664,#665,#666,#667,#668,#669,#670,#671,#672,#673,#674,#675),
  .UNSPECIFIED.,.F.,.F.,(9,7,7,7,7,7,9),(0.,0.252879384014,
    0.464681870907,0.564846422446,0.733602758202,0.912256499306,1.),
  .UNSPECIFIED.);
#632 = CARTESIAN_POINT('',(0.,6.014339788759));
#633 = CARTESIAN_POINT('',(9.908180154241E-02,6.071109410456));
#634 = CARTESIAN_POINT('',(0.198226732995,6.127914582909));
#635 = CARTESIAN_POINT('',(0.297336990339,6.18469930976));
#636 = CARTESIAN_POINT('',(0.39642182336,6.241469152704));
#637 = CARTESIAN_POINT('',(0.495506652022,6.298239152735));
#638 = CARTESIAN_POINT('',(0.594616891764,6.355024225688));
#639 = CARTESIAN_POINT('',(0.693761816076,6.411829728472));
#640 = CARTESIAN_POINT('',(0.875830892017,6.516147757964));
#641 = CARTESIAN_POINT('',(0.9588442599,6.56371127425));
#642 = CARTESIAN_POINT('',(1.041844178896,6.611267308066));
#643 = CARTESIAN_POINT('',(1.124832291806,6.65881663484));
#644 = CARTESIAN_POINT('',(1.207820410096,6.706365811134));
#645 = CARTESIAN_POINT('',(1.290820343075,6.753921476206));
#646 = CARTESIAN_POINT('',(1.373833727824,6.801484609541));
#647 = CARTESIAN_POINT('',(1.496066943016,6.871518861453));
#648 = CARTESIAN_POINT('',(1.535313499956,6.894005384746));
#649 = CARTESIAN_POINT('',(1.574559776093,6.916491733652));
#650 = CARTESIAN_POINT('',(1.613805700579,6.938977884964));
#651 = CARTESIAN_POINT('',(1.653051623303,6.961464058887));
#652 = CARTESIAN_POINT('',(1.692297894375,6.983950475398));
#653 = CARTESIAN_POINT('',(1.73154444362,7.006437110134));
#654 = CARTESIAN_POINT('',(1.836911527295,7.066808232779));
#655 = CARTESIAN_POINT('',(1.903041049802,7.104697995334));
#656 = CARTESIAN_POINT('',(1.969166850749,7.142585857012));
#657 = CARTESIAN_POINT('',(2.035287998705,7.180471278591));
#658 = CARTESIAN_POINT('',(2.101409143735,7.218356813008));
#659 = CARTESIAN_POINT('',(2.167534943744,7.256244915991));
#660 = CARTESIAN_POINT('',(2.233664481124,7.294134816427));
#661 = CARTESIAN_POINT('',(2.369784805716,7.372125975521));
#662 = CARTESIAN_POINT('',(2.439795026652,7.412238295267));
#663 = CARTESIAN_POINT('',(2.509800338211,7.452347138047));
#664 = CARTESIAN_POINT('',(2.579799510992,7.492451644102));
#665 = CARTESIAN_POINT('',(2.649798694286,7.532555611069));
#666 = CARTESIAN_POINT('',(2.719804030565,7.572663329311));
#667 = CARTESIAN_POINT('',(2.78981427066,7.612775003079));
#668 = CARTESIAN_POINT('',(2.894192561885,7.672579677127));
#669 = CARTESIAN_POINT('',(2.928572048103,7.692278126557));
#670 = CARTESIAN_POINT('',(2.962951386727,7.711976858145));
#671 = CARTESIAN_POINT('',(2.997330541058,7.731675839631));
#672 = CARTESIAN_POINT('',(3.0317096888,7.751375078533));
#673 = CARTESIAN_POINT('',(3.066089011612,7.771074446548));
#674 = CARTESIAN_POINT('',(3.100468484668,7.790773503946));
#675 = CARTESIAN_POINT('',(3.134847666214,7.81047132397));
#676 = ( GEOMETRIC_REPRESENTATION_CONTEXT(2) 
PARAMETRIC_REPRESENTATION_CONTEXT() REPRESENTATION_CONTEXT('2D SPACE',''
  ) );
#677 = PCURVE('',#678,#703);
#678 = B_SPLINE_SURFACE_WITH_KNOTS('',1,11,(
    (#679,#680,#681,#682,#683,#684,#685,#686,#687,#688,#689,#690)
    ,(#691,#692,#693,#694,#695,#696,#697,#698,#699,#700,#701,#702
  )),.UNSPECIFIED.,.F.,.F.,.F.,(2,2),(12,12),(-0.958274654836,-0.),(0.,
    7.241437537144),.PIECEWISE_BEZIER_KNOTS.);
#679 = CARTESIAN_POINT('',(-6.05,9.930306465025E-03,3.769588415047));
#680 = CARTESIAN_POINT('',(-6.055672178009,-3.445821602455,
    4.096861143038));
#681 = CARTESIAN_POINT('',(-3.890498274674,-6.905058438851,
    4.424133867583));
#682 = CARTESIAN_POINT('',(0.452511940619,-8.85281653452,4.751406601925)
  );
#683 = CARTESIAN_POINT('',(5.763852323392,-7.766024633004,5.078679315958
    ));
#684 = CARTESIAN_POINT('',(9.730274110689,-3.214783989255,5.405952062026
    ));
#685 = CARTESIAN_POINT('',(9.74077498924,3.182824735577,5.733224768288)
  );
#686 = CARTESIAN_POINT('',(5.789315071859,7.747061576256,6.060497514352)
  );
#687 = CARTESIAN_POINT('',(0.481570977784,8.8512833561,6.387770228387));
#688 = CARTESIAN_POINT('',(-3.867809822536,6.917792716051,6.715042962731
    ));
#689 = CARTESIAN_POINT('',(-6.044327822013,3.465682215406,7.042315687273
    ));
#690 = CARTESIAN_POINT('',(-6.050000000031,9.930306483521E-03,
    7.369588415266));
#691 = CARTESIAN_POINT('',(-6.9,4.654682142698E-02,4.210552750265));
#692 = CARTESIAN_POINT('',(-6.92658748325,-3.894723962211,4.537825477541
    ));
#693 = CARTESIAN_POINT('',(-4.477333520325,-7.852607242572,
    4.865098204794));
#694 = CARTESIAN_POINT('',(0.464553916621,-10.09931983946,5.192370932117
    ));
#695 = CARTESIAN_POINT('',(6.528493430194,-8.890748242188,5.519643659312
    ));
#696 = CARTESIAN_POINT('',(11.078714874087,-3.723125754574,
    5.846916386658));
#697 = CARTESIAN_POINT('',(11.127936166294,3.573321548836,6.174189113903
    ));
#698 = CARTESIAN_POINT('',(6.647846242768,8.801861759393,6.50146184115)
  );
#699 = CARTESIAN_POINT('',(0.600763792563,10.092133295644,6.828734568471
    ));
#700 = CARTESIAN_POINT('',(-4.370984805601,7.912297256033,7.156007295707
    ));
#701 = CARTESIAN_POINT('',(-6.873412516895,3.987817605064,7.483280022995
    ));
#702 = CARTESIAN_POINT('',(-6.900000000145,4.654682142701E-02,
    7.810552750265));
#703 = DEFINITIONAL_REPRESENTATION('',(#704),#749);
#704 = B_SPLINE_CURVE_WITH_KNOTS('',8,(#705,#706,#707,#708,#709,#710,
    #711,#712,#713,#714,#715,#716,#717,#718,#719,#720,#721,#722,#723,
    #724,#725,#726,#727,#728,#729,#730,#731,#732,#733,#734,#735,#736,
    #737,#738,#739,#740,#741,#742,#743,#744,#745,#746,#747,#748),
  .UNSPECIFIED.,.F.,.F.,(9,7,7,7,7,7,9),(0.,0.252879384014,
    0.464681870907,0.564846422446,0.733602758202,0.912256499306,1.),
  .UNSPECIFIED.);
#705 = CARTESIAN_POINT('',(-1.685806500201E-04,3.628492478569));
#706 = CARTESIAN_POINT('',(-1.686606475227E-04,3.742685238596));
#707 = CARTESIAN_POINT('',(-1.700825034766E-04,3.856950752455));
#708 = CARTESIAN_POINT('',(-1.728302936402E-04,3.971176363352));
#709 = CARTESIAN_POINT('',(-1.763931900875E-04,4.08537279581));
#710 = CARTESIAN_POINT('',(-1.797631760745E-04,4.199569359403));
#711 = CARTESIAN_POINT('',(-1.820545667175E-04,4.313795247959));
#712 = CARTESIAN_POINT('',(-1.830598009044E-04,4.428061039337));
#713 = CARTESIAN_POINT('',(-1.829317623664E-04,4.637897724867));
#714 = CARTESIAN_POINT('',(-1.821197103075E-04,4.733571482163));
#715 = CARTESIAN_POINT('',(-1.80679504095E-04,4.829229606957));
#716 = CARTESIAN_POINT('',(-1.789513024489E-04,4.92487397389));
#717 = CARTESIAN_POINT('',(-1.774305147719E-04,5.020518230119));
#718 = CARTESIAN_POINT('',(-1.764842650801E-04,5.1161760704));
#719 = CARTESIAN_POINT('',(-1.761328432948E-04,5.211849483758));
#720 = CARTESIAN_POINT('',(-1.762101032743E-04,5.352724183239));
#721 = CARTESIAN_POINT('',(-1.763251432677E-04,5.397956165792));
#722 = CARTESIAN_POINT('',(-1.765103423752E-04,5.443187862507));
#723 = CARTESIAN_POINT('',(-1.767341347159E-04,5.488419197482));
#724 = CARTESIAN_POINT('',(-1.76957072788E-04,5.533650577149));
#725 = CARTESIAN_POINT('',(-1.771369602712E-04,5.578882404933));
#726 = CARTESIAN_POINT('',(-1.772355080683E-04,5.624114596393));
#727 = CARTESIAN_POINT('',(-1.772113597642E-04,5.745551716729));
#728 = CARTESIAN_POINT('',(-1.768887925868E-04,5.821767070607));
#729 = CARTESIAN_POINT('',(-1.761417242099E-04,5.897978207923));
#730 = CARTESIAN_POINT('',(-1.749154795953E-04,5.974183993415));
#731 = CARTESIAN_POINT('',(-1.733690522583E-04,6.050389709512));
#732 = CARTESIAN_POINT('',(-1.718881439616E-04,6.126600652954));
#733 = CARTESIAN_POINT('',(-1.709599883561E-04,6.202815723633));
#734 = CARTESIAN_POINT('',(-1.708569945787E-04,6.35969565803));
#735 = CARTESIAN_POINT('',(-1.718213346352E-04,6.440382900068));
#736 = CARTESIAN_POINT('',(-1.74033381191E-04,6.521064303062));
#737 = CARTESIAN_POINT('',(-1.779158203929E-04,6.60173852885));
#738 = CARTESIAN_POINT('',(-1.830244968505E-04,6.682412805294));
#739 = CARTESIAN_POINT('',(-1.878523990645E-04,6.763094367574));
#740 = CARTESIAN_POINT('',(-1.904967555134E-04,6.843781865287));
#741 = CARTESIAN_POINT('',(-1.900382097707E-04,6.964079166276));
#742 = CARTESIAN_POINT('',(-1.891754099008E-04,7.003702004069));
#743 = CARTESIAN_POINT('',(-1.87558991671E-04,7.043324711857));
#744 = CARTESIAN_POINT('',(-1.851915806893E-04,7.082947227178));
#745 = CARTESIAN_POINT('',(-1.822475834571E-04,7.122569726592));
#746 = CARTESIAN_POINT('',(-1.792004925384E-04,7.162192390291));
#747 = CARTESIAN_POINT('',(-1.76950191729E-04,7.201815166711));
#748 = CARTESIAN_POINT('',(-1.769502612252E-04,7.241437537144));
#749 = ( GEOMETRIC_REPRESENTATION_CONTEXT(2) 
PARAMETRIC_REPRESENTATION_CONTEXT() REPRESENTATION_CONTEXT('2D SPACE',''
  ) );
#750 = ADVANCED_FACE('',(#751),#195,.T.);
#751 = FACE_BOUND('',#752,.T.);
#752 = EDGE_LOOP('',(#753,#777,#778));
#753 = ORIENTED_EDGE('',*,*,#754,.F.);
#754 = EDGE_CURVE('',#180,#755,#757,.T.);
#755 = VERTEX_POINT('',#756);
#756 = CARTESIAN_POINT('',(5.395017478669,4.301602771625,10.));
#757 = SURFACE_CURVE('',#758,(#763,#770),.PCURVE_S1.);
#758 = CIRCLE('',#759,6.9);
#759 = AXIS2_PLACEMENT_3D('',#760,#761,#762);
#760 = CARTESIAN_POINT('',(0.,0.,10.));
#761 = DIRECTION('',(0.,0.,1.));
#762 = DIRECTION('',(1.,0.,0.));
#763 = PCURVE('',#195,#764);
#764 = DEFINITIONAL_REPRESENTATION('',(#765),#769);
#765 = LINE('',#766,#767);
#766 = CARTESIAN_POINT('',(0.,10.));
#767 = VECTOR('',#768,1.);
#768 = DIRECTION('',(1.,0.));
#769 = ( GEOMETRIC_REPRESENTATION_CONTEXT(2) 
PARAMETRIC_REPRESENTATION_CONTEXT() REPRESENTATION_CONTEXT('2D SPACE',''
  ) );
#770 = PCURVE('',#224,#771);
#771 = DEFINITIONAL_REPRESENTATION('',(#772),#776);
#772 = CIRCLE('',#773,6.9);
#773 = AXIS2_PLACEMENT_2D('',#774,#775);
#774 = CARTESIAN_POINT('',(0.,0.));
#775 = DIRECTION('',(1.,0.));
#776 = ( GEOMETRIC_REPRESENTATION_CONTEXT(2) 
PARAMETRIC_REPRESENTATION_CONTEXT() REPRESENTATION_CONTEXT('2D SPACE',''
  ) );
#777 = ORIENTED_EDGE('',*,*,#179,.F.);
#778 = ORIENTED_EDGE('',*,*,#779,.T.);
#779 = EDGE_CURVE('',#24,#755,#780,.T.);
#780 = SURFACE_CURVE('',#781,(#794,#810),.PCURVE_S1.);
#781 = B_SPLINE_CURVE_WITH_KNOTS('',6,(#782,#783,#784,#785,#786,#787,
    #788,#789,#790,#791,#792,#793),.UNSPECIFIED.,.F.,.F.,(7,5,7),(0.,
    0.504582166797,1.),.UNSPECIFIED.);
#782 = CARTESIAN_POINT('',(6.9,-2.266612179975E-15,9.614335085929));
#783 = CARTESIAN_POINT('',(6.9,0.390582747219,9.646767284928));
#784 = CARTESIAN_POINT('',(6.873468708466,0.781177581053,9.679200449504)
  );
#785 = CARTESIAN_POINT('',(6.820403116753,1.169505141047,9.711632510261)
  );
#786 = CARTESIAN_POINT('',(6.741066868988,1.553327991346,9.744064749386)
  );
#787 = CARTESIAN_POINT('',(6.63595679699,1.930448687785,9.776498427528)
  );
#788 = CARTESIAN_POINT('',(6.378076726758,2.660300898659,9.840775345962)
  );
#789 = CARTESIAN_POINT('',(6.226199424329,3.013372450407,9.872620489703)
  );
#790 = CARTESIAN_POINT('',(6.050919100469,3.355899496164,9.904464897106)
  );
#791 = CARTESIAN_POINT('',(5.853172230111,3.685966283152,9.936309598008)
  );
#792 = CARTESIAN_POINT('',(5.634088029753,4.00176406047,9.968155537015)
  );
#793 = CARTESIAN_POINT('',(5.395012974205,4.301608421063,10.0000006));
#794 = PCURVE('',#195,#795);
#795 = DEFINITIONAL_REPRESENTATION('',(#796),#809);
#796 = B_SPLINE_CURVE_WITH_KNOTS('',6,(#797,#798,#799,#800,#801,#802,
    #803,#804,#805,#806,#807,#808),.UNSPECIFIED.,.F.,.F.,(7,5,7),(0.,
    0.504582166797,1.),.UNSPECIFIED.);
#797 = CARTESIAN_POINT('',(0.,9.614335085929));
#798 = CARTESIAN_POINT('',(5.660619524912E-02,9.646767284928));
#799 = CARTESIAN_POINT('',(0.113214130054,9.679200449504));
#800 = CARTESIAN_POINT('',(0.169820031898,9.711632510261));
#801 = CARTESIAN_POINT('',(0.226425928274,9.744064749386));
#802 = CARTESIAN_POINT('',(0.283033847219,9.776498427528));
#803 = CARTESIAN_POINT('',(0.395218093863,9.840775345962));
#804 = CARTESIAN_POINT('',(0.450797762953,9.872620489703));
#805 = CARTESIAN_POINT('',(0.506375572758,9.904464897106));
#806 = CARTESIAN_POINT('',(0.561953371608,9.936309598008));
#807 = CARTESIAN_POINT('',(0.617533019551,9.968155537015));
#808 = CARTESIAN_POINT('',(0.673111080628,10.0000006));
#809 = ( GEOMETRIC_REPRESENTATION_CONTEXT(2) 
PARAMETRIC_REPRESENTATION_CONTEXT() REPRESENTATION_CONTEXT('2D SPACE',''
  ) );
#810 = PCURVE('',#114,#811);
#811 = DEFINITIONAL_REPRESENTATION('',(#812),#825);
#812 = B_SPLINE_CURVE_WITH_KNOTS('',6,(#813,#814,#815,#816,#817,#818,
    #819,#820,#821,#822,#823,#824),.UNSPECIFIED.,.F.,.F.,(7,5,7),(0.,
    0.504582166797,1.),.UNSPECIFIED.);
#813 = CARTESIAN_POINT('',(-1.786162362753E-04,3.628492308114));
#814 = CARTESIAN_POINT('',(-1.800370095268E-04,3.693731329674));
#815 = CARTESIAN_POINT('',(-1.815581867897E-04,3.758972386455));
#816 = CARTESIAN_POINT('',(-1.830065190685E-04,3.824211155426));
#817 = CARTESIAN_POINT('',(-1.841380055899E-04,3.889449989945));
#818 = CARTESIAN_POINT('',(-1.847328827377E-04,3.954691222339));
#819 = CARTESIAN_POINT('',(-1.846796678885E-04,4.083984864722));
#820 = CARTESIAN_POINT('',(-1.840536744057E-04,4.148041123968));
#821 = CARTESIAN_POINT('',(-1.827460913736E-04,4.212095271165));
#822 = CARTESIAN_POINT('',(-1.80789926382E-04,4.276149408394));
#823 = CARTESIAN_POINT('',(-1.784166823038E-04,4.340205650026));
#824 = CARTESIAN_POINT('',(-1.759302069025E-04,4.404260024723));
#825 = ( GEOMETRIC_REPRESENTATION_CONTEXT(2) 
PARAMETRIC_REPRESENTATION_CONTEXT() REPRESENTATION_CONTEXT('2D SPACE',''
  ) );
#826 = ADVANCED_FACE('',(#827),#114,.F.);
#827 = FACE_BOUND('',#828,.F.);
#828 = EDGE_LOOP('',(#829,#884,#903,#904,#905));
#829 = ORIENTED_EDGE('',*,*,#830,.F.);
#830 = EDGE_CURVE('',#831,#833,#835,.T.);
#831 = VERTEX_POINT('',#832);
#832 = CARTESIAN_POINT('',(-6.050000000031,9.930306483521E-03,
    7.369588415266));
#833 = VERTEX_POINT('',#834);
#834 = CARTESIAN_POINT('',(0.742852478435,6.004228672012,10.));
#835 = SURFACE_CURVE('',#836,(#848,#855),.PCURVE_S1.);
#836 = B_SPLINE_CURVE_WITH_KNOTS('',10,(#837,#838,#839,#840,#841,#842,
    #843,#844,#845,#846,#847),.UNSPECIFIED.,.F.,.F.,(11,11),(0.,
    5.431078152858),.PIECEWISE_BEZIER_KNOTS.);
#837 = CARTESIAN_POINT('',(-6.05,9.930306465022E-03,7.369588415047));
#838 = CARTESIAN_POINT('',(-6.054679548437,-2.841065031721,
    7.639588427961));
#839 = CARTESIAN_POINT('',(-4.566581435839,-5.694510518174,
    7.909588321394));
#840 = CARTESIAN_POINT('',(-1.583868532563,-7.670801591661,8.1795886339)
  );
#841 = CARTESIAN_POINT('',(2.299701868669,-7.891824458752,8.449588205049
    ));
#842 = CARTESIAN_POINT('',(5.914077919739,-5.933524337024,8.719588416472
    ));
#843 = CARTESIAN_POINT('',(7.88423265735,-2.325596164466,8.98958862592)
  );
#844 = CARTESIAN_POINT('',(7.675959678545,1.558678705827,9.259588198392)
  );
#845 = CARTESIAN_POINT('',(5.709470719613,4.547863274037,9.529588510341)
  );
#846 = CARTESIAN_POINT('',(2.860925644801,6.045320451747,9.799588403893)
  );
#847 = CARTESIAN_POINT('',(9.930306612483E-03,6.050000000249,
    10.069588416804));
#848 = PCURVE('',#114,#849);
#849 = DEFINITIONAL_REPRESENTATION('',(#850),#854);
#850 = LINE('',#851,#852);
#851 = CARTESIAN_POINT('',(-0.958274654836,0.));
#852 = VECTOR('',#853,1.);
#853 = DIRECTION('',(0.,1.));
#854 = ( GEOMETRIC_REPRESENTATION_CONTEXT(2) 
PARAMETRIC_REPRESENTATION_CONTEXT() REPRESENTATION_CONTEXT('2D SPACE',''
  ) );
#855 = PCURVE('',#856,#879);
#856 = B_SPLINE_SURFACE_WITH_KNOTS('',1,10,(
    (#857,#858,#859,#860,#861,#862,#863,#864,#865,#866,#867)
    ,(#868,#869,#870,#871,#872,#873,#874,#875,#876,#877,#878
  )),.UNSPECIFIED.,.F.,.F.,.F.,(2,2),(11,11),(-0.24,-0.),(0.,
    5.431078152858),.PIECEWISE_BEZIER_KNOTS.);
#857 = CARTESIAN_POINT('',(-6.05,-9.930306465017E-03,7.130411584953));
#858 = CARTESIAN_POINT('',(-6.04532045157,-2.860925644535,7.400411597857
    ));
#859 = CARTESIAN_POINT('',(-4.547863273981,-5.709470719273,
    7.670411491438));
#860 = CARTESIAN_POINT('',(-1.558678705967,-7.675959678178,
    7.940411803304));
#861 = CARTESIAN_POINT('',(2.325596164199,-7.884232657098,8.210411375937
    ));
#862 = CARTESIAN_POINT('',(5.933524336624,-5.914077919629,8.480411585162
    ));
#863 = CARTESIAN_POINT('',(7.891824458371,-2.299701868769,8.750411796808
    ));
#864 = CARTESIAN_POINT('',(7.67080159139,1.583868532309,9.020411367797)
  );
#865 = CARTESIAN_POINT('',(5.694510518047,4.566581435513,9.290411680385)
  );
#866 = CARTESIAN_POINT('',(2.841065031753,6.054679548119,9.560411573789)
  );
#867 = CARTESIAN_POINT('',(-9.93030631758E-03,6.049999999751,
    9.83041158671));
#868 = CARTESIAN_POINT('',(-6.05,9.930306465024E-03,7.369588415047));
#869 = CARTESIAN_POINT('',(-6.054679548437,-2.841065031721,
    7.639588427961));
#870 = CARTESIAN_POINT('',(-4.566581435838,-5.694510518174,
    7.909588321394));
#871 = CARTESIAN_POINT('',(-1.583868532563,-7.670801591661,8.1795886339)
  );
#872 = CARTESIAN_POINT('',(2.299701868669,-7.891824458752,8.44958820505)
  );
#873 = CARTESIAN_POINT('',(5.914077919738,-5.933524337024,8.719588416471
    ));
#874 = CARTESIAN_POINT('',(7.884232657351,-2.325596164466,8.989588625921
    ));
#875 = CARTESIAN_POINT('',(7.675959678544,1.558678705828,9.259588198392)
  );
#876 = CARTESIAN_POINT('',(5.709470719613,4.547863274037,9.529588510341)
  );
#877 = CARTESIAN_POINT('',(2.860925644801,6.045320451747,9.799588403893)
  );
#878 = CARTESIAN_POINT('',(9.930306612483E-03,6.050000000249,
    10.069588416804));
#879 = DEFINITIONAL_REPRESENTATION('',(#880),#883);
#880 = B_SPLINE_CURVE_WITH_KNOTS('',1,(#881,#882),.UNSPECIFIED.,.F.,.F.,
  (2,2),(0.,5.431078152858),.PIECEWISE_BEZIER_KNOTS.);
#881 = CARTESIAN_POINT('',(0.,0.));
#882 = CARTESIAN_POINT('',(0.,5.431078152858));
#883 = ( GEOMETRIC_REPRESENTATION_CONTEXT(2) 
PARAMETRIC_REPRESENTATION_CONTEXT() REPRESENTATION_CONTEXT('2D SPACE',''
  ) );
#884 = ORIENTED_EDGE('',*,*,#885,.T.);
#885 = EDGE_CURVE('',#831,#22,#886,.T.);
#886 = SURFACE_CURVE('',#887,(#890,#896),.PCURVE_S1.);
#887 = B_SPLINE_CURVE_WITH_KNOTS('',1,(#888,#889),.UNSPECIFIED.,.F.,.F.,
  (2,2),(-0.958274654836,-0.),.PIECEWISE_BEZIER_KNOTS.);
#888 = CARTESIAN_POINT('',(-6.050000000031,9.930306483521E-03,
    7.369588415266));
#889 = CARTESIAN_POINT('',(-6.900000000145,4.654682142701E-02,
    7.810552750265));
#890 = PCURVE('',#114,#891);
#891 = DEFINITIONAL_REPRESENTATION('',(#892),#895);
#892 = B_SPLINE_CURVE_WITH_KNOTS('',1,(#893,#894),.UNSPECIFIED.,.F.,.F.,
  (2,2),(-0.958274654836,-0.),.PIECEWISE_BEZIER_KNOTS.);
#893 = CARTESIAN_POINT('',(-0.958274654836,0.));
#894 = CARTESIAN_POINT('',(0.,0.));
#895 = ( GEOMETRIC_REPRESENTATION_CONTEXT(2) 
PARAMETRIC_REPRESENTATION_CONTEXT() REPRESENTATION_CONTEXT('2D SPACE',''
  ) );
#896 = PCURVE('',#678,#897);
#897 = DEFINITIONAL_REPRESENTATION('',(#898),#902);
#898 = LINE('',#899,#900);
#899 = CARTESIAN_POINT('',(0.,7.241437537144));
#900 = VECTOR('',#901,1.);
#901 = DIRECTION('',(1.,0.));
#902 = ( GEOMETRIC_REPRESENTATION_CONTEXT(2) 
PARAMETRIC_REPRESENTATION_CONTEXT() REPRESENTATION_CONTEXT('2D SPACE',''
  ) );
#903 = ORIENTED_EDGE('',*,*,#21,.T.);
#904 = ORIENTED_EDGE('',*,*,#779,.T.);
#905 = ORIENTED_EDGE('',*,*,#906,.T.);
#906 = EDGE_CURVE('',#755,#833,#907,.T.);
#907 = SURFACE_CURVE('',#908,(#927,#949),.PCURVE_S1.);
#908 = B_SPLINE_CURVE_WITH_KNOTS('',5,(#909,#910,#911,#912,#913,#914,
    #915,#916,#917,#918,#919,#920,#921,#922,#923,#924,#925,#926),
  .UNSPECIFIED.,.F.,.F.,(6,4,4,4,6),(0.,0.276519348029,0.543718810933,
    0.774639785521,1.),.UNSPECIFIED.);
#909 = CARTESIAN_POINT('',(5.395750825594,4.300933296978,10.));
#910 = CARTESIAN_POINT('',(5.187201310104,4.491346620802,10.));
#911 = CARTESIAN_POINT('',(4.968884984766,4.670886078792,10.));
#912 = CARTESIAN_POINT('',(4.741461842996,4.838766583459,10.));
#913 = CARTESIAN_POINT('',(4.505686445355,4.994250779836,10.));
#914 = CARTESIAN_POINT('',(4.027349037284,5.274279694026,10.));
#915 = CARTESIAN_POINT('',(3.785281811957,5.39969162833,10.));
#916 = CARTESIAN_POINT('',(3.53699264558,5.512293381144,10.));
#917 = CARTESIAN_POINT('',(3.283337836945,5.611540042028,10.));
#918 = CARTESIAN_POINT('',(2.802222867241,5.770795535499,10.));
#919 = CARTESIAN_POINT('',(2.575880945329,5.834302676594,10.));
#920 = CARTESIAN_POINT('',(2.346843402799,5.887188969542,10.));
#921 = CARTESIAN_POINT('',(2.115760369445,5.929202304363,10.));
#922 = CARTESIAN_POINT('',(1.656486929754,5.990349727833,10.));
#923 = CARTESIAN_POINT('',(1.428359800764,6.010010546417,10.));
#924 = CARTESIAN_POINT('',(1.199588382503,6.018950840262,10.));
#925 = CARTESIAN_POINT('',(0.970849635104,6.017044114776,10.));
#926 = CARTESIAN_POINT('',(0.742852478435,6.004228672012,10.));
#927 = PCURVE('',#114,#928);
#928 = DEFINITIONAL_REPRESENTATION('',(#929),#948);
#929 = B_SPLINE_CURVE_WITH_KNOTS('',5,(#930,#931,#932,#933,#934,#935,
    #936,#937,#938,#939,#940,#941,#942,#943,#944,#945,#946,#947),
  .UNSPECIFIED.,.F.,.F.,(6,4,4,4,6),(0.,0.276519348029,0.543718810933,
    0.774639785521,1.),.UNSPECIFIED.);
#930 = CARTESIAN_POINT('',(0.,4.404095972166));
#931 = CARTESIAN_POINT('',(-5.003391339521E-02,4.450408685295));
#932 = CARTESIAN_POINT('',(-0.10043460448,4.49706089743));
#933 = CARTESIAN_POINT('',(-0.151211803316,4.544061614942));
#934 = CARTESIAN_POINT('',(-0.202377367677,4.591421813693));
#935 = CARTESIAN_POINT('',(-0.303770224253,4.685273721486));
#936 = CARTESIAN_POINT('',(-0.353971398265,4.731741254836));
#937 = CARTESIAN_POINT('',(-0.404556483244,4.778564146265));
#938 = CARTESIAN_POINT('',(-0.455537774455,4.825753776695));
#939 = CARTESIAN_POINT('',(-0.551339498337,4.914430384379));
#940 = CARTESIAN_POINT('',(-0.596056841249,4.955821938988));
#941 = CARTESIAN_POINT('',(-0.641087037556,4.997503079161));
#942 = CARTESIAN_POINT('',(-0.686439061934,5.039482112188));
#943 = CARTESIAN_POINT('',(-0.776704533234,5.123034219874));
#944 = CARTESIAN_POINT('',(-0.821602453037,5.164592922209));
#945 = CARTESIAN_POINT('',(-0.866823781283,5.206450980177));
#946 = CARTESIAN_POINT('',(-0.912378011108,5.248617180769));
#947 = CARTESIAN_POINT('',(-0.958274654836,5.291100328305));
#948 = ( GEOMETRIC_REPRESENTATION_CONTEXT(2) 
PARAMETRIC_REPRESENTATION_CONTEXT() REPRESENTATION_CONTEXT('2D SPACE',''
  ) );
#949 = PCURVE('',#224,#950);
#950 = DEFINITIONAL_REPRESENTATION('',(#951),#970);
#951 = B_SPLINE_CURVE_WITH_KNOTS('',5,(#952,#953,#954,#955,#956,#957,
    #958,#959,#960,#961,#962,#963,#964,#965,#966,#967,#968,#969),
  .UNSPECIFIED.,.F.,.F.,(6,4,4,4,6),(0.,0.276519348029,0.543718810933,
    0.774639785521,1.),.UNSPECIFIED.);
#952 = CARTESIAN_POINT('',(5.395750825594,4.300933296978));
#953 = CARTESIAN_POINT('',(5.187201310104,4.491346620802));
#954 = CARTESIAN_POINT('',(4.968884984766,4.670886078792));
#955 = CARTESIAN_POINT('',(4.741461842996,4.838766583459));
#956 = CARTESIAN_POINT('',(4.505686445355,4.994250779836));
#957 = CARTESIAN_POINT('',(4.027349037284,5.274279694026));
#958 = CARTESIAN_POINT('',(3.785281811957,5.39969162833));
#959 = CARTESIAN_POINT('',(3.53699264558,5.512293381144));
#960 = CARTESIAN_POINT('',(3.283337836945,5.611540042028));
#961 = CARTESIAN_POINT('',(2.802222867241,5.770795535499));
#962 = CARTESIAN_POINT('',(2.575880945329,5.834302676594));
#963 = CARTESIAN_POINT('',(2.346843402799,5.887188969542));
#964 = CARTESIAN_POINT('',(2.115760369445,5.929202304363));
#965 = CARTESIAN_POINT('',(1.656486929754,5.990349727833));
#966 = CARTESIAN_POINT('',(1.428359800764,6.010010546417));
#967 = CARTESIAN_POINT('',(1.199588382503,6.018950840262));
#968 = CARTESIAN_POINT('',(0.970849635104,6.017044114776));
#969 = CARTESIAN_POINT('',(0.742852478435,6.004228672012));
#970 = ( GEOMETRIC_REPRESENTATION_CONTEXT(2) 
PARAMETRIC_REPRESENTATION_CONTEXT() REPRESENTATION_CONTEXT('2D SPACE',''
  ) );
#971 = ADVANCED_FACE('',(#972),#678,.F.);
#972 = FACE_BOUND('',#973,.F.);
#973 = EDGE_LOOP('',(#974,#1028,#1074,#1218,#1219));
#974 = ORIENTED_EDGE('',*,*,#975,.F.);
#975 = EDGE_CURVE('',#976,#831,#978,.T.);
#976 = VERTEX_POINT('',#977);
#977 = CARTESIAN_POINT('',(-6.050000000031,9.930306483521E-03,
    3.769588415266));
#978 = SURFACE_CURVE('',#979,(#992,#999),.PCURVE_S1.);
#979 = B_SPLINE_CURVE_WITH_KNOTS('',11,(#980,#981,#982,#983,#984,#985,
    #986,#987,#988,#989,#990,#991),.UNSPECIFIED.,.F.,.F.,(12,12),(0.,
    7.241437537144),.PIECEWISE_BEZIER_KNOTS.);
#980 = CARTESIAN_POINT('',(-6.05,9.930306465025E-03,3.769588415047));
#981 = CARTESIAN_POINT('',(-6.055672178009,-3.445821602455,
    4.096861143038));
#982 = CARTESIAN_POINT('',(-3.890498274674,-6.905058438851,
    4.424133867583));
#983 = CARTESIAN_POINT('',(0.452511940619,-8.85281653452,4.751406601925)
  );
#984 = CARTESIAN_POINT('',(5.763852323392,-7.766024633004,5.078679315958
    ));
#985 = CARTESIAN_POINT('',(9.730274110689,-3.214783989255,5.405952062026
    ));
#986 = CARTESIAN_POINT('',(9.74077498924,3.182824735577,5.733224768288)
  );
#987 = CARTESIAN_POINT('',(5.789315071859,7.747061576256,6.060497514352)
  );
#988 = CARTESIAN_POINT('',(0.481570977784,8.8512833561,6.387770228387));
#989 = CARTESIAN_POINT('',(-3.867809822536,6.917792716051,6.715042962731
    ));
#990 = CARTESIAN_POINT('',(-6.044327822013,3.465682215406,7.042315687273
    ));
#991 = CARTESIAN_POINT('',(-6.050000000031,9.930306483521E-03,
    7.369588415266));
#992 = PCURVE('',#678,#993);
#993 = DEFINITIONAL_REPRESENTATION('',(#994),#998);
#994 = LINE('',#995,#996);
#995 = CARTESIAN_POINT('',(-0.958274654836,0.));
#996 = VECTOR('',#997,1.);
#997 = DIRECTION('',(0.,1.));
#998 = ( GEOMETRIC_REPRESENTATION_CONTEXT(2) 
PARAMETRIC_REPRESENTATION_CONTEXT() REPRESENTATION_CONTEXT('2D SPACE',''
  ) );
#999 = PCURVE('',#1000,#1023);
#1000 = B_SPLINE_SURFACE_WITH_KNOTS('',1,10,(
    (#1001,#1002,#1003,#1004,#1005,#1006,#1007,#1008,#1009,#1010,#1011)
    ,(#1012,#1013,#1014,#1015,#1016,#1017,#1018,#1019,#1020,#1021,#1022
    )),.UNSPECIFIED.,.F.,.F.,.F.,(2,2),(11,11),(-0.24,-0.),(0.,
    7.241437537144),.PIECEWISE_BEZIER_KNOTS.);
#1001 = CARTESIAN_POINT('',(-6.05,-9.930306465025E-03,3.530411584953));
#1002 = CARTESIAN_POINT('',(-6.043760604194,-3.811257406258,
    3.890411585741));
#1003 = CARTESIAN_POINT('',(-3.384260028815,-7.611286759396,
    4.250411583061));
#1004 = CARTESIAN_POINT('',(1.931227716285,-9.298074293408,
    4.610411588367));
#1005 = CARTESIAN_POINT('',(7.994021814743,-6.912790841825,
    4.970411582272));
#1006 = CARTESIAN_POINT('',(11.196250140052,1.837722226554E-02,
    5.330411585025));
#1007 = CARTESIAN_POINT('',(7.971285868756,6.93899586636,5.690411587916)
  );
#1008 = CARTESIAN_POINT('',(1.900694174381,9.304363906386,6.050411581717
    ));
#1009 = CARTESIAN_POINT('',(-3.409227645512,7.600136112372,
    6.410411587079));
#1010 = CARTESIAN_POINT('',(-6.056239395766,3.791396793349,
    6.770411584378));
#1011 = CARTESIAN_POINT('',(-6.049999999969,-9.930306446532E-03,
    7.130411585171));
#1012 = CARTESIAN_POINT('',(-6.05,9.930306465018E-03,3.769588415047));
#1013 = CARTESIAN_POINT('',(-6.056239395809,-3.791396793347,
    4.129588415838));
#1014 = CARTESIAN_POINT('',(-3.409227645548,-7.600136112406,
    4.489588413148));
#1015 = CARTESIAN_POINT('',(1.900694174356,-9.304363906428,
    4.849588418482));
#1016 = CARTESIAN_POINT('',(7.971285868777,-6.938995866439,5.20958841233
    ));
#1017 = CARTESIAN_POINT('',(11.196250140117,-1.837722227962E-02,
    5.569588415162));
#1018 = CARTESIAN_POINT('',(7.994021814789,6.912790841817,5.929588417974
    ));
#1019 = CARTESIAN_POINT('',(1.931227716338,9.298074293461,6.289588411833
    ));
#1020 = CARTESIAN_POINT('',(-3.384260028816,7.61128675944,6.649588417165
    ));
#1021 = CARTESIAN_POINT('',(-6.043760604211,3.811257406298,
    7.009588414474));
#1022 = CARTESIAN_POINT('',(-6.050000000031,9.930306483521E-03,
    7.369588415266));
#1023 = DEFINITIONAL_REPRESENTATION('',(#1024),#1027);
#1024 = B_SPLINE_CURVE_WITH_KNOTS('',1,(#1025,#1026),.UNSPECIFIED.,.F.,
  .F.,(2,2),(0.,7.241437537144),.PIECEWISE_BEZIER_KNOTS.);
#1025 = CARTESIAN_POINT('',(0.,0.));
#1026 = CARTESIAN_POINT('',(0.,7.241437537144));
#1027 = ( GEOMETRIC_REPRESENTATION_CONTEXT(2) 
PARAMETRIC_REPRESENTATION_CONTEXT() REPRESENTATION_CONTEXT('2D SPACE',''
  ) );
#1028 = ORIENTED_EDGE('',*,*,#1029,.T.);
#1029 = EDGE_CURVE('',#976,#1030,#1032,.T.);
#1030 = VERTEX_POINT('',#1031);
#1031 = CARTESIAN_POINT('',(-6.899843043346,4.654006000234E-02,
    4.21047132397));
#1032 = SURFACE_CURVE('',#1033,(#1036,#1042),.PCURVE_S1.);
#1033 = B_SPLINE_CURVE_WITH_KNOTS('',1,(#1034,#1035),.UNSPECIFIED.,.F.,
  .F.,(2,2),(-0.958274654836,-0.),.PIECEWISE_BEZIER_KNOTS.);
#1034 = CARTESIAN_POINT('',(-6.050000000031,9.930306483521E-03,
    3.769588415266));
#1035 = CARTESIAN_POINT('',(-6.900000000145,4.6546821427E-02,
    4.210552750265));
#1036 = PCURVE('',#678,#1037);
#1037 = DEFINITIONAL_REPRESENTATION('',(#1038),#1041);
#1038 = B_SPLINE_CURVE_WITH_KNOTS('',1,(#1039,#1040),.UNSPECIFIED.,.F.,
  .F.,(2,2),(-0.958274654836,-0.),.PIECEWISE_BEZIER_KNOTS.);
#1039 = CARTESIAN_POINT('',(-0.958274654836,0.));
#1040 = CARTESIAN_POINT('',(0.,0.));
#1041 = ( GEOMETRIC_REPRESENTATION_CONTEXT(2) 
PARAMETRIC_REPRESENTATION_CONTEXT() REPRESENTATION_CONTEXT('2D SPACE',''
  ) );
#1042 = PCURVE('',#1043,#1068);
#1043 = B_SPLINE_SURFACE_WITH_KNOTS('',1,11,(
    (#1044,#1045,#1046,#1047,#1048,#1049,#1050,#1051,#1052,#1053,#1054
      ,#1055)
    ,(#1056,#1057,#1058,#1059,#1060,#1061,#1062,#1063,#1064,#1065,#1066
      ,#1067
    )),.UNSPECIFIED.,.F.,.F.,.F.,(2,2),(12,12),(-0.958274654836,-0.),(0.
    ,7.241437537144),.PIECEWISE_BEZIER_KNOTS.);
#1044 = CARTESIAN_POINT('',(-6.05,9.930306465025E-03,0.169588415047));
#1045 = CARTESIAN_POINT('',(-6.055672178009,-3.445821602455,
    0.496861143038));
#1046 = CARTESIAN_POINT('',(-3.890498274673,-6.905058438851,
    0.824133867583));
#1047 = CARTESIAN_POINT('',(0.452511940619,-8.85281653452,1.151406601925
    ));
#1048 = CARTESIAN_POINT('',(5.763852323393,-7.766024633005,
    1.478679315958));
#1049 = CARTESIAN_POINT('',(9.730274110688,-3.214783989254,
    1.805952062026));
#1050 = CARTESIAN_POINT('',(9.740774989242,3.182824735576,2.133224768287
    ));
#1051 = CARTESIAN_POINT('',(5.789315071858,7.747061576257,2.460497514353
    ));
#1052 = CARTESIAN_POINT('',(0.481570977784,8.8512833561,2.787770228387)
  );
#1053 = CARTESIAN_POINT('',(-3.867809822536,6.917792716051,
    3.115042962731));
#1054 = CARTESIAN_POINT('',(-6.044327822013,3.465682215406,
    3.442315687273));
#1055 = CARTESIAN_POINT('',(-6.050000000031,9.930306483521E-03,
    3.769588415266));
#1056 = CARTESIAN_POINT('',(-6.9,4.654682142698E-02,0.610552750265));
#1057 = CARTESIAN_POINT('',(-6.92658748325,-3.894723962211,
    0.937825477541));
#1058 = CARTESIAN_POINT('',(-4.477333520325,-7.852607242572,
    1.265098204794));
#1059 = CARTESIAN_POINT('',(0.464553916621,-10.09931983946,
    1.592370932118));
#1060 = CARTESIAN_POINT('',(6.528493430194,-8.890748242188,
    1.919643659311));
#1061 = CARTESIAN_POINT('',(11.078714874087,-3.723125754574,
    2.246916386659));
#1062 = CARTESIAN_POINT('',(11.127936166295,3.573321548836,
    2.574189113902));
#1063 = CARTESIAN_POINT('',(6.647846242768,8.801861759393,2.90146184115)
  );
#1064 = CARTESIAN_POINT('',(0.600763792563,10.092133295644,
    3.228734568471));
#1065 = CARTESIAN_POINT('',(-4.370984805601,7.912297256033,
    3.556007295707));
#1066 = CARTESIAN_POINT('',(-6.873412516895,3.987817605064,
    3.883280022995));
#1067 = CARTESIAN_POINT('',(-6.900000000145,4.6546821427E-02,
    4.210552750265));
#1068 = DEFINITIONAL_REPRESENTATION('',(#1069),#1073);
#1069 = LINE('',#1070,#1071);
#1070 = CARTESIAN_POINT('',(0.,7.241437537144));
#1071 = VECTOR('',#1072,1.);
#1072 = DIRECTION('',(1.,0.));
#1073 = ( GEOMETRIC_REPRESENTATION_CONTEXT(2) 
PARAMETRIC_REPRESENTATION_CONTEXT() REPRESENTATION_CONTEXT('2D SPACE',''
  ) );
#1074 = ORIENTED_EDGE('',*,*,#1075,.T.);
#1075 = EDGE_CURVE('',#1030,#555,#1076,.T.);
#1076 = SURFACE_CURVE('',#1077,(#1122,#1170),.PCURVE_S1.);
#1077 = B_SPLINE_CURVE_WITH_KNOTS('',8,(#1078,#1079,#1080,#1081,#1082,
    #1083,#1084,#1085,#1086,#1087,#1088,#1089,#1090,#1091,#1092,#1093,
    #1094,#1095,#1096,#1097,#1098,#1099,#1100,#1101,#1102,#1103,#1104,
    #1105,#1106,#1107,#1108,#1109,#1110,#1111,#1112,#1113,#1114,#1115,
    #1116,#1117,#1118,#1119,#1120,#1121),.UNSPECIFIED.,.F.,.F.,(9,7,7,7,
    7,7,9),(0.,9.138492570268E-02,0.263231066763,0.53067989944,
    0.747258080415,0.942682267144,1.),.UNSPECIFIED.);
#1078 = CARTESIAN_POINT('',(-6.899843043346,4.654006000857E-02,
    4.210471324045));
#1079 = CARTESIAN_POINT('',(-6.901516574757,-0.201571009468,
    4.231074281271));
#1080 = CARTESIAN_POINT('',(-6.89299357464,-0.449753761237,
    4.251676373982));
#1081 = CARTESIAN_POINT('',(-6.874270921871,-0.697515271748,
    4.272278029717));
#1082 = CARTESIAN_POINT('',(-6.845373477007,-0.944366095971,
    4.292879669882));
#1083 = CARTESIAN_POINT('',(-6.806354044464,-1.189820467213,
    4.313481634106));
#1084 = CARTESIAN_POINT('',(-6.757293334709,-1.433396496935,
    4.334084104593));
#1085 = CARTESIAN_POINT('',(-6.698299926439,-1.67461637457,
    4.354687030476));
#1086 = CARTESIAN_POINT('',(-6.500153619911,-2.361290946604,
    4.414033310365));
#1087 = CARTESIAN_POINT('',(-6.336135545148,-2.799641510914,
    4.452783052777));
#1088 = CARTESIAN_POINT('',(-6.138368468581,-3.224835906781,
    4.491531141115));
#1089 = CARTESIAN_POINT('',(-5.908113368825,-3.633852407695,
    4.53027625264));
#1090 = CARTESIAN_POINT('',(-5.646928632677,-4.023845364798,
    4.569020832326));
#1091 = CARTESIAN_POINT('',(-5.356651005968,-4.392140328364,
    4.607767735258));
#1092 = CARTESIAN_POINT('',(-5.039408601617,-4.736248840059,
    4.646516559242));
#1093 = CARTESIAN_POINT('',(-4.165802585799,-5.548276560353,
    4.745556623152));
#1094 = CARTESIAN_POINT('',(-3.574048852602,-5.979082208629,
    4.805901497387));
#1095 = CARTESIAN_POINT('',(-2.931890436174,-6.33716707726,
    4.866218714177));
#1096 = CARTESIAN_POINT('',(-2.249921590794,-6.616000335829,
    4.926517894009));
#1097 = CARTESIAN_POINT('',(-1.539351888226,-6.810731379017,
    4.986817911481));
#1098 = CARTESIAN_POINT('',(-0.81202444488,-6.918371750336,
    5.047136829404));
#1099 = CARTESIAN_POINT('',(-8.031698941738E-02,-6.937638813311,
    5.107482978113));
#1100 = CARTESIAN_POINT('',(1.228138118963,-6.815236634488,
    5.216607817298));
#1101 = CARTESIAN_POINT('',(1.808476916444,-6.703425847665,5.26545255732
    ));
#1102 = CARTESIAN_POINT('',(2.376890374717,-6.535143253073,
    5.314288120381));
#1103 = CARTESIAN_POINT('',(2.92698535438,-6.311965766186,5.363115783352
    ));
#1104 = CARTESIAN_POINT('',(3.452721407914,-6.036258799675,
    5.411943410302));
#1105 = CARTESIAN_POINT('',(3.948390685076,-5.711104864017,
    5.460778911357));
#1106 = CARTESIAN_POINT('',(4.40865914978,-5.340364926527,5.509623659349
    ));
#1107 = CARTESIAN_POINT('',(5.207716263984,-4.557545086677,
    5.602510585787));
#1108 = CARTESIAN_POINT('',(5.554187617323,-4.152836025924,
    5.646579849038));
#1109 = CARTESIAN_POINT('',(5.864541167034,-3.718183094684,
    5.690644995639));
#1110 = CARTESIAN_POINT('',(6.135805348054,-3.257386531253,
    5.734704835008));
#1111 = CARTESIAN_POINT('',(6.36551078354,-2.774527229231,5.77876482627)
  );
#1112 = CARTESIAN_POINT('',(6.551660720107,-2.273936889677,
    5.822830395252));
#1113 = CARTESIAN_POINT('',(6.692772279428,-1.760205949691,
    5.866900254343));
#1114 = CARTESIAN_POINT('',(6.815915363132,-1.085134016118,
    5.923882327204));
#1115 = CARTESIAN_POINT('',(6.839896080717,-0.931318635858,
    5.936804909615));
#1116 = CARTESIAN_POINT('',(6.859908973458,-0.776902214204,
    5.949727469086));
#1117 = CARTESIAN_POINT('',(6.875936673403,-0.622004220869,
    5.962650002019));
#1118 = CARTESIAN_POINT('',(6.887966150135,-0.466744527708,
    5.975572504599));
#1119 = CARTESIAN_POINT('',(6.895988710779,-0.311243408723,5.98849497279
    ));
#1120 = CARTESIAN_POINT('',(6.9,-0.155621540057,6.001417402335));
#1121 = CARTESIAN_POINT('',(6.9,-1.7763568394E-15,6.014339788759));
#1122 = PCURVE('',#678,#1123);
#1123 = DEFINITIONAL_REPRESENTATION('',(#1124),#1169);
#1124 = B_SPLINE_CURVE_WITH_KNOTS('',8,(#1125,#1126,#1127,#1128,#1129,
    #1130,#1131,#1132,#1133,#1134,#1135,#1136,#1137,#1138,#1139,#1140,
    #1141,#1142,#1143,#1144,#1145,#1146,#1147,#1148,#1149,#1150,#1151,
    #1152,#1153,#1154,#1155,#1156,#1157,#1158,#1159,#1160,#1161,#1162,
    #1163,#1164,#1165,#1166,#1167,#1168),.UNSPECIFIED.,.F.,.F.,(9,7,7,7,
    7,7,9),(0.,9.138492570268E-02,0.263231066763,0.53067989944,
    0.747258080415,0.942682267144,1.),.UNSPECIFIED.);
#1125 = CARTESIAN_POINT('',(-1.769500978048E-04,0.));
#1126 = CARTESIAN_POINT('',(-1.76950170457E-04,4.144306335196E-02));
#1127 = CARTESIAN_POINT('',(-1.794102076905E-04,8.28866647334E-02));
#1128 = CARTESIAN_POINT('',(-1.8267161462E-04,0.124330128901));
#1129 = CARTESIAN_POINT('',(-1.857328073405E-04,0.165773376427));
#1130 = CARTESIAN_POINT('',(-1.880932225746E-04,0.207216627143));
#1131 = CARTESIAN_POINT('',(-1.895973273193E-04,0.248660103589));
#1132 = CARTESIAN_POINT('',(-1.902786284926E-04,0.290103734459));
#1133 = CARTESIAN_POINT('',(-1.900627494268E-04,0.409479195436));
#1134 = CARTESIAN_POINT('',(-1.872587923084E-04,0.487422110924));
#1135 = CARTESIAN_POINT('',(-1.826166302338E-04,0.565359997734));
#1136 = CARTESIAN_POINT('',(-1.778013129695E-04,0.643291736376));
#1137 = CARTESIAN_POINT('',(-1.741061790779E-04,0.721223442091));
#1138 = CARTESIAN_POINT('',(-1.719287681264E-04,0.799161225882));
#1139 = CARTESIAN_POINT('',(-1.709345870689E-04,0.877103969119));
#1140 = CARTESIAN_POINT('',(-1.708684899831E-04,1.076324029182));
#1141 = CARTESIAN_POINT('',(-1.73104965371E-04,1.197710443062));
#1142 = CARTESIAN_POINT('',(-1.76396528449E-04,1.31904220032));
#1143 = CARTESIAN_POINT('',(-1.782064174799E-04,1.44033630457));
#1144 = CARTESIAN_POINT('',(-1.77962379299E-04,1.561630192575));
#1145 = CARTESIAN_POINT('',(-1.77032522072E-04,1.68296146422));
#1146 = CARTESIAN_POINT('',(-1.762959907273E-04,1.804347689825));
#1147 = CARTESIAN_POINT('',(-1.761062983072E-04,2.023853266103));
#1148 = CARTESIAN_POINT('',(-1.764337556658E-04,2.122105273065));
#1149 = CARTESIAN_POINT('',(-1.773928304381E-04,2.220339405115));
#1150 = CARTESIAN_POINT('',(-1.789741499216E-04,2.318558222017));
#1151 = CARTESIAN_POINT('',(-1.807725082707E-04,2.41677716736));
#1152 = CARTESIAN_POINT('',(-1.822410735288E-04,2.515011646282));
#1153 = CARTESIAN_POINT('',(-1.830199590185E-04,2.613264087128));
#1154 = CARTESIAN_POINT('',(-1.829670344502E-04,2.800107059201));
#1155 = CARTESIAN_POINT('',(-1.822881338172E-04,2.88875221333));
#1156 = CARTESIAN_POINT('',(-1.808556356851E-04,2.977388389227));
#1157 = CARTESIAN_POINT('',(-1.787664809178E-04,3.066013281752));
#1158 = CARTESIAN_POINT('',(-1.762972518442E-04,3.154638128006));
#1159 = CARTESIAN_POINT('',(-1.73836917199E-04,3.243274202133));
#1160 = CARTESIAN_POINT('',(-1.717694218629E-04,3.331919269481));
#1161 = CARTESIAN_POINT('',(-1.698769367335E-04,3.446537551457));
#1162 = CARTESIAN_POINT('',(-1.694998445105E-04,3.47253111171));
#1163 = CARTESIAN_POINT('',(-1.691808392304E-04,3.498524679574));
#1164 = CARTESIAN_POINT('',(-1.689246828996E-04,3.524518252198));
#1165 = CARTESIAN_POINT('',(-1.687349050336E-04,3.550511825171));
#1166 = CARTESIAN_POINT('',(-1.686138026573E-04,3.576505392512));
#1167 = CARTESIAN_POINT('',(-1.685624403049E-04,3.602498946681));
#1168 = CARTESIAN_POINT('',(-1.685806500201E-04,3.628492478569));
#1169 = ( GEOMETRIC_REPRESENTATION_CONTEXT(2) 
PARAMETRIC_REPRESENTATION_CONTEXT() REPRESENTATION_CONTEXT('2D SPACE',''
  ) );
#1170 = PCURVE('',#570,#1171);
#1171 = DEFINITIONAL_REPRESENTATION('',(#1172),#1217);
#1172 = B_SPLINE_CURVE_WITH_KNOTS('',8,(#1173,#1174,#1175,#1176,#1177,
    #1178,#1179,#1180,#1181,#1182,#1183,#1184,#1185,#1186,#1187,#1188,
    #1189,#1190,#1191,#1192,#1193,#1194,#1195,#1196,#1197,#1198,#1199,
    #1200,#1201,#1202,#1203,#1204,#1205,#1206,#1207,#1208,#1209,#1210,
    #1211,#1212,#1213,#1214,#1215,#1216),.UNSPECIFIED.,.F.,.F.,(9,7,7,7,
    7,7,9),(0.,9.138492570268E-02,0.263231066763,0.53067989944,
    0.747258080415,0.942682267144,1.),.UNSPECIFIED.);
#1173 = CARTESIAN_POINT('',(3.134847666213,4.210471324045));
#1174 = CARTESIAN_POINT('',(3.170806610195,4.231074281271));
#1175 = CARTESIAN_POINT('',(3.206765977256,4.251676373982));
#1176 = CARTESIAN_POINT('',(3.242725176181,4.272278029717));
#1177 = CARTESIAN_POINT('',(3.278684151958,4.292879669882));
#1178 = CARTESIAN_POINT('',(3.314643119716,4.313481634106));
#1179 = CARTESIAN_POINT('',(3.350602298656,4.334084104593));
#1180 = CARTESIAN_POINT('',(3.386561645983,4.354687030476));
#1181 = CARTESIAN_POINT('',(3.490140122875,4.414033310365));
#1182 = CARTESIAN_POINT('',(3.557768970117,4.452783052777));
#1183 = CARTESIAN_POINT('',(3.625393658358,4.491531141115));
#1184 = CARTESIAN_POINT('',(3.693013158493,4.53027625264));
#1185 = CARTESIAN_POINT('',(3.760632667964,4.569020832326));
#1186 = CARTESIAN_POINT('',(3.828257384589,4.607767735258));
#1187 = CARTESIAN_POINT('',(3.895886272791,4.646516559242));
#1188 = CARTESIAN_POINT('',(4.068743969861,4.745556623152));
#1189 = CARTESIAN_POINT('',(4.174067235572,4.805901497387));
#1190 = CARTESIAN_POINT('',(4.279342674765,4.866218714177));
#1191 = CARTESIAN_POINT('',(4.384585234514,4.926517894009));
#1192 = CARTESIAN_POINT('',(4.489827818906,4.986817911481));
#1193 = CARTESIAN_POINT('',(4.595103189956,5.047136829404));
#1194 = CARTESIAN_POINT('',(4.700426561284,5.107482978113));
#1195 = CARTESIAN_POINT('',(4.890885665903,5.216607817298));
#1196 = CARTESIAN_POINT('',(4.976136431562,5.26545255732));
#1197 = CARTESIAN_POINT('',(5.061371761521,5.314288120381));
#1198 = CARTESIAN_POINT('',(5.146593779356,5.363115783352));
#1199 = CARTESIAN_POINT('',(5.231815801001,5.411943410302));
#1200 = CARTESIAN_POINT('',(5.317051156879,5.460778911357));
#1201 = CARTESIAN_POINT('',(5.40230197111,5.509623659349));
#1202 = CARTESIAN_POINT('',(5.564420064716,5.602510585787));
#1203 = CARTESIAN_POINT('',(5.641334756217,5.646579849038));
#1204 = CARTESIAN_POINT('',(5.718241608572,5.690644995639));
#1205 = CARTESIAN_POINT('',(5.795138665811,5.734704835008));
#1206 = CARTESIAN_POINT('',(5.872035717677,5.77876482627));
#1207 = CARTESIAN_POINT('',(5.94894256796,5.822830395252));
#1208 = CARTESIAN_POINT('',(6.025857277506,5.866900254343));
#1209 = CARTESIAN_POINT('',(6.125308231344,5.923882327204));
#1210 = CARTESIAN_POINT('',(6.147862092033,5.936804909615));
#1211 = CARTESIAN_POINT('',(6.170415962423,5.949727469086));
#1212 = CARTESIAN_POINT('',(6.192969839563,5.962650002019));
#1213 = CARTESIAN_POINT('',(6.215523719091,5.975572504599));
#1214 = CARTESIAN_POINT('',(6.238077595231,5.98849497279));
#1215 = CARTESIAN_POINT('',(6.260631460794,6.001417402335));
#1216 = CARTESIAN_POINT('',(6.28318530718,6.014339788759));
#1217 = ( GEOMETRIC_REPRESENTATION_CONTEXT(2) 
PARAMETRIC_REPRESENTATION_CONTEXT() REPRESENTATION_CONTEXT('2D SPACE',''
  ) );
#1218 = ORIENTED_EDGE('',*,*,#582,.T.);
#1219 = ORIENTED_EDGE('',*,*,#885,.F.);
#1220 = ADVANCED_FACE('',(#1221),#570,.T.);
#1221 = FACE_BOUND('',#1222,.T.);
#1222 = EDGE_LOOP('',(#1223,#1224,#1225,#1497,#1551,#1579));
#1223 = ORIENTED_EDGE('',*,*,#1075,.T.);
#1224 = ORIENTED_EDGE('',*,*,#554,.T.);
#1225 = ORIENTED_EDGE('',*,*,#1226,.F.);
#1226 = EDGE_CURVE('',#1227,#501,#1229,.T.);
#1227 = VERTEX_POINT('',#1228);
#1228 = CARTESIAN_POINT('',(6.899843043346,4.654006001482E-02,
    3.089528675879));
#1229 = SURFACE_CURVE('',#1230,(#1317,#1407),.PCURVE_S1.);
#1230 = B_SPLINE_CURVE_WITH_KNOTS('',8,(#1231,#1232,#1233,#1234,#1235,
    #1236,#1237,#1238,#1239,#1240,#1241,#1242,#1243,#1244,#1245,#1246,
    #1247,#1248,#1249,#1250,#1251,#1252,#1253,#1254,#1255,#1256,#1257,
    #1258,#1259,#1260,#1261,#1262,#1263,#1264,#1265,#1266,#1267,#1268,
    #1269,#1270,#1271,#1272,#1273,#1274,#1275,#1276,#1277,#1278,#1279,
    #1280,#1281,#1282,#1283,#1284,#1285,#1286,#1287,#1288,#1289,#1290,
    #1291,#1292,#1293,#1294,#1295,#1296,#1297,#1298,#1299,#1300,#1301,
    #1302,#1303,#1304,#1305,#1306,#1307,#1308,#1309,#1310,#1311,#1312,
    #1313,#1314,#1315,#1316),.UNSPECIFIED.,.F.,.F.,(9,7,7,7,7,7,7,7,7,7,
    7,7,9),(0.,4.472324392443E-02,0.133259698314,0.217496148776,
    0.271003840318,0.373976056335,0.501163276449,0.626915898138,
    0.733704809977,0.783734018076,0.869573974769,0.95566700746,1.),
  .UNSPECIFIED.);
#1231 = CARTESIAN_POINT('',(6.899843043346,4.654006000856E-02,
    3.089528675955));
#1232 = CARTESIAN_POINT('',(6.898210221645,0.288615670899,3.109630453223
    ));
#1233 = CARTESIAN_POINT('',(6.886870894587,0.530628064821,3.129733533089
    ));
#1234 = CARTESIAN_POINT('',(6.865828360426,0.772119812029,3.149836917804
    ));
#1235 = CARTESIAN_POINT('',(6.835111204336,1.012636819708,3.169940143106
    ));
#1236 = CARTESIAN_POINT('',(6.794773275539,1.251728525084,3.190043084543
    ));
#1237 = CARTESIAN_POINT('',(6.744893664422,1.488948088544,3.210145763796
    ));
#1238 = CARTESIAN_POINT('',(6.685576679666,1.723852586742,3.230248155001
    ));
#1239 = CARTESIAN_POINT('',(6.48109850281,2.415580617475,3.290144628853)
  );
#1240 = CARTESIAN_POINT('',(6.308744123665,2.864446033017,3.329943942017
    ));
#1241 = CARTESIAN_POINT('',(6.100900295556,3.299108141466,3.369739477309
    ));
#1242 = CARTESIAN_POINT('',(5.858966462272,3.71630492031,3.409531437433)
  );
#1243 = CARTESIAN_POINT('',(5.584670200336,4.112974427208,3.449323944607
    ));
#1244 = CARTESIAN_POINT('',(5.280044949557,4.486248901954,3.489120658648
    ));
#1245 = CARTESIAN_POINT('',(4.947445177562,4.833472178589,3.528920749604
    ));
#1246 = CARTESIAN_POINT('',(4.24913251346,5.455526825912,3.606576977671)
  );
#1247 = CARTESIAN_POINT('',(3.885717723822,5.733139479793,3.644443984628
    ));
#1248 = CARTESIAN_POINT('',(3.501675729245,5.982991165117,3.682309202689
    ));
#1249 = CARTESIAN_POINT('',(3.09949975313,6.203316368463,3.720171857838)
  );
#1250 = CARTESIAN_POINT('',(2.681828542252,6.392629495476,3.758034395708
    ));
#1251 = CARTESIAN_POINT('',(2.251434482695,6.549712457525,3.795899365143
    ));
#1252 = CARTESIAN_POINT('',(1.811226411889,6.673631616724,3.833766234745
    ));
#1253 = CARTESIAN_POINT('',(1.080354884168,6.821049687141,3.895678339982
    ));
#1254 = CARTESIAN_POINT('',(0.793689497466,6.864696702583,3.91972896599)
  );
#1255 = CARTESIAN_POINT('',(0.505041789051,6.894568629367,3.943779304808
    ));
#1256 = CARTESIAN_POINT('',(0.215185084283,6.910564105026,3.967829320507
    ));
#1257 = CARTESIAN_POINT('',(-7.510529430455E-02,6.912633588789,
    3.991879317434));
#1258 = CARTESIAN_POINT('',(-0.365052440691,6.900778267515,
    4.015929599538));
#1259 = CARTESIAN_POINT('',(-0.65387818696,6.87505118966,4.039980128427)
  );
#1260 = CARTESIAN_POINT('',(-1.492972885313,6.759563502289,
    4.110313005139));
#1261 = CARTESIAN_POINT('',(-2.038282415949,6.632568775464,
    4.156609047305));
#1262 = CARTESIAN_POINT('',(-2.570999346309,6.455317141795,
    4.202898620181));
#1263 = CARTESIAN_POINT('',(-3.085735058144,6.229337666904,
    4.249182455939));
#1264 = CARTESIAN_POINT('',(-3.577402865435,5.956789871405,4.2954664108)
  );
#1265 = CARTESIAN_POINT('',(-4.041202653303,5.640411745951,
    4.341756275963));
#1266 = CARTESIAN_POINT('',(-4.47265290229,5.28356344914,4.388052621472)
  );
#1267 = CARTESIAN_POINT('',(-5.355626068457,4.404682650855,
    4.491502510539));
#1268 = CARTESIAN_POINT('',(-5.788500161564,3.863052122172,
    4.548706379418));
#1269 = CARTESIAN_POINT('',(-6.158286857096,3.273201405254,
    4.605889087211));
#1270 = CARTESIAN_POINT('',(-6.458966025992,2.643846720895,
    4.663056263299));
#1271 = CARTESIAN_POINT('',(-6.685874357761,1.984295317805,
    4.720223322277));
#1272 = CARTESIAN_POINT('',(-6.835810853651,1.304453292327,
    4.777405728461));
#1273 = CARTESIAN_POINT('',(-6.90695555326,0.61475531061,4.834609417503)
  );
#1274 = CARTESIAN_POINT('',(-6.892341129133,-0.754295164803,
    4.948298213304));
#1275 = CARTESIAN_POINT('',(-6.808333484915,-1.434545110696,
    5.004856181293));
#1276 = CARTESIAN_POINT('',(-6.647531505271,-2.103643305382,
    5.061395381123));
#1277 = CARTESIAN_POINT('',(-6.411881633839,-2.751540548628,
    5.117920716244));
#1278 = CARTESIAN_POINT('',(-6.104647666536,-3.36871881274,
    5.174446049625));
#1279 = CARTESIAN_POINT('',(-5.730479751147,-3.946254853376,
    5.230985215036));
#1280 = CARTESIAN_POINT('',(-5.295319708826,-4.475814599725,
    5.287543213141));
#1281 = CARTESIAN_POINT('',(-4.392324440146,-5.352719748648,
    5.392063646825));
#1282 = CARTESIAN_POINT('',(-3.938956158524,-5.715846054039,
    5.440077317914));
#1283 = CARTESIAN_POINT('',(-3.45149591696,-6.034853898087,
    5.488082531733));
#1284 = CARTESIAN_POINT('',(-2.935013877606,-6.306084582558,
    5.536080465497));
#1285 = CARTESIAN_POINT('',(-2.394930671936,-6.526606529609,
    5.584078433329));
#1286 = CARTESIAN_POINT('',(-1.836979609301,-6.694159977981,
    5.632083716019));
#1287 = CARTESIAN_POINT('',(-1.267224663677,-6.80722148923,
    5.680097404501));
#1288 = CARTESIAN_POINT('',(-0.422670919878,-6.892364075716,
    5.750582244453));
#1289 = CARTESIAN_POINT('',(-0.152012822003,-6.907442254147,
    5.773069226518));
#1290 = CARTESIAN_POINT('',(0.119229255278,-6.910370764427,
    5.795556098285));
#1291 = CARTESIAN_POINT('',(0.390418459752,-6.901126409739,
    5.818042807716));
#1292 = CARTESIAN_POINT('',(0.660919923963,-6.879725615082,
    5.840529538979));
#1293 = CARTESIAN_POINT('',(0.930100981189,-6.846223667917,
    5.863016473496));
#1294 = CARTESIAN_POINT('',(1.19733146535,-6.800715446869,5.885503551925
    ));
#1295 = CARTESIAN_POINT('',(1.916074237733,-6.644888976678,
    5.946572820175));
#1296 = CARTESIAN_POINT('',(2.362650606746,-6.51148025496,5.985160549394
    ));
#1297 = CARTESIAN_POINT('',(2.798478047725,-6.343796151549,
    6.023745782011));
#1298 = CARTESIAN_POINT('',(3.220494691249,-6.142876474333,
    6.062327875455));
#1299 = CARTESIAN_POINT('',(3.625791487798,-5.910064749916,
    6.100909784557));
#1300 = CARTESIAN_POINT('',(4.011608736945,-5.646989339662,
    6.139494583461));
#1301 = CARTESIAN_POINT('',(4.375349610567,-5.355577082717,
    6.178081912153));
#1302 = CARTESIAN_POINT('',(5.054871949491,-4.719685852053,
    6.255360533044));
#1303 = CARTESIAN_POINT('',(5.370603656365,-4.374964250645,
    6.294062404912));
#1304 = CARTESIAN_POINT('',(5.659358071218,-4.006202463316,
    6.332762378408));
#1305 = CARTESIAN_POINT('',(5.919022760818,-3.615886701275,
    6.371460045025));
#1306 = CARTESIAN_POINT('',(6.147775833835,-3.206687376767,
    6.410158229916));
#1307 = CARTESIAN_POINT('',(6.344073019698,-2.781444405452,
    6.448859354148));
#1308 = CARTESIAN_POINT('',(6.506666570675,-2.34317201983,6.487562101888
    ));
#1309 = CARTESIAN_POINT('',(6.700563223427,-1.664342900225,
    6.546184771101));
#1310 = CARTESIAN_POINT('',(6.757299894938,-1.43098078364,6.566111042845
    ));
#1311 = CARTESIAN_POINT('',(6.804743780076,-1.195425284368,
    6.586036898222));
#1312 = CARTESIAN_POINT('',(6.842797010997,-0.958108702191,
    6.605962294073));
#1313 = CARTESIAN_POINT('',(6.871386101886,-0.719466933434,
    6.625887388555));
#1314 = CARTESIAN_POINT('',(6.890461977211,-0.479939308151,
    6.645812476108));
#1315 = CARTESIAN_POINT('',(6.899999999981,-0.239968427314,
    6.665737922416));
#1316 = CARTESIAN_POINT('',(6.9,-8.881784197001E-16,6.685664099369));
#1317 = PCURVE('',#570,#1318);
#1318 = DEFINITIONAL_REPRESENTATION('',(#1319),#1406);
#1319 = B_SPLINE_CURVE_WITH_KNOTS('',8,(#1320,#1321,#1322,#1323,#1324,
    #1325,#1326,#1327,#1328,#1329,#1330,#1331,#1332,#1333,#1334,#1335,
    #1336,#1337,#1338,#1339,#1340,#1341,#1342,#1343,#1344,#1345,#1346,
    #1347,#1348,#1349,#1350,#1351,#1352,#1353,#1354,#1355,#1356,#1357,
    #1358,#1359,#1360,#1361,#1362,#1363,#1364,#1365,#1366,#1367,#1368,
    #1369,#1370,#1371,#1372,#1373,#1374,#1375,#1376,#1377,#1378,#1379,
    #1380,#1381,#1382,#1383,#1384,#1385,#1386,#1387,#1388,#1389,#1390,
    #1391,#1392,#1393,#1394,#1395,#1396,#1397,#1398,#1399,#1400,#1401,
    #1402,#1403,#1404,#1405),.UNSPECIFIED.,.F.,.F.,(9,7,7,7,7,7,7,7,7,7,
    7,7,9),(0.,4.472324392443E-02,0.133259698314,0.217496148776,
    0.271003840318,0.373976056335,0.501163276449,0.626915898138,
    0.733704809977,0.783734018076,0.869573974769,0.95566700746,1.),
  .UNSPECIFIED.);
#1320 = CARTESIAN_POINT('',(6.744987376712E-03,3.089528675955));
#1321 = CARTESIAN_POINT('',(4.182920731763E-02,3.109630453223));
#1322 = CARTESIAN_POINT('',(7.691375571953E-02,3.129733533089));
#1323 = CARTESIAN_POINT('',(0.11199813949,3.149836917804));
#1324 = CARTESIAN_POINT('',(0.147082328426,3.169940143106));
#1325 = CARTESIAN_POINT('',(0.182166522602,3.190043084543));
#1326 = CARTESIAN_POINT('',(0.21725091975,3.210145763796));
#1327 = CARTESIAN_POINT('',(0.252335482643,3.230248155001));
#1328 = CARTESIAN_POINT('',(0.356874256536,3.290144628853));
#1329 = CARTESIAN_POINT('',(0.426339435204,3.329943942017));
#1330 = CARTESIAN_POINT('',(0.495799902162,3.369739477309));
#1331 = CARTESIAN_POINT('',(0.565254456622,3.409531437433));
#1332 = CARTESIAN_POINT('',(0.634709010352,3.449323944607));
#1333 = CARTESIAN_POINT('',(0.704169500745,3.489120658648));
#1334 = CARTESIAN_POINT('',(0.773634743941,3.528920749604));
#1335 = CARTESIAN_POINT('',(0.909170473808,3.606576977671));
#1336 = CARTESIAN_POINT('',(0.975260044786,3.644443984628));
#1337 = CARTESIAN_POINT('',(1.041345899717,3.682309202689));
#1338 = CARTESIAN_POINT('',(1.107427114885,3.720171857838));
#1339 = CARTESIAN_POINT('',(1.173508328391,3.758034395708));
#1340 = CARTESIAN_POINT('',(1.239594180971,3.795899365143));
#1341 = CARTESIAN_POINT('',(1.305683753345,3.833766234745));
#1342 = CARTESIAN_POINT('',(1.413740355695,3.895678339982));
#1343 = CARTESIAN_POINT('',(1.45571659354,3.91972896599));
#1344 = CARTESIAN_POINT('',(1.497692445943,3.943779304808));
#1345 = CARTESIAN_POINT('',(1.539667815057,3.967829320507));
#1346 = CARTESIAN_POINT('',(1.581643189603,3.991879317434));
#1347 = CARTESIAN_POINT('',(1.623619058008,4.015929599538));
#1348 = CARTESIAN_POINT('',(1.665595317896,4.039980128427));
#1349 = CARTESIAN_POINT('',(1.788349652779,4.110313005139));
#1350 = CARTESIAN_POINT('',(1.869151458052,4.156609047305));
#1351 = CARTESIAN_POINT('',(1.949941567487,4.202898620181));
#1352 = CARTESIAN_POINT('',(2.030721228794,4.249182455939));
#1353 = CARTESIAN_POINT('',(2.111500884897,4.2954664108));
#1354 = CARTESIAN_POINT('',(2.192290980931,4.341756275963));
#1355 = CARTESIAN_POINT('',(2.273092770685,4.388052621472));
#1356 = CARTESIAN_POINT('',(2.453646719447,4.491502510539));
#1357 = CARTESIAN_POINT('',(2.553486976269,4.548706379418));
#1358 = CARTESIAN_POINT('',(2.653291285781,4.605889087211));
#1359 = CARTESIAN_POINT('',(2.753069378347,4.663056263299));
#1360 = CARTESIAN_POINT('',(2.852847505399,4.720223322277));
#1361 = CARTESIAN_POINT('',(2.952651807488,4.777405728461));
#1362 = CARTESIAN_POINT('',(3.052492199429,4.834609417503));
#1363 = CARTESIAN_POINT('',(3.250916616337,4.948298213304));
#1364 = CARTESIAN_POINT('',(3.349627832921,5.004856181293));
#1365 = CARTESIAN_POINT('',(3.448305171277,5.061395381123));
#1366 = CARTESIAN_POINT('',(3.546957526779,5.117920716244));
#1367 = CARTESIAN_POINT('',(3.645609894533,5.174446049625));
#1368 = CARTESIAN_POINT('',(3.744287209543,5.230985215036));
#1369 = CARTESIAN_POINT('',(3.842998481705,5.287543213141));
#1370 = CARTESIAN_POINT('',(4.025420924992,5.392063646825));
#1371 = CARTESIAN_POINT('',(4.109221243473,5.440077317914));
#1372 = CARTESIAN_POINT('',(4.193007450934,5.488082531733));
#1373 = CARTESIAN_POINT('',(4.27678134107,5.536080465497));
#1374 = CARTESIAN_POINT('',(4.360555233093,5.584078433329));
#1375 = CARTESIAN_POINT('',(4.444341447103,5.632083716019));
#1376 = CARTESIAN_POINT('',(4.528141776808,5.680097404501));
#1377 = CARTESIAN_POINT('',(4.651161293278,5.750582244453));
#1378 = CARTESIAN_POINT('',(4.690408465043,5.773069226518));
#1379 = CARTESIAN_POINT('',(4.72965535451,5.795556098285));
#1380 = CARTESIAN_POINT('',(4.768901891515,5.818042807716));
#1381 = CARTESIAN_POINT('',(4.808148426786,5.840529538979));
#1382 = CARTESIAN_POINT('',(4.847395311319,5.863016473496));
#1383 = CARTESIAN_POINT('',(4.886642475743,5.885503551925));
#1384 = CARTESIAN_POINT('',(4.993228088227,5.946572820175));
#1385 = CARTESIAN_POINT('',(5.060576315482,5.985160549394));
#1386 = CARTESIAN_POINT('',(5.127920479732,6.023745782011));
#1387 = CARTESIAN_POINT('',(5.195259563055,6.062327875455));
#1388 = CARTESIAN_POINT('',(5.262598650425,6.100909784557));
#1389 = CARTESIAN_POINT('',(5.329942830261,6.139494583461));
#1390 = CARTESIAN_POINT('',(5.397291086416,6.178081912153));
#1391 = CARTESIAN_POINT('',(5.532167807987,6.255360533044));
#1392 = CARTESIAN_POINT('',(5.59971471334,6.294062404912));
#1393 = CARTESIAN_POINT('',(5.66725748229,6.332762378408));
#1394 = CARTESIAN_POINT('',(5.734795077564,6.371460045025));
#1395 = CARTESIAN_POINT('',(5.802332659461,6.410158229916));
#1396 = CARTESIAN_POINT('',(5.869875398481,6.448859354148));
#1397 = CARTESIAN_POINT('',(5.937422281125,6.487562101888));
#1398 = CARTESIAN_POINT('',(6.039737928073,6.546184771101));
#1399 = CARTESIAN_POINT('',(6.074516297142,6.566111042845));
#1400 = CARTESIAN_POINT('',(6.1092945271,6.586036898222));
#1401 = CARTESIAN_POINT('',(6.144072578835,6.605962294073));
#1402 = CARTESIAN_POINT('',(6.178850637029,6.625887388555));
#1403 = CARTESIAN_POINT('',(6.213628884117,6.645812476108));
#1404 = CARTESIAN_POINT('',(6.248407274236,6.665737922416));
#1405 = CARTESIAN_POINT('',(6.28318530718,6.685664099369));
#1406 = ( GEOMETRIC_REPRESENTATION_CONTEXT(2) 
PARAMETRIC_REPRESENTATION_CONTEXT() REPRESENTATION_CONTEXT('2D SPACE',''
  ) );
#1407 = PCURVE('',#520,#1408);
#1408 = DEFINITIONAL_REPRESENTATION('',(#1409),#1496);
#1409 = B_SPLINE_CURVE_WITH_KNOTS('',8,(#1410,#1411,#1412,#1413,#1414,
    #1415,#1416,#1417,#1418,#1419,#1420,#1421,#1422,#1423,#1424,#1425,
    #1426,#1427,#1428,#1429,#1430,#1431,#1432,#1433,#1434,#1435,#1436,
    #1437,#1438,#1439,#1440,#1441,#1442,#1443,#1444,#1445,#1446,#1447,
    #1448,#1449,#1450,#1451,#1452,#1453,#1454,#1455,#1456,#1457,#1458,
    #1459,#1460,#1461,#1462,#1463,#1464,#1465,#1466,#1467,#1468,#1469,
    #1470,#1471,#1472,#1473,#1474,#1475,#1476,#1477,#1478,#1479,#1480,
    #1481,#1482,#1483,#1484,#1485,#1486,#1487,#1488,#1489,#1490,#1491,
    #1492,#1493,#1494,#1495),.UNSPECIFIED.,.F.,.F.,(9,7,7,7,7,7,7,7,7,7,
    7,7,9),(0.,4.472324392443E-02,0.133259698314,0.217496148776,
    0.271003840318,0.373976056335,0.501163276449,0.626915898138,
    0.733704809977,0.783734018076,0.869573974769,0.95566700746,1.),
  .UNSPECIFIED.);
#1410 = CARTESIAN_POINT('',(-0.958097704739,0.));
#1411 = CARTESIAN_POINT('',(-0.958097704809,4.043493464231E-02));
#1412 = CARTESIAN_POINT('',(-0.958095362047,8.087032088505E-02));
#1413 = CARTESIAN_POINT('',(-0.958092219405,0.121305579945));
#1414 = CARTESIAN_POINT('',(-0.958089221579,0.161740652388));
#1415 = CARTESIAN_POINT('',(-0.958086854575,0.202175737741));
#1416 = CARTESIAN_POINT('',(-0.958085285282,0.24261103409));
#1417 = CARTESIAN_POINT('',(-0.958084501042,0.283046477693));
#1418 = CARTESIAN_POINT('',(-0.958084346633,0.403528716459));
#1419 = CARTESIAN_POINT('',(-0.958087110936,0.483588008587));
#1420 = CARTESIAN_POINT('',(-0.958091920629,0.563641594753));
#1421 = CARTESIAN_POINT('',(-0.958096938103,0.64368818176));
#1422 = CARTESIAN_POINT('',(-0.958100730936,0.723734735601));
#1423 = CARTESIAN_POINT('',(-0.958102885382,0.803788235068));
#1424 = CARTESIAN_POINT('',(-0.958103812073,0.883847390789));
#1425 = CARTESIAN_POINT('',(-0.95810367909,1.040053580175));
#1426 = CARTESIAN_POINT('',(-0.958102741867,1.116222591989));
#1427 = CARTESIAN_POINT('',(-0.958101259135,1.192387500483));
#1428 = CARTESIAN_POINT('',(-0.958099716448,1.268547198157));
#1429 = CARTESIAN_POINT('',(-0.95809849673,1.344706958871));
#1430 = CARTESIAN_POINT('',(-0.958097756493,1.420872054524));
#1431 = CARTESIAN_POINT('',(-0.958097439558,1.497041364203));
#1432 = CARTESIAN_POINT('',(-0.958097421138,1.621578192392));
#1433 = CARTESIAN_POINT('',(-0.958097536422,1.669956384093));
#1434 = CARTESIAN_POINT('',(-0.958097741962,1.718334081652));
#1435 = CARTESIAN_POINT('',(-0.958097989683,1.766711168297));
#1436 = CARTESIAN_POINT('',(-0.958098227325,1.815088207852));
#1437 = CARTESIAN_POINT('',(-0.95809840765,1.86346576799));
#1438 = CARTESIAN_POINT('',(-0.958098495168,1.911843738634));
#1439 = CARTESIAN_POINT('',(-0.958098422644,2.05331898637));
#1440 = CARTESIAN_POINT('',(-0.958097958559,2.146443528345));
#1441 = CARTESIAN_POINT('',(-0.958096937016,2.239554541278));
#1442 = CARTESIAN_POINT('',(-0.958095420515,2.332653555794));
#1443 = CARTESIAN_POINT('',(-0.958093763721,2.425752680025));
#1444 = CARTESIAN_POINT('',(-0.958092416085,2.518863979058));
#1445 = CARTESIAN_POINT('',(-0.95809167957,2.611988879041));
#1446 = CARTESIAN_POINT('',(-0.958091641492,2.820079374324));
#1447 = CARTESIAN_POINT('',(-0.958092718365,2.935146549821));
#1448 = CARTESIAN_POINT('',(-0.958095096128,3.050172363709));
#1449 = CARTESIAN_POINT('',(-0.958098535173,3.165167917764));
#1450 = CARTESIAN_POINT('',(-0.958102118556,3.280163369851));
#1451 = CARTESIAN_POINT('',(-0.958104807992,3.395188865544));
#1452 = CARTESIAN_POINT('',(-0.958106123209,3.510255899913));
#1453 = CARTESIAN_POINT('',(-0.958106029894,3.738942011722));
#1454 = CARTESIAN_POINT('',(-0.958104651888,3.852707678544));
#1455 = CARTESIAN_POINT('',(-0.958101954444,3.966434371708));
#1456 = CARTESIAN_POINT('',(-0.958098420906,4.080132401961));
#1457 = CARTESIAN_POINT('',(-0.958095051066,4.193830580227));
#1458 = CARTESIAN_POINT('',(-0.958092717764,4.30755754122));
#1459 = CARTESIAN_POINT('',(-0.958091652574,4.421323558169));
#1460 = CARTESIAN_POINT('',(-0.958091670676,4.631567517115));
#1461 = CARTESIAN_POINT('',(-0.958092454,4.728148242212));
#1462 = CARTESIAN_POINT('',(-0.958093893672,4.824712562957));
#1463 = CARTESIAN_POINT('',(-0.958095645961,4.921262529163));
#1464 = CARTESIAN_POINT('',(-0.958097197587,5.017812378157));
#1465 = CARTESIAN_POINT('',(-0.958098164146,5.114376399512));
#1466 = CARTESIAN_POINT('',(-0.958098522687,5.210956766406));
#1467 = CARTESIAN_POINT('',(-0.958098444864,5.35273768488));
#1468 = CARTESIAN_POINT('',(-0.958098329804,5.397970377272));
#1469 = CARTESIAN_POINT('',(-0.958098144589,5.443202782861));
#1470 = CARTESIAN_POINT('',(-0.958097920787,5.488434826192));
#1471 = CARTESIAN_POINT('',(-0.95809769785,5.53366691424));
#1472 = CARTESIAN_POINT('',(-0.958097517975,5.578899450996));
#1473 = CARTESIAN_POINT('',(-0.958097419453,5.624132352533));
#1474 = CARTESIAN_POINT('',(-0.95809744398,5.74697384509));
#1475 = CARTESIAN_POINT('',(-0.95809777843,5.824593774341));
#1476 = CARTESIAN_POINT('',(-0.958098555186,5.902209091066));
#1477 = CARTESIAN_POINT('',(-0.958099831079,5.979818555322));
#1478 = CARTESIAN_POINT('',(-0.958101429884,6.057427947671));
#1479 = CARTESIAN_POINT('',(-0.958102930628,6.135043062117));
#1480 = CARTESIAN_POINT('',(-0.958103810727,6.212662690773));
#1481 = CARTESIAN_POINT('',(-0.958103677004,6.368109318702));
#1482 = CARTESIAN_POINT('',(-0.958102631723,6.445957569968));
#1483 = CARTESIAN_POINT('',(-0.958100400299,6.523800904714));
#1484 = CARTESIAN_POINT('',(-0.958096661553,6.601638203932));
#1485 = CARTESIAN_POINT('',(-0.95809183172,6.679475535724));
#1486 = CARTESIAN_POINT('',(-0.958087221015,6.757318982863));
#1487 = CARTESIAN_POINT('',(-0.958084495963,6.835167441116));
#1488 = CARTESIAN_POINT('',(-0.958084422589,6.953087483578));
#1489 = CARTESIAN_POINT('',(-0.958085105607,6.993170022256));
#1490 = CARTESIAN_POINT('',(-0.958086563859,7.033252436745));
#1491 = CARTESIAN_POINT('',(-0.958088819964,7.073334662287));
#1492 = CARTESIAN_POINT('',(-0.95809172598,7.113416884978));
#1493 = CARTESIAN_POINT('',(-0.958094837489,7.153499289733));
#1494 = CARTESIAN_POINT('',(-0.958097287687,7.193581808242));
#1495 = CARTESIAN_POINT('',(-0.958097661475,7.233663866941));
#1496 = ( GEOMETRIC_REPRESENTATION_CONTEXT(2) 
PARAMETRIC_REPRESENTATION_CONTEXT() REPRESENTATION_CONTEXT('2D SPACE',''
  ) );
#1497 = ORIENTED_EDGE('',*,*,#1498,.F.);
#1498 = EDGE_CURVE('',#1499,#1227,#1501,.T.);
#1499 = VERTEX_POINT('',#1500);
#1500 = CARTESIAN_POINT('',(6.9,-1.690012582823E-15,3.085664099369));
#1501 = SURFACE_CURVE('',#1502,(#1508,#1517),.PCURVE_S1.);
#1502 = B_SPLINE_CURVE_WITH_KNOTS('',3,(#1503,#1504,#1505,#1506,#1507),
  .UNSPECIFIED.,.F.,.F.,(4,1,4),(0.,0.816326842858,1.),.UNSPECIFIED.);
#1503 = CARTESIAN_POINT('',(6.9,-8.933825901281E-16,3.085664099369));
#1504 = CARTESIAN_POINT('',(6.9,1.266404992899E-02,3.086715679789));
#1505 = CARTESIAN_POINT('',(6.899957290304,2.817755613667E-02,
    3.088003873754));
#1506 = CARTESIAN_POINT('',(6.899862262403,4.369071958462E-02,
    3.089292068786));
#1507 = CARTESIAN_POINT('',(6.899843043346,4.654006001469E-02,
    3.089528675879));
#1508 = PCURVE('',#570,#1509);
#1509 = DEFINITIONAL_REPRESENTATION('',(#1510),#1516);
#1510 = B_SPLINE_CURVE_WITH_KNOTS('',3,(#1511,#1512,#1513,#1514,#1515),
  .UNSPECIFIED.,.F.,.F.,(4,1,4),(0.,0.816326842858,1.),.UNSPECIFIED.);
#1511 = CARTESIAN_POINT('',(0.,3.085664099369));
#1512 = CARTESIAN_POINT('',(1.835369554926E-03,3.086715679789));
#1513 = CARTESIAN_POINT('',(4.083703788002E-03,3.088003873754));
#1514 = CARTESIAN_POINT('',(6.332030095503E-03,3.089292068786));
#1515 = CARTESIAN_POINT('',(6.7449873776E-03,3.089528675879));
#1516 = ( GEOMETRIC_REPRESENTATION_CONTEXT(2) 
PARAMETRIC_REPRESENTATION_CONTEXT() REPRESENTATION_CONTEXT('2D SPACE',''
  ) );
#1517 = PCURVE('',#1518,#1543);
#1518 = B_SPLINE_SURFACE_WITH_KNOTS('',1,11,(
    (#1519,#1520,#1521,#1522,#1523,#1524,#1525,#1526,#1527,#1528,#1529
      ,#1530)
    ,(#1531,#1532,#1533,#1534,#1535,#1536,#1537,#1538,#1539,#1540,#1541
      ,#1542
    )),.UNSPECIFIED.,.F.,.F.,.F.,(2,2),(12,12),(-0.958274654836,-0.),(0.
    ,7.241437537144),.PIECEWISE_BEZIER_KNOTS.);
#1519 = CARTESIAN_POINT('',(6.9,4.654682142698E-02,-0.510552750265));
#1520 = CARTESIAN_POINT('',(6.873412516753,3.987817604983,
    -0.183280022995));
#1521 = CARTESIAN_POINT('',(4.370984805494,7.91229725586,0.143992704293)
  );
#1522 = CARTESIAN_POINT('',(-0.600763792516,10.092133295447,
    0.47126543153));
#1523 = CARTESIAN_POINT('',(-6.647846242692,8.801861759192,
    0.798538158849));
#1524 = CARTESIAN_POINT('',(-11.12793616598,3.573321548762,
    1.125810886098));
#1525 = CARTESIAN_POINT('',(-11.07871487391,-3.723125754483,
    1.453083613342));
#1526 = CARTESIAN_POINT('',(-6.528493430017,-8.890748242025,
    1.780356340688));
#1527 = CARTESIAN_POINT('',(-0.464553916626,-10.09931983923,
    2.107629067883));
#1528 = CARTESIAN_POINT('',(4.477333520236,-7.852607242415,
    2.434901795206));
#1529 = CARTESIAN_POINT('',(6.926587483106,-3.894723962127,
    2.762174522459));
#1530 = CARTESIAN_POINT('',(6.899999999855,4.654682142701E-02,
    3.089447249735));
#1531 = CARTESIAN_POINT('',(6.05,9.930306465026E-03,-6.958841504724E-02)
  );
#1532 = CARTESIAN_POINT('',(6.044327821995,3.465682215368,0.257684312942
    ));
#1533 = CARTESIAN_POINT('',(3.867809822529,6.917792716008,0.584957037494
    ));
#1534 = CARTESIAN_POINT('',(-0.481570977729,8.851283356049,
    0.912229771818));
#1535 = CARTESIAN_POINT('',(-5.789315071852,7.747061576243,
    1.239502485878));
#1536 = CARTESIAN_POINT('',(-9.74077498912,3.182824735587,1.566775231924
    ));
#1537 = CARTESIAN_POINT('',(-9.730274110709,-3.214783989211,
    1.894047938187));
#1538 = CARTESIAN_POINT('',(-5.763852323345,-7.766024632939,
    2.221320684272));
#1539 = CARTESIAN_POINT('',(-0.452511940665,-8.852816534482,
    2.54859339828));
#1540 = CARTESIAN_POINT('',(3.890498274639,-6.905058438823,
    2.875866132642));
#1541 = CARTESIAN_POINT('',(6.055672177966,-3.445821602458,
    3.203138857177));
#1542 = CARTESIAN_POINT('',(6.049999999969,9.930306446526E-03,
    3.530411585171));
#1543 = DEFINITIONAL_REPRESENTATION('',(#1544),#1550);
#1544 = B_SPLINE_CURVE_WITH_KNOTS('',3,(#1545,#1546,#1547,#1548,#1549),
  .UNSPECIFIED.,.F.,.F.,(4,1,4),(0.,0.816326842858,1.),.UNSPECIFIED.);
#1545 = CARTESIAN_POINT('',(-0.958097668049,7.233663867085));
#1546 = CARTESIAN_POINT('',(-0.958097687777,7.235779150324));
#1547 = CARTESIAN_POINT('',(-0.958097702567,7.238370379608));
#1548 = CARTESIAN_POINT('',(-0.958097704901,7.240961599508));
#1549 = CARTESIAN_POINT('',(-0.958097704902,7.241437537144));
#1550 = ( GEOMETRIC_REPRESENTATION_CONTEXT(2) 
PARAMETRIC_REPRESENTATION_CONTEXT() REPRESENTATION_CONTEXT('2D SPACE',''
  ) );
#1551 = ORIENTED_EDGE('',*,*,#1552,.F.);
#1552 = EDGE_CURVE('',#1553,#1499,#1555,.T.);
#1553 = VERTEX_POINT('',#1554);
#1554 = CARTESIAN_POINT('',(6.9,-1.690012582823E-15,2.414339788759));
#1555 = SURFACE_CURVE('',#1556,(#1560,#1567),.PCURVE_S1.);
#1556 = LINE('',#1557,#1558);
#1557 = CARTESIAN_POINT('',(6.9,-1.690012582823E-15,0.));
#1558 = VECTOR('',#1559,1.);
#1559 = DIRECTION('',(0.,0.,1.));
#1560 = PCURVE('',#570,#1561);
#1561 = DEFINITIONAL_REPRESENTATION('',(#1562),#1566);
#1562 = LINE('',#1563,#1564);
#1563 = CARTESIAN_POINT('',(0.,-0.));
#1564 = VECTOR('',#1565,1.);
#1565 = DIRECTION('',(0.,1.));
#1566 = ( GEOMETRIC_REPRESENTATION_CONTEXT(2) 
PARAMETRIC_REPRESENTATION_CONTEXT() REPRESENTATION_CONTEXT('2D SPACE',''
  ) );
#1567 = PCURVE('',#1568,#1573);
#1568 = CYLINDRICAL_SURFACE('',#1569,6.9);
#1569 = AXIS2_PLACEMENT_3D('',#1570,#1571,#1572);
#1570 = CARTESIAN_POINT('',(0.,0.,0.));
#1571 = DIRECTION('',(0.,0.,1.));
#1572 = DIRECTION('',(1.,0.,0.));
#1573 = DEFINITIONAL_REPRESENTATION('',(#1574),#1578);
#1574 = LINE('',#1575,#1576);
#1575 = CARTESIAN_POINT('',(6.28318530718,-0.));
#1576 = VECTOR('',#1577,1.);
#1577 = DIRECTION('',(0.,1.));
#1578 = ( GEOMETRIC_REPRESENTATION_CONTEXT(2) 
PARAMETRIC_REPRESENTATION_CONTEXT() REPRESENTATION_CONTEXT('2D SPACE',''
  ) );
#1579 = ORIENTED_EDGE('',*,*,#1580,.T.);
#1580 = EDGE_CURVE('',#1553,#1030,#1581,.T.);
#1581 = SURFACE_CURVE('',#1582,(#1627,#1675),.PCURVE_S1.);
#1582 = B_SPLINE_CURVE_WITH_KNOTS('',8,(#1583,#1584,#1585,#1586,#1587,
    #1588,#1589,#1590,#1591,#1592,#1593,#1594,#1595,#1596,#1597,#1598,
    #1599,#1600,#1601,#1602,#1603,#1604,#1605,#1606,#1607,#1608,#1609,
    #1610,#1611,#1612,#1613,#1614,#1615,#1616,#1617,#1618,#1619,#1620,
    #1621,#1622,#1623,#1624,#1625,#1626),.UNSPECIFIED.,.F.,.F.,(9,7,7,7,
    7,7,9),(0.,0.252783610943,0.464357648449,0.5655026736,0.734258287927
    ,0.910754890255,1.),.UNSPECIFIED.);
#1583 = CARTESIAN_POINT('',(6.9,-1.322922609043E-15,2.414339788759));
#1584 = CARTESIAN_POINT('',(6.9,0.683406123053,2.471087961303));
#1585 = CARTESIAN_POINT('',(6.822642726911,1.367247556505,2.527871617072
    ));
#1586 = CARTESIAN_POINT('',(6.667756705924,2.040630739141,2.584634865096
    ));
#1587 = CARTESIAN_POINT('',(6.437212783899,2.693365870996,2.641383254181
    ));
#1588 = CARTESIAN_POINT('',(6.134223211838,3.315789288281,2.698131798974
    ));
#1589 = CARTESIAN_POINT('',(5.76341479469,3.898829223414,2.75489539353)
  );
#1590 = CARTESIAN_POINT('',(5.330730668991,4.433999823076,2.811679374236
    ));
#1591 = CARTESIAN_POINT('',(4.436707517831,5.315336753154,2.915924708865
    ));
#1592 = CARTESIAN_POINT('',(3.991194193206,5.678431491159,2.963436901384
    ));
#1593 = CARTESIAN_POINT('',(3.511928358642,5.998624895952,3.010941654623
    ));
#1594 = CARTESIAN_POINT('',(3.003788762188,6.272327288922,3.058439734798
    ));
#1595 = CARTESIAN_POINT('',(2.471997971445,6.496642801016,3.10593766592)
  );
#1596 = CARTESIAN_POINT('',(1.922086154762,6.669317832142,3.153442053989
    ));
#1597 = CARTESIAN_POINT('',(1.359908535332,6.788801607978,3.200953867468
    ));
#1598 = CARTESIAN_POINT('',(0.520048952469,6.885805894687,3.271157007502
    ));
#1599 = CARTESIAN_POINT('',(0.246981413239,6.904878138167,3.293863677424
    ));
#1600 = CARTESIAN_POINT('',(-2.68550101609E-02,6.911571247863,
    3.316570164886));
#1601 = CARTESIAN_POINT('',(-0.300804969128,6.905852245944,
    3.339276445431));
#1602 = CARTESIAN_POINT('',(-0.574214633312,6.887729367652,3.36198274969
    ));
#1603 = CARTESIAN_POINT('',(-0.846431929634,6.857251261925,
    3.384689307655));
#1604 = CARTESIAN_POINT('',(-1.116806850065,6.814507769505,
    3.407396092421));
#1605 = CARTESIAN_POINT('',(-1.831645041922,6.668075158686,
    3.467987219149));
#1606 = CARTESIAN_POINT('',(-2.271736983164,6.54273132285,3.505876856006
    ));
#1607 = CARTESIAN_POINT('',(-2.701901058237,6.384213983024,3.54376459019
    ));
#1608 = CARTESIAN_POINT('',(-3.119226025333,6.193467495786,
    3.581649882238));
#1609 = CARTESIAN_POINT('',(-3.520938344038,5.971720912399,
    3.619535283608));
#1610 = CARTESIAN_POINT('',(-3.904399320936,5.720470962657,
    3.657423247021));
#1611 = CARTESIAN_POINT('',(-4.26711705124,5.441494472504,3.695313000562
    ));
#1612 = CARTESIAN_POINT('',(-4.962009625311,4.818313457798,
    3.772819769546));
#1613 = CARTESIAN_POINT('',(-5.292122370073,4.471612210215,
    3.812447475683));
#1614 = CARTESIAN_POINT('',(-5.59442815277,4.099167171647,3.852071884043
    ));
#1615 = CARTESIAN_POINT('',(-5.866610367494,3.703606437464,
    3.891692188375));
#1616 = CARTESIAN_POINT('',(-6.106668250663,3.287765417201,
    3.931311970185));
#1617 = CARTESIAN_POINT('',(-6.312902346431,2.854669754869,3.97093527929
    ));
#1618 = CARTESIAN_POINT('',(-6.483936227279,2.407541251782,
    4.010562320819));
#1619 = CARTESIAN_POINT('',(-6.686955123623,1.718384505344,
    4.070219740129));
#1620 = CARTESIAN_POINT('',(-6.74588720108,1.484215145856,4.090255293252
    ));
#1621 = CARTESIAN_POINT('',(-6.795442852565,1.247753343268,4.11029113742
    ));
#1622 = CARTESIAN_POINT('',(-6.835519119542,1.00943774055,4.13032724139)
  );
#1623 = CARTESIAN_POINT('',(-6.866037946753,0.769710804735,
    4.150363622496));
#1624 = CARTESIAN_POINT('',(-6.886946194454,0.52901863787,4.170400155854
    ));
#1625 = CARTESIAN_POINT('',(-6.898215650653,0.287810787978,
    4.190436383576));
#1626 = CARTESIAN_POINT('',(-6.899843043346,4.654006000233E-02,
    4.21047132397));
#1627 = PCURVE('',#570,#1628);
#1628 = DEFINITIONAL_REPRESENTATION('',(#1629),#1674);
#1629 = B_SPLINE_CURVE_WITH_KNOTS('',8,(#1630,#1631,#1632,#1633,#1634,
    #1635,#1636,#1637,#1638,#1639,#1640,#1641,#1642,#1643,#1644,#1645,
    #1646,#1647,#1648,#1649,#1650,#1651,#1652,#1653,#1654,#1655,#1656,
    #1657,#1658,#1659,#1660,#1661,#1662,#1663,#1664,#1665,#1666,#1667,
    #1668,#1669,#1670,#1671,#1672,#1673),.UNSPECIFIED.,.F.,.F.,(9,7,7,7,
    7,7,9),(0.,0.252783610943,0.464357648449,0.5655026736,0.734258287927
    ,0.910754890255,1.),.UNSPECIFIED.);
#1630 = CARTESIAN_POINT('',(0.,2.414339788759));
#1631 = CARTESIAN_POINT('',(9.904436565984E-02,2.471087961303));
#1632 = CARTESIAN_POINT('',(0.198151742565,2.527871617072));
#1633 = CARTESIAN_POINT('',(0.297224510657,2.584634865096));
#1634 = CARTESIAN_POINT('',(0.39627189798,2.641383254181));
#1635 = CARTESIAN_POINT('',(0.495319279658,2.698131798974));
#1636 = CARTESIAN_POINT('',(0.594392033617,2.75489539353));
#1637 = CARTESIAN_POINT('',(0.69349939679,2.811679374236));
#1638 = CARTESIAN_POINT('',(0.875441600044,2.915924708865));
#1639 = CARTESIAN_POINT('',(0.958365393582,2.963436901384));
#1640 = CARTESIAN_POINT('',(1.041275813617,3.010941654623));
#1641 = CARTESIAN_POINT('',(1.124174485515,3.058439734798));
#1642 = CARTESIAN_POINT('',(1.207073162724,3.10593766592));
#1643 = CARTESIAN_POINT('',(1.289983596739,3.153442053989));
#1644 = CARTESIAN_POINT('',(1.372907407449,3.200953867468));
#1645 = CARTESIAN_POINT('',(1.49543538569,3.271157007502));
#1646 = CARTESIAN_POINT('',(1.535066172488,3.293863677424));
#1647 = CARTESIAN_POINT('',(1.574696665208,3.316570164886));
#1648 = CARTESIAN_POINT('',(1.614326789918,3.339276445431));
#1649 = CARTESIAN_POINT('',(1.653956913622,3.36198274969));
#1650 = CARTESIAN_POINT('',(1.693587402885,3.384689307655));
#1651 = CARTESIAN_POINT('',(1.733218182395,3.407396092421));
#1652 = CARTESIAN_POINT('',(1.838969229553,3.467987219149));
#1653 = CARTESIAN_POINT('',(1.90509852188,3.505876856006));
#1654 = CARTESIAN_POINT('',(1.971224089553,3.54376459019));
#1655 = CARTESIAN_POINT('',(2.037345003842,3.581649882238));
#1656 = CARTESIAN_POINT('',(2.103465915659,3.619535283608));
#1657 = CARTESIAN_POINT('',(2.16959148018,3.657423247021));
#1658 = CARTESIAN_POINT('',(2.235720778628,3.695313000562));
#1659 = CARTESIAN_POINT('',(2.370995729996,3.772819769546));
#1660 = CARTESIAN_POINT('',(2.440160145793,3.812447475683));
#1661 = CARTESIAN_POINT('',(2.509319941432,3.852071884043));
#1662 = CARTESIAN_POINT('',(2.57847395734,3.891692188375));
#1663 = CARTESIAN_POINT('',(2.647627985593,3.931311970185));
#1664 = CARTESIAN_POINT('',(2.716787819126,3.97093527929));
#1665 = CARTESIAN_POINT('',(2.785952282082,4.010562320819));
#1666 = CARTESIAN_POINT('',(2.890073785177,4.070219740129));
#1667 = CARTESIAN_POINT('',(2.925041682563,4.090255293252));
#1668 = CARTESIAN_POINT('',(2.960009424099,4.11029113742));
#1669 = CARTESIAN_POINT('',(2.99497696518,4.13032724139));
#1670 = CARTESIAN_POINT('',(3.029944496807,4.150363622496));
#1671 = CARTESIAN_POINT('',(3.064912216399,4.170400155854));
#1672 = CARTESIAN_POINT('',(3.099880098624,4.190436383576));
#1673 = CARTESIAN_POINT('',(3.134847666214,4.21047132397));
#1674 = ( GEOMETRIC_REPRESENTATION_CONTEXT(2) 
PARAMETRIC_REPRESENTATION_CONTEXT() REPRESENTATION_CONTEXT('2D SPACE',''
  ) );
#1675 = PCURVE('',#1043,#1676);
#1676 = DEFINITIONAL_REPRESENTATION('',(#1677),#1722);
#1677 = B_SPLINE_CURVE_WITH_KNOTS('',8,(#1678,#1679,#1680,#1681,#1682,
    #1683,#1684,#1685,#1686,#1687,#1688,#1689,#1690,#1691,#1692,#1693,
    #1694,#1695,#1696,#1697,#1698,#1699,#1700,#1701,#1702,#1703,#1704,
    #1705,#1706,#1707,#1708,#1709,#1710,#1711,#1712,#1713,#1714,#1715,
    #1716,#1717,#1718,#1719,#1720,#1721),.UNSPECIFIED.,.F.,.F.,(9,7,7,7,
    7,7,9),(0.,0.252783610943,0.464357648449,0.5655026736,0.734258287927
    ,0.910754890255,1.),.UNSPECIFIED.);
#1678 = CARTESIAN_POINT('',(-1.685809147748E-04,3.628492478568));
#1679 = CARTESIAN_POINT('',(-1.686608819103E-04,3.742642093373));
#1680 = CARTESIAN_POINT('',(-1.700795135817E-04,3.856864325237));
#1681 = CARTESIAN_POINT('',(-1.728308122287E-04,3.971046729346));
#1682 = CARTESIAN_POINT('',(-1.763841339157E-04,4.085200005045));
#1683 = CARTESIAN_POINT('',(-1.797588588439E-04,4.1993534103));
#1684 = CARTESIAN_POINT('',(-1.820488344396E-04,4.313536095911));
#1685 = CARTESIAN_POINT('',(-1.83057136872E-04,4.427758597758));
#1686 = CARTESIAN_POINT('',(-1.829344124425E-04,4.637449061731));
#1687 = CARTESIAN_POINT('',(-1.821260862345E-04,4.733019584183));
#1688 = CARTESIAN_POINT('',(-1.806900139917E-04,4.828574561389));
#1689 = CARTESIAN_POINT('',(-1.789646241422E-04,4.924115847856));
#1690 = CARTESIAN_POINT('',(-1.77443436325E-04,5.019657023517));
#1691 = CARTESIAN_POINT('',(-1.764932965166E-04,5.11521171597));
#1692 = CARTESIAN_POINT('',(-1.761366125435E-04,5.210781894031));
#1693 = CARTESIAN_POINT('',(-1.762076614646E-04,5.351996307983));
#1694 = CARTESIAN_POINT('',(-1.76323047957E-04,5.397671118097));
#1695 = CARTESIAN_POINT('',(-1.765103626859E-04,5.443345627771));
#1696 = CARTESIAN_POINT('',(-1.767371262585E-04,5.489019757743));
#1697 = CARTESIAN_POINT('',(-1.769626420598E-04,5.534693934262));
#1698 = CARTESIAN_POINT('',(-1.77143386263E-04,5.580368579672));
#1699 = CARTESIAN_POINT('',(-1.772400040615E-04,5.626043603423));
#1700 = CARTESIAN_POINT('',(-1.772024003987E-04,5.747923251813));
#1701 = CARTESIAN_POINT('',(-1.768685777981E-04,5.82413834243));
#1702 = CARTESIAN_POINT('',(-1.761089731921E-04,5.900349211685));
#1703 = CARTESIAN_POINT('',(-1.74872304829E-04,5.976554726978));
#1704 = CARTESIAN_POINT('',(-1.733217226886E-04,6.052760171604));
#1705 = CARTESIAN_POINT('',(-1.718464514178E-04,6.128970839515));
#1706 = CARTESIAN_POINT('',(-1.709348338452E-04,6.205185630023));
#1707 = CARTESIAN_POINT('',(-1.708815209665E-04,6.361091254648));
#1708 = CARTESIAN_POINT('',(-1.718533343427E-04,6.440803698276));
#1709 = CARTESIAN_POINT('',(-1.740499259392E-04,6.520510642079));
#1710 = CARTESIAN_POINT('',(-1.778615467924E-04,6.600210825499));
#1711 = CARTESIAN_POINT('',(-1.828625340926E-04,6.67991105877));
#1712 = CARTESIAN_POINT('',(-1.876268339788E-04,6.759618168149));
#1713 = CARTESIAN_POINT('',(-1.90339501276E-04,6.839330886292));
#1714 = CARTESIAN_POINT('',(-1.901357493418E-04,6.959332218682));
#1715 = CARTESIAN_POINT('',(-1.893382373895E-04,6.999633204501));
#1716 = CARTESIAN_POINT('',(-1.877608129527E-04,7.039934053852));
#1717 = CARTESIAN_POINT('',(-1.853934391434E-04,7.0802346946));
#1718 = CARTESIAN_POINT('',(-1.824043495888E-04,7.120535317333));
#1719 = CARTESIAN_POINT('',(-1.792775284683E-04,7.160836118837));
#1720 = CARTESIAN_POINT('',(-1.769501905512E-04,7.201137045571));
#1721 = CARTESIAN_POINT('',(-1.769502612343E-04,7.241437537144));
#1722 = ( GEOMETRIC_REPRESENTATION_CONTEXT(2) 
PARAMETRIC_REPRESENTATION_CONTEXT() REPRESENTATION_CONTEXT('2D SPACE',''
  ) );
#1723 = ADVANCED_FACE('',(#1724),#520,.F.);
#1724 = FACE_BOUND('',#1725,.F.);
#1725 = EDGE_LOOP('',(#1726,#1727,#1748,#1802,#1821));
#1726 = ORIENTED_EDGE('',*,*,#1226,.F.);
#1727 = ORIENTED_EDGE('',*,*,#1728,.T.);
#1728 = EDGE_CURVE('',#1227,#1729,#1731,.T.);
#1729 = VERTEX_POINT('',#1730);
#1730 = CARTESIAN_POINT('',(6.049999999985,9.930306455773E-03,
    3.530411585062));
#1731 = SURFACE_CURVE('',#1732,(#1735,#1741),.PCURVE_S1.);
#1732 = B_SPLINE_CURVE_WITH_KNOTS('',1,(#1733,#1734),.UNSPECIFIED.,.F.,
  .F.,(2,2),(-0.958274654836,-0.),.PIECEWISE_BEZIER_KNOTS.);
#1733 = CARTESIAN_POINT('',(6.899999999855,4.654682142701E-02,
    3.089447249735));
#1734 = CARTESIAN_POINT('',(6.049999999969,9.930306446526E-03,
    3.530411585171));
#1735 = PCURVE('',#520,#1736);
#1736 = DEFINITIONAL_REPRESENTATION('',(#1737),#1740);
#1737 = B_SPLINE_CURVE_WITH_KNOTS('',1,(#1738,#1739),.UNSPECIFIED.,.F.,
  .F.,(2,2),(-0.958274654836,-0.),.PIECEWISE_BEZIER_KNOTS.);
#1738 = CARTESIAN_POINT('',(-0.958274654836,0.));
#1739 = CARTESIAN_POINT('',(0.,0.));
#1740 = ( GEOMETRIC_REPRESENTATION_CONTEXT(2) 
PARAMETRIC_REPRESENTATION_CONTEXT() REPRESENTATION_CONTEXT('2D SPACE',''
  ) );
#1741 = PCURVE('',#1518,#1742);
#1742 = DEFINITIONAL_REPRESENTATION('',(#1743),#1747);
#1743 = LINE('',#1744,#1745);
#1744 = CARTESIAN_POINT('',(0.,7.241437537144));
#1745 = VECTOR('',#1746,1.);
#1746 = DIRECTION('',(1.,0.));
#1747 = ( GEOMETRIC_REPRESENTATION_CONTEXT(2) 
PARAMETRIC_REPRESENTATION_CONTEXT() REPRESENTATION_CONTEXT('2D SPACE',''
  ) );
#1748 = ORIENTED_EDGE('',*,*,#1749,.T.);
#1749 = EDGE_CURVE('',#1729,#1750,#1752,.T.);
#1750 = VERTEX_POINT('',#1751);
#1751 = CARTESIAN_POINT('',(6.049999999969,9.930306446533E-03,
    7.130411585171));
#1752 = SURFACE_CURVE('',#1753,(#1766,#1773),.PCURVE_S1.);
#1753 = B_SPLINE_CURVE_WITH_KNOTS('',11,(#1754,#1755,#1756,#1757,#1758,
    #1759,#1760,#1761,#1762,#1763,#1764,#1765),.UNSPECIFIED.,.F.,.F.,(12
    ,12),(0.,7.241437537144),.PIECEWISE_BEZIER_KNOTS.);
#1754 = CARTESIAN_POINT('',(6.05,9.930306465016E-03,3.530411584953));
#1755 = CARTESIAN_POINT('',(6.044327821995,3.465682215368,3.857684312942
    ));
#1756 = CARTESIAN_POINT('',(3.867809822529,6.917792716009,4.184957037495
    ));
#1757 = CARTESIAN_POINT('',(-0.481570977728,8.851283356048,
    4.512229771817));
#1758 = CARTESIAN_POINT('',(-5.789315071853,7.747061576244,
    4.839502485879));
#1759 = CARTESIAN_POINT('',(-9.740774989117,3.182824735585,
    5.166775231924));
#1760 = CARTESIAN_POINT('',(-9.730274110711,-3.214783989209,
    5.494047938188));
#1761 = CARTESIAN_POINT('',(-5.763852323344,-7.766024632941,
    5.821320684272));
#1762 = CARTESIAN_POINT('',(-0.452511940666,-8.85281653448,
    6.148593398281));
#1763 = CARTESIAN_POINT('',(3.89049827464,-6.905058438824,6.475866132642
    ));
#1764 = CARTESIAN_POINT('',(6.055672177966,-3.445821602458,
    6.803138857177));
#1765 = CARTESIAN_POINT('',(6.049999999969,9.930306446533E-03,
    7.130411585171));
#1766 = PCURVE('',#520,#1767);
#1767 = DEFINITIONAL_REPRESENTATION('',(#1768),#1772);
#1768 = LINE('',#1769,#1770);
#1769 = CARTESIAN_POINT('',(-0.,0.));
#1770 = VECTOR('',#1771,1.);
#1771 = DIRECTION('',(0.,1.));
#1772 = ( GEOMETRIC_REPRESENTATION_CONTEXT(2) 
PARAMETRIC_REPRESENTATION_CONTEXT() REPRESENTATION_CONTEXT('2D SPACE',''
  ) );
#1773 = PCURVE('',#1774,#1797);
#1774 = B_SPLINE_SURFACE_WITH_KNOTS('',1,10,(
    (#1775,#1776,#1777,#1778,#1779,#1780,#1781,#1782,#1783,#1784,#1785)
    ,(#1786,#1787,#1788,#1789,#1790,#1791,#1792,#1793,#1794,#1795,#1796
    )),.UNSPECIFIED.,.F.,.F.,.F.,(2,2),(11,11),(-0.24,-0.),(0.,
    7.241437537144),.PIECEWISE_BEZIER_KNOTS.);
#1775 = CARTESIAN_POINT('',(6.05,9.930306465023E-03,3.530411584953));
#1776 = CARTESIAN_POINT('',(6.043760604194,3.811257406258,3.890411585741
    ));
#1777 = CARTESIAN_POINT('',(3.384260028815,7.611286759396,4.250411583061
    ));
#1778 = CARTESIAN_POINT('',(-1.931227716285,9.298074293409,
    4.610411588367));
#1779 = CARTESIAN_POINT('',(-7.994021814742,6.912790841824,
    4.970411582272));
#1780 = CARTESIAN_POINT('',(-11.19625014005,-1.83772222648E-02,
    5.330411585025));
#1781 = CARTESIAN_POINT('',(-7.971285868755,-6.938995866361,
    5.690411587915));
#1782 = CARTESIAN_POINT('',(-1.900694174381,-9.304363906386,
    6.050411581717));
#1783 = CARTESIAN_POINT('',(3.409227645512,-7.600136112372,
    6.410411587079));
#1784 = CARTESIAN_POINT('',(6.056239395765,-3.791396793348,
    6.770411584378));
#1785 = CARTESIAN_POINT('',(6.049999999969,9.930306446533E-03,
    7.130411585171));
#1786 = CARTESIAN_POINT('',(6.05,-9.93030646503E-03,3.769588415047));
#1787 = CARTESIAN_POINT('',(6.056239395809,3.791396793347,4.129588415838
    ));
#1788 = CARTESIAN_POINT('',(3.409227645548,7.600136112406,4.489588413148
    ));
#1789 = CARTESIAN_POINT('',(-1.900694174355,9.304363906428,
    4.849588418482));
#1790 = CARTESIAN_POINT('',(-7.971285868777,6.938995866438,5.20958841233
    ));
#1791 = CARTESIAN_POINT('',(-11.19625014011,1.837722227987E-02,
    5.569588415162));
#1792 = CARTESIAN_POINT('',(-7.99402181479,-6.912790841817,
    5.929588417974));
#1793 = CARTESIAN_POINT('',(-1.931227716338,-9.298074293461,
    6.289588411833));
#1794 = CARTESIAN_POINT('',(3.384260028816,-7.61128675944,6.649588417165
    ));
#1795 = CARTESIAN_POINT('',(6.043760604211,-3.811257406298,
    7.009588414474));
#1796 = CARTESIAN_POINT('',(6.050000000031,-9.93030648352E-03,
    7.369588415266));
#1797 = DEFINITIONAL_REPRESENTATION('',(#1798),#1801);
#1798 = B_SPLINE_CURVE_WITH_KNOTS('',1,(#1799,#1800),.UNSPECIFIED.,.F.,
  .F.,(2,2),(0.,7.241437537144),.PIECEWISE_BEZIER_KNOTS.);
#1799 = CARTESIAN_POINT('',(-0.24,0.));
#1800 = CARTESIAN_POINT('',(-0.24,7.241437537144));
#1801 = ( GEOMETRIC_REPRESENTATION_CONTEXT(2) 
PARAMETRIC_REPRESENTATION_CONTEXT() REPRESENTATION_CONTEXT('2D SPACE',''
  ) );
#1802 = ORIENTED_EDGE('',*,*,#1803,.F.);
#1803 = EDGE_CURVE('',#296,#1750,#1804,.T.);
#1804 = SURFACE_CURVE('',#1805,(#1808,#1815),.PCURVE_S1.);
#1805 = B_SPLINE_CURVE_WITH_KNOTS('',1,(#1806,#1807),.UNSPECIFIED.,.F.,
  .F.,(2,2),(-0.958274654836,-0.),.PIECEWISE_BEZIER_KNOTS.);
#1806 = CARTESIAN_POINT('',(6.899999999855,4.654682142701E-02,
    6.689447249735));
#1807 = CARTESIAN_POINT('',(6.049999999969,9.930306446533E-03,
    7.130411585171));
#1808 = PCURVE('',#520,#1809);
#1809 = DEFINITIONAL_REPRESENTATION('',(#1810),#1814);
#1810 = LINE('',#1811,#1812);
#1811 = CARTESIAN_POINT('',(0.,7.241437537144));
#1812 = VECTOR('',#1813,1.);
#1813 = DIRECTION('',(1.,0.));
#1814 = ( GEOMETRIC_REPRESENTATION_CONTEXT(2) 
PARAMETRIC_REPRESENTATION_CONTEXT() REPRESENTATION_CONTEXT('2D SPACE',''
  ) );
#1815 = PCURVE('',#417,#1816);
#1816 = DEFINITIONAL_REPRESENTATION('',(#1817),#1820);
#1817 = B_SPLINE_CURVE_WITH_KNOTS('',1,(#1818,#1819),.UNSPECIFIED.,.F.,
  .F.,(2,2),(-0.958274654836,-0.),.PIECEWISE_BEZIER_KNOTS.);
#1818 = CARTESIAN_POINT('',(-0.958274654836,0.));
#1819 = CARTESIAN_POINT('',(0.,0.));
#1820 = ( GEOMETRIC_REPRESENTATION_CONTEXT(2) 
PARAMETRIC_REPRESENTATION_CONTEXT() REPRESENTATION_CONTEXT('2D SPACE',''
  ) );
#1821 = ORIENTED_EDGE('',*,*,#500,.F.);
#1822 = ADVANCED_FACE('',(#1823),#417,.F.);
#1823 = FACE_BOUND('',#1824,.F.);
#1824 = EDGE_LOOP('',(#1825,#1826,#1827,#1880));
#1825 = ORIENTED_EDGE('',*,*,#295,.F.);
#1826 = ORIENTED_EDGE('',*,*,#1803,.T.);
#1827 = ORIENTED_EDGE('',*,*,#1828,.T.);
#1828 = EDGE_CURVE('',#1750,#1829,#1831,.T.);
#1829 = VERTEX_POINT('',#1830);
#1830 = CARTESIAN_POINT('',(9.930306317586E-03,-6.049999999751,
    9.83041158671));
#1831 = SURFACE_CURVE('',#1832,(#1844,#1851),.PCURVE_S1.);
#1832 = B_SPLINE_CURVE_WITH_KNOTS('',10,(#1833,#1834,#1835,#1836,#1837,
    #1838,#1839,#1840,#1841,#1842,#1843),.UNSPECIFIED.,.F.,.F.,(11,11),(
    0.,5.431078152858),.PIECEWISE_BEZIER_KNOTS.);
#1833 = CARTESIAN_POINT('',(6.05,9.930306465023E-03,7.130411584953));
#1834 = CARTESIAN_POINT('',(6.04532045157,2.860925644535,7.400411597857)
  );
#1835 = CARTESIAN_POINT('',(4.547863273981,5.709470719272,7.670411491438
    ));
#1836 = CARTESIAN_POINT('',(1.558678705967,7.675959678179,7.940411803305
    ));
#1837 = CARTESIAN_POINT('',(-2.325596164199,7.884232657099,
    8.210411375935));
#1838 = CARTESIAN_POINT('',(-5.933524336624,5.914077919628,
    8.480411585164));
#1839 = CARTESIAN_POINT('',(-7.891824458371,2.299701868769,
    8.750411796807));
#1840 = CARTESIAN_POINT('',(-7.67080159139,-1.583868532309,
    9.020411367797));
#1841 = CARTESIAN_POINT('',(-5.694510518047,-4.566581435513,
    9.290411680385));
#1842 = CARTESIAN_POINT('',(-2.841065031753,-6.054679548119,
    9.560411573789));
#1843 = CARTESIAN_POINT('',(9.930306317582E-03,-6.049999999751,
    9.83041158671));
#1844 = PCURVE('',#417,#1845);
#1845 = DEFINITIONAL_REPRESENTATION('',(#1846),#1850);
#1846 = LINE('',#1847,#1848);
#1847 = CARTESIAN_POINT('',(-0.,0.));
#1848 = VECTOR('',#1849,1.);
#1849 = DIRECTION('',(0.,1.));
#1850 = ( GEOMETRIC_REPRESENTATION_CONTEXT(2) 
PARAMETRIC_REPRESENTATION_CONTEXT() REPRESENTATION_CONTEXT('2D SPACE',''
  ) );
#1851 = PCURVE('',#1852,#1875);
#1852 = B_SPLINE_SURFACE_WITH_KNOTS('',1,10,(
    (#1853,#1854,#1855,#1856,#1857,#1858,#1859,#1860,#1861,#1862,#1863)
    ,(#1864,#1865,#1866,#1867,#1868,#1869,#1870,#1871,#1872,#1873,#1874
    )),.UNSPECIFIED.,.F.,.F.,.F.,(2,2),(11,11),(-0.24,-0.),(0.,
    5.431078152858),.PIECEWISE_BEZIER_KNOTS.);
#1853 = CARTESIAN_POINT('',(6.05,9.930306465026E-03,7.130411584953));
#1854 = CARTESIAN_POINT('',(6.04532045157,2.860925644535,7.400411597857)
  );
#1855 = CARTESIAN_POINT('',(4.547863273981,5.709470719272,7.670411491438
    ));
#1856 = CARTESIAN_POINT('',(1.558678705967,7.675959678179,7.940411803304
    ));
#1857 = CARTESIAN_POINT('',(-2.325596164199,7.884232657098,
    8.210411375937));
#1858 = CARTESIAN_POINT('',(-5.933524336624,5.914077919629,
    8.480411585162));
#1859 = CARTESIAN_POINT('',(-7.891824458371,2.299701868769,
    8.750411796808));
#1860 = CARTESIAN_POINT('',(-7.67080159139,-1.583868532309,
    9.020411367797));
#1861 = CARTESIAN_POINT('',(-5.694510518047,-4.566581435513,
    9.290411680385));
#1862 = CARTESIAN_POINT('',(-2.841065031753,-6.054679548119,
    9.560411573789));
#1863 = CARTESIAN_POINT('',(9.930306317586E-03,-6.049999999751,
    9.83041158671));
#1864 = CARTESIAN_POINT('',(6.05,-9.930306465026E-03,7.369588415047));
#1865 = CARTESIAN_POINT('',(6.054679548437,2.841065031721,7.639588427961
    ));
#1866 = CARTESIAN_POINT('',(4.566581435839,5.694510518174,7.909588321394
    ));
#1867 = CARTESIAN_POINT('',(1.583868532563,7.670801591661,8.1795886339)
  );
#1868 = CARTESIAN_POINT('',(-2.299701868669,7.891824458752,
    8.449588205049));
#1869 = CARTESIAN_POINT('',(-5.914077919738,5.933524337024,
    8.719588416472));
#1870 = CARTESIAN_POINT('',(-7.884232657351,2.325596164466,
    8.989588625921));
#1871 = CARTESIAN_POINT('',(-7.675959678544,-1.558678705827,
    9.259588198392));
#1872 = CARTESIAN_POINT('',(-5.709470719613,-4.547863274037,
    9.529588510341));
#1873 = CARTESIAN_POINT('',(-2.860925644801,-6.045320451747,
    9.799588403893));
#1874 = CARTESIAN_POINT('',(-9.930306612481E-03,-6.050000000249,
    10.069588416804));
#1875 = DEFINITIONAL_REPRESENTATION('',(#1876),#1879);
#1876 = B_SPLINE_CURVE_WITH_KNOTS('',1,(#1877,#1878),.UNSPECIFIED.,.F.,
  .F.,(2,2),(0.,5.431078152858),.PIECEWISE_BEZIER_KNOTS.);
#1877 = CARTESIAN_POINT('',(-0.24,0.));
#1878 = CARTESIAN_POINT('',(-0.24,5.431078152858));
#1879 = ( GEOMETRIC_REPRESENTATION_CONTEXT(2) 
PARAMETRIC_REPRESENTATION_CONTEXT() REPRESENTATION_CONTEXT('2D SPACE',''
  ) );
#1880 = ORIENTED_EDGE('',*,*,#1881,.F.);
#1881 = EDGE_CURVE('',#269,#1829,#1882,.T.);
#1882 = SURFACE_CURVE('',#1883,(#1886,#1893),.PCURVE_S1.);
#1883 = B_SPLINE_CURVE_WITH_KNOTS('',1,(#1884,#1885),.UNSPECIFIED.,.F.,
  .F.,(2,2),(-0.958274654836,-0.),.PIECEWISE_BEZIER_KNOTS.);
#1884 = CARTESIAN_POINT('',(4.654682142703E-02,-6.899999998833,
    9.389447249735));
#1885 = CARTESIAN_POINT('',(9.930306317582E-03,-6.049999999751,
    9.83041158671));
#1886 = PCURVE('',#417,#1887);
#1887 = DEFINITIONAL_REPRESENTATION('',(#1888),#1892);
#1888 = LINE('',#1889,#1890);
#1889 = CARTESIAN_POINT('',(0.,5.431078152858));
#1890 = VECTOR('',#1891,1.);
#1891 = DIRECTION('',(1.,0.));
#1892 = ( GEOMETRIC_REPRESENTATION_CONTEXT(2) 
PARAMETRIC_REPRESENTATION_CONTEXT() REPRESENTATION_CONTEXT('2D SPACE',''
  ) );
#1893 = PCURVE('',#256,#1894);
#1894 = DEFINITIONAL_REPRESENTATION('',(#1895),#1898);
#1895 = B_SPLINE_CURVE_WITH_KNOTS('',1,(#1896,#1897),.UNSPECIFIED.,.F.,
  .F.,(2,2),(-0.958274654836,-0.),.PIECEWISE_BEZIER_KNOTS.);
#1896 = CARTESIAN_POINT('',(-0.562481993613,0.310385289051));
#1897 = CARTESIAN_POINT('',(-0.119999998881,-0.539614710031));
#1898 = ( GEOMETRIC_REPRESENTATION_CONTEXT(2) 
PARAMETRIC_REPRESENTATION_CONTEXT() REPRESENTATION_CONTEXT('2D SPACE',''
  ) );
#1899 = ADVANCED_FACE('',(#1900),#256,.F.);
#1900 = FACE_BOUND('',#1901,.F.);
#1901 = EDGE_LOOP('',(#1902,#1903,#1904,#1905,#1926));
#1902 = ORIENTED_EDGE('',*,*,#236,.T.);
#1903 = ORIENTED_EDGE('',*,*,#268,.T.);
#1904 = ORIENTED_EDGE('',*,*,#1881,.T.);
#1905 = ORIENTED_EDGE('',*,*,#1906,.T.);
#1906 = EDGE_CURVE('',#1829,#1907,#1909,.T.);
#1907 = VERTEX_POINT('',#1908);
#1908 = CARTESIAN_POINT('',(-4.151868082221E-03,-6.050000000104,10.));
#1909 = SURFACE_CURVE('',#1910,(#1913,#1919),.PCURVE_S1.);
#1910 = B_SPLINE_CURVE_WITH_KNOTS('',1,(#1911,#1912),.UNSPECIFIED.,.F.,
  .F.,(2,2),(-0.24,-0.),.PIECEWISE_BEZIER_KNOTS.);
#1911 = CARTESIAN_POINT('',(9.930306317586E-03,-6.049999999751,
    9.83041158671));
#1912 = CARTESIAN_POINT('',(-9.930306612481E-03,-6.050000000249,
    10.069588416804));
#1913 = PCURVE('',#256,#1914);
#1914 = DEFINITIONAL_REPRESENTATION('',(#1915),#1918);
#1915 = B_SPLINE_CURVE_WITH_KNOTS('',1,(#1916,#1917),.UNSPECIFIED.,.F.,
  .F.,(2,2),(-0.24,-0.),.PIECEWISE_BEZIER_KNOTS.);
#1916 = CARTESIAN_POINT('',(-0.119999998881,-0.539614710031));
#1917 = CARTESIAN_POINT('',(0.120000001119,-0.539614709534));
#1918 = ( GEOMETRIC_REPRESENTATION_CONTEXT(2) 
PARAMETRIC_REPRESENTATION_CONTEXT() REPRESENTATION_CONTEXT('2D SPACE',''
  ) );
#1919 = PCURVE('',#1852,#1920);
#1920 = DEFINITIONAL_REPRESENTATION('',(#1921),#1925);
#1921 = LINE('',#1922,#1923);
#1922 = CARTESIAN_POINT('',(0.,5.431078152858));
#1923 = VECTOR('',#1924,1.);
#1924 = DIRECTION('',(1.,0.));
#1925 = ( GEOMETRIC_REPRESENTATION_CONTEXT(2) 
PARAMETRIC_REPRESENTATION_CONTEXT() REPRESENTATION_CONTEXT('2D SPACE',''
  ) );
#1926 = ORIENTED_EDGE('',*,*,#1927,.F.);
#1927 = EDGE_CURVE('',#208,#1907,#1928,.T.);
#1928 = SURFACE_CURVE('',#1929,(#1933,#1939),.PCURVE_S1.);
#1929 = LINE('',#1930,#1931);
#1930 = CARTESIAN_POINT('',(-4.151868087253E-03,-3.294807354891,10.));
#1931 = VECTOR('',#1932,1.);
#1932 = DIRECTION('',(-1.826071575467E-12,1.,0.));
#1933 = PCURVE('',#256,#1934);
#1934 = DEFINITIONAL_REPRESENTATION('',(#1935),#1938);
#1935 = B_SPLINE_CURVE_WITH_KNOTS('',1,(#1936,#1937),.UNSPECIFIED.,.F.,
  .F.,(2,2),(-3.605192645109,-2.75519264486),.PIECEWISE_BEZIER_KNOTS.);
#1936 = CARTESIAN_POINT('',(5.017208331291E-02,0.310385290218));
#1937 = CARTESIAN_POINT('',(5.017208331303E-02,-0.539614710031));
#1938 = ( GEOMETRIC_REPRESENTATION_CONTEXT(2) 
PARAMETRIC_REPRESENTATION_CONTEXT() REPRESENTATION_CONTEXT('2D SPACE',''
  ) );
#1939 = PCURVE('',#224,#1940);
#1940 = DEFINITIONAL_REPRESENTATION('',(#1941),#1944);
#1941 = B_SPLINE_CURVE_WITH_KNOTS('',1,(#1942,#1943),.UNSPECIFIED.,.F.,
  .F.,(2,2),(-3.605192645109,-2.75519264486),.PIECEWISE_BEZIER_KNOTS.);
#1942 = CARTESIAN_POINT('',(-4.151868080669E-03,-6.9));
#1943 = CARTESIAN_POINT('',(-4.151868082222E-03,-6.049999999751));
#1944 = ( GEOMETRIC_REPRESENTATION_CONTEXT(2) 
PARAMETRIC_REPRESENTATION_CONTEXT() REPRESENTATION_CONTEXT('2D SPACE',''
  ) );
#1945 = ADVANCED_FACE('',(#1946),#224,.T.);
#1946 = FACE_BOUND('',#1947,.T.);
#1947 = EDGE_LOOP('',(#1948,#1949,#1950,#1951,#1980,#2006,#2035,#2126,
    #2153));
#1948 = ORIENTED_EDGE('',*,*,#207,.T.);
#1949 = ORIENTED_EDGE('',*,*,#754,.T.);
#1950 = ORIENTED_EDGE('',*,*,#906,.T.);
#1951 = ORIENTED_EDGE('',*,*,#1952,.T.);
#1952 = EDGE_CURVE('',#833,#1953,#1955,.T.);
#1953 = VERTEX_POINT('',#1954);
#1954 = CARTESIAN_POINT('',(4.151868082224E-03,6.050000000104,10.));
#1955 = SURFACE_CURVE('',#1956,(#1962,#1971),.PCURVE_S1.);
#1956 = B_SPLINE_CURVE_WITH_KNOTS('',4,(#1957,#1958,#1959,#1960,#1961),
  .UNSPECIFIED.,.F.,.F.,(5,5),(0.,1.),.PIECEWISE_BEZIER_KNOTS.);
#1957 = CARTESIAN_POINT('',(0.742852478435,6.004228672012,10.));
#1958 = CARTESIAN_POINT('',(0.559108322381,6.026959769068,10.));
#1959 = CARTESIAN_POINT('',(0.374436525877,6.042193807783,10.));
#1960 = CARTESIAN_POINT('',(0.18929668208,6.04987393414,10.));
#1961 = CARTESIAN_POINT('',(4.151868082198E-03,6.050000000104,10.));
#1962 = PCURVE('',#224,#1963);
#1963 = DEFINITIONAL_REPRESENTATION('',(#1964),#1970);
#1964 = B_SPLINE_CURVE_WITH_KNOTS('',4,(#1965,#1966,#1967,#1968,#1969),
  .UNSPECIFIED.,.F.,.F.,(5,5),(0.,1.),.PIECEWISE_BEZIER_KNOTS.);
#1965 = CARTESIAN_POINT('',(0.742852478435,6.004228672012));
#1966 = CARTESIAN_POINT('',(0.559108322381,6.026959769068));
#1967 = CARTESIAN_POINT('',(0.374436525877,6.042193807783));
#1968 = CARTESIAN_POINT('',(0.18929668208,6.04987393414));
#1969 = CARTESIAN_POINT('',(4.151868082198E-03,6.050000000104));
#1970 = ( GEOMETRIC_REPRESENTATION_CONTEXT(2) 
PARAMETRIC_REPRESENTATION_CONTEXT() REPRESENTATION_CONTEXT('2D SPACE',''
  ) );
#1971 = PCURVE('',#856,#1972);
#1972 = DEFINITIONAL_REPRESENTATION('',(#1973),#1979);
#1973 = B_SPLINE_CURVE_WITH_KNOTS('',4,(#1974,#1975,#1976,#1977,#1978),
  .UNSPECIFIED.,.F.,.F.,(5,5),(0.,1.),.PIECEWISE_BEZIER_KNOTS.);
#1974 = CARTESIAN_POINT('',(0.,5.291100328305));
#1975 = CARTESIAN_POINT('',(-1.745697724114E-02,5.326094780909));
#1976 = CARTESIAN_POINT('',(-3.491396132067E-02,5.361089246857));
#1977 = CARTESIAN_POINT('',(-5.237094024872E-02,5.396083701829));
#1978 = CARTESIAN_POINT('',(-6.982791780624E-02,5.431078152858));
#1979 = ( GEOMETRIC_REPRESENTATION_CONTEXT(2) 
PARAMETRIC_REPRESENTATION_CONTEXT() REPRESENTATION_CONTEXT('2D SPACE',''
  ) );
#1980 = ORIENTED_EDGE('',*,*,#1981,.F.);
#1981 = EDGE_CURVE('',#1982,#1953,#1984,.T.);
#1982 = VERTEX_POINT('',#1983);
#1983 = CARTESIAN_POINT('',(4.151868080673E-03,6.899998750869,10.));
#1984 = SURFACE_CURVE('',#1985,(#1989,#1995),.PCURVE_S1.);
#1985 = LINE('',#1986,#1987);
#1986 = CARTESIAN_POINT('',(4.151868087253E-03,3.294807354891,10.));
#1987 = VECTOR('',#1988,1.);
#1988 = DIRECTION('',(1.82496466644E-12,-1.,0.));
#1989 = PCURVE('',#224,#1990);
#1990 = DEFINITIONAL_REPRESENTATION('',(#1991),#1994);
#1991 = B_SPLINE_CURVE_WITH_KNOTS('',1,(#1992,#1993),.UNSPECIFIED.,.F.,
  .F.,(2,2),(-3.605192645109,-2.75519264486),.PIECEWISE_BEZIER_KNOTS.);
#1992 = CARTESIAN_POINT('',(4.151868080674E-03,6.9));
#1993 = CARTESIAN_POINT('',(4.151868082225E-03,6.049999999751));
#1994 = ( GEOMETRIC_REPRESENTATION_CONTEXT(2) 
PARAMETRIC_REPRESENTATION_CONTEXT() REPRESENTATION_CONTEXT('2D SPACE',''
  ) );
#1995 = PCURVE('',#1996,#2001);
#1996 = PLANE('',#1997);
#1997 = AXIS2_PLACEMENT_3D('',#1998,#1999,#2000);
#1998 = CARTESIAN_POINT('',(5.38504711578E-11,6.589614709782,
    9.950000000642));
#1999 = DIRECTION('',(-0.996570125394,-1.818705266473E-12,
    8.275255387527E-02));
#2000 = DIRECTION('',(-8.275255387527E-02,0.,-0.996570125394));
#2001 = DEFINITIONAL_REPRESENTATION('',(#2002),#2005);
#2002 = B_SPLINE_CURVE_WITH_KNOTS('',1,(#2003,#2004),.UNSPECIFIED.,.F.,
  .F.,(2,2),(-3.605192645109,-2.75519264486),.PIECEWISE_BEZIER_KNOTS.);
#2003 = CARTESIAN_POINT('',(-5.017208331291E-02,-0.310385290218));
#2004 = CARTESIAN_POINT('',(-5.017208331303E-02,0.539614710031));
#2005 = ( GEOMETRIC_REPRESENTATION_CONTEXT(2) 
PARAMETRIC_REPRESENTATION_CONTEXT() REPRESENTATION_CONTEXT('2D SPACE',''
  ) );
#2006 = ORIENTED_EDGE('',*,*,#2007,.T.);
#2007 = EDGE_CURVE('',#1982,#2008,#2010,.T.);
#2008 = VERTEX_POINT('',#2009);
#2009 = CARTESIAN_POINT('',(-5.395017478669,-4.301602771625,10.));
#2010 = SURFACE_CURVE('',#2011,(#2016,#2023),.PCURVE_S1.);
#2011 = CIRCLE('',#2012,6.9);
#2012 = AXIS2_PLACEMENT_3D('',#2013,#2014,#2015);
#2013 = CARTESIAN_POINT('',(0.,0.,10.));
#2014 = DIRECTION('',(0.,0.,1.));
#2015 = DIRECTION('',(1.,0.,0.));
#2016 = PCURVE('',#224,#2017);
#2017 = DEFINITIONAL_REPRESENTATION('',(#2018),#2022);
#2018 = CIRCLE('',#2019,6.9);
#2019 = AXIS2_PLACEMENT_2D('',#2020,#2021);
#2020 = CARTESIAN_POINT('',(0.,0.));
#2021 = DIRECTION('',(1.,0.));
#2022 = ( GEOMETRIC_REPRESENTATION_CONTEXT(2) 
PARAMETRIC_REPRESENTATION_CONTEXT() REPRESENTATION_CONTEXT('2D SPACE',''
  ) );
#2023 = PCURVE('',#2024,#2029);
#2024 = CYLINDRICAL_SURFACE('',#2025,6.9);
#2025 = AXIS2_PLACEMENT_3D('',#2026,#2027,#2028);
#2026 = CARTESIAN_POINT('',(0.,0.,0.));
#2027 = DIRECTION('',(0.,0.,1.));
#2028 = DIRECTION('',(1.,0.,0.));
#2029 = DEFINITIONAL_REPRESENTATION('',(#2030),#2034);
#2030 = LINE('',#2031,#2032);
#2031 = CARTESIAN_POINT('',(0.,10.));
#2032 = VECTOR('',#2033,1.);
#2033 = DIRECTION('',(1.,0.));
#2034 = ( GEOMETRIC_REPRESENTATION_CONTEXT(2) 
PARAMETRIC_REPRESENTATION_CONTEXT() REPRESENTATION_CONTEXT('2D SPACE',''
  ) );
#2035 = ORIENTED_EDGE('',*,*,#2036,.T.);
#2036 = EDGE_CURVE('',#2008,#2037,#2039,.T.);
#2037 = VERTEX_POINT('',#2038);
#2038 = CARTESIAN_POINT('',(-0.742852478435,-6.004228672012,10.));
#2039 = SURFACE_CURVE('',#2040,(#2059,#2081),.PCURVE_S1.);
#2040 = B_SPLINE_CURVE_WITH_KNOTS('',5,(#2041,#2042,#2043,#2044,#2045,
    #2046,#2047,#2048,#2049,#2050,#2051,#2052,#2053,#2054,#2055,#2056,
    #2057,#2058),.UNSPECIFIED.,.F.,.F.,(6,4,4,4,6),(0.,0.276519348029,
    0.543718810933,0.774639785521,1.),.UNSPECIFIED.);
#2041 = CARTESIAN_POINT('',(-5.395750825594,-4.300933296978,10.));
#2042 = CARTESIAN_POINT('',(-5.187201310104,-4.491346620802,10.));
#2043 = CARTESIAN_POINT('',(-4.968884984766,-4.670886078792,10.));
#2044 = CARTESIAN_POINT('',(-4.741461842996,-4.838766583459,10.));
#2045 = CARTESIAN_POINT('',(-4.505686445355,-4.994250779836,10.));
#2046 = CARTESIAN_POINT('',(-4.027349037284,-5.274279694026,10.));
#2047 = CARTESIAN_POINT('',(-3.785281811957,-5.39969162833,10.));
#2048 = CARTESIAN_POINT('',(-3.53699264558,-5.512293381144,10.));
#2049 = CARTESIAN_POINT('',(-3.283337836945,-5.611540042028,10.));
#2050 = CARTESIAN_POINT('',(-2.802222867241,-5.770795535499,10.));
#2051 = CARTESIAN_POINT('',(-2.575880945329,-5.834302676594,10.));
#2052 = CARTESIAN_POINT('',(-2.346843402799,-5.887188969542,10.));
#2053 = CARTESIAN_POINT('',(-2.115760369445,-5.929202304363,10.));
#2054 = CARTESIAN_POINT('',(-1.656486929754,-5.990349727833,10.));
#2055 = CARTESIAN_POINT('',(-1.428359800764,-6.010010546417,10.));
#2056 = CARTESIAN_POINT('',(-1.199588382503,-6.018950840262,10.));
#2057 = CARTESIAN_POINT('',(-0.970849635104,-6.017044114776,10.));
#2058 = CARTESIAN_POINT('',(-0.742852478435,-6.004228672012,10.));
#2059 = PCURVE('',#224,#2060);
#2060 = DEFINITIONAL_REPRESENTATION('',(#2061),#2080);
#2061 = B_SPLINE_CURVE_WITH_KNOTS('',5,(#2062,#2063,#2064,#2065,#2066,
    #2067,#2068,#2069,#2070,#2071,#2072,#2073,#2074,#2075,#2076,#2077,
    #2078,#2079),.UNSPECIFIED.,.F.,.F.,(6,4,4,4,6),(0.,0.276519348029,
    0.543718810933,0.774639785521,1.),.UNSPECIFIED.);
#2062 = CARTESIAN_POINT('',(-5.395750825594,-4.300933296978));
#2063 = CARTESIAN_POINT('',(-5.187201310104,-4.491346620802));
#2064 = CARTESIAN_POINT('',(-4.968884984766,-4.670886078792));
#2065 = CARTESIAN_POINT('',(-4.741461842996,-4.838766583459));
#2066 = CARTESIAN_POINT('',(-4.505686445355,-4.994250779836));
#2067 = CARTESIAN_POINT('',(-4.027349037284,-5.274279694026));
#2068 = CARTESIAN_POINT('',(-3.785281811957,-5.39969162833));
#2069 = CARTESIAN_POINT('',(-3.53699264558,-5.512293381144));
#2070 = CARTESIAN_POINT('',(-3.283337836945,-5.611540042028));
#2071 = CARTESIAN_POINT('',(-2.802222867241,-5.770795535499));
#2072 = CARTESIAN_POINT('',(-2.575880945329,-5.834302676594));
#2073 = CARTESIAN_POINT('',(-2.346843402799,-5.887188969542));
#2074 = CARTESIAN_POINT('',(-2.115760369445,-5.929202304363));
#2075 = CARTESIAN_POINT('',(-1.656486929754,-5.990349727833));
#2076 = CARTESIAN_POINT('',(-1.428359800764,-6.010010546417));
#2077 = CARTESIAN_POINT('',(-1.199588382503,-6.018950840262));
#2078 = CARTESIAN_POINT('',(-0.970849635104,-6.017044114776));
#2079 = CARTESIAN_POINT('',(-0.742852478435,-6.004228672012));
#2080 = ( GEOMETRIC_REPRESENTATION_CONTEXT(2) 
PARAMETRIC_REPRESENTATION_CONTEXT() REPRESENTATION_CONTEXT('2D SPACE',''
  ) );
#2081 = PCURVE('',#2082,#2105);
#2082 = B_SPLINE_SURFACE_WITH_KNOTS('',1,10,(
    (#2083,#2084,#2085,#2086,#2087,#2088,#2089,#2090,#2091,#2092,#2093)
    ,(#2094,#2095,#2096,#2097,#2098,#2099,#2100,#2101,#2102,#2103,#2104
    )),.UNSPECIFIED.,.F.,.F.,.F.,(2,2),(11,11),(-0.958274654836,-0.),(0.
    ,5.431078152858),.PIECEWISE_BEZIER_KNOTS.);
#2083 = CARTESIAN_POINT('',(6.05,-9.930306465026E-03,7.369588415047));
#2084 = CARTESIAN_POINT('',(6.054679548437,2.841065031721,7.639588427961
    ));
#2085 = CARTESIAN_POINT('',(4.566581435839,5.694510518174,7.909588321394
    ));
#2086 = CARTESIAN_POINT('',(1.583868532562,7.67080159166,8.1795886339));
#2087 = CARTESIAN_POINT('',(-2.299701868669,7.891824458753,
    8.449588205049));
#2088 = CARTESIAN_POINT('',(-5.914077919738,5.933524337022,
    8.719588416472));
#2089 = CARTESIAN_POINT('',(-7.88423265735,2.325596164467,8.98958862592)
  );
#2090 = CARTESIAN_POINT('',(-7.675959678545,-1.558678705828,
    9.259588198393));
#2091 = CARTESIAN_POINT('',(-5.709470719613,-4.547863274037,
    9.529588510341));
#2092 = CARTESIAN_POINT('',(-2.860925644801,-6.045320451747,
    9.799588403893));
#2093 = CARTESIAN_POINT('',(-9.930306612478E-03,-6.050000000249,
    10.069588416804));
#2094 = CARTESIAN_POINT('',(6.9,-4.654682142699E-02,7.810552750265));
#2095 = CARTESIAN_POINT('',(6.921934681079,3.205001575309,8.080552750288
    ));
#2096 = CARTESIAN_POINT('',(5.241362554063,6.468034965405,8.35055274994)
  );
#2097 = CARTESIAN_POINT('',(1.851067868404,8.739369802207,8.620552751437
    ));
#2098 = CARTESIAN_POINT('',(-2.576878989909,9.014057036715,
    8.890552747967));
#2099 = CARTESIAN_POINT('',(-6.710494318336,6.801646480594,
    9.160552753109));
#2100 = CARTESIAN_POINT('',(-8.97847160717,2.698254614919,9.430552747964
    ));
#2101 = CARTESIAN_POINT('',(-8.763547560236,-1.732994336442,
    9.70055275144));
#2102 = CARTESIAN_POINT('',(-6.538158664242,-5.153623980076,
    9.970552749939));
#2103 = CARTESIAN_POINT('',(-3.298095218166,-6.878065320089,
    10.240552750288));
#2104 = CARTESIAN_POINT('',(-4.654682142704E-02,-6.900000001167,
    10.510552750265));
#2105 = DEFINITIONAL_REPRESENTATION('',(#2106),#2125);
#2106 = B_SPLINE_CURVE_WITH_KNOTS('',5,(#2107,#2108,#2109,#2110,#2111,
    #2112,#2113,#2114,#2115,#2116,#2117,#2118,#2119,#2120,#2121,#2122,
    #2123,#2124),.UNSPECIFIED.,.F.,.F.,(6,4,4,4,6),(0.,0.276519348029,
    0.543718810933,0.774639785521,1.),.UNSPECIFIED.);
#2107 = CARTESIAN_POINT('',(0.,4.404095972166));
#2108 = CARTESIAN_POINT('',(-5.003391339522E-02,4.450408685295));
#2109 = CARTESIAN_POINT('',(-0.10043460448,4.49706089743));
#2110 = CARTESIAN_POINT('',(-0.151211803316,4.544061614942));
#2111 = CARTESIAN_POINT('',(-0.202377367677,4.591421813693));
#2112 = CARTESIAN_POINT('',(-0.303770224253,4.685273721486));
#2113 = CARTESIAN_POINT('',(-0.353971398265,4.731741254836));
#2114 = CARTESIAN_POINT('',(-0.404556483244,4.778564146265));
#2115 = CARTESIAN_POINT('',(-0.455537774455,4.825753776695));
#2116 = CARTESIAN_POINT('',(-0.551339498337,4.914430384379));
#2117 = CARTESIAN_POINT('',(-0.596056841249,4.955821938988));
#2118 = CARTESIAN_POINT('',(-0.641087037556,4.997503079161));
#2119 = CARTESIAN_POINT('',(-0.686439061934,5.039482112188));
#2120 = CARTESIAN_POINT('',(-0.776704533234,5.123034219874));
#2121 = CARTESIAN_POINT('',(-0.821602453037,5.164592922209));
#2122 = CARTESIAN_POINT('',(-0.866823781283,5.206450980177));
#2123 = CARTESIAN_POINT('',(-0.912378011108,5.248617180769));
#2124 = CARTESIAN_POINT('',(-0.958274654836,5.291100328305));
#2125 = ( GEOMETRIC_REPRESENTATION_CONTEXT(2) 
PARAMETRIC_REPRESENTATION_CONTEXT() REPRESENTATION_CONTEXT('2D SPACE',''
  ) );
#2126 = ORIENTED_EDGE('',*,*,#2127,.T.);
#2127 = EDGE_CURVE('',#2037,#1907,#2128,.T.);
#2128 = SURFACE_CURVE('',#2129,(#2135,#2144),.PCURVE_S1.);
#2129 = B_SPLINE_CURVE_WITH_KNOTS('',4,(#2130,#2131,#2132,#2133,#2134),
  .UNSPECIFIED.,.F.,.F.,(5,5),(0.,1.),.PIECEWISE_BEZIER_KNOTS.);
#2130 = CARTESIAN_POINT('',(-0.742852478435,-6.004228672012,10.));
#2131 = CARTESIAN_POINT('',(-0.559108322381,-6.026959769068,10.));
#2132 = CARTESIAN_POINT('',(-0.374436525877,-6.042193807783,10.));
#2133 = CARTESIAN_POINT('',(-0.18929668208,-6.04987393414,10.));
#2134 = CARTESIAN_POINT('',(-4.151868082238E-03,-6.050000000104,10.));
#2135 = PCURVE('',#224,#2136);
#2136 = DEFINITIONAL_REPRESENTATION('',(#2137),#2143);
#2137 = B_SPLINE_CURVE_WITH_KNOTS('',4,(#2138,#2139,#2140,#2141,#2142),
  .UNSPECIFIED.,.F.,.F.,(5,5),(0.,1.),.PIECEWISE_BEZIER_KNOTS.);
#2138 = CARTESIAN_POINT('',(-0.742852478435,-6.004228672012));
#2139 = CARTESIAN_POINT('',(-0.559108322381,-6.026959769068));
#2140 = CARTESIAN_POINT('',(-0.374436525877,-6.042193807783));
#2141 = CARTESIAN_POINT('',(-0.18929668208,-6.04987393414));
#2142 = CARTESIAN_POINT('',(-4.151868082238E-03,-6.050000000104));
#2143 = ( GEOMETRIC_REPRESENTATION_CONTEXT(2) 
PARAMETRIC_REPRESENTATION_CONTEXT() REPRESENTATION_CONTEXT('2D SPACE',''
  ) );
#2144 = PCURVE('',#1852,#2145);
#2145 = DEFINITIONAL_REPRESENTATION('',(#2146),#2152);
#2146 = B_SPLINE_CURVE_WITH_KNOTS('',4,(#2147,#2148,#2149,#2150,#2151),
  .UNSPECIFIED.,.F.,.F.,(5,5),(0.,1.),.PIECEWISE_BEZIER_KNOTS.);
#2147 = CARTESIAN_POINT('',(0.,5.291100328305));
#2148 = CARTESIAN_POINT('',(-1.745697724114E-02,5.326094780909));
#2149 = CARTESIAN_POINT('',(-3.491396132066E-02,5.361089246857));
#2150 = CARTESIAN_POINT('',(-5.237094024872E-02,5.396083701829));
#2151 = CARTESIAN_POINT('',(-6.982791780624E-02,5.431078152858));
#2152 = ( GEOMETRIC_REPRESENTATION_CONTEXT(2) 
PARAMETRIC_REPRESENTATION_CONTEXT() REPRESENTATION_CONTEXT('2D SPACE',''
  ) );
#2153 = ORIENTED_EDGE('',*,*,#1927,.F.);
#2154 = ADVANCED_FACE('',(#2155),#856,.F.);
#2155 = FACE_BOUND('',#2156,.F.);
#2156 = EDGE_LOOP('',(#2157,#2212,#2231,#2232,#2233));
#2157 = ORIENTED_EDGE('',*,*,#2158,.F.);
#2158 = EDGE_CURVE('',#2159,#2161,#2163,.T.);
#2159 = VERTEX_POINT('',#2160);
#2160 = CARTESIAN_POINT('',(-6.049999999969,-9.930306446532E-03,
    7.130411585171));
#2161 = VERTEX_POINT('',#2162);
#2162 = CARTESIAN_POINT('',(-9.93030631758E-03,6.049999999751,
    9.83041158671));
#2163 = SURFACE_CURVE('',#2164,(#2176,#2182),.PCURVE_S1.);
#2164 = B_SPLINE_CURVE_WITH_KNOTS('',10,(#2165,#2166,#2167,#2168,#2169,
    #2170,#2171,#2172,#2173,#2174,#2175),.UNSPECIFIED.,.F.,.F.,(11,11),(
    0.,5.431078152858),.PIECEWISE_BEZIER_KNOTS.);
#2165 = CARTESIAN_POINT('',(-6.05,-9.93030646502E-03,7.130411584953));
#2166 = CARTESIAN_POINT('',(-6.04532045157,-2.860925644535,
    7.400411597857));
#2167 = CARTESIAN_POINT('',(-4.547863273981,-5.709470719272,
    7.670411491438));
#2168 = CARTESIAN_POINT('',(-1.558678705967,-7.67595967818,
    7.940411803305));
#2169 = CARTESIAN_POINT('',(2.325596164199,-7.884232657097,
    8.210411375935));
#2170 = CARTESIAN_POINT('',(5.933524336624,-5.91407791963,8.480411585165
    ));
#2171 = CARTESIAN_POINT('',(7.891824458371,-2.299701868767,
    8.750411796806));
#2172 = CARTESIAN_POINT('',(7.67080159139,1.583868532308,9.020411367798)
  );
#2173 = CARTESIAN_POINT('',(5.694510518047,4.566581435514,9.290411680385
    ));
#2174 = CARTESIAN_POINT('',(2.841065031753,6.054679548119,9.560411573789
    ));
#2175 = CARTESIAN_POINT('',(-9.93030631758E-03,6.049999999751,
    9.83041158671));
#2176 = PCURVE('',#856,#2177);
#2177 = DEFINITIONAL_REPRESENTATION('',(#2178),#2181);
#2178 = B_SPLINE_CURVE_WITH_KNOTS('',1,(#2179,#2180),.UNSPECIFIED.,.F.,
  .F.,(2,2),(0.,5.431078152858),.PIECEWISE_BEZIER_KNOTS.);
#2179 = CARTESIAN_POINT('',(-0.24,0.));
#2180 = CARTESIAN_POINT('',(-0.24,5.431078152858));
#2181 = ( GEOMETRIC_REPRESENTATION_CONTEXT(2) 
PARAMETRIC_REPRESENTATION_CONTEXT() REPRESENTATION_CONTEXT('2D SPACE',''
  ) );
#2182 = PCURVE('',#2183,#2206);
#2183 = B_SPLINE_SURFACE_WITH_KNOTS('',1,10,(
    (#2184,#2185,#2186,#2187,#2188,#2189,#2190,#2191,#2192,#2193,#2194)
    ,(#2195,#2196,#2197,#2198,#2199,#2200,#2201,#2202,#2203,#2204,#2205
    )),.UNSPECIFIED.,.F.,.F.,.F.,(2,2),(11,11),(-0.958274654836,-0.),(0.
    ,5.431078152858),.PIECEWISE_BEZIER_KNOTS.);
#2184 = CARTESIAN_POINT('',(-6.9,-4.654682142699E-02,6.689447249735));
#2185 = CARTESIAN_POINT('',(-6.878065318928,-3.298095217617,
    6.959447249713));
#2186 = CARTESIAN_POINT('',(-5.153623979178,-6.538158663145,
    7.229447250061));
#2187 = CARTESIAN_POINT('',(-1.732994336187,-8.763547558748,
    7.499447248559));
#2188 = CARTESIAN_POINT('',(2.698254614544,-8.978471605671,
    7.769447252039));
#2189 = CARTESIAN_POINT('',(6.801646479386,-6.710494317164,
    8.039447246887));
#2190 = CARTESIAN_POINT('',(9.014057035235,-2.576878989492,
    8.309447252036));
#2191 = CARTESIAN_POINT('',(8.739369800714,1.851067868121,8.579447248563
    ));
#2192 = CARTESIAN_POINT('',(6.468034964309,5.241362553176,8.849447250059
    ));
#2193 = CARTESIAN_POINT('',(3.205001574759,6.921934679916,9.119447249713
    ));
#2194 = CARTESIAN_POINT('',(-4.654682142702E-02,6.899999998833,
    9.389447249735));
#2195 = CARTESIAN_POINT('',(-6.05,-9.93030646502E-03,7.130411584953));
#2196 = CARTESIAN_POINT('',(-6.04532045157,-2.860925644535,
    7.400411597857));
#2197 = CARTESIAN_POINT('',(-4.547863273981,-5.709470719272,
    7.670411491438));
#2198 = CARTESIAN_POINT('',(-1.558678705967,-7.67595967818,
    7.940411803305));
#2199 = CARTESIAN_POINT('',(2.325596164199,-7.884232657097,
    8.210411375935));
#2200 = CARTESIAN_POINT('',(5.933524336624,-5.91407791963,8.480411585165
    ));
#2201 = CARTESIAN_POINT('',(7.891824458371,-2.299701868767,
    8.750411796806));
#2202 = CARTESIAN_POINT('',(7.67080159139,1.583868532308,9.020411367798)
  );
#2203 = CARTESIAN_POINT('',(5.694510518047,4.566581435514,9.290411680385
    ));
#2204 = CARTESIAN_POINT('',(2.841065031753,6.054679548119,9.560411573789
    ));
#2205 = CARTESIAN_POINT('',(-9.93030631758E-03,6.049999999751,
    9.83041158671));
#2206 = DEFINITIONAL_REPRESENTATION('',(#2207),#2211);
#2207 = LINE('',#2208,#2209);
#2208 = CARTESIAN_POINT('',(-0.,0.));
#2209 = VECTOR('',#2210,1.);
#2210 = DIRECTION('',(0.,1.));
#2211 = ( GEOMETRIC_REPRESENTATION_CONTEXT(2) 
PARAMETRIC_REPRESENTATION_CONTEXT() REPRESENTATION_CONTEXT('2D SPACE',''
  ) );
#2212 = ORIENTED_EDGE('',*,*,#2213,.T.);
#2213 = EDGE_CURVE('',#2159,#831,#2214,.T.);
#2214 = SURFACE_CURVE('',#2215,(#2218,#2224),.PCURVE_S1.);
#2215 = B_SPLINE_CURVE_WITH_KNOTS('',1,(#2216,#2217),.UNSPECIFIED.,.F.,
  .F.,(2,2),(-0.24,-0.),.PIECEWISE_BEZIER_KNOTS.);
#2216 = CARTESIAN_POINT('',(-6.049999999969,-9.930306446532E-03,
    7.130411585171));
#2217 = CARTESIAN_POINT('',(-6.050000000031,9.930306483521E-03,
    7.369588415266));
#2218 = PCURVE('',#856,#2219);
#2219 = DEFINITIONAL_REPRESENTATION('',(#2220),#2223);
#2220 = B_SPLINE_CURVE_WITH_KNOTS('',1,(#2221,#2222),.UNSPECIFIED.,.F.,
  .F.,(2,2),(-0.24,-0.),.PIECEWISE_BEZIER_KNOTS.);
#2221 = CARTESIAN_POINT('',(-0.24,0.));
#2222 = CARTESIAN_POINT('',(0.,0.));
#2223 = ( GEOMETRIC_REPRESENTATION_CONTEXT(2) 
PARAMETRIC_REPRESENTATION_CONTEXT() REPRESENTATION_CONTEXT('2D SPACE',''
  ) );
#2224 = PCURVE('',#1000,#2225);
#2225 = DEFINITIONAL_REPRESENTATION('',(#2226),#2230);
#2226 = LINE('',#2227,#2228);
#2227 = CARTESIAN_POINT('',(0.,7.241437537144));
#2228 = VECTOR('',#2229,1.);
#2229 = DIRECTION('',(1.,0.));
#2230 = ( GEOMETRIC_REPRESENTATION_CONTEXT(2) 
PARAMETRIC_REPRESENTATION_CONTEXT() REPRESENTATION_CONTEXT('2D SPACE',''
  ) );
#2231 = ORIENTED_EDGE('',*,*,#830,.T.);
#2232 = ORIENTED_EDGE('',*,*,#1952,.T.);
#2233 = ORIENTED_EDGE('',*,*,#2234,.F.);
#2234 = EDGE_CURVE('',#2161,#1953,#2235,.T.);
#2235 = SURFACE_CURVE('',#2236,(#2239,#2246),.PCURVE_S1.);
#2236 = B_SPLINE_CURVE_WITH_KNOTS('',1,(#2237,#2238),.UNSPECIFIED.,.F.,
  .F.,(2,2),(-0.24,-0.),.PIECEWISE_BEZIER_KNOTS.);
#2237 = CARTESIAN_POINT('',(-9.93030631758E-03,6.049999999751,
    9.83041158671));
#2238 = CARTESIAN_POINT('',(9.930306612483E-03,6.050000000249,
    10.069588416804));
#2239 = PCURVE('',#856,#2240);
#2240 = DEFINITIONAL_REPRESENTATION('',(#2241),#2245);
#2241 = LINE('',#2242,#2243);
#2242 = CARTESIAN_POINT('',(0.,5.431078152858));
#2243 = VECTOR('',#2244,1.);
#2244 = DIRECTION('',(1.,0.));
#2245 = ( GEOMETRIC_REPRESENTATION_CONTEXT(2) 
PARAMETRIC_REPRESENTATION_CONTEXT() REPRESENTATION_CONTEXT('2D SPACE',''
  ) );
#2246 = PCURVE('',#1996,#2247);
#2247 = DEFINITIONAL_REPRESENTATION('',(#2248),#2251);
#2248 = B_SPLINE_CURVE_WITH_KNOTS('',1,(#2249,#2250),.UNSPECIFIED.,.F.,
  .F.,(2,2),(-0.24,-0.),.PIECEWISE_BEZIER_KNOTS.);
#2249 = CARTESIAN_POINT('',(0.119999998881,0.539614710031));
#2250 = CARTESIAN_POINT('',(-0.120000001119,0.539614709534));
#2251 = ( GEOMETRIC_REPRESENTATION_CONTEXT(2) 
PARAMETRIC_REPRESENTATION_CONTEXT() REPRESENTATION_CONTEXT('2D SPACE',''
  ) );
#2252 = ADVANCED_FACE('',(#2253),#1000,.F.);
#2253 = FACE_BOUND('',#2254,.F.);
#2254 = EDGE_LOOP('',(#2255,#2311,#2353,#2354));
#2255 = ORIENTED_EDGE('',*,*,#2256,.F.);
#2256 = EDGE_CURVE('',#2257,#2159,#2259,.T.);
#2257 = VERTEX_POINT('',#2258);
#2258 = CARTESIAN_POINT('',(-6.049999999969,-9.930306446532E-03,
    3.530411585171));
#2259 = SURFACE_CURVE('',#2260,(#2273,#2279),.PCURVE_S1.);
#2260 = B_SPLINE_CURVE_WITH_KNOTS('',11,(#2261,#2262,#2263,#2264,#2265,
    #2266,#2267,#2268,#2269,#2270,#2271,#2272),.UNSPECIFIED.,.F.,.F.,(12
    ,12),(0.,7.241437537144),.PIECEWISE_BEZIER_KNOTS.);
#2261 = CARTESIAN_POINT('',(-6.05,-9.930306465029E-03,3.530411584953));
#2262 = CARTESIAN_POINT('',(-6.044327821995,-3.465682215368,
    3.857684312942));
#2263 = CARTESIAN_POINT('',(-3.867809822529,-6.917792716008,
    4.184957037494));
#2264 = CARTESIAN_POINT('',(0.481570977729,-8.851283356049,
    4.512229771819));
#2265 = CARTESIAN_POINT('',(5.789315071852,-7.747061576242,
    4.839502485877));
#2266 = CARTESIAN_POINT('',(9.740774989119,-3.182824735588,
    5.166775231926));
#2267 = CARTESIAN_POINT('',(9.73027411071,3.214783989212,5.494047938185)
  );
#2268 = CARTESIAN_POINT('',(5.763852323345,7.766024632938,5.821320684274
    ));
#2269 = CARTESIAN_POINT('',(0.452511940666,8.852816534482,6.14859339828)
  );
#2270 = CARTESIAN_POINT('',(-3.890498274639,6.905058438823,
    6.475866132643));
#2271 = CARTESIAN_POINT('',(-6.055672177966,3.445821602458,
    6.803138857177));
#2272 = CARTESIAN_POINT('',(-6.049999999969,-9.930306446521E-03,
    7.130411585171));
#2273 = PCURVE('',#1000,#2274);
#2274 = DEFINITIONAL_REPRESENTATION('',(#2275),#2278);
#2275 = B_SPLINE_CURVE_WITH_KNOTS('',1,(#2276,#2277),.UNSPECIFIED.,.F.,
  .F.,(2,2),(0.,7.241437537144),.PIECEWISE_BEZIER_KNOTS.);
#2276 = CARTESIAN_POINT('',(-0.24,0.));
#2277 = CARTESIAN_POINT('',(-0.24,7.241437537144));
#2278 = ( GEOMETRIC_REPRESENTATION_CONTEXT(2) 
PARAMETRIC_REPRESENTATION_CONTEXT() REPRESENTATION_CONTEXT('2D SPACE',''
  ) );
#2279 = PCURVE('',#2280,#2305);
#2280 = B_SPLINE_SURFACE_WITH_KNOTS('',1,11,(
    (#2281,#2282,#2283,#2284,#2285,#2286,#2287,#2288,#2289,#2290,#2291
      ,#2292)
    ,(#2293,#2294,#2295,#2296,#2297,#2298,#2299,#2300,#2301,#2302,#2303
      ,#2304
    )),.UNSPECIFIED.,.F.,.F.,.F.,(2,2),(12,12),(-0.958274654836,-0.),(0.
    ,7.241437537144),.PIECEWISE_BEZIER_KNOTS.);
#2281 = CARTESIAN_POINT('',(-6.9,-4.654682142699E-02,3.089447249735));
#2282 = CARTESIAN_POINT('',(-6.873412516753,-3.987817604983,
    3.416719977005));
#2283 = CARTESIAN_POINT('',(-4.370984805494,-7.91229725586,
    3.743992704293));
#2284 = CARTESIAN_POINT('',(0.600763792517,-10.09213329544,
    4.071265431529));
#2285 = CARTESIAN_POINT('',(6.647846242692,-8.801861759191,4.39853815885
    ));
#2286 = CARTESIAN_POINT('',(11.127936165987,-3.573321548764,
    4.725810886097));
#2287 = CARTESIAN_POINT('',(11.078714873919,3.723125754485,
    5.053083613343));
#2288 = CARTESIAN_POINT('',(6.528493430017,8.890748242024,5.380356340688
    ));
#2289 = CARTESIAN_POINT('',(0.464553916626,10.099319839237,
    5.707629067883));
#2290 = CARTESIAN_POINT('',(-4.477333520236,7.852607242415,
    6.034901795205));
#2291 = CARTESIAN_POINT('',(-6.926587483106,3.894723962127,
    6.362174522459));
#2292 = CARTESIAN_POINT('',(-6.899999999855,-4.6546821427E-02,
    6.689447249735));
#2293 = CARTESIAN_POINT('',(-6.05,-9.930306465029E-03,3.530411584953));
#2294 = CARTESIAN_POINT('',(-6.044327821995,-3.465682215368,
    3.857684312942));
#2295 = CARTESIAN_POINT('',(-3.867809822529,-6.917792716008,
    4.184957037494));
#2296 = CARTESIAN_POINT('',(0.481570977729,-8.851283356049,
    4.512229771819));
#2297 = CARTESIAN_POINT('',(5.789315071852,-7.747061576242,
    4.839502485877));
#2298 = CARTESIAN_POINT('',(9.740774989119,-3.182824735588,
    5.166775231926));
#2299 = CARTESIAN_POINT('',(9.73027411071,3.214783989212,5.494047938185)
  );
#2300 = CARTESIAN_POINT('',(5.763852323345,7.766024632938,5.821320684274
    ));
#2301 = CARTESIAN_POINT('',(0.452511940666,8.852816534482,6.14859339828)
  );
#2302 = CARTESIAN_POINT('',(-3.890498274639,6.905058438823,
    6.475866132643));
#2303 = CARTESIAN_POINT('',(-6.055672177966,3.445821602458,
    6.803138857177));
#2304 = CARTESIAN_POINT('',(-6.049999999969,-9.930306446521E-03,
    7.130411585171));
#2305 = DEFINITIONAL_REPRESENTATION('',(#2306),#2310);
#2306 = LINE('',#2307,#2308);
#2307 = CARTESIAN_POINT('',(-0.,0.));
#2308 = VECTOR('',#2309,1.);
#2309 = DIRECTION('',(0.,1.));
#2310 = ( GEOMETRIC_REPRESENTATION_CONTEXT(2) 
PARAMETRIC_REPRESENTATION_CONTEXT() REPRESENTATION_CONTEXT('2D SPACE',''
  ) );
#2311 = ORIENTED_EDGE('',*,*,#2312,.T.);
#2312 = EDGE_CURVE('',#2257,#976,#2313,.T.);
#2313 = SURFACE_CURVE('',#2314,(#2317,#2323),.PCURVE_S1.);
#2314 = B_SPLINE_CURVE_WITH_KNOTS('',1,(#2315,#2316),.UNSPECIFIED.,.F.,
  .F.,(2,2),(-0.24,-0.),.PIECEWISE_BEZIER_KNOTS.);
#2315 = CARTESIAN_POINT('',(-6.049999999969,-9.930306446532E-03,
    3.530411585171));
#2316 = CARTESIAN_POINT('',(-6.050000000031,9.930306483521E-03,
    3.769588415266));
#2317 = PCURVE('',#1000,#2318);
#2318 = DEFINITIONAL_REPRESENTATION('',(#2319),#2322);
#2319 = B_SPLINE_CURVE_WITH_KNOTS('',1,(#2320,#2321),.UNSPECIFIED.,.F.,
  .F.,(2,2),(-0.24,-0.),.PIECEWISE_BEZIER_KNOTS.);
#2320 = CARTESIAN_POINT('',(-0.24,0.));
#2321 = CARTESIAN_POINT('',(0.,0.));
#2322 = ( GEOMETRIC_REPRESENTATION_CONTEXT(2) 
PARAMETRIC_REPRESENTATION_CONTEXT() REPRESENTATION_CONTEXT('2D SPACE',''
  ) );
#2323 = PCURVE('',#2324,#2347);
#2324 = B_SPLINE_SURFACE_WITH_KNOTS('',1,10,(
    (#2325,#2326,#2327,#2328,#2329,#2330,#2331,#2332,#2333,#2334,#2335)
    ,(#2336,#2337,#2338,#2339,#2340,#2341,#2342,#2343,#2344,#2345,#2346
    )),.UNSPECIFIED.,.F.,.F.,.F.,(2,2),(11,11),(-0.24,-0.),(0.,
    7.241437537144),.PIECEWISE_BEZIER_KNOTS.);
#2325 = CARTESIAN_POINT('',(-6.05,-9.930306465021E-03,
    -6.958841504724E-02));
#2326 = CARTESIAN_POINT('',(-6.043760604194,-3.811257406258,
    0.290411585741));
#2327 = CARTESIAN_POINT('',(-3.384260028815,-7.611286759396,
    0.650411583062));
#2328 = CARTESIAN_POINT('',(1.931227716286,-9.298074293409,
    1.010411588366));
#2329 = CARTESIAN_POINT('',(7.994021814741,-6.912790841824,
    1.370411582273));
#2330 = CARTESIAN_POINT('',(11.196250140053,1.837722226458E-02,
    1.730411585024));
#2331 = CARTESIAN_POINT('',(7.971285868754,6.938995866361,2.090411587916
    ));
#2332 = CARTESIAN_POINT('',(1.900694174382,9.304363906385,2.450411581717
    ));
#2333 = CARTESIAN_POINT('',(-3.409227645512,7.600136112372,
    2.810411587079));
#2334 = CARTESIAN_POINT('',(-6.056239395765,3.791396793348,
    3.170411584378));
#2335 = CARTESIAN_POINT('',(-6.049999999969,-9.930306446532E-03,
    3.530411585171));
#2336 = CARTESIAN_POINT('',(-6.05,9.930306465021E-03,0.169588415047));
#2337 = CARTESIAN_POINT('',(-6.056239395809,-3.791396793347,
    0.529588415837));
#2338 = CARTESIAN_POINT('',(-3.409227645548,-7.600136112406,
    0.889588413148));
#2339 = CARTESIAN_POINT('',(1.900694174355,-9.304363906427,
    1.249588418481));
#2340 = CARTESIAN_POINT('',(7.971285868777,-6.938995866439,
    1.609588412333));
#2341 = CARTESIAN_POINT('',(11.196250140117,-1.837722227933E-02,
    1.969588415159));
#2342 = CARTESIAN_POINT('',(7.99402181479,6.912790841817,2.329588417976)
  );
#2343 = CARTESIAN_POINT('',(1.931227716338,9.298074293462,2.689588411832
    ));
#2344 = CARTESIAN_POINT('',(-3.384260028816,7.61128675944,3.049588417165
    ));
#2345 = CARTESIAN_POINT('',(-6.043760604211,3.811257406298,
    3.409588414474));
#2346 = CARTESIAN_POINT('',(-6.050000000031,9.930306483521E-03,
    3.769588415266));
#2347 = DEFINITIONAL_REPRESENTATION('',(#2348),#2352);
#2348 = LINE('',#2349,#2350);
#2349 = CARTESIAN_POINT('',(0.,7.241437537144));
#2350 = VECTOR('',#2351,1.);
#2351 = DIRECTION('',(1.,0.));
#2352 = ( GEOMETRIC_REPRESENTATION_CONTEXT(2) 
PARAMETRIC_REPRESENTATION_CONTEXT() REPRESENTATION_CONTEXT('2D SPACE',''
  ) );
#2353 = ORIENTED_EDGE('',*,*,#975,.T.);
#2354 = ORIENTED_EDGE('',*,*,#2213,.F.);
#2355 = ADVANCED_FACE('',(#2356),#1043,.F.);
#2356 = FACE_BOUND('',#2357,.F.);
#2357 = EDGE_LOOP('',(#2358,#2389,#2415,#2559,#2560));
#2358 = ORIENTED_EDGE('',*,*,#2359,.F.);
#2359 = EDGE_CURVE('',#2360,#976,#2362,.T.);
#2360 = VERTEX_POINT('',#2361);
#2361 = CARTESIAN_POINT('',(-6.05,9.930306465021E-03,0.169588415047));
#2362 = SURFACE_CURVE('',#2363,(#2376,#2383),.PCURVE_S1.);
#2363 = B_SPLINE_CURVE_WITH_KNOTS('',11,(#2364,#2365,#2366,#2367,#2368,
    #2369,#2370,#2371,#2372,#2373,#2374,#2375),.UNSPECIFIED.,.F.,.F.,(12
    ,12),(0.,7.241437537144),.PIECEWISE_BEZIER_KNOTS.);
#2364 = CARTESIAN_POINT('',(-6.05,9.930306465025E-03,0.169588415047));
#2365 = CARTESIAN_POINT('',(-6.055672178009,-3.445821602455,
    0.496861143038));
#2366 = CARTESIAN_POINT('',(-3.890498274673,-6.905058438851,
    0.824133867583));
#2367 = CARTESIAN_POINT('',(0.452511940619,-8.85281653452,1.151406601925
    ));
#2368 = CARTESIAN_POINT('',(5.763852323393,-7.766024633005,
    1.478679315958));
#2369 = CARTESIAN_POINT('',(9.730274110688,-3.214783989254,
    1.805952062026));
#2370 = CARTESIAN_POINT('',(9.740774989242,3.182824735576,2.133224768287
    ));
#2371 = CARTESIAN_POINT('',(5.789315071858,7.747061576257,2.460497514353
    ));
#2372 = CARTESIAN_POINT('',(0.481570977784,8.8512833561,2.787770228387)
  );
#2373 = CARTESIAN_POINT('',(-3.867809822536,6.917792716051,
    3.115042962731));
#2374 = CARTESIAN_POINT('',(-6.044327822013,3.465682215406,
    3.442315687273));
#2375 = CARTESIAN_POINT('',(-6.050000000031,9.930306483521E-03,
    3.769588415266));
#2376 = PCURVE('',#1043,#2377);
#2377 = DEFINITIONAL_REPRESENTATION('',(#2378),#2382);
#2378 = LINE('',#2379,#2380);
#2379 = CARTESIAN_POINT('',(-0.958274654836,0.));
#2380 = VECTOR('',#2381,1.);
#2381 = DIRECTION('',(0.,1.));
#2382 = ( GEOMETRIC_REPRESENTATION_CONTEXT(2) 
PARAMETRIC_REPRESENTATION_CONTEXT() REPRESENTATION_CONTEXT('2D SPACE',''
  ) );
#2383 = PCURVE('',#2324,#2384);
#2384 = DEFINITIONAL_REPRESENTATION('',(#2385),#2388);
#2385 = B_SPLINE_CURVE_WITH_KNOTS('',1,(#2386,#2387),.UNSPECIFIED.,.F.,
  .F.,(2,2),(0.,7.241437537144),.PIECEWISE_BEZIER_KNOTS.);
#2386 = CARTESIAN_POINT('',(0.,0.));
#2387 = CARTESIAN_POINT('',(0.,7.241437537144));
#2388 = ( GEOMETRIC_REPRESENTATION_CONTEXT(2) 
PARAMETRIC_REPRESENTATION_CONTEXT() REPRESENTATION_CONTEXT('2D SPACE',''
  ) );
#2389 = ORIENTED_EDGE('',*,*,#2390,.T.);
#2390 = EDGE_CURVE('',#2360,#2391,#2393,.T.);
#2391 = VERTEX_POINT('',#2392);
#2392 = CARTESIAN_POINT('',(-6.899843043346,4.654006000856E-02,
    0.610471324045));
#2393 = SURFACE_CURVE('',#2394,(#2397,#2404),.PCURVE_S1.);
#2394 = B_SPLINE_CURVE_WITH_KNOTS('',1,(#2395,#2396),.UNSPECIFIED.,.F.,
  .F.,(2,2),(-0.958274654836,-0.),.PIECEWISE_BEZIER_KNOTS.);
#2395 = CARTESIAN_POINT('',(-6.05,9.930306465025E-03,0.169588415047));
#2396 = CARTESIAN_POINT('',(-6.9,4.654682142698E-02,0.610552750265));
#2397 = PCURVE('',#1043,#2398);
#2398 = DEFINITIONAL_REPRESENTATION('',(#2399),#2403);
#2399 = LINE('',#2400,#2401);
#2400 = CARTESIAN_POINT('',(0.,0.));
#2401 = VECTOR('',#2402,1.);
#2402 = DIRECTION('',(1.,0.));
#2403 = ( GEOMETRIC_REPRESENTATION_CONTEXT(2) 
PARAMETRIC_REPRESENTATION_CONTEXT() REPRESENTATION_CONTEXT('2D SPACE',''
  ) );
#2404 = PCURVE('',#2405,#2410);
#2405 = PLANE('',#2406);
#2406 = AXIS2_PLACEMENT_3D('',#2407,#2408,#2409);
#2407 = CARTESIAN_POINT('',(-6.589614709782,1.883923735973E-15,5.E-02));
#2408 = DIRECTION('',(-3.847105682975E-15,-0.996570125394,
    8.275255387519E-02));
#2409 = DIRECTION('',(0.,-8.275255387519E-02,-0.996570125394));
#2410 = DEFINITIONAL_REPRESENTATION('',(#2411),#2414);
#2411 = B_SPLINE_CURVE_WITH_KNOTS('',1,(#2412,#2413),.UNSPECIFIED.,.F.,
  .F.,(2,2),(-0.958274654836,-0.),.PIECEWISE_BEZIER_KNOTS.);
#2412 = CARTESIAN_POINT('',(-0.12,0.539614709782));
#2413 = CARTESIAN_POINT('',(-0.562481992969,-0.310385290218));
#2414 = ( GEOMETRIC_REPRESENTATION_CONTEXT(2) 
PARAMETRIC_REPRESENTATION_CONTEXT() REPRESENTATION_CONTEXT('2D SPACE',''
  ) );
#2415 = ORIENTED_EDGE('',*,*,#2416,.T.);
#2416 = EDGE_CURVE('',#2391,#1553,#2417,.T.);
#2417 = SURFACE_CURVE('',#2418,(#2463,#2511),.PCURVE_S1.);
#2418 = B_SPLINE_CURVE_WITH_KNOTS('',8,(#2419,#2420,#2421,#2422,#2423,
    #2424,#2425,#2426,#2427,#2428,#2429,#2430,#2431,#2432,#2433,#2434,
    #2435,#2436,#2437,#2438,#2439,#2440,#2441,#2442,#2443,#2444,#2445,
    #2446,#2447,#2448,#2449,#2450,#2451,#2452,#2453,#2454,#2455,#2456,
    #2457,#2458,#2459,#2460,#2461,#2462),.UNSPECIFIED.,.F.,.F.,(9,7,7,7,
    7,7,9),(0.,9.138484177273E-02,0.263230791456,0.53067865573,
    0.747255246459,0.940555477431,1.),.UNSPECIFIED.);
#2419 = CARTESIAN_POINT('',(-6.899843043346,4.654006000855E-02,
    0.610471324045));
#2420 = CARTESIAN_POINT('',(-6.901516574722,-0.201571004346,
    0.631074280845));
#2421 = CARTESIAN_POINT('',(-6.892993574992,-0.44975375099,
    0.651676373131));
#2422 = CARTESIAN_POINT('',(-6.874270923031,-0.697515256404,
    0.672278028441));
#2423 = CARTESIAN_POINT('',(-6.845373479393,-0.944366075587,
    0.69287966818));
#2424 = CARTESIAN_POINT('',(-6.806354048492,-1.189820441877,
    0.713481631979));
#2425 = CARTESIAN_POINT('',(-6.757293340786,-1.433396466765,
    0.734084102041));
#2426 = CARTESIAN_POINT('',(-6.698299934964,-1.674616339711,
    0.754687027498));
#2427 = CARTESIAN_POINT('',(-6.500153661859,-2.361290811227,
    0.814033298598));
#2428 = CARTESIAN_POINT('',(-6.336135632602,-2.799641283985,
    0.85278303264));
#2429 = CARTESIAN_POINT('',(-6.138368615846,-3.224835594882,
    0.891531112611));
#2430 = CARTESIAN_POINT('',(-5.908113589287,-3.633852019328,
    0.930276215771));
#2431 = CARTESIAN_POINT('',(-5.646928938557,-4.023844910223,
    0.969020787094));
#2432 = CARTESIAN_POINT('',(-5.3566514081,-4.392139819435,1.00776768166)
  );
#2433 = CARTESIAN_POINT('',(-5.039409109216,-4.736248290048,
    1.046516497275));
#2434 = CARTESIAN_POINT('',(-4.165804715171,-5.548274702767,
    1.145556388627));
#2435 = CARTESIAN_POINT('',(-3.574052812736,-5.979079420514,
    1.205901098025));
#2436 = CARTESIAN_POINT('',(-2.931896467676,-6.337163787598,
    1.266218150377));
#2437 = CARTESIAN_POINT('',(-2.249929841762,-6.615997018561,
    1.326517165964));
#2438 = CARTESIAN_POINT('',(-1.539362410277,-6.810728536319,
    1.386817019188));
#2439 = CARTESIAN_POINT('',(-0.812037188288,-6.918369890849,
    1.447135772654));
#2440 = CARTESIAN_POINT('',(-8.033180024838E-02,-6.937638434855,
    1.507481756528));
#2441 = CARTESIAN_POINT('',(1.228117861987,-6.815239957874,1.61660611683
    ));
#2442 = CARTESIAN_POINT('',(1.808453218349,-6.703431663355,
    1.665450541587));
#2443 = CARTESIAN_POINT('',(2.376863569858,-6.535152257839,
    1.714285789678));
#2444 = CARTESIAN_POINT('',(2.926955896204,-6.311978603438,
    1.763113137905));
#2445 = CARTESIAN_POINT('',(3.452689856339,-6.03627604115,1.811940450107
    ));
#2446 = CARTESIAN_POINT('',(3.948357695107,-5.711126993731,
    1.860775636193));
#2447 = CARTESIAN_POINT('',(4.408625458212,-5.340392322567,
    1.909620068931));
#2448 = CARTESIAN_POINT('',(5.203566207527,-4.56161581918,2.002027868699
    ));
#2449 = CARTESIAN_POINT('',(5.546622075015,-4.161669005773,
    2.045617785571));
#2450 = CARTESIAN_POINT('',(5.854379967348,-3.732389315359,2.0892038127)
  );
#2451 = CARTESIAN_POINT('',(6.123958670504,-3.277449159135,
    2.132784821677));
#2452 = CARTESIAN_POINT('',(6.352957122383,-2.800791109518,
    2.176365984213));
#2453 = CARTESIAN_POINT('',(6.539426780714,-2.306599824294,
    2.219952438945));
#2454 = CARTESIAN_POINT('',(6.681910275033,-1.799309619066,
    2.263542961278));
#2455 = CARTESIAN_POINT('',(6.809571808285,-1.125069102023,
    2.320525753848));
#2456 = CARTESIAN_POINT('',(6.835358156167,-0.965687530354,
    2.333927852685));
#2457 = CARTESIAN_POINT('',(6.856880280042,-0.805635673512,
    2.347329927856));
#2458 = CARTESIAN_POINT('',(6.87411809047,-0.645046708728,2.360731974604
    ));
#2459 = CARTESIAN_POINT('',(6.8870565149,-0.484054289954,2.374133988358)
  );
#2460 = CARTESIAN_POINT('',(6.89568549767,-0.322792547859,2.387535964735
    ));
#2461 = CARTESIAN_POINT('',(6.9,-0.161396089837,2.400937899538));
#2462 = CARTESIAN_POINT('',(6.9,-8.881784197001E-16,2.414339788759));
#2463 = PCURVE('',#1043,#2464);
#2464 = DEFINITIONAL_REPRESENTATION('',(#2465),#2510);
#2465 = B_SPLINE_CURVE_WITH_KNOTS('',8,(#2466,#2467,#2468,#2469,#2470,
    #2471,#2472,#2473,#2474,#2475,#2476,#2477,#2478,#2479,#2480,#2481,
    #2482,#2483,#2484,#2485,#2486,#2487,#2488,#2489,#2490,#2491,#2492,
    #2493,#2494,#2495,#2496,#2497,#2498,#2499,#2500,#2501,#2502,#2503,
    #2504,#2505,#2506,#2507,#2508,#2509),.UNSPECIFIED.,.F.,.F.,(9,7,7,7,
    7,7,9),(0.,9.138484177273E-02,0.263230791456,0.53067865573,
    0.747255246459,0.940555477431,1.),.UNSPECIFIED.);
#2466 = CARTESIAN_POINT('',(-1.769500978218E-04,0.));
#2467 = CARTESIAN_POINT('',(-1.769501704732E-04,4.144306249642E-02));
#2468 = CARTESIAN_POINT('',(-1.794102076043E-04,8.288666302227E-02));
#2469 = CARTESIAN_POINT('',(-1.826716144322E-04,0.124330126335));
#2470 = CARTESIAN_POINT('',(-1.857328071008E-04,0.165773373005));
#2471 = CARTESIAN_POINT('',(-1.88093222344E-04,0.207216622866));
#2472 = CARTESIAN_POINT('',(-1.89597327147E-04,0.248660098456));
#2473 = CARTESIAN_POINT('',(-1.902786284091E-04,0.29010372847));
#2474 = CARTESIAN_POINT('',(-1.900627496848E-04,0.409479171768));
#2475 = CARTESIAN_POINT('',(-1.87258793937E-04,0.48742207042));
#2476 = CARTESIAN_POINT('',(-1.826166336506E-04,0.5653599404));
#2477 = CARTESIAN_POINT('',(-1.7780131747E-04,0.643291662219));
#2478 = CARTESIAN_POINT('',(-1.741061833731E-04,0.721223351111));
#2479 = CARTESIAN_POINT('',(-1.71928771183E-04,0.799161118071));
#2480 = CARTESIAN_POINT('',(-1.709345886144E-04,0.877103844473));
#2481 = CARTESIAN_POINT('',(-1.708684878188E-04,1.076323557431));
#2482 = CARTESIAN_POINT('',(-1.731049497763E-04,1.197709639725));
#2483 = CARTESIAN_POINT('',(-1.763964984169E-04,1.319041066202));
#2484 = CARTESIAN_POINT('',(-1.78206397378E-04,1.440334840081));
#2485 = CARTESIAN_POINT('',(-1.779623827261E-04,1.56162839772));
#2486 = CARTESIAN_POINT('',(-1.770325385617E-04,1.682959338572));
#2487 = CARTESIAN_POINT('',(-1.762960054892E-04,1.804345232607));
#2488 = CARTESIAN_POINT('',(-1.761062910273E-04,2.023849845588));
#2489 = CARTESIAN_POINT('',(-1.764337287037E-04,2.122101218372));
#2490 = CARTESIAN_POINT('',(-1.773927736328E-04,2.220334716828));
#2491 = CARTESIAN_POINT('',(-1.789740611655E-04,2.31855290059));
#2492 = CARTESIAN_POINT('',(-1.807724027496E-04,2.416771212799));
#2493 = CARTESIAN_POINT('',(-1.822409799379E-04,2.515005058168));
#2494 = CARTESIAN_POINT('',(-1.830199046106E-04,2.613256864915));
#2495 = CARTESIAN_POINT('',(-1.829673598668E-04,2.799136069046));
#2496 = CARTESIAN_POINT('',(-1.823027472501E-04,2.886817026163));
#2497 = CARTESIAN_POINT('',(-1.809023684493E-04,2.974489477975));
#2498 = CARTESIAN_POINT('',(-1.788572946787E-04,3.062151238976));
#2499 = CARTESIAN_POINT('',(-1.76431131116E-04,3.149812956117));
#2500 = CARTESIAN_POINT('',(-1.739973047999E-04,3.237485311471));
#2501 = CARTESIAN_POINT('',(-1.719281116434E-04,3.325166186363));
#2502 = CARTESIAN_POINT('',(-1.699765151168E-04,3.439785861326));
#2503 = CARTESIAN_POINT('',(-1.695720604051E-04,3.466743948606));
#2504 = CARTESIAN_POINT('',(-1.692291532742E-04,3.493702045226));
#2505 = CARTESIAN_POINT('',(-1.689533351966E-04,3.520660146674));
#2506 = CARTESIAN_POINT('',(-1.687486942707E-04,3.547618247526));
#2507 = CARTESIAN_POINT('',(-1.686178652207E-04,3.574576341443));
#2508 = CARTESIAN_POINT('',(-1.685620293968E-04,3.601534421178));
#2509 = CARTESIAN_POINT('',(-1.685809147748E-04,3.628492478568));
#2510 = ( GEOMETRIC_REPRESENTATION_CONTEXT(2) 
PARAMETRIC_REPRESENTATION_CONTEXT() REPRESENTATION_CONTEXT('2D SPACE',''
  ) );
#2511 = PCURVE('',#1568,#2512);
#2512 = DEFINITIONAL_REPRESENTATION('',(#2513),#2558);
#2513 = B_SPLINE_CURVE_WITH_KNOTS('',8,(#2514,#2515,#2516,#2517,#2518,
    #2519,#2520,#2521,#2522,#2523,#2524,#2525,#2526,#2527,#2528,#2529,
    #2530,#2531,#2532,#2533,#2534,#2535,#2536,#2537,#2538,#2539,#2540,
    #2541,#2542,#2543,#2544,#2545,#2546,#2547,#2548,#2549,#2550,#2551,
    #2552,#2553,#2554,#2555,#2556,#2557),.UNSPECIFIED.,.F.,.F.,(9,7,7,7,
    7,7,9),(0.,9.138484177273E-02,0.263230791456,0.53067865573,
    0.747255246459,0.940555477431,1.),.UNSPECIFIED.);
#2514 = CARTESIAN_POINT('',(3.134847666213,0.610471324045));
#2515 = CARTESIAN_POINT('',(3.170806609452,0.631074280845));
#2516 = CARTESIAN_POINT('',(3.206765975771,0.651676373131));
#2517 = CARTESIAN_POINT('',(3.242725173954,0.672278028441));
#2518 = CARTESIAN_POINT('',(3.278684148989,0.69287966818));
#2519 = CARTESIAN_POINT('',(3.314643116005,0.713481631979));
#2520 = CARTESIAN_POINT('',(3.350602294202,0.734084102041));
#2521 = CARTESIAN_POINT('',(3.386561640787,0.754687027498));
#2522 = CARTESIAN_POINT('',(3.490140102338,0.814033298598));
#2523 = CARTESIAN_POINT('',(3.557768934973,0.85278303264));
#2524 = CARTESIAN_POINT('',(3.625393608611,0.891531112611));
#2525 = CARTESIAN_POINT('',(3.693013094149,0.930276215771));
#2526 = CARTESIAN_POINT('',(3.760632589023,0.969020787094));
#2527 = CARTESIAN_POINT('',(3.828257291044,1.00776768166));
#2528 = CARTESIAN_POINT('',(3.895886164639,1.046516497275));
#2529 = CARTESIAN_POINT('',(4.068743560536,1.145556388627));
#2530 = CARTESIAN_POINT('',(4.174066538542,1.205901098025));
#2531 = CARTESIAN_POINT('',(4.279341690729,1.266218150377));
#2532 = CARTESIAN_POINT('',(4.38458396383,1.326517165964));
#2533 = CARTESIAN_POINT('',(4.489826261571,1.386817019188));
#2534 = CARTESIAN_POINT('',(4.595101345597,1.447135772654));
#2535 = CARTESIAN_POINT('',(4.700424429226,1.507481756528));
#2536 = CARTESIAN_POINT('',(4.89088269801,1.61660611683));
#2537 = CARTESIAN_POINT('',(4.976132913407,1.665450541587));
#2538 = CARTESIAN_POINT('',(5.06136769361,1.714285789678));
#2539 = CARTESIAN_POINT('',(5.146589162088,1.763113137905));
#2540 = CARTESIAN_POINT('',(5.231810634385,1.811940450107));
#2541 = CARTESIAN_POINT('',(5.317045440554,1.860775636193));
#2542 = CARTESIAN_POINT('',(5.402295704604,1.909620068931));
#2543 = CARTESIAN_POINT('',(5.563577565424,2.002027868699));
#2544 = CARTESIAN_POINT('',(5.639655653428,2.045617785571));
#2545 = CARTESIAN_POINT('',(5.715726313454,2.0892038127));
#2546 = CARTESIAN_POINT('',(5.791787691664,2.132784821677));
#2547 = CARTESIAN_POINT('',(5.867849064546,2.176365984213));
#2548 = CARTESIAN_POINT('',(5.943919722073,2.219952438945));
#2549 = CARTESIAN_POINT('',(6.019997826681,2.263542961278));
#2550 = CARTESIAN_POINT('',(6.119449985124,2.320525753848));
#2551 = CARTESIAN_POINT('',(6.1428407373,2.333927852685));
#2552 = CARTESIAN_POINT('',(6.166231501003,2.347329927856));
#2553 = CARTESIAN_POINT('',(6.189622271798,2.360731974604));
#2554 = CARTESIAN_POINT('',(6.213013044393,2.374133988358));
#2555 = CARTESIAN_POINT('',(6.236403812637,2.387535964735));
#2556 = CARTESIAN_POINT('',(6.259794569522,2.400937899538));
#2557 = CARTESIAN_POINT('',(6.28318530718,2.414339788759));
#2558 = ( GEOMETRIC_REPRESENTATION_CONTEXT(2) 
PARAMETRIC_REPRESENTATION_CONTEXT() REPRESENTATION_CONTEXT('2D SPACE',''
  ) );
#2559 = ORIENTED_EDGE('',*,*,#1580,.T.);
#2560 = ORIENTED_EDGE('',*,*,#1029,.F.);
#2561 = ADVANCED_FACE('',(#2562),#1568,.T.);
#2562 = FACE_BOUND('',#2563,.T.);
#2563 = EDGE_LOOP('',(#2564,#2565,#2566,#2796,#2825,#2852));
#2564 = ORIENTED_EDGE('',*,*,#2416,.T.);
#2565 = ORIENTED_EDGE('',*,*,#1552,.T.);
#2566 = ORIENTED_EDGE('',*,*,#2567,.F.);
#2567 = EDGE_CURVE('',#2568,#1499,#2570,.T.);
#2568 = VERTEX_POINT('',#2569);
#2569 = CARTESIAN_POINT('',(4.301576068132,5.395038770025,0.));
#2570 = SURFACE_CURVE('',#2571,(#2644,#2720),.PCURVE_S1.);
#2571 = B_SPLINE_CURVE_WITH_KNOTS('',8,(#2572,#2573,#2574,#2575,#2576,
    #2577,#2578,#2579,#2580,#2581,#2582,#2583,#2584,#2585,#2586,#2587,
    #2588,#2589,#2590,#2591,#2592,#2593,#2594,#2595,#2596,#2597,#2598,
    #2599,#2600,#2601,#2602,#2603,#2604,#2605,#2606,#2607,#2608,#2609,
    #2610,#2611,#2612,#2613,#2614,#2615,#2616,#2617,#2618,#2619,#2620,
    #2621,#2622,#2623,#2624,#2625,#2626,#2627,#2628,#2629,#2630,#2631,
    #2632,#2633,#2634,#2635,#2636,#2637,#2638,#2639,#2640,#2641,#2642,
    #2643),.UNSPECIFIED.,.F.,.F.,(9,7,7,7,7,7,7,7,7,7,9),(0.,
    8.803531788726E-02,0.150408576049,0.270423555026,0.419400328522,
    0.564521036655,0.688327787662,0.748401196551,0.849238646921,
    0.948377151438,1.),.UNSPECIFIED.);
#2572 = CARTESIAN_POINT('',(4.301581717756,5.395034265458,
    -6.000000002029E-07));
#2573 = CARTESIAN_POINT('',(3.981884982526,5.64993563671,
    3.395176994493E-02));
#2574 = CARTESIAN_POINT('',(3.644898972959,5.883207331193,
    6.790723017419E-02));
#2575 = CARTESIAN_POINT('',(3.292369069315,6.093447874585,0.101861622315
    ));
#2576 = CARTESIAN_POINT('',(2.926142860328,6.279462434776,0.135814475102
    ));
#2577 = CARTESIAN_POINT('',(2.548156799454,6.440240525393,0.169767210079
    ));
#2578 = CARTESIAN_POINT('',(2.160430134556,6.574949329334,0.203721314186
    ));
#2579 = CARTESIAN_POINT('',(1.76506611102,6.682942642306,0.237676479214)
  );
#2580 = CARTESIAN_POINT('',(1.080288564344,6.821062772165,0.295683953139
    ));
#2581 = CARTESIAN_POINT('',(0.793562390063,6.864715806771,0.319739627083
    ));
#2582 = CARTESIAN_POINT('',(0.504853237189,6.894587934693,0.343795013581
    ));
#2583 = CARTESIAN_POINT('',(0.214934920733,6.910577741913,0.36785007665)
  );
#2584 = CARTESIAN_POINT('',(-7.54167472813E-02,6.912635679584,
    0.391905120947));
#2585 = CARTESIAN_POINT('',(-0.36542437196,6.900762968538,0.415960450732
    ));
#2586 = CARTESIAN_POINT('',(-0.654309297561,6.875012734614,
    0.440016027575));
#2587 = CARTESIAN_POINT('',(-1.493486872598,6.759452531684,
    0.510356543218));
#2588 = CARTESIAN_POINT('',(-2.038817497852,6.632408862765,
    0.556655180482));
#2589 = CARTESIAN_POINT('',(-2.571550197485,6.455103593463,
    0.602947346545));
#2590 = CARTESIAN_POINT('',(-3.086295565124,6.22906648124,0.649233773938
    ));
#2591 = CARTESIAN_POINT('',(-3.577966249596,5.95645785109,0.69552032033)
  );
#2592 = CARTESIAN_POINT('',(-4.041761583457,5.640016595348,
    0.741812778396));
#2593 = CARTESIAN_POINT('',(-4.473199621061,5.283103883493,
    0.788111718599));
#2594 = CARTESIAN_POINT('',(-5.358559949751,4.401657201555,
    0.891852407084));
#2595 = CARTESIAN_POINT('',(-5.793283672025,3.856960787474,
    0.949345432518));
#2596 = CARTESIAN_POINT('',(-6.164233645874,3.263601648623,
    1.006816728346));
#2597 = CARTESIAN_POINT('',(-6.465309074506,2.630437391713,
    1.064272164625));
#2598 = CARTESIAN_POINT('',(-6.691791898117,1.966924711049,
    1.121727487351));
#2599 = CARTESIAN_POINT('',(-6.840458030748,1.283128400933,1.17919849619
    ));
#2600 = CARTESIAN_POINT('',(-6.909490931399,0.589648411886,
    1.236691354323));
#2601 = CARTESIAN_POINT('',(-6.889260683953,-0.776127910335,
    1.350114282207));
#2602 = CARTESIAN_POINT('',(-6.804036061278,-1.449354034867,
    1.40611646307));
#2603 = CARTESIAN_POINT('',(-6.643566001791,-2.11143915857,
    1.462100835376));
#2604 = CARTESIAN_POINT('',(-6.409758265297,-2.752632657786,
    1.518071929174));
#2605 = CARTESIAN_POINT('',(-6.105791410113,-3.363696715653,
    1.574043012398));
#2606 = CARTESIAN_POINT('',(-5.73617559117,-3.935965367711,
    1.630027356732));
#2607 = CARTESIAN_POINT('',(-5.30666777413,-4.461341104374,
    1.686029531357));
#2608 = CARTESIAN_POINT('',(-4.413770258437,-5.334723608908,
    1.789745361569));
#2609 = CARTESIAN_POINT('',(-3.96427891995,-5.697782306082,
    1.837508087377));
#2610 = CARTESIAN_POINT('',(-3.480870178196,-6.017328365316,
    1.88526257445));
#2611 = CARTESIAN_POINT('',(-2.968518329906,-6.289738047867,
    1.933009947989));
#2612 = CARTESIAN_POINT('',(-2.43254496583,-6.512098195727,
    1.980757342442));
#2613 = CARTESIAN_POINT('',(-1.878581524441,-6.682152630917,
    2.028511885094));
#2614 = CARTESIAN_POINT('',(-1.312587066051,-6.79836440164,2.07627464324
    ));
#2615 = CARTESIAN_POINT('',(-0.463499926644,-6.890066306448,
    2.14719042143));
#2616 = CARTESIAN_POINT('',(-0.184714633318,-6.907206569472,
    2.170359002919));
#2617 = CARTESIAN_POINT('',(9.476176823892E-02,-6.911451935595,
    2.193527456443));
#2618 = CARTESIAN_POINT('',(0.374232729994,-6.902773480519,
    2.216695719127));
#2619 = CARTESIAN_POINT('',(0.653003844567,-6.8811869277,2.239864004076)
  );
#2620 = CARTESIAN_POINT('',(0.930383102561,-6.846751732908,
    2.263032523087));
#2621 = CARTESIAN_POINT('',(1.205681240401,-6.799571948309,
    2.286201210256));
#2622 = CARTESIAN_POINT('',(1.935674564653,-6.639465535089,
    2.348258963719));
#2623 = CARTESIAN_POINT('',(2.385419185822,-6.503631830489,
    2.387153832123));
#2624 = CARTESIAN_POINT('',(2.824133085111,-6.333006865644,
    2.426046103423));
#2625 = CARTESIAN_POINT('',(3.2486840883,-6.128666229145,2.464935114521)
  );
#2626 = CARTESIAN_POINT('',(3.656099054943,-5.891998260054,
    2.503823942384));
#2627 = CARTESIAN_POINT('',(4.043560136866,-5.624684284458,2.54271578459
    ));
#2628 = CARTESIAN_POINT('',(4.408419044279,-5.328712813289,
    2.581610265527));
#2629 = CARTESIAN_POINT('',(5.082314348222,-4.689572565734,
    2.658733848269));
#2630 = CARTESIAN_POINT('',(5.392279046041,-4.347196383664,
    2.696973406445));
#2631 = CARTESIAN_POINT('',(5.675779079568,-3.981501265082,
    2.735211196553));
#2632 = CARTESIAN_POINT('',(5.930789590383,-3.594895585914,
    2.773446827532));
#2633 = CARTESIAN_POINT('',(6.155563401058,-3.189962290868,
    2.811682947795));
#2634 = CARTESIAN_POINT('',(6.348618934303,-2.769445251168,
    2.849921820306));
#2635 = CARTESIAN_POINT('',(6.508757845233,-2.336253677307,
    2.888162188408));
#2636 = CARTESIAN_POINT('',(6.700906987747,-1.662928338066,
    2.946305554498));
#2637 = CARTESIAN_POINT('',(6.757546288542,-1.429756913559,
    2.966214569451));
#2638 = CARTESIAN_POINT('',(6.804908467048,-1.194397769487,
    2.986123168786));
#2639 = CARTESIAN_POINT('',(6.842895992963,-0.95728210313,3.006031309569
    ));
#2640 = CARTESIAN_POINT('',(6.871435634964,-0.718844690383,
    3.025939149717));
#2641 = CARTESIAN_POINT('',(6.890478487902,-0.479523723279,
    3.045846983288));
#2642 = CARTESIAN_POINT('',(6.899999999991,-0.239760647519,
    3.065755175769));
#2643 = CARTESIAN_POINT('',(6.9,-1.7763568394E-15,3.085664099369));
#2644 = PCURVE('',#1568,#2645);
#2645 = DEFINITIONAL_REPRESENTATION('',(#2646),#2719);
#2646 = B_SPLINE_CURVE_WITH_KNOTS('',8,(#2647,#2648,#2649,#2650,#2651,
    #2652,#2653,#2654,#2655,#2656,#2657,#2658,#2659,#2660,#2661,#2662,
    #2663,#2664,#2665,#2666,#2667,#2668,#2669,#2670,#2671,#2672,#2673,
    #2674,#2675,#2676,#2677,#2678,#2679,#2680,#2681,#2682,#2683,#2684,
    #2685,#2686,#2687,#2688,#2689,#2690,#2691,#2692,#2693,#2694,#2695,
    #2696,#2697,#2698,#2699,#2700,#2701,#2702,#2703,#2704,#2705,#2706,
    #2707,#2708,#2709,#2710,#2711,#2712,#2713,#2714,#2715,#2716,#2717,
    #2718),.UNSPECIFIED.,.F.,.F.,(9,7,7,7,7,7,7,7,7,7,9),(0.,
    8.803531788726E-02,0.150408576049,0.270423555026,0.419400328522,
    0.564521036655,0.688327787662,0.748401196551,0.849238646921,
    0.948377151438,1.),.UNSPECIFIED.);
#2647 = CARTESIAN_POINT('',(0.897690195785,-6.E-07));
#2648 = CARTESIAN_POINT('',(0.956947787038,3.395176994493E-02));
#2649 = CARTESIAN_POINT('',(1.016210236078,6.790723017418E-02));
#2650 = CARTESIAN_POINT('',(1.07547051513,0.101861622315));
#2651 = CARTESIAN_POINT('',(1.134728087128,0.135814475102));
#2652 = CARTESIAN_POINT('',(1.193985659804,0.169767210079));
#2653 = CARTESIAN_POINT('',(1.253245940511,0.203721314186));
#2654 = CARTESIAN_POINT('',(1.312508391755,0.237676479214));
#2655 = CARTESIAN_POINT('',(1.41375015247,0.295683953139));
#2656 = CARTESIAN_POINT('',(1.455735200651,0.319739627083));
#2657 = CARTESIAN_POINT('',(1.497719862986,0.343795013581));
#2658 = CARTESIAN_POINT('',(1.539704041511,0.36785007665));
#2659 = CARTESIAN_POINT('',(1.581688225456,0.391905120947));
#2660 = CARTESIAN_POINT('',(1.623672903766,0.415960450732));
#2661 = CARTESIAN_POINT('',(1.66565797398,0.440016027575));
#2662 = CARTESIAN_POINT('',(1.788425641071,0.510356543218));
#2663 = CARTESIAN_POINT('',(1.869231975336,0.556655180482));
#2664 = CARTESIAN_POINT('',(1.950026610336,0.602947346545));
#2665 = CARTESIAN_POINT('',(2.030810794539,0.649233773938));
#2666 = CARTESIAN_POINT('',(2.111594973554,0.69552032033));
#2667 = CARTESIAN_POINT('',(2.192389595193,0.741812778396));
#2668 = CARTESIAN_POINT('',(2.27319591395,0.788111718599));
#2669 = CARTESIAN_POINT('',(2.454257404276,0.891852407084));
#2670 = CARTESIAN_POINT('',(2.554602342669,0.949345432518));
#2671 = CARTESIAN_POINT('',(2.654910352494,1.006816728345));
#2672 = CARTESIAN_POINT('',(2.755191581079,1.064272164625));
#2673 = CARTESIAN_POINT('',(2.855472841728,1.121727487351));
#2674 = CARTESIAN_POINT('',(2.955780845165,1.17919849619));
#2675 = CARTESIAN_POINT('',(3.056125904684,1.236691354323));
#2676 = CARTESIAN_POINT('',(3.254086215111,1.350114282207));
#2677 = CARTESIAN_POINT('',(3.35182738064,1.40611646307));
#2678 = CARTESIAN_POINT('',(3.449536373705,1.462100835376));
#2679 = CARTESIAN_POINT('',(3.547221435534,1.518071929173));
#2680 = CARTESIAN_POINT('',(3.644906495359,1.574043012398));
#2681 = CARTESIAN_POINT('',(3.742615479162,1.630027356732));
#2682 = CARTESIAN_POINT('',(3.840356642365,1.686029531357));
#2683 = CARTESIAN_POINT('',(4.021374730583,1.789745361569));
#2684 = CARTESIAN_POINT('',(4.104737034971,1.837508087377));
#2685 = CARTESIAN_POINT('',(4.188085610516,1.88526257445));
#2686 = CARTESIAN_POINT('',(4.271422170169,1.933009947989));
#2687 = CARTESIAN_POINT('',(4.354758729603,1.980757342442));
#2688 = CARTESIAN_POINT('',(4.43810734244,2.028511885094));
#2689 = CARTESIAN_POINT('',(4.521469750172,2.07627464324));
#2690 = CARTESIAN_POINT('',(4.645241447644,2.14719042143));
#2691 = CARTESIAN_POINT('',(4.685678246261,2.170359002919));
#2692 = CARTESIAN_POINT('',(4.726114723871,2.193527456443));
#2693 = CARTESIAN_POINT('',(4.766550792547,2.216695719127));
#2694 = CARTESIAN_POINT('',(4.806986856016,2.239864004076));
#2695 = CARTESIAN_POINT('',(4.847423321643,2.263032523087));
#2696 = CARTESIAN_POINT('',(4.887860111999,2.286201210256));
#2697 = CARTESIAN_POINT('',(4.996170959067,2.348258963719));
#2698 = CARTESIAN_POINT('',(5.064055255174,2.387153832123));
#2699 = CARTESIAN_POINT('',(5.13193532103,2.426046103423));
#2700 = CARTESIAN_POINT('',(5.199810102339,2.464935114521));
#2701 = CARTESIAN_POINT('',(5.267684888486,2.503823942384));
#2702 = CARTESIAN_POINT('',(5.335564967473,2.54271578459));
#2703 = CARTESIAN_POINT('',(5.403449281092,2.581610265527));
#2704 = CARTESIAN_POINT('',(5.53805530042,2.658733848269));
#2705 = CARTESIAN_POINT('',(5.604795257809,2.696973406445));
#2706 = CARTESIAN_POINT('',(5.671531312626,2.735211196553));
#2707 = CARTESIAN_POINT('',(5.73826249132,2.773446827532));
#2708 = CARTESIAN_POINT('',(5.804993659066,2.811682947795));
#2709 = CARTESIAN_POINT('',(5.871729688009,2.849921820306));
#2710 = CARTESIAN_POINT('',(5.938469621381,2.888162188408));
#2711 = CARTESIAN_POINT('',(6.039948737637,2.946305554498));
#2712 = CARTESIAN_POINT('',(6.074696990628,2.966214569451));
#2713 = CARTESIAN_POINT('',(6.109445104938,2.986123168786));
#2714 = CARTESIAN_POINT('',(6.14419304128,3.006031309569));
#2715 = CARTESIAN_POINT('',(6.178940983552,3.025939149717));
#2716 = CARTESIAN_POINT('',(6.21368911381,3.045846983288));
#2717 = CARTESIAN_POINT('',(6.248437387249,3.065755175769));
#2718 = CARTESIAN_POINT('',(6.28318530718,3.085664099369));
#2719 = ( GEOMETRIC_REPRESENTATION_CONTEXT(2) 
PARAMETRIC_REPRESENTATION_CONTEXT() REPRESENTATION_CONTEXT('2D SPACE',''
  ) );
#2720 = PCURVE('',#1518,#2721);
#2721 = DEFINITIONAL_REPRESENTATION('',(#2722),#2795);
#2722 = B_SPLINE_CURVE_WITH_KNOTS('',8,(#2723,#2724,#2725,#2726,#2727,
    #2728,#2729,#2730,#2731,#2732,#2733,#2734,#2735,#2736,#2737,#2738,
    #2739,#2740,#2741,#2742,#2743,#2744,#2745,#2746,#2747,#2748,#2749,
    #2750,#2751,#2752,#2753,#2754,#2755,#2756,#2757,#2758,#2759,#2760,
    #2761,#2762,#2763,#2764,#2765,#2766,#2767,#2768,#2769,#2770,#2771,
    #2772,#2773,#2774,#2775,#2776,#2777,#2778,#2779,#2780,#2781,#2782,
    #2783,#2784,#2785,#2786,#2787,#2788,#2789,#2790,#2791,#2792,#2793,
    #2794),.UNSPECIFIED.,.F.,.F.,(9,7,7,7,7,7,7,7,7,7,9),(0.,
    8.803531788726E-02,0.150408576049,0.270423555026,0.419400328522,
    0.564521036655,0.688327787662,0.748401196551,0.849238646921,
    0.948377151438,1.),.UNSPECIFIED.);
#2723 = CARTESIAN_POINT('',(-0.958103450538,1.026822502551));
#2724 = CARTESIAN_POINT('',(-0.958102897093,1.095117536433));
#2725 = CARTESIAN_POINT('',(-0.958101822045,1.163418303644));
#2726 = CARTESIAN_POINT('',(-0.95810049886,1.231716692703));
#2727 = CARTESIAN_POINT('',(-0.958099242717,1.300012047391));
#2728 = CARTESIAN_POINT('',(-0.958098280555,1.368307437219));
#2729 = CARTESIAN_POINT('',(-0.958097694457,1.436605929161));
#2730 = CARTESIAN_POINT('',(-0.958097438391,1.504906860644));
#2731 = CARTESIAN_POINT('',(-0.958097421139,1.621589483319));
#2732 = CARTESIAN_POINT('',(-0.958097536475,1.669977829043));
#2733 = CARTESIAN_POINT('',(-0.958097742097,1.718365680137));
#2734 = CARTESIAN_POINT('',(-0.958097989897,1.766752919693));
#2735 = CARTESIAN_POINT('',(-0.95809822758,1.815140112123));
#2736 = CARTESIAN_POINT('',(-0.958098407881,1.863527825702));
#2737 = CARTESIAN_POINT('',(-0.958098495299,1.911915950265));
#2738 = CARTESIAN_POINT('',(-0.958098422276,2.053406563329));
#2739 = CARTESIAN_POINT('',(-0.958097957727,2.146536324942));
#2740 = CARTESIAN_POINT('',(-0.958096935667,2.239652553618));
#2741 = CARTESIAN_POINT('',(-0.958095418772,2.33275678087));
#2742 = CARTESIAN_POINT('',(-0.958093761894,2.425861117915));
#2743 = CARTESIAN_POINT('',(-0.958092414575,2.518977632892));
#2744 = CARTESIAN_POINT('',(-0.95809167871,2.612107752733));
#2745 = CARTESIAN_POINT('',(-0.958091642405,2.820783195718));
#2746 = CARTESIAN_POINT('',(-0.958092731495,2.936432023949));
#2747 = CARTESIAN_POINT('',(-0.958095135458,3.052038359928));
#2748 = CARTESIAN_POINT('',(-0.95809860871,3.167613784028));
#2749 = CARTESIAN_POINT('',(-0.958102212372,3.283189100418));
#2750 = CARTESIAN_POINT('',(-0.958104891619,3.39879511393));
#2751 = CARTESIAN_POINT('',(-0.958106170117,3.514443780954));
#2752 = CARTESIAN_POINT('',(-0.958105979023,3.74259500617));
#2753 = CARTESIAN_POINT('',(-0.958104579656,3.85524268162));
#2754 = CARTESIAN_POINT('',(-0.958101899183,3.967853349143));
#2755 = CARTESIAN_POINT('',(-0.958098414873,4.08043656276));
#2756 = CARTESIAN_POINT('',(-0.958095091132,4.19301990373));
#2757 = CARTESIAN_POINT('',(-0.95809277062,4.305630848181));
#2758 = CARTESIAN_POINT('',(-0.958091687086,4.418278803424));
#2759 = CARTESIAN_POINT('',(-0.958091641776,4.626904235399));
#2760 = CARTESIAN_POINT('',(-0.958092391573,4.722980150414));
#2761 = CARTESIAN_POINT('',(-0.958093801099,4.81904010379));
#2762 = CARTESIAN_POINT('',(-0.95809553813,4.915086051369));
#2763 = CARTESIAN_POINT('',(-0.95809709894,5.0111318779));
#2764 = CARTESIAN_POINT('',(-0.958098097351,5.107191562534));
#2765 = CARTESIAN_POINT('',(-0.958098494758,5.203267216418));
#2766 = CARTESIAN_POINT('',(-0.958098462265,5.345915013608));
#2767 = CARTESIAN_POINT('',(-0.958098353033,5.392518755744));
#2768 = CARTESIAN_POINT('',(-0.958098165752,5.439122168232));
#2769 = CARTESIAN_POINT('',(-0.958097934239,5.485725155902));
#2770 = CARTESIAN_POINT('',(-0.958097701543,5.532328187263));
#2771 = CARTESIAN_POINT('',(-0.958097514083,5.578931731312));
#2772 = CARTESIAN_POINT('',(-0.958097413927,5.625535694426));
#2773 = CARTESIAN_POINT('',(-0.95809745488,5.750365550498));
#2774 = CARTESIAN_POINT('',(-0.958097808189,5.828603310882));
#2775 = CARTESIAN_POINT('',(-0.958098613322,5.906836265383));
#2776 = CARTESIAN_POINT('',(-0.958099923673,5.985063129598));
#2777 = CARTESIAN_POINT('',(-0.958101549694,6.063289917426));
#2778 = CARTESIAN_POINT('',(-0.958103049821,6.141522652103));
#2779 = CARTESIAN_POINT('',(-0.958103884487,6.21976007865));
#2780 = CARTESIAN_POINT('',(-0.958103584468,6.374894691795));
#2781 = CARTESIAN_POINT('',(-0.958102458632,6.451812919686));
#2782 = CARTESIAN_POINT('',(-0.95810016307,6.528726508361));
#2783 = CARTESIAN_POINT('',(-0.958096417781,6.605634412018));
#2784 = CARTESIAN_POINT('',(-0.958091651476,6.682542354798));
#2785 = CARTESIAN_POINT('',(-0.958087139995,6.759456069624));
#2786 = CARTESIAN_POINT('',(-0.958084487061,6.836374513166));
#2787 = CARTESIAN_POINT('',(-0.958084426705,6.953330444451));
#2788 = CARTESIAN_POINT('',(-0.958085114877,6.993378274163));
#2789 = CARTESIAN_POINT('',(-0.958086574703,7.033425979976));
#2790 = CARTESIAN_POINT('',(-0.958088828749,7.073473496983));
#2791 = CARTESIAN_POINT('',(-0.958091731385,7.113521010513));
#2792 = CARTESIAN_POINT('',(-0.958094840841,7.153568705174));
#2793 = CARTESIAN_POINT('',(-0.958097291255,7.193616513905));
#2794 = CARTESIAN_POINT('',(-0.95809766473,7.233663867014));
#2795 = ( GEOMETRIC_REPRESENTATION_CONTEXT(2) 
PARAMETRIC_REPRESENTATION_CONTEXT() REPRESENTATION_CONTEXT('2D SPACE',''
  ) );
#2796 = ORIENTED_EDGE('',*,*,#2797,.T.);
#2797 = EDGE_CURVE('',#2568,#2798,#2800,.T.);
#2798 = VERTEX_POINT('',#2799);
#2799 = CARTESIAN_POINT('',(-6.899998750869,-4.151868080653E-03,0.));
#2800 = SURFACE_CURVE('',#2801,(#2806,#2813),.PCURVE_S1.);
#2801 = CIRCLE('',#2802,6.9);
#2802 = AXIS2_PLACEMENT_3D('',#2803,#2804,#2805);
#2803 = CARTESIAN_POINT('',(0.,0.,0.));
#2804 = DIRECTION('',(0.,0.,1.));
#2805 = DIRECTION('',(1.,0.,0.));
#2806 = PCURVE('',#1568,#2807);
#2807 = DEFINITIONAL_REPRESENTATION('',(#2808),#2812);
#2808 = LINE('',#2809,#2810);
#2809 = CARTESIAN_POINT('',(0.,0.));
#2810 = VECTOR('',#2811,1.);
#2811 = DIRECTION('',(1.,0.));
#2812 = ( GEOMETRIC_REPRESENTATION_CONTEXT(2) 
PARAMETRIC_REPRESENTATION_CONTEXT() REPRESENTATION_CONTEXT('2D SPACE',''
  ) );
#2813 = PCURVE('',#2814,#2819);
#2814 = PLANE('',#2815);
#2815 = AXIS2_PLACEMENT_3D('',#2816,#2817,#2818);
#2816 = CARTESIAN_POINT('',(0.,0.,0.));
#2817 = DIRECTION('',(0.,0.,1.));
#2818 = DIRECTION('',(1.,0.,0.));
#2819 = DEFINITIONAL_REPRESENTATION('',(#2820),#2824);
#2820 = CIRCLE('',#2821,6.9);
#2821 = AXIS2_PLACEMENT_2D('',#2822,#2823);
#2822 = CARTESIAN_POINT('',(0.,0.));
#2823 = DIRECTION('',(1.,0.));
#2824 = ( GEOMETRIC_REPRESENTATION_CONTEXT(2) 
PARAMETRIC_REPRESENTATION_CONTEXT() REPRESENTATION_CONTEXT('2D SPACE',''
  ) );
#2825 = ORIENTED_EDGE('',*,*,#2826,.F.);
#2826 = EDGE_CURVE('',#2827,#2798,#2829,.T.);
#2827 = VERTEX_POINT('',#2828);
#2828 = CARTESIAN_POINT('',(-6.9,4.028279449106E-07,5.000485116497E-02)
  );
#2829 = SURFACE_CURVE('',#2830,(#2835,#2845),.PCURVE_S1.);
#2830 = ELLIPSE('',#2831,83.381112447686,6.9);
#2831 = AXIS2_PLACEMENT_3D('',#2832,#2833,#2834);
#2832 = CARTESIAN_POINT('',(0.,0.,5.000000000028E-02));
#2833 = DIRECTION('',(-3.847105682975E-15,-0.996570125394,
    8.275255387519E-02));
#2834 = DIRECTION('',(3.194535057612E-16,8.275255387519E-02,
    0.996570125394));
#2835 = PCURVE('',#1568,#2836);
#2836 = DEFINITIONAL_REPRESENTATION('',(#2837),#2844);
#2837 = B_SPLINE_CURVE_WITH_KNOTS('',5,(#2838,#2839,#2840,#2841,#2842,
    #2843),.UNSPECIFIED.,.F.,.F.,(6,6),(1.562701139001,1.571398054064),
  .PIECEWISE_BEZIER_KNOTS.);
#2838 = CARTESIAN_POINT('',(3.133497465796,0.722663300318));
#2839 = CARTESIAN_POINT('',(3.135236848808,0.57813378606));
#2840 = CARTESIAN_POINT('',(3.136976231821,0.433601727914));
#2841 = CARTESIAN_POINT('',(3.138715614833,0.289068036852));
#2842 = CARTESIAN_POINT('',(3.140454997846,0.144533623879));
#2843 = CARTESIAN_POINT('',(3.142194380858,-5.999999967143E-07));
#2844 = ( GEOMETRIC_REPRESENTATION_CONTEXT(2) 
PARAMETRIC_REPRESENTATION_CONTEXT() REPRESENTATION_CONTEXT('2D SPACE',''
  ) );
#2845 = PCURVE('',#2405,#2846);
#2846 = DEFINITIONAL_REPRESENTATION('',(#2847),#2851);
#2847 = ELLIPSE('',#2848,83.381112447686,6.9);
#2848 = AXIS2_PLACEMENT_2D('',#2849,#2850);
#2849 = CARTESIAN_POINT('',(-2.825262431653E-13,6.589614709782));
#2850 = DIRECTION('',(-1.,3.194535057612E-16));
#2851 = ( GEOMETRIC_REPRESENTATION_CONTEXT(2) 
PARAMETRIC_REPRESENTATION_CONTEXT() REPRESENTATION_CONTEXT('2D SPACE',''
  ) );
#2852 = ORIENTED_EDGE('',*,*,#2853,.F.);
#2853 = EDGE_CURVE('',#2391,#2827,#2854,.T.);
#2854 = SURFACE_CURVE('',#2855,(#2860,#2870),.PCURVE_S1.);
#2855 = ELLIPSE('',#2856,83.381112447686,6.9);
#2856 = AXIS2_PLACEMENT_3D('',#2857,#2858,#2859);
#2857 = CARTESIAN_POINT('',(0.,0.,5.000000000028E-02));
#2858 = DIRECTION('',(-3.847105682975E-15,-0.996570125394,
    8.275255387519E-02));
#2859 = DIRECTION('',(3.194535057612E-16,8.275255387519E-02,
    0.996570125394));
#2860 = PCURVE('',#1568,#2861);
#2861 = DEFINITIONAL_REPRESENTATION('',(#2862),#2869);
#2862 = B_SPLINE_CURVE_WITH_KNOTS('',5,(#2863,#2864,#2865,#2866,#2867,
    #2868),.UNSPECIFIED.,.F.,.F.,(6,6),(1.562701139001,1.571398054064),
  .PIECEWISE_BEZIER_KNOTS.);
#2863 = CARTESIAN_POINT('',(3.133497465796,0.722663300318));
#2864 = CARTESIAN_POINT('',(3.135236848808,0.57813378606));
#2865 = CARTESIAN_POINT('',(3.136976231821,0.433601727914));
#2866 = CARTESIAN_POINT('',(3.138715614833,0.289068036852));
#2867 = CARTESIAN_POINT('',(3.140454997846,0.144533623879));
#2868 = CARTESIAN_POINT('',(3.142194380858,-5.999999967143E-07));
#2869 = ( GEOMETRIC_REPRESENTATION_CONTEXT(2) 
PARAMETRIC_REPRESENTATION_CONTEXT() REPRESENTATION_CONTEXT('2D SPACE',''
  ) );
#2870 = PCURVE('',#2405,#2871);
#2871 = DEFINITIONAL_REPRESENTATION('',(#2872),#2876);
#2872 = ELLIPSE('',#2873,83.381112447686,6.9);
#2873 = AXIS2_PLACEMENT_2D('',#2874,#2875);
#2874 = CARTESIAN_POINT('',(-2.825262431653E-13,6.589614709782));
#2875 = DIRECTION('',(-1.,3.194535057612E-16));
#2876 = ( GEOMETRIC_REPRESENTATION_CONTEXT(2) 
PARAMETRIC_REPRESENTATION_CONTEXT() REPRESENTATION_CONTEXT('2D SPACE',''
  ) );
#2877 = ADVANCED_FACE('',(#2878),#1518,.F.);
#2878 = FACE_BOUND('',#2879,.F.);
#2879 = EDGE_LOOP('',(#2880,#2881,#2882,#2883,#2951));
#2880 = ORIENTED_EDGE('',*,*,#1728,.F.);
#2881 = ORIENTED_EDGE('',*,*,#1498,.F.);
#2882 = ORIENTED_EDGE('',*,*,#2567,.F.);
#2883 = ORIENTED_EDGE('',*,*,#2884,.F.);
#2884 = EDGE_CURVE('',#2885,#2568,#2887,.T.);
#2885 = VERTEX_POINT('',#2886);
#2886 = CARTESIAN_POINT('',(6.004234490378,0.742852076976,
    4.423544863741E-17));
#2887 = SURFACE_CURVE('',#2888,(#2907,#2929),.PCURVE_S1.);
#2888 = B_SPLINE_CURVE_WITH_KNOTS('',5,(#2889,#2890,#2891,#2892,#2893,
    #2894,#2895,#2896,#2897,#2898,#2899,#2900,#2901,#2902,#2903,#2904,
    #2905,#2906),.UNSPECIFIED.,.F.,.F.,(6,4,4,4,6),(0.,0.226328864027,
    0.45727783372,0.724508871083,1.),.UNSPECIFIED.);
#2889 = CARTESIAN_POINT('',(6.004234490378,0.742852076976,0.));
#2890 = CARTESIAN_POINT('',(6.017107689361,0.971829673565,0.));
#2891 = CARTESIAN_POINT('',(6.018978235499,1.201555400289,0.));
#2892 = CARTESIAN_POINT('',(6.009907983638,1.431311139022,0.));
#2893 = CARTESIAN_POINT('',(5.990025236757,1.660411231037,0.));
#2894 = CARTESIAN_POINT('',(5.928378032155,2.120644255301,0.));
#2895 = CARTESIAN_POINT('',(5.886175029942,2.351724370033,0.));
#2896 = CARTESIAN_POINT('',(5.833098715843,2.580749899035,0.));
#2897 = CARTESIAN_POINT('',(5.769401916246,2.807070801974,0.));
#2898 = CARTESIAN_POINT('',(5.609739788535,3.288120557299,0.));
#2899 = CARTESIAN_POINT('',(5.5102765836,3.541728200466,0.));
#2900 = CARTESIAN_POINT('',(5.397460775065,3.78995866233,0.));
#2901 = CARTESIAN_POINT('',(5.271838209393,4.031956038224,0.));
#2902 = CARTESIAN_POINT('',(4.991936382831,4.509196690191,0.));
#2903 = CARTESIAN_POINT('',(4.836890259192,4.744001875656,0.));
#2904 = CARTESIAN_POINT('',(4.669545508725,4.97051120382,0.));
#2905 = CARTESIAN_POINT('',(4.490631504894,5.187978911574,0.));
#2906 = CARTESIAN_POINT('',(4.300924574873,5.395752409168,0.));
#2907 = PCURVE('',#1518,#2908);
#2908 = DEFINITIONAL_REPRESENTATION('',(#2909),#2928);
#2909 = B_SPLINE_CURVE_WITH_KNOTS('',5,(#2910,#2911,#2912,#2913,#2914,
    #2915,#2916,#2917,#2918,#2919,#2920,#2921,#2922,#2923,#2924,#2925,
    #2926,#2927),.UNSPECIFIED.,.F.,.F.,(6,4,4,4,6),(0.,0.226328864027,
    0.45727783372,0.724508871083,1.),.UNSPECIFIED.);
#2910 = CARTESIAN_POINT('',(0.,0.139977822272));
#2911 = CARTESIAN_POINT('',(-4.609400729316E-02,0.182643654171));
#2912 = CARTESIAN_POINT('',(-9.184263424764E-02,0.224989792915));
#2913 = CARTESIAN_POINT('',(-0.137255497912,0.267025140289));
#2914 = CARTESIAN_POINT('',(-0.182342224969,0.308758607001));
#2915 = CARTESIAN_POINT('',(-0.272793839123,0.392483012716));
#2916 = CARTESIAN_POINT('',(-0.318145844026,0.43446202762));
#2917 = CARTESIAN_POINT('',(-0.36317603199,0.476143160256));
#2918 = CARTESIAN_POINT('',(-0.407893388689,0.517534728));
#2919 = CARTESIAN_POINT('',(-0.503695046724,0.606211275792));
#2920 = CARTESIAN_POINT('',(-0.55467627081,0.653400844813));
#2921 = CARTESIAN_POINT('',(-0.605261345557,0.700223727529));
#2922 = CARTESIAN_POINT('',(-0.655462575749,0.746691313574));
#2923 = CARTESIAN_POINT('',(-0.756657882671,0.840360365383));
#2924 = CARTESIAN_POINT('',(-0.807628905135,0.88754049151));
#2925 = CARTESIAN_POINT('',(-0.858214578896,0.934363928687));
#2926 = CARTESIAN_POINT('',(-0.908426620408,0.980841521975));
#2927 = CARTESIAN_POINT('',(-0.958274654836,1.026982180683));
#2928 = ( GEOMETRIC_REPRESENTATION_CONTEXT(2) 
PARAMETRIC_REPRESENTATION_CONTEXT() REPRESENTATION_CONTEXT('2D SPACE',''
  ) );
#2929 = PCURVE('',#2814,#2930);
#2930 = DEFINITIONAL_REPRESENTATION('',(#2931),#2950);
#2931 = B_SPLINE_CURVE_WITH_KNOTS('',5,(#2932,#2933,#2934,#2935,#2936,
    #2937,#2938,#2939,#2940,#2941,#2942,#2943,#2944,#2945,#2946,#2947,
    #2948,#2949),.UNSPECIFIED.,.F.,.F.,(6,4,4,4,6),(0.,0.226328864027,
    0.45727783372,0.724508871083,1.),.UNSPECIFIED.);
#2932 = CARTESIAN_POINT('',(6.004234490378,0.742852076976));
#2933 = CARTESIAN_POINT('',(6.017107689361,0.971829673565));
#2934 = CARTESIAN_POINT('',(6.018978235499,1.201555400289));
#2935 = CARTESIAN_POINT('',(6.009907983638,1.431311139022));
#2936 = CARTESIAN_POINT('',(5.990025236757,1.660411231037));
#2937 = CARTESIAN_POINT('',(5.928378032155,2.120644255301));
#2938 = CARTESIAN_POINT('',(5.886175029942,2.351724370033));
#2939 = CARTESIAN_POINT('',(5.833098715843,2.580749899035));
#2940 = CARTESIAN_POINT('',(5.769401916246,2.807070801974));
#2941 = CARTESIAN_POINT('',(5.609739788535,3.288120557299));
#2942 = CARTESIAN_POINT('',(5.5102765836,3.541728200466));
#2943 = CARTESIAN_POINT('',(5.397460775065,3.78995866233));
#2944 = CARTESIAN_POINT('',(5.271838209393,4.031956038224));
#2945 = CARTESIAN_POINT('',(4.991936382831,4.509196690191));
#2946 = CARTESIAN_POINT('',(4.836890259192,4.744001875656));
#2947 = CARTESIAN_POINT('',(4.669545508725,4.97051120382));
#2948 = CARTESIAN_POINT('',(4.490631504894,5.187978911574));
#2949 = CARTESIAN_POINT('',(4.300924574873,5.395752409168));
#2950 = ( GEOMETRIC_REPRESENTATION_CONTEXT(2) 
PARAMETRIC_REPRESENTATION_CONTEXT() REPRESENTATION_CONTEXT('2D SPACE',''
  ) );
#2951 = ORIENTED_EDGE('',*,*,#2952,.T.);
#2952 = EDGE_CURVE('',#2885,#1729,#2953,.T.);
#2953 = SURFACE_CURVE('',#2954,(#2967,#2974),.PCURVE_S1.);
#2954 = B_SPLINE_CURVE_WITH_KNOTS('',11,(#2955,#2956,#2957,#2958,#2959,
    #2960,#2961,#2962,#2963,#2964,#2965,#2966),.UNSPECIFIED.,.F.,.F.,(12
    ,12),(0.,7.241437537144),.PIECEWISE_BEZIER_KNOTS.);
#2955 = CARTESIAN_POINT('',(6.05,9.930306465026E-03,-6.958841504724E-02)
  );
#2956 = CARTESIAN_POINT('',(6.044327821995,3.465682215368,0.257684312942
    ));
#2957 = CARTESIAN_POINT('',(3.867809822529,6.917792716008,0.584957037494
    ));
#2958 = CARTESIAN_POINT('',(-0.481570977729,8.851283356049,
    0.912229771818));
#2959 = CARTESIAN_POINT('',(-5.789315071852,7.747061576243,
    1.239502485878));
#2960 = CARTESIAN_POINT('',(-9.74077498912,3.182824735587,1.566775231924
    ));
#2961 = CARTESIAN_POINT('',(-9.730274110709,-3.214783989211,
    1.894047938187));
#2962 = CARTESIAN_POINT('',(-5.763852323345,-7.766024632939,
    2.221320684272));
#2963 = CARTESIAN_POINT('',(-0.452511940665,-8.852816534482,
    2.54859339828));
#2964 = CARTESIAN_POINT('',(3.890498274639,-6.905058438823,
    2.875866132642));
#2965 = CARTESIAN_POINT('',(6.055672177966,-3.445821602458,
    3.203138857177));
#2966 = CARTESIAN_POINT('',(6.049999999969,9.930306446526E-03,
    3.530411585171));
#2967 = PCURVE('',#1518,#2968);
#2968 = DEFINITIONAL_REPRESENTATION('',(#2969),#2973);
#2969 = LINE('',#2970,#2971);
#2970 = CARTESIAN_POINT('',(-0.,0.));
#2971 = VECTOR('',#2972,1.);
#2972 = DIRECTION('',(0.,1.));
#2973 = ( GEOMETRIC_REPRESENTATION_CONTEXT(2) 
PARAMETRIC_REPRESENTATION_CONTEXT() REPRESENTATION_CONTEXT('2D SPACE',''
  ) );
#2974 = PCURVE('',#2975,#2998);
#2975 = B_SPLINE_SURFACE_WITH_KNOTS('',1,10,(
    (#2976,#2977,#2978,#2979,#2980,#2981,#2982,#2983,#2984,#2985,#2986)
    ,(#2987,#2988,#2989,#2990,#2991,#2992,#2993,#2994,#2995,#2996,#2997
    )),.UNSPECIFIED.,.F.,.F.,.F.,(2,2),(11,11),(-0.24,-0.),(0.,
    7.241437537144),.PIECEWISE_BEZIER_KNOTS.);
#2976 = CARTESIAN_POINT('',(6.05,9.930306465026E-03,-6.958841504724E-02)
  );
#2977 = CARTESIAN_POINT('',(6.043760604194,3.811257406258,0.290411585741
    ));
#2978 = CARTESIAN_POINT('',(3.384260028815,7.611286759395,0.650411583062
    ));
#2979 = CARTESIAN_POINT('',(-1.931227716286,9.298074293409,
    1.010411588366));
#2980 = CARTESIAN_POINT('',(-7.994021814742,6.912790841823,
    1.370411582272));
#2981 = CARTESIAN_POINT('',(-11.19625014005,-1.837722226358E-02,
    1.730411585024));
#2982 = CARTESIAN_POINT('',(-7.971285868755,-6.938995866362,
    2.090411587916));
#2983 = CARTESIAN_POINT('',(-1.900694174382,-9.304363906385,
    2.450411581717));
#2984 = CARTESIAN_POINT('',(3.409227645512,-7.600136112372,
    2.810411587079));
#2985 = CARTESIAN_POINT('',(6.056239395765,-3.791396793348,
    3.170411584378));
#2986 = CARTESIAN_POINT('',(6.049999999969,9.930306446523E-03,
    3.530411585171));
#2987 = CARTESIAN_POINT('',(6.05,-9.930306465027E-03,0.169588415047));
#2988 = CARTESIAN_POINT('',(6.056239395809,3.791396793347,0.529588415837
    ));
#2989 = CARTESIAN_POINT('',(3.409227645548,7.600136112406,0.889588413148
    ));
#2990 = CARTESIAN_POINT('',(-1.900694174356,9.304363906428,
    1.249588418481));
#2991 = CARTESIAN_POINT('',(-7.971285868777,6.938995866439,
    1.609588412333));
#2992 = CARTESIAN_POINT('',(-11.19625014011,1.837722227932E-02,
    1.969588415159));
#2993 = CARTESIAN_POINT('',(-7.994021814789,-6.912790841817,
    2.329588417976));
#2994 = CARTESIAN_POINT('',(-1.931227716338,-9.298074293462,
    2.689588411832));
#2995 = CARTESIAN_POINT('',(3.384260028816,-7.61128675944,3.049588417165
    ));
#2996 = CARTESIAN_POINT('',(6.043760604211,-3.811257406298,
    3.409588414474));
#2997 = CARTESIAN_POINT('',(6.050000000031,-9.93030648352E-03,
    3.769588415266));
#2998 = DEFINITIONAL_REPRESENTATION('',(#2999),#3002);
#2999 = B_SPLINE_CURVE_WITH_KNOTS('',1,(#3000,#3001),.UNSPECIFIED.,.F.,
  .F.,(2,2),(0.,7.241437537144),.PIECEWISE_BEZIER_KNOTS.);
#3000 = CARTESIAN_POINT('',(-0.24,0.));
#3001 = CARTESIAN_POINT('',(-0.24,7.241437537144));
#3002 = ( GEOMETRIC_REPRESENTATION_CONTEXT(2) 
PARAMETRIC_REPRESENTATION_CONTEXT() REPRESENTATION_CONTEXT('2D SPACE',''
  ) );
#3003 = ADVANCED_FACE('',(#3004),#1774,.F.);
#3004 = FACE_BOUND('',#3005,.F.);
#3005 = EDGE_LOOP('',(#3006,#3007,#3028,#3084));
#3006 = ORIENTED_EDGE('',*,*,#1749,.F.);
#3007 = ORIENTED_EDGE('',*,*,#3008,.T.);
#3008 = EDGE_CURVE('',#1729,#3009,#3011,.T.);
#3009 = VERTEX_POINT('',#3010);
#3010 = CARTESIAN_POINT('',(6.050000000015,-9.930306474275E-03,
    3.769588415156));
#3011 = SURFACE_CURVE('',#3012,(#3015,#3021),.PCURVE_S1.);
#3012 = B_SPLINE_CURVE_WITH_KNOTS('',1,(#3013,#3014),.UNSPECIFIED.,.F.,
  .F.,(2,2),(-0.24,-0.),.PIECEWISE_BEZIER_KNOTS.);
#3013 = CARTESIAN_POINT('',(6.049999999969,9.930306446523E-03,
    3.530411585171));
#3014 = CARTESIAN_POINT('',(6.050000000031,-9.93030648352E-03,
    3.769588415266));
#3015 = PCURVE('',#1774,#3016);
#3016 = DEFINITIONAL_REPRESENTATION('',(#3017),#3020);
#3017 = B_SPLINE_CURVE_WITH_KNOTS('',1,(#3018,#3019),.UNSPECIFIED.,.F.,
  .F.,(2,2),(-0.24,-0.),.PIECEWISE_BEZIER_KNOTS.);
#3018 = CARTESIAN_POINT('',(-0.24,0.));
#3019 = CARTESIAN_POINT('',(0.,0.));
#3020 = ( GEOMETRIC_REPRESENTATION_CONTEXT(2) 
PARAMETRIC_REPRESENTATION_CONTEXT() REPRESENTATION_CONTEXT('2D SPACE',''
  ) );
#3021 = PCURVE('',#2975,#3022);
#3022 = DEFINITIONAL_REPRESENTATION('',(#3023),#3027);
#3023 = LINE('',#3024,#3025);
#3024 = CARTESIAN_POINT('',(0.,7.241437537144));
#3025 = VECTOR('',#3026,1.);
#3026 = DIRECTION('',(1.,0.));
#3027 = ( GEOMETRIC_REPRESENTATION_CONTEXT(2) 
PARAMETRIC_REPRESENTATION_CONTEXT() REPRESENTATION_CONTEXT('2D SPACE',''
  ) );
#3028 = ORIENTED_EDGE('',*,*,#3029,.T.);
#3029 = EDGE_CURVE('',#3009,#3030,#3032,.T.);
#3030 = VERTEX_POINT('',#3031);
#3031 = CARTESIAN_POINT('',(6.050000000031,-9.93030648352E-03,
    7.369588415266));
#3032 = SURFACE_CURVE('',#3033,(#3046,#3052),.PCURVE_S1.);
#3033 = B_SPLINE_CURVE_WITH_KNOTS('',11,(#3034,#3035,#3036,#3037,#3038,
    #3039,#3040,#3041,#3042,#3043,#3044,#3045),.UNSPECIFIED.,.F.,.F.,(12
    ,12),(0.,7.241437537144),.PIECEWISE_BEZIER_KNOTS.);
#3034 = CARTESIAN_POINT('',(6.05,-9.930306465027E-03,3.769588415047));
#3035 = CARTESIAN_POINT('',(6.055672178009,3.445821602455,4.096861143038
    ));
#3036 = CARTESIAN_POINT('',(3.890498274673,6.905058438851,4.424133867583
    ));
#3037 = CARTESIAN_POINT('',(-0.452511940619,8.85281653452,4.751406601925
    ));
#3038 = CARTESIAN_POINT('',(-5.763852323393,7.766024633005,
    5.078679315958));
#3039 = CARTESIAN_POINT('',(-9.730274110688,3.214783989253,
    5.405952062026));
#3040 = CARTESIAN_POINT('',(-9.740774989242,-3.182824735575,
    5.733224768288));
#3041 = CARTESIAN_POINT('',(-5.789315071858,-7.747061576258,
    6.060497514353));
#3042 = CARTESIAN_POINT('',(-0.481570977784,-8.8512833561,6.387770228387
    ));
#3043 = CARTESIAN_POINT('',(3.867809822536,-6.917792716051,
    6.715042962731));
#3044 = CARTESIAN_POINT('',(6.044327822013,-3.465682215406,
    7.042315687273));
#3045 = CARTESIAN_POINT('',(6.050000000031,-9.93030648352E-03,
    7.369588415266));
#3046 = PCURVE('',#1774,#3047);
#3047 = DEFINITIONAL_REPRESENTATION('',(#3048),#3051);
#3048 = B_SPLINE_CURVE_WITH_KNOTS('',1,(#3049,#3050),.UNSPECIFIED.,.F.,
  .F.,(2,2),(0.,7.241437537144),.PIECEWISE_BEZIER_KNOTS.);
#3049 = CARTESIAN_POINT('',(0.,0.));
#3050 = CARTESIAN_POINT('',(0.,7.241437537144));
#3051 = ( GEOMETRIC_REPRESENTATION_CONTEXT(2) 
PARAMETRIC_REPRESENTATION_CONTEXT() REPRESENTATION_CONTEXT('2D SPACE',''
  ) );
#3052 = PCURVE('',#3053,#3078);
#3053 = B_SPLINE_SURFACE_WITH_KNOTS('',1,11,(
    (#3054,#3055,#3056,#3057,#3058,#3059,#3060,#3061,#3062,#3063,#3064
      ,#3065)
    ,(#3066,#3067,#3068,#3069,#3070,#3071,#3072,#3073,#3074,#3075,#3076
      ,#3077
    )),.UNSPECIFIED.,.F.,.F.,.F.,(2,2),(12,12),(-0.958274654836,-0.),(0.
    ,7.241437537144),.PIECEWISE_BEZIER_KNOTS.);
#3054 = CARTESIAN_POINT('',(6.05,-9.930306465027E-03,3.769588415047));
#3055 = CARTESIAN_POINT('',(6.055672178009,3.445821602455,4.096861143038
    ));
#3056 = CARTESIAN_POINT('',(3.890498274673,6.905058438851,4.424133867583
    ));
#3057 = CARTESIAN_POINT('',(-0.452511940619,8.85281653452,4.751406601925
    ));
#3058 = CARTESIAN_POINT('',(-5.763852323393,7.766024633005,
    5.078679315958));
#3059 = CARTESIAN_POINT('',(-9.730274110688,3.214783989253,
    5.405952062026));
#3060 = CARTESIAN_POINT('',(-9.740774989242,-3.182824735575,
    5.733224768288));
#3061 = CARTESIAN_POINT('',(-5.789315071858,-7.747061576258,
    6.060497514353));
#3062 = CARTESIAN_POINT('',(-0.481570977784,-8.8512833561,6.387770228387
    ));
#3063 = CARTESIAN_POINT('',(3.867809822536,-6.917792716051,
    6.715042962731));
#3064 = CARTESIAN_POINT('',(6.044327822013,-3.465682215406,
    7.042315687273));
#3065 = CARTESIAN_POINT('',(6.050000000031,-9.93030648352E-03,
    7.369588415266));
#3066 = CARTESIAN_POINT('',(6.9,-4.654682142699E-02,4.210552750265));
#3067 = CARTESIAN_POINT('',(6.92658748325,3.894723962211,4.537825477541)
  );
#3068 = CARTESIAN_POINT('',(4.477333520325,7.852607242572,4.865098204794
    ));
#3069 = CARTESIAN_POINT('',(-0.464553916622,10.099319839465,
    5.192370932118));
#3070 = CARTESIAN_POINT('',(-6.528493430193,8.89074824219,5.51964365931)
  );
#3071 = CARTESIAN_POINT('',(-11.07871487408,3.723125754571,5.84691638666
    ));
#3072 = CARTESIAN_POINT('',(-11.12793616629,-3.573321548832,
    6.174189113901));
#3073 = CARTESIAN_POINT('',(-6.647846242769,-8.801861759396,
    6.501461841151));
#3074 = CARTESIAN_POINT('',(-0.600763792563,-10.09213329564,
    6.82873456847));
#3075 = CARTESIAN_POINT('',(4.3709848056,-7.912297256034,7.156007295707)
  );
#3076 = CARTESIAN_POINT('',(6.873412516895,-3.987817605064,
    7.483280022995));
#3077 = CARTESIAN_POINT('',(6.900000000145,-4.654682142701E-02,
    7.810552750265));
#3078 = DEFINITIONAL_REPRESENTATION('',(#3079),#3083);
#3079 = LINE('',#3080,#3081);
#3080 = CARTESIAN_POINT('',(-0.958274654836,0.));
#3081 = VECTOR('',#3082,1.);
#3082 = DIRECTION('',(0.,1.));
#3083 = ( GEOMETRIC_REPRESENTATION_CONTEXT(2) 
PARAMETRIC_REPRESENTATION_CONTEXT() REPRESENTATION_CONTEXT('2D SPACE',''
  ) );
#3084 = ORIENTED_EDGE('',*,*,#3085,.F.);
#3085 = EDGE_CURVE('',#1750,#3030,#3086,.T.);
#3086 = SURFACE_CURVE('',#3087,(#3090,#3097),.PCURVE_S1.);
#3087 = B_SPLINE_CURVE_WITH_KNOTS('',1,(#3088,#3089),.UNSPECIFIED.,.F.,
  .F.,(2,2),(-0.24,-0.),.PIECEWISE_BEZIER_KNOTS.);
#3088 = CARTESIAN_POINT('',(6.049999999969,9.930306446533E-03,
    7.130411585171));
#3089 = CARTESIAN_POINT('',(6.050000000031,-9.93030648352E-03,
    7.369588415266));
#3090 = PCURVE('',#1774,#3091);
#3091 = DEFINITIONAL_REPRESENTATION('',(#3092),#3096);
#3092 = LINE('',#3093,#3094);
#3093 = CARTESIAN_POINT('',(0.,7.241437537144));
#3094 = VECTOR('',#3095,1.);
#3095 = DIRECTION('',(1.,0.));
#3096 = ( GEOMETRIC_REPRESENTATION_CONTEXT(2) 
PARAMETRIC_REPRESENTATION_CONTEXT() REPRESENTATION_CONTEXT('2D SPACE',''
  ) );
#3097 = PCURVE('',#1852,#3098);
#3098 = DEFINITIONAL_REPRESENTATION('',(#3099),#3102);
#3099 = B_SPLINE_CURVE_WITH_KNOTS('',1,(#3100,#3101),.UNSPECIFIED.,.F.,
  .F.,(2,2),(-0.24,-0.),.PIECEWISE_BEZIER_KNOTS.);
#3100 = CARTESIAN_POINT('',(-0.24,0.));
#3101 = CARTESIAN_POINT('',(0.,0.));
#3102 = ( GEOMETRIC_REPRESENTATION_CONTEXT(2) 
PARAMETRIC_REPRESENTATION_CONTEXT() REPRESENTATION_CONTEXT('2D SPACE',''
  ) );
#3103 = ADVANCED_FACE('',(#3104),#1852,.F.);
#3104 = FACE_BOUND('',#3105,.F.);
#3105 = EDGE_LOOP('',(#3106,#3107,#3108,#3136,#3137));
#3106 = ORIENTED_EDGE('',*,*,#1828,.F.);
#3107 = ORIENTED_EDGE('',*,*,#3085,.T.);
#3108 = ORIENTED_EDGE('',*,*,#3109,.T.);
#3109 = EDGE_CURVE('',#3030,#2037,#3110,.T.);
#3110 = SURFACE_CURVE('',#3111,(#3123,#3129),.PCURVE_S1.);
#3111 = B_SPLINE_CURVE_WITH_KNOTS('',10,(#3112,#3113,#3114,#3115,#3116,
    #3117,#3118,#3119,#3120,#3121,#3122),.UNSPECIFIED.,.F.,.F.,(11,11),(
    0.,5.431078152858),.PIECEWISE_BEZIER_KNOTS.);
#3112 = CARTESIAN_POINT('',(6.05,-9.930306465026E-03,7.369588415047));
#3113 = CARTESIAN_POINT('',(6.054679548437,2.841065031721,7.639588427961
    ));
#3114 = CARTESIAN_POINT('',(4.566581435839,5.694510518174,7.909588321394
    ));
#3115 = CARTESIAN_POINT('',(1.583868532562,7.67080159166,8.1795886339));
#3116 = CARTESIAN_POINT('',(-2.299701868669,7.891824458753,
    8.449588205049));
#3117 = CARTESIAN_POINT('',(-5.914077919738,5.933524337022,
    8.719588416472));
#3118 = CARTESIAN_POINT('',(-7.88423265735,2.325596164467,8.98958862592)
  );
#3119 = CARTESIAN_POINT('',(-7.675959678545,-1.558678705828,
    9.259588198393));
#3120 = CARTESIAN_POINT('',(-5.709470719613,-4.547863274037,
    9.529588510341));
#3121 = CARTESIAN_POINT('',(-2.860925644801,-6.045320451747,
    9.799588403893));
#3122 = CARTESIAN_POINT('',(-9.930306612478E-03,-6.050000000249,
    10.069588416804));
#3123 = PCURVE('',#1852,#3124);
#3124 = DEFINITIONAL_REPRESENTATION('',(#3125),#3128);
#3125 = B_SPLINE_CURVE_WITH_KNOTS('',1,(#3126,#3127),.UNSPECIFIED.,.F.,
  .F.,(2,2),(0.,5.431078152858),.PIECEWISE_BEZIER_KNOTS.);
#3126 = CARTESIAN_POINT('',(0.,0.));
#3127 = CARTESIAN_POINT('',(0.,5.431078152858));
#3128 = ( GEOMETRIC_REPRESENTATION_CONTEXT(2) 
PARAMETRIC_REPRESENTATION_CONTEXT() REPRESENTATION_CONTEXT('2D SPACE',''
  ) );
#3129 = PCURVE('',#2082,#3130);
#3130 = DEFINITIONAL_REPRESENTATION('',(#3131),#3135);
#3131 = LINE('',#3132,#3133);
#3132 = CARTESIAN_POINT('',(-0.958274654836,0.));
#3133 = VECTOR('',#3134,1.);
#3134 = DIRECTION('',(0.,1.));
#3135 = ( GEOMETRIC_REPRESENTATION_CONTEXT(2) 
PARAMETRIC_REPRESENTATION_CONTEXT() REPRESENTATION_CONTEXT('2D SPACE',''
  ) );
#3136 = ORIENTED_EDGE('',*,*,#2127,.T.);
#3137 = ORIENTED_EDGE('',*,*,#1906,.F.);
#3138 = ADVANCED_FACE('',(#3139),#2082,.F.);
#3139 = FACE_BOUND('',#3140,.F.);
#3140 = EDGE_LOOP('',(#3141,#3142,#3163,#3197,#3341));
#3141 = ORIENTED_EDGE('',*,*,#3109,.F.);
#3142 = ORIENTED_EDGE('',*,*,#3143,.T.);
#3143 = EDGE_CURVE('',#3030,#3144,#3146,.T.);
#3144 = VERTEX_POINT('',#3145);
#3145 = CARTESIAN_POINT('',(6.899843043346,-4.654006000235E-02,
    7.81047132397));
#3146 = SURFACE_CURVE('',#3147,(#3150,#3156),.PCURVE_S1.);
#3147 = B_SPLINE_CURVE_WITH_KNOTS('',1,(#3148,#3149),.UNSPECIFIED.,.F.,
  .F.,(2,2),(-0.958274654836,-0.),.PIECEWISE_BEZIER_KNOTS.);
#3148 = CARTESIAN_POINT('',(6.050000000031,-9.93030648352E-03,
    7.369588415266));
#3149 = CARTESIAN_POINT('',(6.900000000145,-4.654682142701E-02,
    7.810552750265));
#3150 = PCURVE('',#2082,#3151);
#3151 = DEFINITIONAL_REPRESENTATION('',(#3152),#3155);
#3152 = B_SPLINE_CURVE_WITH_KNOTS('',1,(#3153,#3154),.UNSPECIFIED.,.F.,
  .F.,(2,2),(-0.958274654836,-0.),.PIECEWISE_BEZIER_KNOTS.);
#3153 = CARTESIAN_POINT('',(-0.958274654836,0.));
#3154 = CARTESIAN_POINT('',(0.,0.));
#3155 = ( GEOMETRIC_REPRESENTATION_CONTEXT(2) 
PARAMETRIC_REPRESENTATION_CONTEXT() REPRESENTATION_CONTEXT('2D SPACE',''
  ) );
#3156 = PCURVE('',#3053,#3157);
#3157 = DEFINITIONAL_REPRESENTATION('',(#3158),#3162);
#3158 = LINE('',#3159,#3160);
#3159 = CARTESIAN_POINT('',(0.,7.241437537144));
#3160 = VECTOR('',#3161,1.);
#3161 = DIRECTION('',(1.,0.));
#3162 = ( GEOMETRIC_REPRESENTATION_CONTEXT(2) 
PARAMETRIC_REPRESENTATION_CONTEXT() REPRESENTATION_CONTEXT('2D SPACE',''
  ) );
#3163 = ORIENTED_EDGE('',*,*,#3164,.T.);
#3164 = EDGE_CURVE('',#3144,#3165,#3167,.T.);
#3165 = VERTEX_POINT('',#3166);
#3166 = CARTESIAN_POINT('',(6.9,-1.690012582823E-15,7.814335917172));
#3167 = SURFACE_CURVE('',#3168,(#3174,#3183),.PCURVE_S1.);
#3168 = B_SPLINE_CURVE_WITH_KNOTS('',3,(#3169,#3170,#3171,#3172,#3173),
  .UNSPECIFIED.,.F.,.F.,(4,1,4),(0.,0.698650376188,1.),.UNSPECIFIED.);
#3169 = CARTESIAN_POINT('',(6.899843043346,-4.654006000857E-02,
    7.810471324045));
#3170 = CARTESIAN_POINT('',(6.899916148234,-3.570182187057E-02,
    7.811371323203));
#3171 = CARTESIAN_POINT('',(6.899984233712,-2.018843506325E-02,
    7.812659522724));
#3172 = CARTESIAN_POINT('',(6.9,-4.67497552284E-03,7.813947719517));
#3173 = CARTESIAN_POINT('',(6.9,-1.165734175856E-15,7.814335917172));
#3174 = PCURVE('',#2082,#3175);
#3175 = DEFINITIONAL_REPRESENTATION('',(#3176),#3182);
#3176 = B_SPLINE_CURVE_WITH_KNOTS('',3,(#3177,#3178,#3179,#3180,#3181),
  .UNSPECIFIED.,.F.,.F.,(4,1,4),(0.,0.698650376188,1.),.UNSPECIFIED.);
#3177 = CARTESIAN_POINT('',(-1.769500978178E-04,0.));
#3178 = CARTESIAN_POINT('',(-1.76950128772E-04,1.810357718613E-03));
#3179 = CARTESIAN_POINT('',(-1.7695024566E-04,4.401584518185E-03));
#3180 = CARTESIAN_POINT('',(-1.769500270586E-04,6.992805740403E-03));
#3181 = CARTESIAN_POINT('',(-1.769499870927E-04,7.773669332599E-03));
#3182 = ( GEOMETRIC_REPRESENTATION_CONTEXT(2) 
PARAMETRIC_REPRESENTATION_CONTEXT() REPRESENTATION_CONTEXT('2D SPACE',''
  ) );
#3183 = PCURVE('',#3184,#3189);
#3184 = CYLINDRICAL_SURFACE('',#3185,6.9);
#3185 = AXIS2_PLACEMENT_3D('',#3186,#3187,#3188);
#3186 = CARTESIAN_POINT('',(0.,0.,0.));
#3187 = DIRECTION('',(0.,0.,1.));
#3188 = DIRECTION('',(1.,0.,0.));
#3189 = DEFINITIONAL_REPRESENTATION('',(#3190),#3196);
#3190 = B_SPLINE_CURVE_WITH_KNOTS('',3,(#3191,#3192,#3193,#3194,#3195),
  .UNSPECIFIED.,.F.,.F.,(4,1,4),(0.,0.698650376188,1.),.UNSPECIFIED.);
#3191 = CARTESIAN_POINT('',(6.276440319803,7.810471324045));
#3192 = CARTESIAN_POINT('',(6.278011114685,7.811371323203));
#3193 = CARTESIAN_POINT('',(6.280259447026,7.812659522724));
#3194 = CARTESIAN_POINT('',(6.282507774495,7.813947719517));
#3195 = CARTESIAN_POINT('',(6.28318530718,7.814335917172));
#3196 = ( GEOMETRIC_REPRESENTATION_CONTEXT(2) 
PARAMETRIC_REPRESENTATION_CONTEXT() REPRESENTATION_CONTEXT('2D SPACE',''
  ) );
#3197 = ORIENTED_EDGE('',*,*,#3198,.T.);
#3198 = EDGE_CURVE('',#3165,#2008,#3199,.T.);
#3199 = SURFACE_CURVE('',#3200,(#3245,#3293),.PCURVE_S1.);
#3200 = B_SPLINE_CURVE_WITH_KNOTS('',7,(#3201,#3202,#3203,#3204,#3205,
    #3206,#3207,#3208,#3209,#3210,#3211,#3212,#3213,#3214,#3215,#3216,
    #3217,#3218,#3219,#3220,#3221,#3222,#3223,#3224,#3225,#3226,#3227,
    #3228,#3229,#3230,#3231,#3232,#3233,#3234,#3235,#3236,#3237,#3238,
    #3239,#3240,#3241,#3242,#3243,#3244),.UNSPECIFIED.,.F.,.F.,(8,6,6,6,
    6,6,6,8),(0.,0.141113904397,0.320688725939,0.498455698719,
    0.617082319217,0.733694904876,0.912801850764,1.),.UNSPECIFIED.);
#3201 = CARTESIAN_POINT('',(6.9,-8.881784197001E-16,7.814335917172));
#3202 = CARTESIAN_POINT('',(6.899999999998,0.53057242075,7.858393253544)
  );
#3203 = CARTESIAN_POINT('',(6.852401967408,1.06123005478,7.902457625548)
  );
#3204 = CARTESIAN_POINT('',(6.757179951086,1.586695347592,7.946518189307
    ));
#3205 = CARTESIAN_POINT('',(6.61507287783,2.10187862328,7.990575990778)
  );
#3206 = CARTESIAN_POINT('',(6.427439665419,2.601853422812,8.034636596356
    ));
#3207 = CARTESIAN_POINT('',(6.196255229948,3.0818709043,8.07870158041));
#3208 = CARTESIAN_POINT('',(5.57810318587,4.117114828655,8.178824074038)
  );
#3209 = CARTESIAN_POINT('',(5.165635116291,4.657540213663,8.234911354577
    ));
#3210 = CARTESIAN_POINT('',(4.692425689062,5.149130261871,8.290978279942
    ));
#3211 = CARTESIAN_POINT('',(4.165557568394,5.583952971431,8.347039038334
    ));
#3212 = CARTESIAN_POINT('',(3.593131295258,5.955323196403,8.40310674858)
  );
#3213 = CARTESIAN_POINT('',(2.984277986238,6.257791496998,8.459194592178
    ));
#3214 = CARTESIAN_POINT('',(1.720997925838,6.715273861452,8.570760805384
    ));
#3215 = CARTESIAN_POINT('',(1.066583153584,6.871925965337,8.626284560446
    ));
#3216 = CARTESIAN_POINT('',(0.396250731919,6.953897994733,8.681790650026
    ));
#3217 = CARTESIAN_POINT('',(-0.279815499647,6.959555673871,
    8.737290836197));
#3218 = CARTESIAN_POINT('',(-0.951426006299,6.88881378304,8.792796259552
    ));
#3219 = CARTESIAN_POINT('',(-1.608371086802,6.743135725538,
    8.848319412145));
#3220 = CARTESIAN_POINT('',(-2.662389972477,6.381270715312,
    8.940856648688));
#3221 = CARTESIAN_POINT('',(-3.073355286896,6.204614633225,
    8.977895977198));
#3222 = CARTESIAN_POINT('',(-3.470489610586,5.997133305188,
    9.014933079658));
#3223 = CARTESIAN_POINT('',(-3.851043766288,5.760153458684,
    9.051968837551));
#3224 = CARTESIAN_POINT('',(-4.21243914915,5.495280861542,9.089006083495
    ));
#3225 = CARTESIAN_POINT('',(-4.55227236628,5.204397423701,9.126045634249
    ));
#3226 = CARTESIAN_POINT('',(-5.179056314476,4.580350884279,
    9.199490253506));
#3227 = CARTESIAN_POINT('',(-5.466855013063,4.247941579916,
    9.235900984584));
#3228 = CARTESIAN_POINT('',(-5.729646814226,3.894550457699,
    9.272309818291));
#3229 = CARTESIAN_POINT('',(-5.965629213769,3.522448578658,
    9.308717409481));
#3230 = CARTESIAN_POINT('',(-6.173256713471,3.134072912834,
    9.345126195087));
#3231 = CARTESIAN_POINT('',(-6.351243467141,2.732022157432,
    9.381536810383));
#3232 = CARTESIAN_POINT('',(-6.724941814862,1.68483081949,9.473863635444
    ));
#3233 = CARTESIAN_POINT('',(-6.8791520555,1.024551728757,9.529805234758)
  );
#3234 = CARTESIAN_POINT('',(-6.957446441176,0.348546383189,
    9.585727331952));
#3235 = CARTESIAN_POINT('',(-6.95821939761,-0.332757595737,
    9.641642928995));
#3236 = CARTESIAN_POINT('',(-6.881459348863,-1.008938868855,
    9.697564608678));
#3237 = CARTESIAN_POINT('',(-6.728747613942,-1.669566540443,
    9.753505972825));
#3238 = CARTESIAN_POINT('',(-6.394360992238,-2.613357321896,
    9.836649479105));
#3239 = CARTESIAN_POINT('',(-6.267736805182,-2.916327163034,
    9.86387459731));
#3240 = CARTESIAN_POINT('',(-6.124385895096,-3.212081779934,
    9.891099472115));
#3241 = CARTESIAN_POINT('',(-5.964808669851,-3.499518454605,
    9.918324264846));
#3242 = CARTESIAN_POINT('',(-5.789591220512,-3.777581519556,
    9.945549532123));
#3243 = CARTESIAN_POINT('',(-5.599404853014,-4.04526318224,
    9.972775374685));
#3244 = CARTESIAN_POINT('',(-5.395012974205,-4.301608421063,10.0000006)
  );
#3245 = PCURVE('',#2082,#3246);
#3246 = DEFINITIONAL_REPRESENTATION('',(#3247),#3292);
#3247 = B_SPLINE_CURVE_WITH_KNOTS('',7,(#3248,#3249,#3250,#3251,#3252,
    #3253,#3254,#3255,#3256,#3257,#3258,#3259,#3260,#3261,#3262,#3263,
    #3264,#3265,#3266,#3267,#3268,#3269,#3270,#3271,#3272,#3273,#3274,
    #3275,#3276,#3277,#3278,#3279,#3280,#3281,#3282,#3283,#3284,#3285,
    #3286,#3287,#3288,#3289,#3290,#3291),.UNSPECIFIED.,.F.,.F.,(8,6,6,6,
    6,6,6,8),(0.,0.141113904397,0.320688725939,0.498455698719,
    0.617082319217,0.733694904876,0.912801850764,1.),.UNSPECIFIED.);
#3248 = CARTESIAN_POINT('',(-1.769499870927E-04,7.773669332599E-03));
#3249 = CARTESIAN_POINT('',(-1.769454512856E-04,9.639545662608E-02));
#3250 = CARTESIAN_POINT('',(-1.767936559308E-04,0.185031259644));
#3251 = CARTESIAN_POINT('',(-1.740323710053E-04,0.273656987368));
#3252 = CARTESIAN_POINT('',(-1.701399034686E-04,0.362276111519));
#3253 = CARTESIAN_POINT('',(-1.670154866734E-04,0.450901586828));
#3254 = CARTESIAN_POINT('',(-1.654255199632E-04,0.539537290074));
#3255 = CARTESIAN_POINT('',(-1.654031091756E-04,0.740934709226));
#3256 = CARTESIAN_POINT('',(-1.67943233231E-04,0.853757210049));
#3257 = CARTESIAN_POINT('',(-1.731934894191E-04,0.966541274797));
#3258 = CARTESIAN_POINT('',(-1.790599098739E-04,1.079313504959));
#3259 = CARTESIAN_POINT('',(-1.829961907451E-04,1.192097932263));
#3260 = CARTESIAN_POINT('',(-1.847491013943E-04,1.30492083703));
#3261 = CARTESIAN_POINT('',(-1.846623588193E-04,1.529337357912));
#3262 = CARTESIAN_POINT('',(-1.828685432354E-04,1.641022309765));
#3263 = CARTESIAN_POINT('',(-1.79725378252E-04,1.752670478324));
#3264 = CARTESIAN_POINT('',(-1.765789684796E-04,1.864306769109));
#3265 = CARTESIAN_POINT('',(-1.74634126579E-04,1.975954706744));
#3266 = CARTESIAN_POINT('',(-1.738544604228E-04,2.08763938544));
#3267 = CARTESIAN_POINT('',(-1.738931222275E-04,2.273779037413));
#3268 = CARTESIAN_POINT('',(-1.742640401593E-04,2.348284376248));
#3269 = CARTESIAN_POINT('',(-1.7488155501E-04,2.422785465617));
#3270 = CARTESIAN_POINT('',(-1.755369789955E-04,2.497283885467));
#3271 = CARTESIAN_POINT('',(-1.760370018929E-04,2.571785154702));
#3272 = CARTESIAN_POINT('',(-1.762751520667E-04,2.646290817691));
#3273 = CARTESIAN_POINT('',(-1.762441145534E-04,2.794025406405));
#3274 = CARTESIAN_POINT('',(-1.759834263595E-04,2.867265730322));
#3275 = CARTESIAN_POINT('',(-1.754778201105E-04,2.940502010958));
#3276 = CARTESIAN_POINT('',(-1.748343541498E-04,3.013735664649));
#3277 = CARTESIAN_POINT('',(-1.742378240203E-04,3.086971764368));
#3278 = CARTESIAN_POINT('',(-1.738841084966E-04,3.160211769283));
#3279 = CARTESIAN_POINT('',(-1.738630351746E-04,3.345928121084));
#3280 = CARTESIAN_POINT('',(-1.7466982561E-04,3.458455978195));
#3281 = CARTESIAN_POINT('',(-1.766621724535E-04,3.570945703968));
#3282 = CARTESIAN_POINT('',(-1.798694761063E-04,3.683423479216));
#3283 = CARTESIAN_POINT('',(-1.830282051217E-04,3.795913444792));
#3284 = CARTESIAN_POINT('',(-1.847654738367E-04,3.908441690131));
#3285 = CARTESIAN_POINT('',(-1.846763947384E-04,4.07568563749));
#3286 = CARTESIAN_POINT('',(-1.842205131308E-04,4.130448824657));
#3287 = CARTESIAN_POINT('',(-1.832920337802E-04,4.185211084773));
#3288 = CARTESIAN_POINT('',(-1.818938156017E-04,4.239972744996));
#3289 = CARTESIAN_POINT('',(-1.801012179687E-04,4.294734994725));
#3290 = CARTESIAN_POINT('',(-1.780559799553E-04,4.349498167795));
#3291 = CARTESIAN_POINT('',(-1.75930221209E-04,4.404260024736));
#3292 = ( GEOMETRIC_REPRESENTATION_CONTEXT(2) 
PARAMETRIC_REPRESENTATION_CONTEXT() REPRESENTATION_CONTEXT('2D SPACE',''
  ) );
#3293 = PCURVE('',#2024,#3294);
#3294 = DEFINITIONAL_REPRESENTATION('',(#3295),#3340);
#3295 = B_SPLINE_CURVE_WITH_KNOTS('',7,(#3296,#3297,#3298,#3299,#3300,
    #3301,#3302,#3303,#3304,#3305,#3306,#3307,#3308,#3309,#3310,#3311,
    #3312,#3313,#3314,#3315,#3316,#3317,#3318,#3319,#3320,#3321,#3322,
    #3323,#3324,#3325,#3326,#3327,#3328,#3329,#3330,#3331,#3332,#3333,
    #3334,#3335,#3336,#3337,#3338,#3339),.UNSPECIFIED.,.F.,.F.,(8,6,6,6,
    6,6,6,8),(0.,0.141113904397,0.320688725939,0.498455698719,
    0.617082319217,0.733694904876,0.912801850764,1.),.UNSPECIFIED.);
#3296 = CARTESIAN_POINT('',(0.,7.814335917172));
#3297 = CARTESIAN_POINT('',(7.689455373192E-02,7.858393253544));
#3298 = CARTESIAN_POINT('',(0.153801246504,7.902457625548));
#3299 = CARTESIAN_POINT('',(0.230698990559,7.946518189307));
#3300 = CARTESIAN_POINT('',(0.307591051711,7.990575990778));
#3301 = CARTESIAN_POINT('',(0.384488798461,8.034636596356));
#3302 = CARTESIAN_POINT('',(0.461395481281,8.07870158041));
#3303 = CARTESIAN_POINT('',(0.636142391166,8.178824074038));
#3304 = CARTESIAN_POINT('',(0.734035373163,8.234911354577));
#3305 = CARTESIAN_POINT('',(0.831894947559,8.290978279942));
#3306 = CARTESIAN_POINT('',(0.929744021446,8.347039038334));
#3307 = CARTESIAN_POINT('',(1.027603570093,8.40310674858));
#3308 = CARTESIAN_POINT('',(1.125496543543,8.459194592178));
#3309 = CARTESIAN_POINT('',(1.32021609342,8.570760805384));
#3310 = CARTESIAN_POINT('',(1.417121917369,8.626284560446));
#3311 = CARTESIAN_POINT('',(1.513996003303,8.681790650026));
#3312 = CARTESIAN_POINT('',(1.610859970495,8.737290836197));
#3313 = CARTESIAN_POINT('',(1.707734067587,8.792796259552));
#3314 = CARTESIAN_POINT('',(1.80463993004,8.848319412145));
#3315 = CARTESIAN_POINT('',(1.966148134686,8.940856648688));
#3316 = CARTESIAN_POINT('',(2.030794271759,8.977895977198));
#3317 = CARTESIAN_POINT('',(2.095436629086,9.014933079658));
#3318 = CARTESIAN_POINT('',(2.160076577021,9.051968837551));
#3319 = CARTESIAN_POINT('',(2.224718925348,9.089006083495));
#3320 = CARTESIAN_POINT('',(2.289365051,9.126045634249));
#3321 = CARTESIAN_POINT('',(2.417549520269,9.199490253506));
#3322 = CARTESIAN_POINT('',(2.481097753841,9.235900984584));
#3323 = CARTESIAN_POINT('',(2.544642513642,9.272309818291));
#3324 = CARTESIAN_POINT('',(2.608185063805,9.308717409481));
#3325 = CARTESIAN_POINT('',(2.671729826929,9.345126195087));
#3326 = CARTESIAN_POINT('',(2.735278069856,9.381536810383));
#3327 = CARTESIAN_POINT('',(2.896418992143,9.473863635444));
#3328 = CARTESIAN_POINT('',(2.994056468733,9.529805234758));
#3329 = CARTESIAN_POINT('',(3.091660984733,9.585727331952));
#3330 = CARTESIAN_POINT('',(3.189255114333,9.641642928995));
#3331 = CARTESIAN_POINT('',(3.286859626003,9.697564608678));
#3332 = CARTESIAN_POINT('',(3.384497158695,9.753505972825));
#3333 = CARTESIAN_POINT('',(3.529609754451,9.836649479105));
#3334 = CARTESIAN_POINT('',(3.577126112983,9.86387459731));
#3335 = CARTESIAN_POINT('',(3.624641646176,9.891099472115));
#3336 = CARTESIAN_POINT('',(3.672156650436,9.918324264846));
#3337 = CARTESIAN_POINT('',(3.719672171881,9.945549532123));
#3338 = CARTESIAN_POINT('',(3.767188512281,9.972775374685));
#3339 = CARTESIAN_POINT('',(3.814703734217,10.0000006));
#3340 = ( GEOMETRIC_REPRESENTATION_CONTEXT(2) 
PARAMETRIC_REPRESENTATION_CONTEXT() REPRESENTATION_CONTEXT('2D SPACE',''
  ) );
#3341 = ORIENTED_EDGE('',*,*,#2036,.T.);
#3342 = ADVANCED_FACE('',(#3343),#2024,.T.);
#3343 = FACE_BOUND('',#3344,.T.);
#3344 = EDGE_LOOP('',(#3345,#3346,#3373,#3400,#3474,#3495));
#3345 = ORIENTED_EDGE('',*,*,#2007,.F.);
#3346 = ORIENTED_EDGE('',*,*,#3347,.T.);
#3347 = EDGE_CURVE('',#1982,#3348,#3350,.T.);
#3348 = VERTEX_POINT('',#3349);
#3349 = CARTESIAN_POINT('',(-1.729504888436E-07,6.9,9.949997917197));
#3350 = SURFACE_CURVE('',#3351,(#3356,#3366),.PCURVE_S1.);
#3351 = ELLIPSE('',#3352,83.381112447603,6.9);
#3352 = AXIS2_PLACEMENT_3D('',#3353,#3354,#3355);
#3353 = CARTESIAN_POINT('',(0.,0.,9.949999999848));
#3354 = DIRECTION('',(-0.996570125394,-1.818705266473E-12,
    8.275255387527E-02));
#3355 = DIRECTION('',(8.275255387527E-02,1.5102048688E-13,0.996570125394
    ));
#3356 = PCURVE('',#2024,#3357);
#3357 = DEFINITIONAL_REPRESENTATION('',(#3358),#3365);
#3358 = B_SPLINE_CURVE_WITH_KNOTS('',5,(#3359,#3360,#3361,#3362,#3363,
    #3364),.UNSPECIFIED.,.F.,.F.,(6,6),(1.570194599524,1.578891514587),
  .PIECEWISE_BEZIER_KNOTS.);
#3359 = CARTESIAN_POINT('',(1.570194599526,10.0000006));
#3360 = CARTESIAN_POINT('',(1.571933982539,9.855466376121));
#3361 = CARTESIAN_POINT('',(1.573673365551,9.710931963148));
#3362 = CARTESIAN_POINT('',(1.575412748564,9.566398272086));
#3363 = CARTESIAN_POINT('',(1.577152131576,9.42186621394));
#3364 = CARTESIAN_POINT('',(1.578891514589,9.277336699682));
#3365 = ( GEOMETRIC_REPRESENTATION_CONTEXT(2) 
PARAMETRIC_REPRESENTATION_CONTEXT() REPRESENTATION_CONTEXT('2D SPACE',''
  ) );
#3366 = PCURVE('',#1996,#3367);
#3367 = DEFINITIONAL_REPRESENTATION('',(#3368),#3372);
#3368 = ELLIPSE('',#3369,83.381112447603,6.9);
#3369 = AXIS2_PLACEMENT_2D('',#3370,#3371);
#3370 = CARTESIAN_POINT('',(7.950686289102E-10,6.589614709782));
#3371 = DIRECTION('',(-1.,-1.5102048688E-13));
#3372 = ( GEOMETRIC_REPRESENTATION_CONTEXT(2) 
PARAMETRIC_REPRESENTATION_CONTEXT() REPRESENTATION_CONTEXT('2D SPACE',''
  ) );
#3373 = ORIENTED_EDGE('',*,*,#3374,.T.);
#3374 = EDGE_CURVE('',#3348,#3375,#3377,.T.);
#3375 = VERTEX_POINT('',#3376);
#3376 = CARTESIAN_POINT('',(-4.654006005881E-02,6.899843043346,
    9.38952867535));
#3377 = SURFACE_CURVE('',#3378,(#3383,#3393),.PCURVE_S1.);
#3378 = ELLIPSE('',#3379,83.381112447603,6.9);
#3379 = AXIS2_PLACEMENT_3D('',#3380,#3381,#3382);
#3380 = CARTESIAN_POINT('',(0.,0.,9.949999999848));
#3381 = DIRECTION('',(-0.996570125394,-1.818705266473E-12,
    8.275255387527E-02));
#3382 = DIRECTION('',(8.275255387527E-02,1.5102048688E-13,0.996570125394
    ));
#3383 = PCURVE('',#2024,#3384);
#3384 = DEFINITIONAL_REPRESENTATION('',(#3385),#3392);
#3385 = B_SPLINE_CURVE_WITH_KNOTS('',5,(#3386,#3387,#3388,#3389,#3390,
    #3391),.UNSPECIFIED.,.F.,.F.,(6,6),(1.570194599524,1.578891514587),
  .PIECEWISE_BEZIER_KNOTS.);
#3386 = CARTESIAN_POINT('',(1.570194599526,10.0000006));
#3387 = CARTESIAN_POINT('',(1.571933982539,9.855466376121));
#3388 = CARTESIAN_POINT('',(1.573673365551,9.710931963148));
#3389 = CARTESIAN_POINT('',(1.575412748564,9.566398272086));
#3390 = CARTESIAN_POINT('',(1.577152131576,9.42186621394));
#3391 = CARTESIAN_POINT('',(1.578891514589,9.277336699682));
#3392 = ( GEOMETRIC_REPRESENTATION_CONTEXT(2) 
PARAMETRIC_REPRESENTATION_CONTEXT() REPRESENTATION_CONTEXT('2D SPACE',''
  ) );
#3393 = PCURVE('',#1996,#3394);
#3394 = DEFINITIONAL_REPRESENTATION('',(#3395),#3399);
#3395 = ELLIPSE('',#3396,83.381112447603,6.9);
#3396 = AXIS2_PLACEMENT_2D('',#3397,#3398);
#3397 = CARTESIAN_POINT('',(7.950686289102E-10,6.589614709782));
#3398 = DIRECTION('',(-1.,-1.5102048688E-13));
#3399 = ( GEOMETRIC_REPRESENTATION_CONTEXT(2) 
PARAMETRIC_REPRESENTATION_CONTEXT() REPRESENTATION_CONTEXT('2D SPACE',''
  ) );
#3400 = ORIENTED_EDGE('',*,*,#3401,.F.);
#3401 = EDGE_CURVE('',#3402,#3375,#3404,.T.);
#3402 = VERTEX_POINT('',#3403);
#3403 = CARTESIAN_POINT('',(6.9,-1.690012582823E-15,8.485664662835));
#3404 = SURFACE_CURVE('',#3405,(#3426,#3450),.PCURVE_S1.);
#3405 = B_SPLINE_CURVE_WITH_KNOTS('',7,(#3406,#3407,#3408,#3409,#3410,
    #3411,#3412,#3413,#3414,#3415,#3416,#3417,#3418,#3419,#3420,#3421,
    #3422,#3423,#3424,#3425),.UNSPECIFIED.,.F.,.F.,(8,6,6,8),(0.,
    0.220556538064,0.657993389748,1.),.UNSPECIFIED.);
#3406 = CARTESIAN_POINT('',(6.9,-9.785799990619E-16,8.485664662835));
#3407 = CARTESIAN_POINT('',(6.899999999998,0.342938926296,8.514141880433
    ));
#3408 = CARTESIAN_POINT('',(6.880114733728,0.685887585219,8.542619954685
    ));
#3409 = CARTESIAN_POINT('',(6.840342218105,1.027445178068,8.571097454811
    ));
#3410 = CARTESIAN_POINT('',(6.780806555304,1.366231208116,8.599574537346
    ));
#3411 = CARTESIAN_POINT('',(6.701746898832,1.70088478238,8.628051887128)
  );
#3412 = CARTESIAN_POINT('',(6.603517239548,2.030065813316,8.656529661955
    ));
#3413 = CARTESIAN_POINT('',(6.254705375871,2.991869117219,8.741485349398
    ));
#3414 = CARTESIAN_POINT('',(5.949179576586,3.604883980727,8.797987568752
    ));
#3415 = CARTESIAN_POINT('',(5.573774762982,4.180819799025,8.85446892346)
  );
#3416 = CARTESIAN_POINT('',(5.13408209774,4.71035228718,8.910943161526)
  );
#3417 = CARTESIAN_POINT('',(4.636960563064,5.185221908909,8.967423741138
    ));
#3418 = CARTESIAN_POINT('',(4.090546259073,5.598218520513,9.023925543145
    ));
#3419 = CARTESIAN_POINT('',(3.046576477678,6.213787930179,9.124561838312
    ));
#3420 = CARTESIAN_POINT('',(2.56413994845,6.442745319173,9.168727121201)
  );
#3421 = CARTESIAN_POINT('',(2.061907449157,6.627836813937,9.212887959505
    ));
#3422 = CARTESIAN_POINT('',(1.544672005815,6.76710216034,9.257045921606)
  );
#3423 = CARTESIAN_POINT('',(1.017402018775,6.859203607484,9.301206627665
    ));
#3424 = CARTESIAN_POINT('',(0.485226644837,6.903429857456,9.345371167419
    ));
#3425 = CARTESIAN_POINT('',(-4.654006005879E-02,6.899843043346,
    9.38952867535));
#3426 = PCURVE('',#2024,#3427);
#3427 = DEFINITIONAL_REPRESENTATION('',(#3428),#3449);
#3428 = B_SPLINE_CURVE_WITH_KNOTS('',7,(#3429,#3430,#3431,#3432,#3433,
    #3434,#3435,#3436,#3437,#3438,#3439,#3440,#3441,#3442,#3443,#3444,
    #3445,#3446,#3447,#3448),.UNSPECIFIED.,.F.,.F.,(8,6,6,8),(0.,
    0.220556538064,0.657993389748,1.),.UNSPECIFIED.);
#3429 = CARTESIAN_POINT('',(0.,8.485664662835));
#3430 = CARTESIAN_POINT('',(4.970129366613E-02,8.514141880433));
#3431 = CARTESIAN_POINT('',(9.940398761476E-02,8.542619954685));
#3432 = CARTESIAN_POINT('',(0.149105653427,8.571097454811));
#3433 = CARTESIAN_POINT('',(0.198806665121,8.599574537346));
#3434 = CARTESIAN_POINT('',(0.248508331329,8.628051887128));
#3435 = CARTESIAN_POINT('',(0.298211027476,8.656529661955));
#3436 = CARTESIAN_POINT('',(0.446486510318,8.741485349398));
#3437 = CARTESIAN_POINT('',(0.545102732012,8.797987568752));
#3438 = CARTESIAN_POINT('',(0.643684278896,8.85446892346));
#3439 = CARTESIAN_POINT('',(0.742255087434,8.910943161526));
#3440 = CARTESIAN_POINT('',(0.840836641497,8.967423741138));
#3441 = CARTESIAN_POINT('',(0.939453029193,9.023925543145));
#3442 = CARTESIAN_POINT('',(1.115096509785,9.124561838312));
#3443 = CARTESIAN_POINT('',(1.192178161211,9.168727121201));
#3444 = CARTESIAN_POINT('',(1.269250778363,9.212887959505));
#3445 = CARTESIAN_POINT('',(1.346317644914,9.257045921606));
#3446 = CARTESIAN_POINT('',(1.423390257687,9.301206627665));
#3447 = CARTESIAN_POINT('',(1.500471922664,9.345371167419));
#3448 = CARTESIAN_POINT('',(1.577541314179,9.38952867535));
#3449 = ( GEOMETRIC_REPRESENTATION_CONTEXT(2) 
PARAMETRIC_REPRESENTATION_CONTEXT() REPRESENTATION_CONTEXT('2D SPACE',''
  ) );
#3450 = PCURVE('',#2183,#3451);
#3451 = DEFINITIONAL_REPRESENTATION('',(#3452),#3473);
#3452 = B_SPLINE_CURVE_WITH_KNOTS('',7,(#3453,#3454,#3455,#3456,#3457,
    #3458,#3459,#3460,#3461,#3462,#3463,#3464,#3465,#3466,#3467,#3468,
    #3469,#3470,#3471,#3472),.UNSPECIFIED.,.F.,.F.,(8,6,6,8),(0.,
    0.220556538064,0.657993389748,1.),.UNSPECIFIED.);
#3453 = CARTESIAN_POINT('',(-0.95809637637,3.61294503637));
#3454 = CARTESIAN_POINT('',(-0.958095149125,3.670226120529));
#3455 = CARTESIAN_POINT('',(-0.958093826375,3.727508839249));
#3456 = CARTESIAN_POINT('',(-0.95809250913,3.7847904086));
#3457 = CARTESIAN_POINT('',(-0.958091335247,3.842071270532));
#3458 = CARTESIAN_POINT('',(-0.958090449154,3.899352936197));
#3459 = CARTESIAN_POINT('',(-0.958089968888,3.956635832724));
#3460 = CARTESIAN_POINT('',(-0.95808991388,4.127525032936));
#3461 = CARTESIAN_POINT('',(-0.958091702275,4.241181491703));
#3462 = CARTESIAN_POINT('',(-0.958095706525,4.354798032069));
#3463 = CARTESIAN_POINT('',(-0.958101665066,4.468402066176));
#3464 = CARTESIAN_POINT('',(-0.958106925965,4.582018210607));
#3465 = CARTESIAN_POINT('',(-0.958109373561,4.695674440035));
#3466 = CARTESIAN_POINT('',(-0.958109128971,4.898105170686));
#3467 = CARTESIAN_POINT('',(-0.958107438488,4.986942532969));
#3468 = CARTESIAN_POINT('',(-0.958104236891,5.075769556199));
#3469 = CARTESIAN_POINT('',(-0.958100345203,5.164590155155));
#3470 = CARTESIAN_POINT('',(-0.958097693255,5.253417421154));
#3471 = CARTESIAN_POINT('',(-0.958097704534,5.342254863828));
#3472 = CARTESIAN_POINT('',(-0.958097706053,5.431078152858));
#3473 = ( GEOMETRIC_REPRESENTATION_CONTEXT(2) 
PARAMETRIC_REPRESENTATION_CONTEXT() REPRESENTATION_CONTEXT('2D SPACE',''
  ) );
#3474 = ORIENTED_EDGE('',*,*,#3475,.F.);
#3475 = EDGE_CURVE('',#3165,#3402,#3476,.T.);
#3476 = SURFACE_CURVE('',#3477,(#3481,#3488),.PCURVE_S1.);
#3477 = LINE('',#3478,#3479);
#3478 = CARTESIAN_POINT('',(6.9,-1.690012582823E-15,0.));
#3479 = VECTOR('',#3480,1.);
#3480 = DIRECTION('',(0.,0.,1.));
#3481 = PCURVE('',#2024,#3482);
#3482 = DEFINITIONAL_REPRESENTATION('',(#3483),#3487);
#3483 = LINE('',#3484,#3485);
#3484 = CARTESIAN_POINT('',(0.,-0.));
#3485 = VECTOR('',#3486,1.);
#3486 = DIRECTION('',(0.,1.));
#3487 = ( GEOMETRIC_REPRESENTATION_CONTEXT(2) 
PARAMETRIC_REPRESENTATION_CONTEXT() REPRESENTATION_CONTEXT('2D SPACE',''
  ) );
#3488 = PCURVE('',#3184,#3489);
#3489 = DEFINITIONAL_REPRESENTATION('',(#3490),#3494);
#3490 = LINE('',#3491,#3492);
#3491 = CARTESIAN_POINT('',(6.28318530718,-0.));
#3492 = VECTOR('',#3493,1.);
#3493 = DIRECTION('',(0.,1.));
#3494 = ( GEOMETRIC_REPRESENTATION_CONTEXT(2) 
PARAMETRIC_REPRESENTATION_CONTEXT() REPRESENTATION_CONTEXT('2D SPACE',''
  ) );
#3495 = ORIENTED_EDGE('',*,*,#3198,.T.);
#3496 = ADVANCED_FACE('',(#3497),#1996,.F.);
#3497 = FACE_BOUND('',#3498,.F.);
#3498 = EDGE_LOOP('',(#3499,#3500,#3501,#3520,#3521));
#3499 = ORIENTED_EDGE('',*,*,#3347,.T.);
#3500 = ORIENTED_EDGE('',*,*,#3374,.T.);
#3501 = ORIENTED_EDGE('',*,*,#3502,.T.);
#3502 = EDGE_CURVE('',#3375,#2161,#3503,.T.);
#3503 = SURFACE_CURVE('',#3504,(#3507,#3513),.PCURVE_S1.);
#3504 = B_SPLINE_CURVE_WITH_KNOTS('',1,(#3505,#3506),.UNSPECIFIED.,.F.,
  .F.,(2,2),(-0.958274654836,-0.),.PIECEWISE_BEZIER_KNOTS.);
#3505 = CARTESIAN_POINT('',(-4.654682142702E-02,6.899999998833,
    9.389447249735));
#3506 = CARTESIAN_POINT('',(-9.93030631758E-03,6.049999999751,
    9.83041158671));
#3507 = PCURVE('',#1996,#3508);
#3508 = DEFINITIONAL_REPRESENTATION('',(#3509),#3512);
#3509 = B_SPLINE_CURVE_WITH_KNOTS('',1,(#3510,#3511),.UNSPECIFIED.,.F.,
  .F.,(2,2),(-0.958274654836,-0.),.PIECEWISE_BEZIER_KNOTS.);
#3510 = CARTESIAN_POINT('',(0.562481993613,-0.310385289051));
#3511 = CARTESIAN_POINT('',(0.119999998881,0.539614710031));
#3512 = ( GEOMETRIC_REPRESENTATION_CONTEXT(2) 
PARAMETRIC_REPRESENTATION_CONTEXT() REPRESENTATION_CONTEXT('2D SPACE',''
  ) );
#3513 = PCURVE('',#2183,#3514);
#3514 = DEFINITIONAL_REPRESENTATION('',(#3515),#3519);
#3515 = LINE('',#3516,#3517);
#3516 = CARTESIAN_POINT('',(0.,5.431078152858));
#3517 = VECTOR('',#3518,1.);
#3518 = DIRECTION('',(1.,0.));
#3519 = ( GEOMETRIC_REPRESENTATION_CONTEXT(2) 
PARAMETRIC_REPRESENTATION_CONTEXT() REPRESENTATION_CONTEXT('2D SPACE',''
  ) );
#3520 = ORIENTED_EDGE('',*,*,#2234,.T.);
#3521 = ORIENTED_EDGE('',*,*,#1981,.F.);
#3522 = ADVANCED_FACE('',(#3523),#2183,.F.);
#3523 = FACE_BOUND('',#3524,.F.);
#3524 = EDGE_LOOP('',(#3525,#3653,#3672,#3673,#3674));
#3525 = ORIENTED_EDGE('',*,*,#3526,.F.);
#3526 = EDGE_CURVE('',#3527,#3402,#3529,.T.);
#3527 = VERTEX_POINT('',#3528);
#3528 = CARTESIAN_POINT('',(-6.899843043346,-4.654006001482E-02,
    6.689528675879));
#3529 = SURFACE_CURVE('',#3530,(#3569,#3611),.PCURVE_S1.);
#3530 = B_SPLINE_CURVE_WITH_KNOTS('',7,(#3531,#3532,#3533,#3534,#3535,
    #3536,#3537,#3538,#3539,#3540,#3541,#3542,#3543,#3544,#3545,#3546,
    #3547,#3548,#3549,#3550,#3551,#3552,#3553,#3554,#3555,#3556,#3557,
    #3558,#3559,#3560,#3561,#3562,#3563,#3564,#3565,#3566,#3567,#3568),
  .UNSPECIFIED.,.F.,.F.,(8,6,6,6,6,6,8),(0.,0.176225806034,
    0.390593559123,0.609526525895,0.752763474902,0.897883552967,1.),
  .UNSPECIFIED.);
#3531 = CARTESIAN_POINT('',(-6.899843043346,-4.654006000857E-02,
    6.689528675955));
#3532 = CARTESIAN_POINT('',(-6.896170370006,-0.591035911421,
    6.734743202656));
#3533 = CARTESIAN_POINT('',(-6.842366898508,-1.135290564839,
    6.779965646542));
#3534 = CARTESIAN_POINT('',(-6.738440923329,-1.673590905913,
    6.825181099956));
#3535 = CARTESIAN_POINT('',(-6.585251764325,-2.200443593666,
    6.870392267046));
#3536 = CARTESIAN_POINT('',(-6.384341590961,-2.710544632484,
    6.915607421257));
#3537 = CARTESIAN_POINT('',(-6.137930536467,-3.198796328096,
    6.960829115319));
#3538 = CARTESIAN_POINT('',(-5.497700397734,-4.221849325167,
    7.061044310694));
#3539 = CARTESIAN_POINT('',(-5.083308184991,-4.744190687445,
    7.116067243051));
#3540 = CARTESIAN_POINT('',(-4.611351237869,-5.218501320258,
    7.171074012121));
#3541 = CARTESIAN_POINT('',(-4.088637676211,-5.637407049405,
    7.226075537512));
#3542 = CARTESIAN_POINT('',(-3.522906629734,-5.994705679769,
    7.281081904844));
#3543 = CARTESIAN_POINT('',(-2.922838290214,-6.285358993895,
    7.336104652808));
#3544 = CARTESIAN_POINT('',(-1.660463954499,-6.731304922242,
    7.447277420552));
#3545 = CARTESIAN_POINT('',(-0.99658781628,-6.883765517401,7.50347203854
    ));
#3546 = CARTESIAN_POINT('',(-0.317135249891,-6.95955324028,7.55964656178
    ));
#3547 = CARTESIAN_POINT('',(0.367316512789,-6.957085154771,
    7.615814911603));
#3548 = CARTESIAN_POINT('',(1.04620482162,-6.876399597334,7.671989870857
    ));
#3549 = CARTESIAN_POINT('',(1.708964522145,-6.719155196507,
    7.728184815106));
#3550 = CARTESIAN_POINT('',(2.761391296601,-6.338816408273,7.82110718978
    ));
#3551 = CARTESIAN_POINT('',(3.166398534874,-6.157234498958,
    7.857860710726));
#3552 = CARTESIAN_POINT('',(3.557323878474,-5.945516688047,
    7.894612307386));
#3553 = CARTESIAN_POINT('',(3.931501335901,-5.704999478745,
    7.931362643552));
#3554 = CARTESIAN_POINT('',(4.286434291534,-5.437287679072,
    7.968114274005));
#3555 = CARTESIAN_POINT('',(4.619799895853,-5.144251570475,
    8.004867890273));
#3556 = CARTESIAN_POINT('',(5.243232383793,-4.507723776893,
    8.078852373716));
#3557 = CARTESIAN_POINT('',(5.532723125556,-4.163567609154,
    8.116089109476));
#3558 = CARTESIAN_POINT('',(5.795735582117,-3.79784743636,8.153323484045
    ));
#3559 = CARTESIAN_POINT('',(6.03037937195,-3.413022234005,8.190556337732
    ));
#3560 = CARTESIAN_POINT('',(6.235047702021,-3.011727194187,
    8.227790580593));
#3561 = CARTESIAN_POINT('',(6.408420306868,-2.596768908028,
    8.265027118994));
#3562 = CARTESIAN_POINT('',(6.648794586388,-1.871653042975,
    8.328460896699));
#3563 = CARTESIAN_POINT('',(6.732100867283,-1.56685468756,8.35466163361)
  );
#3564 = CARTESIAN_POINT('',(6.799087512578,-1.257786833024,8.38086206584
    ));
#3565 = CARTESIAN_POINT('',(6.849500101789,-0.94549830902,8.407062347344
    ));
#3566 = CARTESIAN_POINT('',(6.883167104421,-0.631051709934,
    8.433262970983));
#3567 = CARTESIAN_POINT('',(6.900000000002,-0.31552263572,8.459464059563
    ));
#3568 = CARTESIAN_POINT('',(6.9,-8.881784197001E-16,8.485664662835));
#3569 = PCURVE('',#2183,#3570);
#3570 = DEFINITIONAL_REPRESENTATION('',(#3571),#3610);
#3571 = B_SPLINE_CURVE_WITH_KNOTS('',7,(#3572,#3573,#3574,#3575,#3576,
    #3577,#3578,#3579,#3580,#3581,#3582,#3583,#3584,#3585,#3586,#3587,
    #3588,#3589,#3590,#3591,#3592,#3593,#3594,#3595,#3596,#3597,#3598,
    #3599,#3600,#3601,#3602,#3603,#3604,#3605,#3606,#3607,#3608,#3609),
  .UNSPECIFIED.,.F.,.F.,(8,6,6,6,6,6,8),(0.,0.176225806034,
    0.390593559123,0.609526525895,0.752763474902,0.897883552967,1.),
  .UNSPECIFIED.);
#3572 = CARTESIAN_POINT('',(-0.958097704739,0.));
#3573 = CARTESIAN_POINT('',(-0.958097706293,9.094949335611E-02));
#3574 = CARTESIAN_POINT('',(-0.958097692329,0.181914897828));
#3575 = CARTESIAN_POINT('',(-0.958100538433,0.272868888249));
#3576 = CARTESIAN_POINT('',(-0.958104610516,0.363815391491));
#3577 = CARTESIAN_POINT('',(-0.95810781342,0.454769110337));
#3578 = CARTESIAN_POINT('',(-0.958109356064,0.545734447385));
#3579 = CARTESIAN_POINT('',(-0.95810908359,0.747318105627));
#3580 = CARTESIAN_POINT('',(-0.958106474123,0.857994892405));
#3581 = CARTESIAN_POINT('',(-0.958101340223,0.968636829875));
#3582 = CARTESIAN_POINT('',(-0.958095660835,1.07926771471));
#3583 = CARTESIAN_POINT('',(-0.958091784256,1.189910007882));
#3584 = CARTESIAN_POINT('',(-0.958089994626,1.300587182602));
#3585 = CARTESIAN_POINT('',(-0.958089904602,1.524212280779));
#3586 = CARTESIAN_POINT('',(-0.958091669748,1.637249974663));
#3587 = CARTESIAN_POINT('',(-0.958094860386,1.750248567227));
#3588 = CARTESIAN_POINT('',(-0.958098076802,1.863234765761));
#3589 = CARTESIAN_POINT('',(-0.958100046919,1.976233105629));
#3590 = CARTESIAN_POINT('',(-0.958100820788,2.089270538245));
#3591 = CARTESIAN_POINT('',(-0.958100752052,2.276184800184));
#3592 = CARTESIAN_POINT('',(-0.958100377929,2.3501145445));
#3593 = CARTESIAN_POINT('',(-0.958099765173,2.424040197208));
#3594 = CARTESIAN_POINT('',(-0.958099117339,2.497963281953));
#3595 = CARTESIAN_POINT('',(-0.958098622478,2.571889111762));
#3596 = CARTESIAN_POINT('',(-0.958098384467,2.645819173806));
#3597 = CARTESIAN_POINT('',(-0.958098408532,2.794639755961));
#3598 = CARTESIAN_POINT('',(-0.958098677153,2.86954208685));
#3599 = CARTESIAN_POINT('',(-0.958099203187,2.944439906448));
#3600 = CARTESIAN_POINT('',(-0.958099869827,3.019334796923));
#3601 = CARTESIAN_POINT('',(-0.958100476235,3.094232425983));
#3602 = CARTESIAN_POINT('',(-0.958100812644,3.169134422628));
#3603 = CARTESIAN_POINT('',(-0.958100751707,3.296732071497));
#3604 = CARTESIAN_POINT('',(-0.958100541849,3.349434932668));
#3605 = CARTESIAN_POINT('',(-0.958100109874,3.402136975608));
#3606 = CARTESIAN_POINT('',(-0.95809944052,3.454838495413));
#3607 = CARTESIAN_POINT('',(-0.958098553738,3.507540502037));
#3608 = CARTESIAN_POINT('',(-0.958097505503,3.56024329485));
#3609 = CARTESIAN_POINT('',(-0.95809637637,3.61294503637));
#3610 = ( GEOMETRIC_REPRESENTATION_CONTEXT(2) 
PARAMETRIC_REPRESENTATION_CONTEXT() REPRESENTATION_CONTEXT('2D SPACE',''
  ) );
#3611 = PCURVE('',#3184,#3612);
#3612 = DEFINITIONAL_REPRESENTATION('',(#3613),#3652);
#3613 = B_SPLINE_CURVE_WITH_KNOTS('',7,(#3614,#3615,#3616,#3617,#3618,
    #3619,#3620,#3621,#3622,#3623,#3624,#3625,#3626,#3627,#3628,#3629,
    #3630,#3631,#3632,#3633,#3634,#3635,#3636,#3637,#3638,#3639,#3640,
    #3641,#3642,#3643,#3644,#3645,#3646,#3647,#3648,#3649,#3650,#3651),
  .UNSPECIFIED.,.F.,.F.,(8,6,6,6,6,6,8),(0.,0.176225806034,
    0.390593559123,0.609526525895,0.752763474902,0.897883552967,1.),
  .UNSPECIFIED.);
#3614 = CARTESIAN_POINT('',(3.148337640967,6.689528675955));
#3615 = CARTESIAN_POINT('',(3.227251878289,6.734743202656));
#3616 = CARTESIAN_POINT('',(3.306179912708,6.779965646542));
#3617 = CARTESIAN_POINT('',(3.385097834574,6.825181099956));
#3618 = CARTESIAN_POINT('',(3.464009322355,6.870392267046));
#3619 = CARTESIAN_POINT('',(3.542927256615,6.915607421257));
#3620 = CARTESIAN_POINT('',(3.621855315649,6.960829115319));
#3621 = CARTESIAN_POINT('',(3.796763823275,7.061044310694));
#3622 = CARTESIAN_POINT('',(3.892795000218,7.116067243051));
#3623 = CARTESIAN_POINT('',(3.988795854524,7.171074012121));
#3624 = CARTESIAN_POINT('',(4.084786896552,7.226075537512));
#3625 = CARTESIAN_POINT('',(4.180787750078,7.281081904844));
#3626 = CARTESIAN_POINT('',(4.276818922376,7.336104652808));
#3627 = CARTESIAN_POINT('',(4.470851766724,7.447277420552));
#3628 = CARTESIAN_POINT('',(4.568931335367,7.50347203854));
#3629 = CARTESIAN_POINT('',(4.666977172292,7.55964656178));
#3630 = CARTESIAN_POINT('',(4.765012451507,7.615814911603));
#3631 = CARTESIAN_POINT('',(4.8630582792,7.671989870857));
#3632 = CARTESIAN_POINT('',(4.961137897151,7.728184815106));
#3633 = CARTESIAN_POINT('',(5.123318202256,7.82110718978));
#3634 = CARTESIAN_POINT('',(5.18746490662,7.857860710726));
#3635 = CARTESIAN_POINT('',(5.251607967431,7.894612307386));
#3636 = CARTESIAN_POINT('',(5.315748708429,7.931362643552));
#3637 = CARTESIAN_POINT('',(5.379891762119,7.968114274005));
#3638 = CARTESIAN_POINT('',(5.444038455815,8.004867890273));
#3639 = CARTESIAN_POINT('',(5.573165206281,8.078852373716));
#3640 = CARTESIAN_POINT('',(5.638155511086,8.116089109476));
#3641 = CARTESIAN_POINT('',(5.703141940422,8.153323484045));
#3642 = CARTESIAN_POINT('',(5.768125903836,8.190556337732));
#3643 = CARTESIAN_POINT('',(5.833112338994,8.227790580593));
#3644 = CARTESIAN_POINT('',(5.898102656846,8.265027118994));
#3645 = CARTESIAN_POINT('',(6.008815609793,8.328460896699));
#3646 = CARTESIAN_POINT('',(6.054544462435,8.35466163361));
#3647 = CARTESIAN_POINT('',(6.100272635454,8.38086206584));
#3648 = CARTESIAN_POINT('',(6.146000374544,8.407062347344));
#3649 = CARTESIAN_POINT('',(6.191728543361,8.433262970983));
#3650 = CARTESIAN_POINT('',(6.237457388959,8.459464059563));
#3651 = CARTESIAN_POINT('',(6.28318530718,8.485664662835));
#3652 = ( GEOMETRIC_REPRESENTATION_CONTEXT(2) 
PARAMETRIC_REPRESENTATION_CONTEXT() REPRESENTATION_CONTEXT('2D SPACE',''
  ) );
#3653 = ORIENTED_EDGE('',*,*,#3654,.T.);
#3654 = EDGE_CURVE('',#3527,#2159,#3655,.T.);
#3655 = SURFACE_CURVE('',#3656,(#3659,#3665),.PCURVE_S1.);
#3656 = B_SPLINE_CURVE_WITH_KNOTS('',1,(#3657,#3658),.UNSPECIFIED.,.F.,
  .F.,(2,2),(-0.958274654836,-0.),.PIECEWISE_BEZIER_KNOTS.);
#3657 = CARTESIAN_POINT('',(-6.899999999855,-4.6546821427E-02,
    6.689447249735));
#3658 = CARTESIAN_POINT('',(-6.049999999969,-9.930306446521E-03,
    7.130411585171));
#3659 = PCURVE('',#2183,#3660);
#3660 = DEFINITIONAL_REPRESENTATION('',(#3661),#3664);
#3661 = B_SPLINE_CURVE_WITH_KNOTS('',1,(#3662,#3663),.UNSPECIFIED.,.F.,
  .F.,(2,2),(-0.958274654836,-0.),.PIECEWISE_BEZIER_KNOTS.);
#3662 = CARTESIAN_POINT('',(-0.958274654836,0.));
#3663 = CARTESIAN_POINT('',(0.,0.));
#3664 = ( GEOMETRIC_REPRESENTATION_CONTEXT(2) 
PARAMETRIC_REPRESENTATION_CONTEXT() REPRESENTATION_CONTEXT('2D SPACE',''
  ) );
#3665 = PCURVE('',#2280,#3666);
#3666 = DEFINITIONAL_REPRESENTATION('',(#3667),#3671);
#3667 = LINE('',#3668,#3669);
#3668 = CARTESIAN_POINT('',(0.,7.241437537144));
#3669 = VECTOR('',#3670,1.);
#3670 = DIRECTION('',(1.,0.));
#3671 = ( GEOMETRIC_REPRESENTATION_CONTEXT(2) 
PARAMETRIC_REPRESENTATION_CONTEXT() REPRESENTATION_CONTEXT('2D SPACE',''
  ) );
#3672 = ORIENTED_EDGE('',*,*,#2158,.T.);
#3673 = ORIENTED_EDGE('',*,*,#3502,.F.);
#3674 = ORIENTED_EDGE('',*,*,#3401,.F.);
#3675 = ADVANCED_FACE('',(#3676),#2280,.F.);
#3676 = FACE_BOUND('',#3677,.F.);
#3677 = EDGE_LOOP('',(#3678,#3831,#3875,#3876,#3877));
#3678 = ORIENTED_EDGE('',*,*,#3679,.F.);
#3679 = EDGE_CURVE('',#3680,#3682,#3684,.T.);
#3680 = VERTEX_POINT('',#3681);
#3681 = CARTESIAN_POINT('',(-6.899843043346,-4.654006001483E-02,
    3.089528675879));
#3682 = VERTEX_POINT('',#3683);
#3683 = CARTESIAN_POINT('',(6.9,-1.690012582823E-15,4.885660211166));
#3684 = SURFACE_CURVE('',#3685,(#3730,#3778),.PCURVE_S1.);
#3685 = B_SPLINE_CURVE_WITH_KNOTS('',8,(#3686,#3687,#3688,#3689,#3690,
    #3691,#3692,#3693,#3694,#3695,#3696,#3697,#3698,#3699,#3700,#3701,
    #3702,#3703,#3704,#3705,#3706,#3707,#3708,#3709,#3710,#3711,#3712,
    #3713,#3714,#3715,#3716,#3717,#3718,#3719,#3720,#3721,#3722,#3723,
    #3724,#3725,#3726,#3727,#3728,#3729),.UNSPECIFIED.,.F.,.F.,(9,7,7,7,
    7,7,9),(0.,8.954241112011E-02,0.266805239413,0.4354589228,
    0.542598538583,0.748768699643,1.),.UNSPECIFIED.);
#3686 = CARTESIAN_POINT('',(-6.899843043346,-4.654006000857E-02,
    3.089528675955));
#3687 = CARTESIAN_POINT('',(-6.898210221644,-0.288615671023,
    3.109630453233));
#3688 = CARTESIAN_POINT('',(-6.886870894576,-0.530628065068,
    3.12973353311));
#3689 = CARTESIAN_POINT('',(-6.865828360394,-0.772119812399,
    3.149836917835));
#3690 = CARTESIAN_POINT('',(-6.835111204274,-1.012636820198,
    3.169940143147));
#3691 = CARTESIAN_POINT('',(-6.794773275436,-1.251728525694,
    3.190043084594));
#3692 = CARTESIAN_POINT('',(-6.744893664269,-1.48894808927,
    3.210145763858));
#3693 = CARTESIAN_POINT('',(-6.685576679455,-1.72385258758,
    3.230248155073));
#3694 = CARTESIAN_POINT('',(-6.481098483367,-2.415580683007,
    3.290144634529));
#3695 = CARTESIAN_POINT('',(-6.308744074788,-2.864446160149,
    3.329943953291));
#3696 = CARTESIAN_POINT('',(-6.100900207405,-3.299108325705,
    3.369739494179));
#3697 = CARTESIAN_POINT('',(-5.858966325659,-3.716305155807,
    3.409531459897));
#3698 = CARTESIAN_POINT('',(-5.584670006902,-4.112974706881,
    3.449323972664));
#3699 = CARTESIAN_POINT('',(-5.280044691929,-4.486249217608,
    3.489120692303));
#3700 = CARTESIAN_POINT('',(-4.947444849526,-4.83347252104,
    3.528920788857));
#3701 = CARTESIAN_POINT('',(-4.249131863169,-5.455527357391,
    3.606577047348));
#3702 = CARTESIAN_POINT('',(-3.885716798361,-5.733140148109,
    3.644444079149));
#3703 = CARTESIAN_POINT('',(-3.501674505239,-5.982991930854,
    3.682309322047));
#3704 = CARTESIAN_POINT('',(-3.099498212411,-6.203317189116,
    3.720172002024));
#3705 = CARTESIAN_POINT('',(-2.681826672171,-6.392630326208,
    3.758034564722));
#3706 = CARTESIAN_POINT('',(-2.25143227639,-6.549713251882,
    3.795899558992));
#3707 = CARTESIAN_POINT('',(-1.811223868568,-6.67363232741,
    3.833766453437));
#3708 = CARTESIAN_POINT('',(-1.080326892223,-6.821055207577,
    3.895680709116));
#3709 = CARTESIAN_POINT('',(-0.793635905744,-6.864704755386,
    3.919733460956));
#3710 = CARTESIAN_POINT('',(-0.504962321052,-6.894576764532,
    3.943785925498));
#3711 = CARTESIAN_POINT('',(-0.215079669687,-6.910569850846,
    3.96783806679));
#3712 = CARTESIAN_POINT('',(7.523651970296E-02,-6.912634470161,
    3.99189018931));
#3713 = CARTESIAN_POINT('',(0.365209135244,-6.900771823645,
    4.015942597139));
#3714 = CARTESIAN_POINT('',(0.654059803605,-6.875034992342,
    4.039995251867));
#3715 = CARTESIAN_POINT('',(1.493189433878,-6.759516756174,
    4.110331348108));
#3716 = CARTESIAN_POINT('',(2.03850787716,-6.63250140406,4.156628485703)
  );
#3717 = CARTESIAN_POINT('',(2.571231475446,-6.455227163095,4.2029191532)
  );
#3718 = CARTESIAN_POINT('',(3.085971277719,-6.229223390583,
    4.249204082926));
#3719 = CARTESIAN_POINT('',(3.577640317055,-5.956649946351,4.29548913171
    ));
#3720 = CARTESIAN_POINT('',(4.041438245155,-5.640245201351,
    4.341780091376));
#3721 = CARTESIAN_POINT('',(4.472883362451,-5.283369740585,
    4.388077532143));
#3722 = CARTESIAN_POINT('',(5.349280923996,-4.410954882292,
    4.490761656392));
#3723 = CARTESIAN_POINT('',(5.777040534582,-3.877323317488,
    4.547196251993));
#3724 = CARTESIAN_POINT('',(6.143502597721,-3.29666187348,4.603611131362
    ));
#3725 = CARTESIAN_POINT('',(6.442861871525,-2.677320236061,
    4.660011336941));
#3726 = CARTESIAN_POINT('',(6.670602457573,-2.028217456555,
    4.716411412402));
#3727 = CARTESIAN_POINT('',(6.82358934731,-1.358846659395,4.772825960405
    ));
#3728 = CARTESIAN_POINT('',(6.9,-0.679211832774,4.829260320997));
#3729 = CARTESIAN_POINT('',(6.9,-1.7763568394E-15,4.885660211166));
#3730 = PCURVE('',#2280,#3731);
#3731 = DEFINITIONAL_REPRESENTATION('',(#3732),#3777);
#3732 = B_SPLINE_CURVE_WITH_KNOTS('',8,(#3733,#3734,#3735,#3736,#3737,
    #3738,#3739,#3740,#3741,#3742,#3743,#3744,#3745,#3746,#3747,#3748,
    #3749,#3750,#3751,#3752,#3753,#3754,#3755,#3756,#3757,#3758,#3759,
    #3760,#3761,#3762,#3763,#3764,#3765,#3766,#3767,#3768,#3769,#3770,
    #3771,#3772,#3773,#3774,#3775,#3776),.UNSPECIFIED.,.F.,.F.,(9,7,7,7,
    7,7,9),(0.,8.954241112011E-02,0.266805239413,0.4354589228,
    0.542598538583,0.748768699643,1.),.UNSPECIFIED.);
#3733 = CARTESIAN_POINT('',(-0.958097704739,0.));
#3734 = CARTESIAN_POINT('',(-0.958097704809,4.043493466292E-02));
#3735 = CARTESIAN_POINT('',(-0.958095362047,8.087032092626E-02));
#3736 = CARTESIAN_POINT('',(-0.958092219405,0.121305580006));
#3737 = CARTESIAN_POINT('',(-0.958089221579,0.161740652471));
#3738 = CARTESIAN_POINT('',(-0.958086854575,0.202175737844));
#3739 = CARTESIAN_POINT('',(-0.958085285282,0.242611034213));
#3740 = CARTESIAN_POINT('',(-0.958084501042,0.283046477837));
#3741 = CARTESIAN_POINT('',(-0.958084346633,0.403528727877));
#3742 = CARTESIAN_POINT('',(-0.958087110937,0.483588031266));
#3743 = CARTESIAN_POINT('',(-0.958091920631,0.563641628689));
#3744 = CARTESIAN_POINT('',(-0.958096938106,0.643688226948));
#3745 = CARTESIAN_POINT('',(-0.958100730939,0.723734792043));
#3746 = CARTESIAN_POINT('',(-0.958102885384,0.803788302766));
#3747 = CARTESIAN_POINT('',(-0.958103812073,0.883847469749));
#3748 = CARTESIAN_POINT('',(-0.958103679089,1.040053720329));
#3749 = CARTESIAN_POINT('',(-0.958102741864,1.116222782115));
#3750 = CARTESIAN_POINT('',(-0.95810125913,1.192387740568));
#3751 = CARTESIAN_POINT('',(-0.958099716442,1.268547488183));
#3752 = CARTESIAN_POINT('',(-0.958098496725,1.34470729884));
#3753 = CARTESIAN_POINT('',(-0.958097756489,1.42087244445));
#3754 = CARTESIAN_POINT('',(-0.958097439556,1.497041804102));
#3755 = CARTESIAN_POINT('',(-0.958097421138,1.621582957931));
#3756 = CARTESIAN_POINT('',(-0.958097536444,1.669965425784));
#3757 = CARTESIAN_POINT('',(-0.958097742019,1.71834739929));
#3758 = CARTESIAN_POINT('',(-0.958097989774,1.766728761619));
#3759 = CARTESIAN_POINT('',(-0.958098227432,1.815110076844));
#3760 = CARTESIAN_POINT('',(-0.958098407747,1.863491912889));
#3761 = CARTESIAN_POINT('',(-0.958098495223,1.911874159642));
#3762 = CARTESIAN_POINT('',(-0.958098422489,2.053355883299));
#3763 = CARTESIAN_POINT('',(-0.958097958209,2.14648262856));
#3764 = CARTESIAN_POINT('',(-0.958096936448,2.239595843135));
#3765 = CARTESIAN_POINT('',(-0.95809541978,2.332697058023));
#3766 = CARTESIAN_POINT('',(-0.958093762951,2.42579838266));
#3767 = CARTESIAN_POINT('',(-0.958092415448,2.518911883419));
#3768 = CARTESIAN_POINT('',(-0.958091679207,2.612038986781));
#3769 = CARTESIAN_POINT('',(-0.958091642195,2.818589139134));
#3770 = CARTESIAN_POINT('',(-0.958092691526,2.932108887011));
#3771 = CARTESIAN_POINT('',(-0.958094998776,3.045590145174));
#3772 = CARTESIAN_POINT('',(-0.958098359627,3.159042847862));
#3773 = CARTESIAN_POINT('',(-0.958101873317,3.272495452646));
#3774 = CARTESIAN_POINT('',(-0.958104593543,3.38597641255));
#3775 = CARTESIAN_POINT('',(-0.95810599452,3.499496017855));
#3776 = CARTESIAN_POINT('',(-0.958106073997,3.612945058575));
#3777 = ( GEOMETRIC_REPRESENTATION_CONTEXT(2) 
PARAMETRIC_REPRESENTATION_CONTEXT() REPRESENTATION_CONTEXT('2D SPACE',''
  ) );
#3778 = PCURVE('',#3779,#3784);
#3779 = CYLINDRICAL_SURFACE('',#3780,6.9);
#3780 = AXIS2_PLACEMENT_3D('',#3781,#3782,#3783);
#3781 = CARTESIAN_POINT('',(0.,0.,0.));
#3782 = DIRECTION('',(0.,0.,1.));
#3783 = DIRECTION('',(1.,0.,0.));
#3784 = DEFINITIONAL_REPRESENTATION('',(#3785),#3830);
#3785 = B_SPLINE_CURVE_WITH_KNOTS('',8,(#3786,#3787,#3788,#3789,#3790,
    #3791,#3792,#3793,#3794,#3795,#3796,#3797,#3798,#3799,#3800,#3801,
    #3802,#3803,#3804,#3805,#3806,#3807,#3808,#3809,#3810,#3811,#3812,
    #3813,#3814,#3815,#3816,#3817,#3818,#3819,#3820,#3821,#3822,#3823,
    #3824,#3825,#3826,#3827,#3828,#3829),.UNSPECIFIED.,.F.,.F.,(9,7,7,7,
    7,7,9),(0.,8.954241112011E-02,0.266805239413,0.4354589228,
    0.542598538583,0.748768699643,1.),.UNSPECIFIED.);
#3786 = CARTESIAN_POINT('',(3.148337640967,3.089528675955));
#3787 = CARTESIAN_POINT('',(3.183421860925,3.109630453233));
#3788 = CARTESIAN_POINT('',(3.218506409345,3.12973353311));
#3789 = CARTESIAN_POINT('',(3.253590793133,3.149836917835));
#3790 = CARTESIAN_POINT('',(3.288674982087,3.169940143147));
#3791 = CARTESIAN_POINT('',(3.323759176281,3.190043084594));
#3792 = CARTESIAN_POINT('',(3.358843573447,3.210145763858));
#3793 = CARTESIAN_POINT('',(3.393928136358,3.230248155073));
#3794 = CARTESIAN_POINT('',(3.498466920033,3.290144634529));
#3795 = CARTESIAN_POINT('',(3.567932108472,3.329943953291));
#3796 = CARTESIAN_POINT('',(3.637392585197,3.369739494179));
#3797 = CARTESIAN_POINT('',(3.706847149421,3.409531459897));
#3798 = CARTESIAN_POINT('',(3.776301712915,3.449323972664));
#3799 = CARTESIAN_POINT('',(3.845762213076,3.489120692303));
#3800 = CARTESIAN_POINT('',(3.915227466042,3.528920788857));
#3801 = CARTESIAN_POINT('',(4.050763249005,3.606577047348));
#3802 = CARTESIAN_POINT('',(4.116852863342,3.644444079149));
#3803 = CARTESIAN_POINT('',(4.18293876162,3.682309322047));
#3804 = CARTESIAN_POINT('',(4.249020020122,3.720172002024));
#3805 = CARTESIAN_POINT('',(4.315101276959,3.758034564722));
#3806 = CARTESIAN_POINT('',(4.381187172887,3.795899558992));
#3807 = CARTESIAN_POINT('',(4.44727678862,3.833766453437));
#3808 = CARTESIAN_POINT('',(4.55533714419,3.895680709116));
#3809 = CARTESIAN_POINT('',(4.597317092322,3.919733460956));
#3810 = CARTESIAN_POINT('',(4.639296654842,3.943785925498));
#3811 = CARTESIAN_POINT('',(4.681275733853,3.96783806679));
#3812 = CARTESIAN_POINT('',(4.723254818292,3.99189018931));
#3813 = CARTESIAN_POINT('',(4.765234396803,4.015942597139));
#3814 = CARTESIAN_POINT('',(4.807214366973,4.039995251867));
#3815 = CARTESIAN_POINT('',(4.929974320892,4.110331348108));
#3816 = CARTESIAN_POINT('',(5.01077803792,4.156628485703));
#3817 = CARTESIAN_POINT('',(5.091570057662,4.2029191532));
#3818 = CARTESIAN_POINT('',(5.17235162815,4.249204082926));
#3819 = CARTESIAN_POINT('',(5.253133193441,4.29548913171));
#3820 = CARTESIAN_POINT('',(5.333925199799,4.341780091376));
#3821 = CARTESIAN_POINT('',(5.414728901312,4.388077532143));
#3822 = CARTESIAN_POINT('',(5.593946340131,4.490761656392));
#3823 = CARTESIAN_POINT('',(5.692443943019,4.547196251993));
#3824 = CARTESIAN_POINT('',(5.790908091313,4.603611131362));
#3825 = CARTESIAN_POINT('',(5.889347497909,4.660011336941));
#3826 = CARTESIAN_POINT('',(5.987786935967,4.716411412402));
#3827 = CARTESIAN_POINT('',(6.086251081841,4.772825960405));
#3828 = CARTESIAN_POINT('',(6.184748809676,4.829260320997));
#3829 = CARTESIAN_POINT('',(6.28318530718,4.885660211166));
#3830 = ( GEOMETRIC_REPRESENTATION_CONTEXT(2) 
PARAMETRIC_REPRESENTATION_CONTEXT() REPRESENTATION_CONTEXT('2D SPACE',''
  ) );
#3831 = ORIENTED_EDGE('',*,*,#3832,.T.);
#3832 = EDGE_CURVE('',#3680,#2257,#3833,.T.);
#3833 = SURFACE_CURVE('',#3834,(#3837,#3843),.PCURVE_S1.);
#3834 = B_SPLINE_CURVE_WITH_KNOTS('',1,(#3835,#3836),.UNSPECIFIED.,.F.,
  .F.,(2,2),(-0.958274654836,-0.),.PIECEWISE_BEZIER_KNOTS.);
#3835 = CARTESIAN_POINT('',(-6.899999999855,-4.654682142701E-02,
    3.089447249735));
#3836 = CARTESIAN_POINT('',(-6.049999999969,-9.930306446528E-03,
    3.530411585171));
#3837 = PCURVE('',#2280,#3838);
#3838 = DEFINITIONAL_REPRESENTATION('',(#3839),#3842);
#3839 = B_SPLINE_CURVE_WITH_KNOTS('',1,(#3840,#3841),.UNSPECIFIED.,.F.,
  .F.,(2,2),(-0.958274654836,-0.),.PIECEWISE_BEZIER_KNOTS.);
#3840 = CARTESIAN_POINT('',(-0.958274654836,0.));
#3841 = CARTESIAN_POINT('',(0.,0.));
#3842 = ( GEOMETRIC_REPRESENTATION_CONTEXT(2) 
PARAMETRIC_REPRESENTATION_CONTEXT() REPRESENTATION_CONTEXT('2D SPACE',''
  ) );
#3843 = PCURVE('',#3844,#3869);
#3844 = B_SPLINE_SURFACE_WITH_KNOTS('',1,11,(
    (#3845,#3846,#3847,#3848,#3849,#3850,#3851,#3852,#3853,#3854,#3855
      ,#3856)
    ,(#3857,#3858,#3859,#3860,#3861,#3862,#3863,#3864,#3865,#3866,#3867
      ,#3868
    )),.UNSPECIFIED.,.F.,.F.,.F.,(2,2),(12,12),(-0.958274654836,-0.),(0.
    ,7.241437537144),.PIECEWISE_BEZIER_KNOTS.);
#3845 = CARTESIAN_POINT('',(-6.9,-4.654682142698E-02,-0.510552750265));
#3846 = CARTESIAN_POINT('',(-6.873412516753,-3.987817604983,
    -0.183280022995));
#3847 = CARTESIAN_POINT('',(-4.370984805494,-7.91229725586,
    0.143992704293));
#3848 = CARTESIAN_POINT('',(0.600763792517,-10.09213329544,0.47126543153
    ));
#3849 = CARTESIAN_POINT('',(6.64784624269,-8.801861759192,0.798538158849
    ));
#3850 = CARTESIAN_POINT('',(11.127936165989,-3.573321548763,
    1.125810886098));
#3851 = CARTESIAN_POINT('',(11.078714873917,3.723125754484,
    1.453083613342));
#3852 = CARTESIAN_POINT('',(6.528493430018,8.890748242024,1.780356340688
    ));
#3853 = CARTESIAN_POINT('',(0.464553916625,10.099319839237,
    2.107629067883));
#3854 = CARTESIAN_POINT('',(-4.477333520236,7.852607242415,
    2.434901795206));
#3855 = CARTESIAN_POINT('',(-6.926587483106,3.894723962127,
    2.762174522459));
#3856 = CARTESIAN_POINT('',(-6.899999999855,-4.654682142701E-02,
    3.089447249735));
#3857 = CARTESIAN_POINT('',(-6.05,-9.930306465025E-03,
    -6.958841504724E-02));
#3858 = CARTESIAN_POINT('',(-6.044327821995,-3.465682215368,
    0.257684312942));
#3859 = CARTESIAN_POINT('',(-3.867809822529,-6.917792716008,
    0.584957037494));
#3860 = CARTESIAN_POINT('',(0.481570977729,-8.851283356049,
    0.912229771818));
#3861 = CARTESIAN_POINT('',(5.789315071853,-7.747061576243,
    1.239502485878));
#3862 = CARTESIAN_POINT('',(9.740774989118,-3.182824735587,
    1.566775231924));
#3863 = CARTESIAN_POINT('',(9.73027411071,3.214783989212,1.894047938187)
  );
#3864 = CARTESIAN_POINT('',(5.763852323344,7.766024632939,2.221320684272
    ));
#3865 = CARTESIAN_POINT('',(0.452511940666,8.852816534482,2.54859339828)
  );
#3866 = CARTESIAN_POINT('',(-3.89049827464,6.905058438823,2.875866132642
    ));
#3867 = CARTESIAN_POINT('',(-6.055672177966,3.445821602458,
    3.203138857177));
#3868 = CARTESIAN_POINT('',(-6.049999999969,-9.930306446528E-03,
    3.530411585171));
#3869 = DEFINITIONAL_REPRESENTATION('',(#3870),#3874);
#3870 = LINE('',#3871,#3872);
#3871 = CARTESIAN_POINT('',(0.,7.241437537144));
#3872 = VECTOR('',#3873,1.);
#3873 = DIRECTION('',(1.,0.));
#3874 = ( GEOMETRIC_REPRESENTATION_CONTEXT(2) 
PARAMETRIC_REPRESENTATION_CONTEXT() REPRESENTATION_CONTEXT('2D SPACE',''
  ) );
#3875 = ORIENTED_EDGE('',*,*,#2256,.T.);
#3876 = ORIENTED_EDGE('',*,*,#3654,.F.);
#3877 = ORIENTED_EDGE('',*,*,#3878,.F.);
#3878 = EDGE_CURVE('',#3682,#3527,#3879,.T.);
#3879 = SURFACE_CURVE('',#3880,(#3925,#3973),.PCURVE_S1.);
#3880 = B_SPLINE_CURVE_WITH_KNOTS('',8,(#3881,#3882,#3883,#3884,#3885,
    #3886,#3887,#3888,#3889,#3890,#3891,#3892,#3893,#3894,#3895,#3896,
    #3897,#3898,#3899,#3900,#3901,#3902,#3903,#3904,#3905,#3906,#3907,
    #3908,#3909,#3910,#3911,#3912,#3913,#3914,#3915,#3916,#3917,#3918,
    #3919,#3920,#3921,#3922,#3923,#3924),.UNSPECIFIED.,.F.,.F.,(9,7,7,7,
    7,7,9),(0.,0.254240014659,0.465578999056,0.567144580544,
    0.737171656632,0.909483781396,1.),.UNSPECIFIED.);
#3881 = CARTESIAN_POINT('',(6.9,-1.720845688169E-15,4.885660211166));
#3882 = CARTESIAN_POINT('',(6.9,0.690300589282,4.942980881302));
#3883 = CARTESIAN_POINT('',(6.821074033884,1.381057471251,5.000340024271
    ));
#3884 = CARTESIAN_POINT('',(6.663040522658,2.061030576277,5.057678944407
    ));
#3885 = CARTESIAN_POINT('',(6.427852458778,2.719720328667,5.115003133123
    ));
#3886 = CARTESIAN_POINT('',(6.118851809169,3.347178988415,5.172327359027
    ));
#3887 = CARTESIAN_POINT('',(5.740851924509,3.934081120229,5.229666290596
    ));
#3888 = CARTESIAN_POINT('',(5.300026728297,4.471714423178,5.287025615893
    ));
#3889 = CARTESIAN_POINT('',(4.392724788759,5.351937455788,5.391994546284
    ));
#3890 = CARTESIAN_POINT('',(3.942769981754,5.712477892236,5.439657514244
    ));
#3891 = CARTESIAN_POINT('',(3.459207801309,6.029558391361,5.487312332442
    ));
#3892 = CARTESIAN_POINT('',(2.94699485088,6.299596698646,5.534960103317)
  );
#3893 = CARTESIAN_POINT('',(2.41142956776,6.519716290622,5.582607903093)
  );
#3894 = CARTESIAN_POINT('',(1.858115803745,6.687693518712,5.630262777279
    ));
#3895 = CARTESIAN_POINT('',(1.292980061683,6.802019424413,5.6779257489)
  );
#3896 = CARTESIAN_POINT('',(0.44806558357,6.890956677524,5.748472663809)
  );
#3897 = CARTESIAN_POINT('',(0.172491761101,6.907298767817,5.771371917299
    ));
#3898 = CARTESIAN_POINT('',(-0.103730969998,6.911043090804,
    5.794271048325));
#3899 = CARTESIAN_POINT('',(-0.379930099672,6.902163008667,
    5.817170000273));
#3900 = CARTESIAN_POINT('',(-0.655435181328,6.880674487137,
    5.840068975266));
#3901 = CARTESIAN_POINT('',(-0.929578071646,6.846635248869,
    5.862968172585));
#3902 = CARTESIAN_POINT('',(-1.201693261302,6.80014558514,5.885867528155
    ));
#3903 = CARTESIAN_POINT('',(-1.922152498377,6.642924756112,
    5.947100677585));
#3904 = CARTESIAN_POINT('',(-2.365721447466,6.509997594545,
    5.985439883753));
#3905 = CARTESIAN_POINT('',(-2.798654205658,6.343245215905,
    6.023776666504));
#3906 = CARTESIAN_POINT('',(-3.21794846072,6.143689032607,6.062110404568
    ));
#3907 = CARTESIAN_POINT('',(-3.620750803767,5.912646529614,
    6.100443961059));
#3908 = CARTESIAN_POINT('',(-4.004353384237,5.651713086398,
    6.138780313395));
#3909 = CARTESIAN_POINT('',(-4.366206942471,5.362775086003,
    6.177119114604));
#3910 = CARTESIAN_POINT('',(-5.046232538066,4.729103902467,
    6.254302441363));
#3911 = CARTESIAN_POINT('',(-5.363847459416,4.383584254988,
    6.293157482457));
#3912 = CARTESIAN_POINT('',(-5.654312594525,4.013785297312,
    6.332010581994));
#3913 = CARTESIAN_POINT('',(-5.915486173579,3.622219551096,
    6.370861324529));
#3914 = CARTESIAN_POINT('',(-6.145521324661,3.211586971826,
    6.409712595377));
#3915 = CARTESIAN_POINT('',(-6.342852880619,2.784759876368,
    6.448566872214));
#3916 = CARTESIAN_POINT('',(-6.506216714491,2.344787957337,
    6.487422819355));
#3917 = CARTESIAN_POINT('',(-6.702195207452,1.658607802358,
    6.546679905042));
#3918 = CARTESIAN_POINT('',(-6.760069811426,1.419542161438,
    6.567087526874));
#3919 = CARTESIAN_POINT('',(-6.808194101865,1.178186977407,
    6.587494705381));
#3920 = CARTESIAN_POINT('',(-6.846463570171,0.935006829925,
    6.607901393329));
#3921 = CARTESIAN_POINT('',(-6.874800545208,0.690470175088,
    6.628307769037));
#3922 = CARTESIAN_POINT('',(-6.89315422578,0.445049158099,6.64871416431)
  );
#3923 = CARTESIAN_POINT('',(-6.901500713115,0.199219425928,
    6.669120992388));
#3924 = CARTESIAN_POINT('',(-6.899843043346,-4.654006001493E-02,
    6.689528675879));
#3925 = PCURVE('',#2280,#3926);
#3926 = DEFINITIONAL_REPRESENTATION('',(#3927),#3972);
#3927 = B_SPLINE_CURVE_WITH_KNOTS('',8,(#3928,#3929,#3930,#3931,#3932,
    #3933,#3934,#3935,#3936,#3937,#3938,#3939,#3940,#3941,#3942,#3943,
    #3944,#3945,#3946,#3947,#3948,#3949,#3950,#3951,#3952,#3953,#3954,
    #3955,#3956,#3957,#3958,#3959,#3960,#3961,#3962,#3963,#3964,#3965,
    #3966,#3967,#3968,#3969,#3970,#3971),.UNSPECIFIED.,.F.,.F.,(9,7,7,7,
    7,7,9),(0.,0.254240014659,0.465578999056,0.567144580544,
    0.737171656632,0.909483781396,1.),.UNSPECIFIED.);
#3928 = CARTESIAN_POINT('',(-0.958106073997,3.612945058575));
#3929 = CARTESIAN_POINT('',(-0.958106154771,3.728246259002));
#3930 = CARTESIAN_POINT('',(-0.958104870545,3.843623580635));
#3931 = CARTESIAN_POINT('',(-0.958102181458,3.958958937062));
#3932 = CARTESIAN_POINT('',(-0.958098602879,4.074263815028));
#3933 = CARTESIAN_POINT('',(-0.95809513176,4.189568890337));
#3934 = CARTESIAN_POINT('',(-0.958092738965,4.304904529643));
#3935 = CARTESIAN_POINT('',(-0.958091647756,4.420282401448));
#3936 = CARTESIAN_POINT('',(-0.958091674616,4.631428524303));
#3937 = CARTESIAN_POINT('',(-0.958092450044,4.727303799092));
#3938 = CARTESIAN_POINT('',(-0.958093871762,4.823163278772));
#3939 = CARTESIAN_POINT('',(-0.958095604571,4.919008870645));
#3940 = CARTESIAN_POINT('',(-0.95809714874,5.01485434604));
#3941 = CARTESIAN_POINT('',(-0.958098126232,5.110713527154));
#3942 = CARTESIAN_POINT('',(-0.958098505637,5.206588442738));
#3943 = CARTESIAN_POINT('',(-0.9580984558,5.348494251538));
#3944 = CARTESIAN_POINT('',(-0.958098344318,5.394556235514));
#3945 = CARTESIAN_POINT('',(-0.958098157907,5.440617903794));
#3946 = CARTESIAN_POINT('',(-0.958097929475,5.486679172962));
#3947 = CARTESIAN_POINT('',(-0.958097700618,5.532740488092));
#3948 = CARTESIAN_POINT('',(-0.958097516053,5.57880229143));
#3949 = CARTESIAN_POINT('',(-0.958097416335,5.62486449163));
#3950 = CARTESIAN_POINT('',(-0.958097449807,5.748035641166));
#3951 = CARTESIAN_POINT('',(-0.958097787549,5.825155666759));
#3952 = CARTESIAN_POINT('',(-0.958098562079,5.902271221925));
#3953 = CARTESIAN_POINT('',(-0.958099827118,5.979381106701));
#3954 = CARTESIAN_POINT('',(-0.958101409865,6.056490920318));
#3955 = CARTESIAN_POINT('',(-0.958102899764,6.133606271863));
#3956 = CARTESIAN_POINT('',(-0.958103786273,6.21072599083));
#3957 = CARTESIAN_POINT('',(-0.958103704488,6.365980981691));
#3958 = CARTESIAN_POINT('',(-0.958102684578,6.444137357939));
#3959 = CARTESIAN_POINT('',(-0.958100473322,6.522288725982));
#3960 = CARTESIAN_POINT('',(-0.958096735816,6.600433940151));
#3961 = CARTESIAN_POINT('',(-0.958091884476,6.678579186036));
#3962 = CARTESIAN_POINT('',(-0.958087241665,6.756730671518));
#3963 = CARTESIAN_POINT('',(-0.958084495309,6.834887272242));
#3964 = CARTESIAN_POINT('',(-0.958084422404,6.954083450493));
#3965 = CARTESIAN_POINT('',(-0.9580851445,6.995134262989));
#3966 = CARTESIAN_POINT('',(-0.958086674877,7.036184931898));
#3967 = CARTESIAN_POINT('',(-0.958089038669,7.077235385475));
#3968 = CARTESIAN_POINT('',(-0.958092075646,7.118285834093));
#3969 = CARTESIAN_POINT('',(-0.958095290781,7.159336486977));
#3970 = CARTESIAN_POINT('',(-0.95809770483,7.200387268944));
#3971 = CARTESIAN_POINT('',(-0.958097704902,7.241437537144));
#3972 = ( GEOMETRIC_REPRESENTATION_CONTEXT(2) 
PARAMETRIC_REPRESENTATION_CONTEXT() REPRESENTATION_CONTEXT('2D SPACE',''
  ) );
#3973 = PCURVE('',#3184,#3974);
#3974 = DEFINITIONAL_REPRESENTATION('',(#3975),#4020);
#3975 = B_SPLINE_CURVE_WITH_KNOTS('',8,(#3976,#3977,#3978,#3979,#3980,
    #3981,#3982,#3983,#3984,#3985,#3986,#3987,#3988,#3989,#3990,#3991,
    #3992,#3993,#3994,#3995,#3996,#3997,#3998,#3999,#4000,#4001,#4002,
    #4003,#4004,#4005,#4006,#4007,#4008,#4009,#4010,#4011,#4012,#4013,
    #4014,#4015,#4016,#4017,#4018,#4019),.UNSPECIFIED.,.F.,.F.,(9,7,7,7,
    7,7,9),(0.,0.254240014659,0.465578999056,0.567144580544,
    0.737171656632,0.909483781396,1.),.UNSPECIFIED.);
#3976 = CARTESIAN_POINT('',(0.,4.885660211166));
#3977 = CARTESIAN_POINT('',(0.100043563664,4.942980881302));
#3978 = CARTESIAN_POINT('',(0.200153172037,5.000340024271));
#3979 = CARTESIAN_POINT('',(0.300226308208,5.057678944407));
#3980 = CARTESIAN_POINT('',(0.400272883429,5.115003133123));
#3981 = CARTESIAN_POINT('',(0.500319506469,5.172327359027));
#3982 = CARTESIAN_POINT('',(0.600392619204,5.229666290596));
#3983 = CARTESIAN_POINT('',(0.700502446782,5.287025615893));
#3984 = CARTESIAN_POINT('',(0.883707671922,5.391994546284));
#3985 = CARTESIAN_POINT('',(0.966895891397,5.439657514244));
#3986 = CARTESIAN_POINT('',(1.050070526555,5.487312332442));
#3987 = CARTESIAN_POINT('',(1.133233247026,5.534960103317));
#3988 = CARTESIAN_POINT('',(1.216395969015,5.582607903093));
#3989 = CARTESIAN_POINT('',(1.299570609666,5.630262777279));
#3990 = CARTESIAN_POINT('',(1.38275883964,5.6779257489));
#3991 = CARTESIAN_POINT('',(1.505886728468,5.748472663809));
#3992 = CARTESIAN_POINT('',(1.545853456625,5.771371917299));
#3993 = CARTESIAN_POINT('',(1.585819876493,5.794271048325));
#3994 = CARTESIAN_POINT('',(1.625785910608,5.817170000273));
#3995 = CARTESIAN_POINT('',(1.66575194252,5.840068975266));
#3996 = CARTESIAN_POINT('',(1.70571835639,5.862968172585));
#3997 = CARTESIAN_POINT('',(1.745685076621,5.885867528155));
#3998 = CARTESIAN_POINT('',(1.852556719365,5.947100677585));
#3999 = CARTESIAN_POINT('',(1.919471196314,5.985439883753));
#4000 = CARTESIAN_POINT('',(1.98638173495,6.023776666504));
#4001 = CARTESIAN_POINT('',(2.053287350897,6.062110404568));
#4002 = CARTESIAN_POINT('',(2.120192970323,6.100443961059));
#4003 = CARTESIAN_POINT('',(2.187103520012,6.138780313395));
#4004 = CARTESIAN_POINT('',(2.254018015977,6.177119114604));
#4005 = CARTESIAN_POINT('',(2.388728451657,6.254302441363));
#4006 = CARTESIAN_POINT('',(2.456542706079,6.293157482457));
#4007 = CARTESIAN_POINT('',(2.524352746755,6.332010581994));
#4008 = CARTESIAN_POINT('',(2.592157513194,6.370861324529));
#4009 = CARTESIAN_POINT('',(2.659962266511,6.409712595377));
#4010 = CARTESIAN_POINT('',(2.72777228403,6.448566872214));
#4011 = CARTESIAN_POINT('',(2.795586533537,6.487422819355));
#4012 = CARTESIAN_POINT('',(2.899009444767,6.546679905042));
#4013 = CARTESIAN_POINT('',(2.934627954043,6.567087526874));
#4014 = CARTESIAN_POINT('',(2.970246305818,6.587494705381));
#4015 = CARTESIAN_POINT('',(3.005864456582,6.607901393329));
#4016 = CARTESIAN_POINT('',(3.041482614264,6.628307769037));
#4017 = CARTESIAN_POINT('',(3.077100984009,6.64871416431));
#4018 = CARTESIAN_POINT('',(3.112719513946,6.669120992388));
#4019 = CARTESIAN_POINT('',(3.148337640967,6.689528675879));
#4020 = ( GEOMETRIC_REPRESENTATION_CONTEXT(2) 
PARAMETRIC_REPRESENTATION_CONTEXT() REPRESENTATION_CONTEXT('2D SPACE',''
  ) );
#4021 = ADVANCED_FACE('',(#4022),#2324,.F.);
#4022 = FACE_BOUND('',#4023,.F.);
#4023 = EDGE_LOOP('',(#4024,#4055,#4084,#4103,#4104));
#4024 = ORIENTED_EDGE('',*,*,#4025,.F.);
#4025 = EDGE_CURVE('',#4026,#2257,#4028,.T.);
#4026 = VERTEX_POINT('',#4027);
#4027 = CARTESIAN_POINT('',(-6.004234490378,-0.742852076976,
    1.821459649776E-17));
#4028 = SURFACE_CURVE('',#4029,(#4042,#4048),.PCURVE_S1.);
#4029 = B_SPLINE_CURVE_WITH_KNOTS('',11,(#4030,#4031,#4032,#4033,#4034,
    #4035,#4036,#4037,#4038,#4039,#4040,#4041),.UNSPECIFIED.,.F.,.F.,(12
    ,12),(0.,7.241437537144),.PIECEWISE_BEZIER_KNOTS.);
#4030 = CARTESIAN_POINT('',(-6.05,-9.930306465025E-03,
    -6.958841504724E-02));
#4031 = CARTESIAN_POINT('',(-6.044327821995,-3.465682215368,
    0.257684312942));
#4032 = CARTESIAN_POINT('',(-3.867809822529,-6.917792716008,
    0.584957037494));
#4033 = CARTESIAN_POINT('',(0.481570977729,-8.851283356049,
    0.912229771818));
#4034 = CARTESIAN_POINT('',(5.789315071853,-7.747061576243,
    1.239502485878));
#4035 = CARTESIAN_POINT('',(9.740774989118,-3.182824735587,
    1.566775231924));
#4036 = CARTESIAN_POINT('',(9.73027411071,3.214783989212,1.894047938187)
  );
#4037 = CARTESIAN_POINT('',(5.763852323344,7.766024632939,2.221320684272
    ));
#4038 = CARTESIAN_POINT('',(0.452511940666,8.852816534482,2.54859339828)
  );
#4039 = CARTESIAN_POINT('',(-3.89049827464,6.905058438823,2.875866132642
    ));
#4040 = CARTESIAN_POINT('',(-6.055672177966,3.445821602458,
    3.203138857177));
#4041 = CARTESIAN_POINT('',(-6.049999999969,-9.930306446528E-03,
    3.530411585171));
#4042 = PCURVE('',#2324,#4043);
#4043 = DEFINITIONAL_REPRESENTATION('',(#4044),#4047);
#4044 = B_SPLINE_CURVE_WITH_KNOTS('',1,(#4045,#4046),.UNSPECIFIED.,.F.,
  .F.,(2,2),(0.,7.241437537144),.PIECEWISE_BEZIER_KNOTS.);
#4045 = CARTESIAN_POINT('',(-0.24,0.));
#4046 = CARTESIAN_POINT('',(-0.24,7.241437537144));
#4047 = ( GEOMETRIC_REPRESENTATION_CONTEXT(2) 
PARAMETRIC_REPRESENTATION_CONTEXT() REPRESENTATION_CONTEXT('2D SPACE',''
  ) );
#4048 = PCURVE('',#3844,#4049);
#4049 = DEFINITIONAL_REPRESENTATION('',(#4050),#4054);
#4050 = LINE('',#4051,#4052);
#4051 = CARTESIAN_POINT('',(-0.,0.));
#4052 = VECTOR('',#4053,1.);
#4053 = DIRECTION('',(0.,1.));
#4054 = ( GEOMETRIC_REPRESENTATION_CONTEXT(2) 
PARAMETRIC_REPRESENTATION_CONTEXT() REPRESENTATION_CONTEXT('2D SPACE',''
  ) );
#4055 = ORIENTED_EDGE('',*,*,#4056,.F.);
#4056 = EDGE_CURVE('',#4057,#4026,#4059,.T.);
#4057 = VERTEX_POINT('',#4058);
#4058 = CARTESIAN_POINT('',(-6.05,-4.151868080658E-03,6.938893903907E-18
    ));
#4059 = SURFACE_CURVE('',#4060,(#4066,#4075),.PCURVE_S1.);
#4060 = B_SPLINE_CURVE_WITH_KNOTS('',4,(#4061,#4062,#4063,#4064,#4065),
  .UNSPECIFIED.,.F.,.F.,(5,5),(0.,1.),.PIECEWISE_BEZIER_KNOTS.);
#4061 = CARTESIAN_POINT('',(-6.05,-4.15186808066E-03,0.));
#4062 = CARTESIAN_POINT('',(-6.049873928942,-0.189304171821,0.));
#4063 = CARTESIAN_POINT('',(-6.042194812617,-0.374451868413,0.));
#4064 = CARTESIAN_POINT('',(-6.026962985012,-0.559131804006,0.));
#4065 = CARTESIAN_POINT('',(-6.004234437451,-0.742884325119,0.));
#4066 = PCURVE('',#2324,#4067);
#4067 = DEFINITIONAL_REPRESENTATION('',(#4068),#4074);
#4068 = B_SPLINE_CURVE_WITH_KNOTS('',4,(#4069,#4070,#4071,#4072,#4073),
  .UNSPECIFIED.,.F.,.F.,(5,5),(0.,1.),.PIECEWISE_BEZIER_KNOTS.);
#4069 = CARTESIAN_POINT('',(-0.170172083957,0.));
#4070 = CARTESIAN_POINT('',(-0.187629766999,3.499586684927E-02));
#4071 = CARTESIAN_POINT('',(-0.205086681742,6.999019357585E-02));
#4072 = CARTESIAN_POINT('',(-0.222543358663,0.104984043578));
#4073 = CARTESIAN_POINT('',(-0.24,0.139977822257));
#4074 = ( GEOMETRIC_REPRESENTATION_CONTEXT(2) 
PARAMETRIC_REPRESENTATION_CONTEXT() REPRESENTATION_CONTEXT('2D SPACE',''
  ) );
#4075 = PCURVE('',#2814,#4076);
#4076 = DEFINITIONAL_REPRESENTATION('',(#4077),#4083);
#4077 = B_SPLINE_CURVE_WITH_KNOTS('',4,(#4078,#4079,#4080,#4081,#4082),
  .UNSPECIFIED.,.F.,.F.,(5,5),(0.,1.),.PIECEWISE_BEZIER_KNOTS.);
#4078 = CARTESIAN_POINT('',(-6.05,-4.15186808066E-03));
#4079 = CARTESIAN_POINT('',(-6.049873928942,-0.189304171821));
#4080 = CARTESIAN_POINT('',(-6.042194812617,-0.374451868413));
#4081 = CARTESIAN_POINT('',(-6.026962985012,-0.559131804006));
#4082 = CARTESIAN_POINT('',(-6.004234437451,-0.742884325119));
#4083 = ( GEOMETRIC_REPRESENTATION_CONTEXT(2) 
PARAMETRIC_REPRESENTATION_CONTEXT() REPRESENTATION_CONTEXT('2D SPACE',''
  ) );
#4084 = ORIENTED_EDGE('',*,*,#4085,.T.);
#4085 = EDGE_CURVE('',#4057,#2360,#4086,.T.);
#4086 = SURFACE_CURVE('',#4087,(#4090,#4097),.PCURVE_S1.);
#4087 = B_SPLINE_CURVE_WITH_KNOTS('',1,(#4088,#4089),.UNSPECIFIED.,.F.,
  .F.,(2,2),(-0.24,-0.),.PIECEWISE_BEZIER_KNOTS.);
#4088 = CARTESIAN_POINT('',(-6.05,-9.930306465021E-03,
    -6.958841504724E-02));
#4089 = CARTESIAN_POINT('',(-6.05,9.930306465021E-03,0.169588415047));
#4090 = PCURVE('',#2324,#4091);
#4091 = DEFINITIONAL_REPRESENTATION('',(#4092),#4096);
#4092 = LINE('',#4093,#4094);
#4093 = CARTESIAN_POINT('',(0.,0.));
#4094 = VECTOR('',#4095,1.);
#4095 = DIRECTION('',(1.,0.));
#4096 = ( GEOMETRIC_REPRESENTATION_CONTEXT(2) 
PARAMETRIC_REPRESENTATION_CONTEXT() REPRESENTATION_CONTEXT('2D SPACE',''
  ) );
#4097 = PCURVE('',#2405,#4098);
#4098 = DEFINITIONAL_REPRESENTATION('',(#4099),#4102);
#4099 = B_SPLINE_CURVE_WITH_KNOTS('',1,(#4100,#4101),.UNSPECIFIED.,.F.,
  .F.,(2,2),(-0.24,-0.),.PIECEWISE_BEZIER_KNOTS.);
#4100 = CARTESIAN_POINT('',(0.12,0.539614709782));
#4101 = CARTESIAN_POINT('',(-0.12,0.539614709782));
#4102 = ( GEOMETRIC_REPRESENTATION_CONTEXT(2) 
PARAMETRIC_REPRESENTATION_CONTEXT() REPRESENTATION_CONTEXT('2D SPACE',''
  ) );
#4103 = ORIENTED_EDGE('',*,*,#2359,.T.);
#4104 = ORIENTED_EDGE('',*,*,#2312,.F.);
#4105 = ADVANCED_FACE('',(#4106),#2405,.T.);
#4106 = FACE_BOUND('',#4107,.T.);
#4107 = EDGE_LOOP('',(#4108,#4109,#4110,#4111,#4112));
#4108 = ORIENTED_EDGE('',*,*,#4085,.T.);
#4109 = ORIENTED_EDGE('',*,*,#2390,.T.);
#4110 = ORIENTED_EDGE('',*,*,#2853,.T.);
#4111 = ORIENTED_EDGE('',*,*,#2826,.T.);
#4112 = ORIENTED_EDGE('',*,*,#4113,.T.);
#4113 = EDGE_CURVE('',#2798,#4057,#4114,.T.);
#4114 = SURFACE_CURVE('',#4115,(#4119,#4125),.PCURVE_S1.);
#4115 = LINE('',#4116,#4117);
#4116 = CARTESIAN_POINT('',(-3.294807354891,-4.151868080669E-03,0.));
#4117 = VECTOR('',#4118,1.);
#4118 = DIRECTION('',(1.,-3.860346186331E-15,0.));
#4119 = PCURVE('',#2405,#4120);
#4120 = DEFINITIONAL_REPRESENTATION('',(#4121),#4124);
#4121 = B_SPLINE_CURVE_WITH_KNOTS('',1,(#4122,#4123),.UNSPECIFIED.,.F.,
  .F.,(2,2),(-3.605192645109,-2.755192645109),.PIECEWISE_BEZIER_KNOTS.);
#4122 = CARTESIAN_POINT('',(5.017208395671E-02,-0.310385290218));
#4123 = CARTESIAN_POINT('',(5.017208395671E-02,0.539614709782));
#4124 = ( GEOMETRIC_REPRESENTATION_CONTEXT(2) 
PARAMETRIC_REPRESENTATION_CONTEXT() REPRESENTATION_CONTEXT('2D SPACE',''
  ) );
#4125 = PCURVE('',#2814,#4126);
#4126 = DEFINITIONAL_REPRESENTATION('',(#4127),#4130);
#4127 = B_SPLINE_CURVE_WITH_KNOTS('',1,(#4128,#4129),.UNSPECIFIED.,.F.,
  .F.,(2,2),(-3.605192645109,-2.755192645109),.PIECEWISE_BEZIER_KNOTS.);
#4128 = CARTESIAN_POINT('',(-6.9,-4.151868080655E-03));
#4129 = CARTESIAN_POINT('',(-6.05,-4.151868080658E-03));
#4130 = ( GEOMETRIC_REPRESENTATION_CONTEXT(2) 
PARAMETRIC_REPRESENTATION_CONTEXT() REPRESENTATION_CONTEXT('2D SPACE',''
  ) );
#4131 = ADVANCED_FACE('',(#4132),#2814,.F.);
#4132 = FACE_BOUND('',#4133,.F.);
#4133 = EDGE_LOOP('',(#4134,#4165,#4194,#4220,#4256,#4257,#4258,#4259,
    #4260));
#4134 = ORIENTED_EDGE('',*,*,#4135,.T.);
#4135 = EDGE_CURVE('',#4136,#4138,#4140,.T.);
#4136 = VERTEX_POINT('',#4137);
#4137 = CARTESIAN_POINT('',(-4.301576068132,-5.395038770025,0.));
#4138 = VERTEX_POINT('',#4139);
#4139 = CARTESIAN_POINT('',(6.9,-1.690012582823E-15,0.));
#4140 = SURFACE_CURVE('',#4141,(#4146,#4153),.PCURVE_S1.);
#4141 = CIRCLE('',#4142,6.9);
#4142 = AXIS2_PLACEMENT_3D('',#4143,#4144,#4145);
#4143 = CARTESIAN_POINT('',(0.,0.,0.));
#4144 = DIRECTION('',(0.,0.,1.));
#4145 = DIRECTION('',(1.,0.,0.));
#4146 = PCURVE('',#2814,#4147);
#4147 = DEFINITIONAL_REPRESENTATION('',(#4148),#4152);
#4148 = CIRCLE('',#4149,6.9);
#4149 = AXIS2_PLACEMENT_2D('',#4150,#4151);
#4150 = CARTESIAN_POINT('',(0.,0.));
#4151 = DIRECTION('',(1.,0.));
#4152 = ( GEOMETRIC_REPRESENTATION_CONTEXT(2) 
PARAMETRIC_REPRESENTATION_CONTEXT() REPRESENTATION_CONTEXT('2D SPACE',''
  ) );
#4153 = PCURVE('',#4154,#4159);
#4154 = CYLINDRICAL_SURFACE('',#4155,6.9);
#4155 = AXIS2_PLACEMENT_3D('',#4156,#4157,#4158);
#4156 = CARTESIAN_POINT('',(0.,0.,0.));
#4157 = DIRECTION('',(0.,0.,1.));
#4158 = DIRECTION('',(1.,0.,0.));
#4159 = DEFINITIONAL_REPRESENTATION('',(#4160),#4164);
#4160 = LINE('',#4161,#4162);
#4161 = CARTESIAN_POINT('',(0.,0.));
#4162 = VECTOR('',#4163,1.);
#4163 = DIRECTION('',(1.,0.));
#4164 = ( GEOMETRIC_REPRESENTATION_CONTEXT(2) 
PARAMETRIC_REPRESENTATION_CONTEXT() REPRESENTATION_CONTEXT('2D SPACE',''
  ) );
#4165 = ORIENTED_EDGE('',*,*,#4166,.T.);
#4166 = EDGE_CURVE('',#4138,#4167,#4169,.T.);
#4167 = VERTEX_POINT('',#4168);
#4168 = CARTESIAN_POINT('',(6.899998750869,4.151868080657E-03,0.));
#4169 = SURFACE_CURVE('',#4170,(#4175,#4182),.PCURVE_S1.);
#4170 = CIRCLE('',#4171,6.9);
#4171 = AXIS2_PLACEMENT_3D('',#4172,#4173,#4174);
#4172 = CARTESIAN_POINT('',(0.,0.,0.));
#4173 = DIRECTION('',(0.,0.,1.));
#4174 = DIRECTION('',(1.,0.,0.));
#4175 = PCURVE('',#2814,#4176);
#4176 = DEFINITIONAL_REPRESENTATION('',(#4177),#4181);
#4177 = CIRCLE('',#4178,6.9);
#4178 = AXIS2_PLACEMENT_2D('',#4179,#4180);
#4179 = CARTESIAN_POINT('',(0.,0.));
#4180 = DIRECTION('',(1.,0.));
#4181 = ( GEOMETRIC_REPRESENTATION_CONTEXT(2) 
PARAMETRIC_REPRESENTATION_CONTEXT() REPRESENTATION_CONTEXT('2D SPACE',''
  ) );
#4182 = PCURVE('',#4183,#4188);
#4183 = CYLINDRICAL_SURFACE('',#4184,6.9);
#4184 = AXIS2_PLACEMENT_3D('',#4185,#4186,#4187);
#4185 = CARTESIAN_POINT('',(0.,0.,0.));
#4186 = DIRECTION('',(0.,0.,1.));
#4187 = DIRECTION('',(1.,0.,0.));
#4188 = DEFINITIONAL_REPRESENTATION('',(#4189),#4193);
#4189 = LINE('',#4190,#4191);
#4190 = CARTESIAN_POINT('',(0.,0.));
#4191 = VECTOR('',#4192,1.);
#4192 = DIRECTION('',(1.,0.));
#4193 = ( GEOMETRIC_REPRESENTATION_CONTEXT(2) 
PARAMETRIC_REPRESENTATION_CONTEXT() REPRESENTATION_CONTEXT('2D SPACE',''
  ) );
#4194 = ORIENTED_EDGE('',*,*,#4195,.T.);
#4195 = EDGE_CURVE('',#4167,#4196,#4198,.T.);
#4196 = VERTEX_POINT('',#4197);
#4197 = CARTESIAN_POINT('',(6.05,4.15186808066E-03,-1.387778780781E-17)
  );
#4198 = SURFACE_CURVE('',#4199,(#4203,#4209),.PCURVE_S1.);
#4199 = LINE('',#4200,#4201);
#4200 = CARTESIAN_POINT('',(3.294807354891,4.151868080665E-03,
    -3.469446951954E-18));
#4201 = VECTOR('',#4202,1.);
#4202 = DIRECTION('',(-1.,2.063163675404E-15,0.));
#4203 = PCURVE('',#2814,#4204);
#4204 = DEFINITIONAL_REPRESENTATION('',(#4205),#4208);
#4205 = B_SPLINE_CURVE_WITH_KNOTS('',1,(#4206,#4207),.UNSPECIFIED.,.F.,
  .F.,(2,2),(-3.605192645109,-2.755192645109),.PIECEWISE_BEZIER_KNOTS.);
#4206 = CARTESIAN_POINT('',(6.9,4.151868080657E-03));
#4207 = CARTESIAN_POINT('',(6.05,4.151868080659E-03));
#4208 = ( GEOMETRIC_REPRESENTATION_CONTEXT(2) 
PARAMETRIC_REPRESENTATION_CONTEXT() REPRESENTATION_CONTEXT('2D SPACE',''
  ) );
#4209 = PCURVE('',#4210,#4215);
#4210 = PLANE('',#4211);
#4211 = AXIS2_PLACEMENT_3D('',#4212,#4213,#4214);
#4212 = CARTESIAN_POINT('',(6.589614709782,1.024230722819E-17,5.E-02));
#4213 = DIRECTION('',(2.056087282705E-15,0.996570125394,
    8.275255387518E-02));
#4214 = DIRECTION('',(-2.465190328816E-32,-8.275255387518E-02,
    0.996570125394));
#4215 = DEFINITIONAL_REPRESENTATION('',(#4216),#4219);
#4216 = B_SPLINE_CURVE_WITH_KNOTS('',1,(#4217,#4218),.UNSPECIFIED.,.F.,
  .F.,(2,2),(-3.605192645109,-2.755192645109),.PIECEWISE_BEZIER_KNOTS.);
#4217 = CARTESIAN_POINT('',(-5.017208395671E-02,0.310385290218));
#4218 = CARTESIAN_POINT('',(-5.017208395671E-02,-0.539614709782));
#4219 = ( GEOMETRIC_REPRESENTATION_CONTEXT(2) 
PARAMETRIC_REPRESENTATION_CONTEXT() REPRESENTATION_CONTEXT('2D SPACE',''
  ) );
#4220 = ORIENTED_EDGE('',*,*,#4221,.T.);
#4221 = EDGE_CURVE('',#4196,#2885,#4222,.T.);
#4222 = SURFACE_CURVE('',#4223,(#4232,#4244),.PCURVE_S1.);
#4223 = B_SPLINE_CURVE_WITH_KNOTS('',4,(#4224,#4225,#4226,#4227,#4228,
    #4229,#4230,#4231),.UNSPECIFIED.,.F.,.F.,(5,3,5),(0.,0.11341791788,
    1.),.UNSPECIFIED.);
#4224 = CARTESIAN_POINT('',(6.05,4.151868080665E-03,0.));
#4225 = CARTESIAN_POINT('',(6.049985701282,2.515145832127E-02,0.));
#4226 = CARTESIAN_POINT('',(6.049874242766,4.615098713753E-02,0.));
#4227 = CARTESIAN_POINT('',(6.049665625132,6.714977983303E-02,0.));
#4228 = CARTESIAN_POINT('',(6.046969693378,0.252282626369,0.));
#4229 = CARTESIAN_POINT('',(6.038643257749,0.416331982303,0.));
#4230 = CARTESIAN_POINT('',(6.024385161643,0.579972622884,0.));
#4231 = CARTESIAN_POINT('',(6.004234437451,0.742884325119,0.));
#4232 = PCURVE('',#2814,#4233);
#4233 = DEFINITIONAL_REPRESENTATION('',(#4234),#4243);
#4234 = B_SPLINE_CURVE_WITH_KNOTS('',4,(#4235,#4236,#4237,#4238,#4239,
    #4240,#4241,#4242),.UNSPECIFIED.,.F.,.F.,(5,3,5),(0.,0.11341791788,
    1.),.UNSPECIFIED.);
#4235 = CARTESIAN_POINT('',(6.05,4.151868080665E-03));
#4236 = CARTESIAN_POINT('',(6.049985701282,2.515145832127E-02));
#4237 = CARTESIAN_POINT('',(6.049874242766,4.615098713753E-02));
#4238 = CARTESIAN_POINT('',(6.049665625132,6.714977983303E-02));
#4239 = CARTESIAN_POINT('',(6.046969693378,0.252282626369));
#4240 = CARTESIAN_POINT('',(6.038643257749,0.416331982303));
#4241 = CARTESIAN_POINT('',(6.024385161643,0.579972622884));
#4242 = CARTESIAN_POINT('',(6.004234437451,0.742884325119));
#4243 = ( GEOMETRIC_REPRESENTATION_CONTEXT(2) 
PARAMETRIC_REPRESENTATION_CONTEXT() REPRESENTATION_CONTEXT('2D SPACE',''
  ) );
#4244 = PCURVE('',#2975,#4245);
#4245 = DEFINITIONAL_REPRESENTATION('',(#4246),#4255);
#4246 = B_SPLINE_CURVE_WITH_KNOTS('',4,(#4247,#4248,#4249,#4250,#4251,
    #4252,#4253,#4254),.UNSPECIFIED.,.F.,.F.,(5,3,5),(0.,0.11341791788,
    1.),.UNSPECIFIED.);
#4247 = CARTESIAN_POINT('',(-0.170172083957,0.));
#4248 = CARTESIAN_POINT('',(-0.172152098156,3.969158628343E-03));
#4249 = CARTESIAN_POINT('',(-0.174132102361,7.938297221354E-03));
#4250 = CARTESIAN_POINT('',(-0.17611209738,1.190741740258E-02));
#4251 = CARTESIAN_POINT('',(-0.193569538086,4.690279846744E-02));
#4252 = CARTESIAN_POINT('',(-0.209046480991,7.792805148532E-02));
#4253 = CARTESIAN_POINT('',(-0.224523253677,0.108952963291));
#4254 = CARTESIAN_POINT('',(-0.24,0.139977822257));
#4255 = ( GEOMETRIC_REPRESENTATION_CONTEXT(2) 
PARAMETRIC_REPRESENTATION_CONTEXT() REPRESENTATION_CONTEXT('2D SPACE',''
  ) );
#4256 = ORIENTED_EDGE('',*,*,#2884,.T.);
#4257 = ORIENTED_EDGE('',*,*,#2797,.T.);
#4258 = ORIENTED_EDGE('',*,*,#4113,.T.);
#4259 = ORIENTED_EDGE('',*,*,#4056,.T.);
#4260 = ORIENTED_EDGE('',*,*,#4261,.T.);
#4261 = EDGE_CURVE('',#4026,#4136,#4262,.T.);
#4262 = SURFACE_CURVE('',#4263,(#4282,#4304),.PCURVE_S1.);
#4263 = B_SPLINE_CURVE_WITH_KNOTS('',5,(#4264,#4265,#4266,#4267,#4268,
    #4269,#4270,#4271,#4272,#4273,#4274,#4275,#4276,#4277,#4278,#4279,
    #4280,#4281),.UNSPECIFIED.,.F.,.F.,(6,4,4,4,6),(0.,0.226328864027,
    0.457277833721,0.724508871083,1.),.UNSPECIFIED.);
#4264 = CARTESIAN_POINT('',(-6.004234490378,-0.742852076976,0.));
#4265 = CARTESIAN_POINT('',(-6.017107689361,-0.971829673565,0.));
#4266 = CARTESIAN_POINT('',(-6.018978235499,-1.201555400289,0.));
#4267 = CARTESIAN_POINT('',(-6.009907983638,-1.431311139022,0.));
#4268 = CARTESIAN_POINT('',(-5.990025236757,-1.660411231037,0.));
#4269 = CARTESIAN_POINT('',(-5.928378032155,-2.120644255301,0.));
#4270 = CARTESIAN_POINT('',(-5.886175029942,-2.351724370033,0.));
#4271 = CARTESIAN_POINT('',(-5.833098715843,-2.580749899035,0.));
#4272 = CARTESIAN_POINT('',(-5.769401916246,-2.807070801974,0.));
#4273 = CARTESIAN_POINT('',(-5.609739788535,-3.288120557299,0.));
#4274 = CARTESIAN_POINT('',(-5.5102765836,-3.541728200466,0.));
#4275 = CARTESIAN_POINT('',(-5.397460775065,-3.78995866233,0.));
#4276 = CARTESIAN_POINT('',(-5.271838209393,-4.031956038224,0.));
#4277 = CARTESIAN_POINT('',(-4.991936382831,-4.509196690191,0.));
#4278 = CARTESIAN_POINT('',(-4.836890259192,-4.744001875656,0.));
#4279 = CARTESIAN_POINT('',(-4.669545508725,-4.97051120382,0.));
#4280 = CARTESIAN_POINT('',(-4.490631504894,-5.187978911574,0.));
#4281 = CARTESIAN_POINT('',(-4.300924574873,-5.395752409168,0.));
#4282 = PCURVE('',#2814,#4283);
#4283 = DEFINITIONAL_REPRESENTATION('',(#4284),#4303);
#4284 = B_SPLINE_CURVE_WITH_KNOTS('',5,(#4285,#4286,#4287,#4288,#4289,
    #4290,#4291,#4292,#4293,#4294,#4295,#4296,#4297,#4298,#4299,#4300,
    #4301,#4302),.UNSPECIFIED.,.F.,.F.,(6,4,4,4,6),(0.,0.226328864027,
    0.457277833721,0.724508871083,1.),.UNSPECIFIED.);
#4285 = CARTESIAN_POINT('',(-6.004234490378,-0.742852076976));
#4286 = CARTESIAN_POINT('',(-6.017107689361,-0.971829673565));
#4287 = CARTESIAN_POINT('',(-6.018978235499,-1.201555400289));
#4288 = CARTESIAN_POINT('',(-6.009907983638,-1.431311139022));
#4289 = CARTESIAN_POINT('',(-5.990025236757,-1.660411231037));
#4290 = CARTESIAN_POINT('',(-5.928378032155,-2.120644255301));
#4291 = CARTESIAN_POINT('',(-5.886175029942,-2.351724370033));
#4292 = CARTESIAN_POINT('',(-5.833098715843,-2.580749899035));
#4293 = CARTESIAN_POINT('',(-5.769401916246,-2.807070801974));
#4294 = CARTESIAN_POINT('',(-5.609739788535,-3.288120557299));
#4295 = CARTESIAN_POINT('',(-5.5102765836,-3.541728200466));
#4296 = CARTESIAN_POINT('',(-5.397460775065,-3.78995866233));
#4297 = CARTESIAN_POINT('',(-5.271838209393,-4.031956038224));
#4298 = CARTESIAN_POINT('',(-4.991936382831,-4.509196690191));
#4299 = CARTESIAN_POINT('',(-4.836890259192,-4.744001875656));
#4300 = CARTESIAN_POINT('',(-4.669545508725,-4.97051120382));
#4301 = CARTESIAN_POINT('',(-4.490631504894,-5.187978911574));
#4302 = CARTESIAN_POINT('',(-4.300924574873,-5.395752409168));
#4303 = ( GEOMETRIC_REPRESENTATION_CONTEXT(2) 
PARAMETRIC_REPRESENTATION_CONTEXT() REPRESENTATION_CONTEXT('2D SPACE',''
  ) );
#4304 = PCURVE('',#3844,#4305);
#4305 = DEFINITIONAL_REPRESENTATION('',(#4306),#4325);
#4306 = B_SPLINE_CURVE_WITH_KNOTS('',5,(#4307,#4308,#4309,#4310,#4311,
    #4312,#4313,#4314,#4315,#4316,#4317,#4318,#4319,#4320,#4321,#4322,
    #4323,#4324),.UNSPECIFIED.,.F.,.F.,(6,4,4,4,6),(0.,0.226328864027,
    0.457277833721,0.724508871083,1.),.UNSPECIFIED.);
#4307 = CARTESIAN_POINT('',(0.,0.139977822272));
#4308 = CARTESIAN_POINT('',(-4.609400729316E-02,0.182643654171));
#4309 = CARTESIAN_POINT('',(-9.184263424763E-02,0.224989792915));
#4310 = CARTESIAN_POINT('',(-0.137255497912,0.267025140289));
#4311 = CARTESIAN_POINT('',(-0.182342224969,0.308758607001));
#4312 = CARTESIAN_POINT('',(-0.272793839123,0.392483012716));
#4313 = CARTESIAN_POINT('',(-0.318145844026,0.43446202762));
#4314 = CARTESIAN_POINT('',(-0.36317603199,0.476143160256));
#4315 = CARTESIAN_POINT('',(-0.407893388689,0.517534728));
#4316 = CARTESIAN_POINT('',(-0.503695046724,0.606211275792));
#4317 = CARTESIAN_POINT('',(-0.55467627081,0.653400844813));
#4318 = CARTESIAN_POINT('',(-0.605261345557,0.700223727529));
#4319 = CARTESIAN_POINT('',(-0.655462575749,0.746691313574));
#4320 = CARTESIAN_POINT('',(-0.756657882671,0.840360365383));
#4321 = CARTESIAN_POINT('',(-0.807628905135,0.88754049151));
#4322 = CARTESIAN_POINT('',(-0.858214578896,0.934363928686));
#4323 = CARTESIAN_POINT('',(-0.908426620408,0.980841521975));
#4324 = CARTESIAN_POINT('',(-0.958274654836,1.026982180683));
#4325 = ( GEOMETRIC_REPRESENTATION_CONTEXT(2) 
PARAMETRIC_REPRESENTATION_CONTEXT() REPRESENTATION_CONTEXT('2D SPACE',''
  ) );
#4326 = ADVANCED_FACE('',(#4327),#2975,.F.);
#4327 = FACE_BOUND('',#4328,.F.);
#4328 = EDGE_LOOP('',(#4329,#4330,#4331,#4352,#4406));
#4329 = ORIENTED_EDGE('',*,*,#2952,.F.);
#4330 = ORIENTED_EDGE('',*,*,#4221,.F.);
#4331 = ORIENTED_EDGE('',*,*,#4332,.T.);
#4332 = EDGE_CURVE('',#4196,#4333,#4335,.T.);
#4333 = VERTEX_POINT('',#4334);
#4334 = CARTESIAN_POINT('',(6.05,-9.930306465027E-03,0.169588415047));
#4335 = SURFACE_CURVE('',#4336,(#4339,#4346),.PCURVE_S1.);
#4336 = B_SPLINE_CURVE_WITH_KNOTS('',1,(#4337,#4338),.UNSPECIFIED.,.F.,
  .F.,(2,2),(-0.24,-0.),.PIECEWISE_BEZIER_KNOTS.);
#4337 = CARTESIAN_POINT('',(6.05,9.930306465026E-03,-6.958841504724E-02)
  );
#4338 = CARTESIAN_POINT('',(6.05,-9.930306465027E-03,0.169588415047));
#4339 = PCURVE('',#2975,#4340);
#4340 = DEFINITIONAL_REPRESENTATION('',(#4341),#4345);
#4341 = LINE('',#4342,#4343);
#4342 = CARTESIAN_POINT('',(0.,0.));
#4343 = VECTOR('',#4344,1.);
#4344 = DIRECTION('',(1.,0.));
#4345 = ( GEOMETRIC_REPRESENTATION_CONTEXT(2) 
PARAMETRIC_REPRESENTATION_CONTEXT() REPRESENTATION_CONTEXT('2D SPACE',''
  ) );
#4346 = PCURVE('',#4210,#4347);
#4347 = DEFINITIONAL_REPRESENTATION('',(#4348),#4351);
#4348 = B_SPLINE_CURVE_WITH_KNOTS('',1,(#4349,#4350),.UNSPECIFIED.,.F.,
  .F.,(2,2),(-0.24,-0.),.PIECEWISE_BEZIER_KNOTS.);
#4349 = CARTESIAN_POINT('',(-0.12,-0.539614709782));
#4350 = CARTESIAN_POINT('',(0.12,-0.539614709782));
#4351 = ( GEOMETRIC_REPRESENTATION_CONTEXT(2) 
PARAMETRIC_REPRESENTATION_CONTEXT() REPRESENTATION_CONTEXT('2D SPACE',''
  ) );
#4352 = ORIENTED_EDGE('',*,*,#4353,.T.);
#4353 = EDGE_CURVE('',#4333,#3009,#4354,.T.);
#4354 = SURFACE_CURVE('',#4355,(#4368,#4374),.PCURVE_S1.);
#4355 = B_SPLINE_CURVE_WITH_KNOTS('',11,(#4356,#4357,#4358,#4359,#4360,
    #4361,#4362,#4363,#4364,#4365,#4366,#4367),.UNSPECIFIED.,.F.,.F.,(12
    ,12),(0.,7.241437537144),.PIECEWISE_BEZIER_KNOTS.);
#4356 = CARTESIAN_POINT('',(6.05,-9.930306465024E-03,0.169588415047));
#4357 = CARTESIAN_POINT('',(6.055672178009,3.445821602455,0.496861143038
    ));
#4358 = CARTESIAN_POINT('',(3.890498274674,6.905058438851,0.824133867583
    ));
#4359 = CARTESIAN_POINT('',(-0.45251194062,8.85281653452,1.151406601925)
  );
#4360 = CARTESIAN_POINT('',(-5.763852323392,7.766024633005,
    1.478679315958));
#4361 = CARTESIAN_POINT('',(-9.73027411069,3.214783989253,1.805952062026
    ));
#4362 = CARTESIAN_POINT('',(-9.74077498924,-3.182824735575,
    2.133224768288));
#4363 = CARTESIAN_POINT('',(-5.789315071859,-7.747061576258,
    2.460497514353));
#4364 = CARTESIAN_POINT('',(-0.481570977784,-8.8512833561,2.787770228387
    ));
#4365 = CARTESIAN_POINT('',(3.867809822536,-6.917792716052,
    3.115042962731));
#4366 = CARTESIAN_POINT('',(6.044327822013,-3.465682215406,
    3.442315687273));
#4367 = CARTESIAN_POINT('',(6.050000000031,-9.930306483527E-03,
    3.769588415266));
#4368 = PCURVE('',#2975,#4369);
#4369 = DEFINITIONAL_REPRESENTATION('',(#4370),#4373);
#4370 = B_SPLINE_CURVE_WITH_KNOTS('',1,(#4371,#4372),.UNSPECIFIED.,.F.,
  .F.,(2,2),(0.,7.241437537144),.PIECEWISE_BEZIER_KNOTS.);
#4371 = CARTESIAN_POINT('',(0.,0.));
#4372 = CARTESIAN_POINT('',(0.,7.241437537144));
#4373 = ( GEOMETRIC_REPRESENTATION_CONTEXT(2) 
PARAMETRIC_REPRESENTATION_CONTEXT() REPRESENTATION_CONTEXT('2D SPACE',''
  ) );
#4374 = PCURVE('',#4375,#4400);
#4375 = B_SPLINE_SURFACE_WITH_KNOTS('',1,11,(
    (#4376,#4377,#4378,#4379,#4380,#4381,#4382,#4383,#4384,#4385,#4386
      ,#4387)
    ,(#4388,#4389,#4390,#4391,#4392,#4393,#4394,#4395,#4396,#4397,#4398
      ,#4399
    )),.UNSPECIFIED.,.F.,.F.,.F.,(2,2),(12,12),(-0.958274654836,-0.),(0.
    ,7.241437537144),.PIECEWISE_BEZIER_KNOTS.);
#4376 = CARTESIAN_POINT('',(6.05,-9.930306465024E-03,0.169588415047));
#4377 = CARTESIAN_POINT('',(6.055672178009,3.445821602455,0.496861143038
    ));
#4378 = CARTESIAN_POINT('',(3.890498274674,6.905058438851,0.824133867583
    ));
#4379 = CARTESIAN_POINT('',(-0.45251194062,8.85281653452,1.151406601925)
  );
#4380 = CARTESIAN_POINT('',(-5.763852323392,7.766024633005,
    1.478679315958));
#4381 = CARTESIAN_POINT('',(-9.73027411069,3.214783989253,1.805952062026
    ));
#4382 = CARTESIAN_POINT('',(-9.74077498924,-3.182824735575,
    2.133224768288));
#4383 = CARTESIAN_POINT('',(-5.789315071859,-7.747061576258,
    2.460497514353));
#4384 = CARTESIAN_POINT('',(-0.481570977784,-8.8512833561,2.787770228387
    ));
#4385 = CARTESIAN_POINT('',(3.867809822536,-6.917792716052,
    3.115042962731));
#4386 = CARTESIAN_POINT('',(6.044327822013,-3.465682215406,
    3.442315687273));
#4387 = CARTESIAN_POINT('',(6.050000000031,-9.930306483527E-03,
    3.769588415266));
#4388 = CARTESIAN_POINT('',(6.9,-4.654682142699E-02,0.610552750265));
#4389 = CARTESIAN_POINT('',(6.92658748325,3.894723962211,0.937825477541)
  );
#4390 = CARTESIAN_POINT('',(4.477333520325,7.852607242573,1.265098204794
    ));
#4391 = CARTESIAN_POINT('',(-0.464553916621,10.099319839463,
    1.592370932118));
#4392 = CARTESIAN_POINT('',(-6.528493430194,8.890748242192,1.91964365931
    ));
#4393 = CARTESIAN_POINT('',(-11.07871487408,3.723125754568,2.24691638666
    ));
#4394 = CARTESIAN_POINT('',(-11.12793616629,-3.57332154883,
    2.574189113901));
#4395 = CARTESIAN_POINT('',(-6.647846242768,-8.801861759398,
    2.901461841151));
#4396 = CARTESIAN_POINT('',(-0.600763792564,-10.09213329564,
    3.22873456847));
#4397 = CARTESIAN_POINT('',(4.370984805601,-7.912297256034,
    3.556007295707));
#4398 = CARTESIAN_POINT('',(6.873412516895,-3.987817605064,
    3.883280022995));
#4399 = CARTESIAN_POINT('',(6.900000000145,-4.654682142701E-02,
    4.210552750265));
#4400 = DEFINITIONAL_REPRESENTATION('',(#4401),#4405);
#4401 = LINE('',#4402,#4403);
#4402 = CARTESIAN_POINT('',(-0.958274654836,0.));
#4403 = VECTOR('',#4404,1.);
#4404 = DIRECTION('',(0.,1.));
#4405 = ( GEOMETRIC_REPRESENTATION_CONTEXT(2) 
PARAMETRIC_REPRESENTATION_CONTEXT() REPRESENTATION_CONTEXT('2D SPACE',''
  ) );
#4406 = ORIENTED_EDGE('',*,*,#3008,.F.);
#4407 = ADVANCED_FACE('',(#4408),#3053,.F.);
#4408 = FACE_BOUND('',#4409,.F.);
#4409 = EDGE_LOOP('',(#4410,#4411,#4432,#4461,#4710));
#4410 = ORIENTED_EDGE('',*,*,#3029,.F.);
#4411 = ORIENTED_EDGE('',*,*,#4412,.T.);
#4412 = EDGE_CURVE('',#3009,#4413,#4415,.T.);
#4413 = VERTEX_POINT('',#4414);
#4414 = CARTESIAN_POINT('',(6.899843043346,-4.654006000235E-02,
    4.21047132397));
#4415 = SURFACE_CURVE('',#4416,(#4419,#4425),.PCURVE_S1.);
#4416 = B_SPLINE_CURVE_WITH_KNOTS('',1,(#4417,#4418),.UNSPECIFIED.,.F.,
  .F.,(2,2),(-0.958274654836,-0.),.PIECEWISE_BEZIER_KNOTS.);
#4417 = CARTESIAN_POINT('',(6.050000000031,-9.930306483527E-03,
    3.769588415266));
#4418 = CARTESIAN_POINT('',(6.900000000145,-4.654682142701E-02,
    4.210552750265));
#4419 = PCURVE('',#3053,#4420);
#4420 = DEFINITIONAL_REPRESENTATION('',(#4421),#4424);
#4421 = B_SPLINE_CURVE_WITH_KNOTS('',1,(#4422,#4423),.UNSPECIFIED.,.F.,
  .F.,(2,2),(-0.958274654836,-0.),.PIECEWISE_BEZIER_KNOTS.);
#4422 = CARTESIAN_POINT('',(-0.958274654836,0.));
#4423 = CARTESIAN_POINT('',(0.,0.));
#4424 = ( GEOMETRIC_REPRESENTATION_CONTEXT(2) 
PARAMETRIC_REPRESENTATION_CONTEXT() REPRESENTATION_CONTEXT('2D SPACE',''
  ) );
#4425 = PCURVE('',#4375,#4426);
#4426 = DEFINITIONAL_REPRESENTATION('',(#4427),#4431);
#4427 = LINE('',#4428,#4429);
#4428 = CARTESIAN_POINT('',(0.,7.241437537144));
#4429 = VECTOR('',#4430,1.);
#4430 = DIRECTION('',(1.,0.));
#4431 = ( GEOMETRIC_REPRESENTATION_CONTEXT(2) 
PARAMETRIC_REPRESENTATION_CONTEXT() REPRESENTATION_CONTEXT('2D SPACE',''
  ) );
#4432 = ORIENTED_EDGE('',*,*,#4433,.T.);
#4433 = EDGE_CURVE('',#4413,#4434,#4436,.T.);
#4434 = VERTEX_POINT('',#4435);
#4435 = CARTESIAN_POINT('',(6.9,-1.690012582823E-15,4.214335900555));
#4436 = SURFACE_CURVE('',#4437,(#4443,#4452),.PCURVE_S1.);
#4437 = B_SPLINE_CURVE_WITH_KNOTS('',3,(#4438,#4439,#4440,#4441,#4442),
  .UNSPECIFIED.,.F.,.F.,(4,1,4),(0.,0.931533856332,1.),.UNSPECIFIED.);
#4438 = CARTESIAN_POINT('',(6.899843043346,-4.654006000856E-02,
    4.210471324045));
#4439 = CARTESIAN_POINT('',(6.899940516449,-3.208908783378E-02,
    4.211671321942));
#4440 = CARTESIAN_POINT('',(6.899996417941,-1.657559308014E-02,
    4.2129595183));
#4441 = CARTESIAN_POINT('',(6.9,-1.062146050537E-03,4.214247703494));
#4442 = CARTESIAN_POINT('',(6.9,-1.249000902703E-16,4.214335900555));
#4443 = PCURVE('',#3053,#4444);
#4444 = DEFINITIONAL_REPRESENTATION('',(#4445),#4451);
#4445 = B_SPLINE_CURVE_WITH_KNOTS('',3,(#4446,#4447,#4448,#4449,#4450),
  .UNSPECIFIED.,.F.,.F.,(4,1,4),(0.,0.931533856332,1.),.UNSPECIFIED.);
#4446 = CARTESIAN_POINT('',(-1.769500978168E-04,0.));
#4447 = CARTESIAN_POINT('',(-1.76950102048E-04,2.413808285947E-03));
#4448 = CARTESIAN_POINT('',(-1.769518237915E-04,5.005039398086E-03));
#4449 = CARTESIAN_POINT('',(-1.769867799042E-04,7.596259251108E-03));
#4450 = CARTESIAN_POINT('',(-1.769884344334E-04,7.773670091334E-03));
#4451 = ( GEOMETRIC_REPRESENTATION_CONTEXT(2) 
PARAMETRIC_REPRESENTATION_CONTEXT() REPRESENTATION_CONTEXT('2D SPACE',''
  ) );
#4452 = PCURVE('',#3779,#4453);
#4453 = DEFINITIONAL_REPRESENTATION('',(#4454),#4460);
#4454 = B_SPLINE_CURVE_WITH_KNOTS('',3,(#4455,#4456,#4457,#4458,#4459),
  .UNSPECIFIED.,.F.,.F.,(4,1,4),(0.,0.931533856332,1.),.UNSPECIFIED.);
#4455 = CARTESIAN_POINT('',(6.276440319803,4.210471324045));
#4456 = CARTESIAN_POINT('',(6.278534711238,4.211671321942));
#4457 = CARTESIAN_POINT('',(6.280783047313,4.2129595183));
#4458 = CARTESIAN_POINT('',(6.283031372969,4.214247703494));
#4459 = CARTESIAN_POINT('',(6.28318530718,4.214335900555));
#4460 = ( GEOMETRIC_REPRESENTATION_CONTEXT(2) 
PARAMETRIC_REPRESENTATION_CONTEXT() REPRESENTATION_CONTEXT('2D SPACE',''
  ) );
#4461 = ORIENTED_EDGE('',*,*,#4462,.T.);
#4462 = EDGE_CURVE('',#4434,#3144,#4463,.T.);
#4463 = SURFACE_CURVE('',#4464,(#4544,#4627),.PCURVE_S1.);
#4464 = B_SPLINE_CURVE_WITH_KNOTS('',8,(#4465,#4466,#4467,#4468,#4469,
    #4470,#4471,#4472,#4473,#4474,#4475,#4476,#4477,#4478,#4479,#4480,
    #4481,#4482,#4483,#4484,#4485,#4486,#4487,#4488,#4489,#4490,#4491,
    #4492,#4493,#4494,#4495,#4496,#4497,#4498,#4499,#4500,#4501,#4502,
    #4503,#4504,#4505,#4506,#4507,#4508,#4509,#4510,#4511,#4512,#4513,
    #4514,#4515,#4516,#4517,#4518,#4519,#4520,#4521,#4522,#4523,#4524,
    #4525,#4526,#4527,#4528,#4529,#4530,#4531,#4532,#4533,#4534,#4535,
    #4536,#4537,#4538,#4539,#4540,#4541,#4542,#4543),.UNSPECIFIED.,.F.,
  .F.,(9,7,7,7,7,7,7,7,7,7,7,9),(0.,4.476526435153E-02,0.130965856299,
    0.265122119168,0.373760834781,0.489786475124,0.626086677157,
    0.730257892578,0.784171288799,0.867268587531,0.955346878877,1.),
  .UNSPECIFIED.);
#4465 = CARTESIAN_POINT('',(6.9,8.881784197001E-16,4.214335900555));
#4466 = CARTESIAN_POINT('',(6.9,0.242299292455,4.234455624741));
#4467 = CARTESIAN_POINT('',(6.890275781709,0.484601181105,4.254574612165
    ));
#4468 = CARTESIAN_POINT('',(6.87082752085,0.726446756435,4.274693237972)
  );
#4469 = CARTESIAN_POINT('',(6.841680828232,0.967380376103,4.294811874486
    ));
#4470 = CARTESIAN_POINT('',(6.802886714877,1.206949839144,4.314930822927
    ));
#4471 = CARTESIAN_POINT('',(6.75452155715,1.444706560177,4.33505024512)
  );
#4472 = CARTESIAN_POINT('',(6.696687061883,1.68020574361,4.355170095203)
  );
#4473 = CARTESIAN_POINT('',(6.500153628179,2.361290920361,4.414033308081
    ));
#4474 = CARTESIAN_POINT('',(6.336135561552,2.799641468714,4.452783049028
    ));
#4475 = CARTESIAN_POINT('',(6.138368495619,3.224835849787,4.491531135901
    ));
#4476 = CARTESIAN_POINT('',(5.908113408835,3.633852337408,4.530276245962
    ));
#4477 = CARTESIAN_POINT('',(5.646928687788,4.023845283027,4.569020824186
    ));
#4478 = CARTESIAN_POINT('',(5.356651078068,4.392140237194,4.607767725653
    ));
#4479 = CARTESIAN_POINT('',(5.039408692311,4.736248741824,4.646516548172
    ));
#4480 = CARTESIAN_POINT('',(4.165802995319,5.548276201386,4.745556577951
    ));
#4481 = CARTESIAN_POINT('',(3.574049625268,5.979081663022,4.805901419391
    ));
#4482 = CARTESIAN_POINT('',(2.931891620028,6.337166430224,4.866218603466
    ));
#4483 = CARTESIAN_POINT('',(2.249923215532,6.61599968158,4.926517750618)
  );
#4484 = CARTESIAN_POINT('',(1.539353964292,6.810730817361,4.986817735415
    ));
#4485 = CARTESIAN_POINT('',(0.812026962638,6.918371382453,5.047136620616
    ));
#4486 = CARTESIAN_POINT('',(8.031991844581E-02,6.937638738222,
    5.107482736531));
#4487 = CARTESIAN_POINT('',(-1.228134102249,6.81523729293,5.21660748012)
  );
#4488 = CARTESIAN_POINT('',(-1.808472211049,6.703427001594,
    5.265452157098));
#4489 = CARTESIAN_POINT('',(-2.376885047216,6.535145041883,
    5.314287657174));
#4490 = CARTESIAN_POINT('',(-2.926979495178,6.311968318633,
    5.363115257205));
#4491 = CARTESIAN_POINT('',(-3.452715128717,6.036262230212,
    5.411942821215));
#4492 = CARTESIAN_POINT('',(-3.948384116617,5.711109269582,
    5.460778259285));
#4493 = CARTESIAN_POINT('',(-4.40865243917,5.340370382905,5.509622944235
    ));
#4494 = CARTESIAN_POINT('',(-5.277297556721,4.489378917443,
    5.610599040122));
#4495 = CARTESIAN_POINT('',(-5.680390246358,4.003030400152,
    5.662771305316));
#4496 = CARTESIAN_POINT('',(-6.031923174197,3.475600836298,
    5.714931427229));
#4497 = CARTESIAN_POINT('',(-6.327152835566,2.913563455797,
    5.767081863813));
#4498 = CARTESIAN_POINT('',(-6.562286661931,2.323852776709,
    5.819232388183));
#4499 = CARTESIAN_POINT('',(-6.734521108911,1.713858840819,
    5.871392715367));
#4500 = CARTESIAN_POINT('',(-6.842021054538,1.091393714582,
    5.923565269433));
#4501 = CARTESIAN_POINT('',(-6.934024004153,-0.27125639054,
    6.036974354713));
#4502 = CARTESIAN_POINT('',(-6.893821011715,-1.014032719411,
    6.09828707319));
#4503 = CARTESIAN_POINT('',(-6.762515149253,-1.749711163349,
    6.159569097142));
#4504 = CARTESIAN_POINT('',(-6.541840526895,-2.465352385751,
    6.220830490299));
#4505 = CARTESIAN_POINT('',(-6.235315958913,-3.148640838243,
    6.282091977115));
#4506 = CARTESIAN_POINT('',(-5.848425437082,-3.788001818544,
    6.343374215024));
#4507 = CARTESIAN_POINT('',(-5.388405482294,-4.372568007358,
    6.404687058218));
#4508 = CARTESIAN_POINT('',(-4.465458386178,-5.290330569517,
    6.512767217953));
#4509 = CARTESIAN_POINT('',(-4.028393946787,-5.65067983805,
    6.559601232862));
#4510 = CARTESIAN_POINT('',(-3.558292753537,-5.96954811216,
    6.606428362119));
#4511 = CARTESIAN_POINT('',(-3.059803366712,-6.243466933007,
    6.653249256564));
#4512 = CARTESIAN_POINT('',(-2.537905136251,-6.469620510674,
    6.700070018859));
#4513 = CARTESIAN_POINT('',(-1.997874133384,-6.64579867334,
    6.746896831369));
#4514 = CARTESIAN_POINT('',(-1.445299517335,-6.77045238595,
    6.793730532661));
#4515 = CARTESIAN_POINT('',(-0.596730896799,-6.880339186505,
    6.864781590001));
#4516 = CARTESIAN_POINT('',(-0.305516228669,-6.903828378725,
    6.889013430839));
#4517 = CARTESIAN_POINT('',(-1.328174405936E-02,-6.913226437019,
    6.913245020605));
#4518 = CARTESIAN_POINT('',(0.279176216812,-6.908485896875,
    6.937476321945));
#4519 = CARTESIAN_POINT('',(0.571063077618,-6.889612702938,
    6.961707650344));
#4520 = CARTESIAN_POINT('',(0.861586374451,-6.85666503462,6.985939321214
    ));
#4521 = CARTESIAN_POINT('',(1.149956175728,-6.809754462205,7.01017129419
    ));
#4522 = CARTESIAN_POINT('',(1.875320980909,-6.655484118339,
    7.071751118278));
#4523 = CARTESIAN_POINT('',(2.308339404307,-6.529133504519,
    7.109104070947));
#4524 = CARTESIAN_POINT('',(2.731509659244,-6.370607219326,
    7.146455256565));
#4525 = CARTESIAN_POINT('',(3.142048192339,-6.180825992555,
    7.183804168713));
#4526 = CARTESIAN_POINT('',(3.537302686174,-5.96097903652,7.22115317948)
  );
#4527 = CARTESIAN_POINT('',(3.914749377695,-5.712508421672,
    7.258504568016));
#4528 = CARTESIAN_POINT('',(4.272004090122,-5.437120447797,
    7.295857608787));
#4529 = CARTESIAN_POINT('',(4.961760915588,-4.818527297532,
    7.372792539171));
#4530 = CARTESIAN_POINT('',(5.291595541112,-4.472156903595,
    7.412384756262));
#4531 = CARTESIAN_POINT('',(5.593675024522,-4.10008708596,7.451973688303
    ));
#4532 = CARTESIAN_POINT('',(5.865688733884,-3.704938625268,
    7.491558532523));
#4533 = CARTESIAN_POINT('',(6.105640720577,-3.289538944665,
    7.531142854511));
#4534 = CARTESIAN_POINT('',(6.311835263537,-2.856905116378,
    7.570730686113));
#4535 = CARTESIAN_POINT('',(6.482898472911,-2.410249756045,7.61032223259
    ));
#4536 = CARTESIAN_POINT('',(6.686245314331,-1.721202504566,
    7.669978619699));
#4537 = CARTESIAN_POINT('',(6.745375593608,-1.486654264768,
    7.690048615252));
#4538 = CARTESIAN_POINT('',(6.795098067044,-1.249801912541,
    7.710118902846));
#4539 = CARTESIAN_POINT('',(6.835309072572,-1.011086321765,
    7.730189451505));
#4540 = CARTESIAN_POINT('',(6.865930022548,-0.770952223298,
    7.750260279646));
#4541 = CARTESIAN_POINT('',(6.886907416335,-0.529848015212,
    7.770331262601));
#4542 = CARTESIAN_POINT('',(6.89821285289,-0.288225573038,7.790401940135
    ));
#4543 = CARTESIAN_POINT('',(6.899843043346,-4.654006000234E-02,
    7.81047132397));
#4544 = PCURVE('',#3053,#4545);
#4545 = DEFINITIONAL_REPRESENTATION('',(#4546),#4626);
#4546 = B_SPLINE_CURVE_WITH_KNOTS('',8,(#4547,#4548,#4549,#4550,#4551,
    #4552,#4553,#4554,#4555,#4556,#4557,#4558,#4559,#4560,#4561,#4562,
    #4563,#4564,#4565,#4566,#4567,#4568,#4569,#4570,#4571,#4572,#4573,
    #4574,#4575,#4576,#4577,#4578,#4579,#4580,#4581,#4582,#4583,#4584,
    #4585,#4586,#4587,#4588,#4589,#4590,#4591,#4592,#4593,#4594,#4595,
    #4596,#4597,#4598,#4599,#4600,#4601,#4602,#4603,#4604,#4605,#4606,
    #4607,#4608,#4609,#4610,#4611,#4612,#4613,#4614,#4615,#4616,#4617,
    #4618,#4619,#4620,#4621,#4622,#4623,#4624,#4625),.UNSPECIFIED.,.F.,
  .F.,(9,7,7,7,7,7,7,7,7,7,7,9),(0.,4.476526435153E-02,0.130965856299,
    0.265122119168,0.373760834781,0.489786475124,0.626086677157,
    0.730257892578,0.784171288799,0.867268587531,0.955346878877,1.),
  .UNSPECIFIED.);
#4547 = CARTESIAN_POINT('',(-1.769869507935E-04,7.773670057547E-03));
#4548 = CARTESIAN_POINT('',(-1.773643908834E-04,4.824505441244E-02));
#4549 = CARTESIAN_POINT('',(-1.798668495353E-04,8.871692373875E-02));
#4550 = CARTESIAN_POINT('',(-1.83025142957E-04,0.129188672725));
#4551 = CARTESIAN_POINT('',(-1.859506317991E-04,0.16966022776));
#4552 = CARTESIAN_POINT('',(-1.881983081673E-04,0.210131782839));
#4553 = CARTESIAN_POINT('',(-1.896298826355E-04,0.250603535467));
#4554 = CARTESIAN_POINT('',(-1.902768712572E-04,0.291075422569));
#4555 = CARTESIAN_POINT('',(-1.900627494809E-04,0.409479190842));
#4556 = CARTESIAN_POINT('',(-1.872587926187E-04,0.487422103383));
#4557 = CARTESIAN_POINT('',(-1.826166308631E-04,0.565359987248));
#4558 = CARTESIAN_POINT('',(-1.77801313784E-04,0.643291722945));
#4559 = CARTESIAN_POINT('',(-1.741061798471E-04,0.721223425716));
#4560 = CARTESIAN_POINT('',(-1.719287686714E-04,0.799161206562));
#4561 = CARTESIAN_POINT('',(-1.709345873465E-04,0.877103946852));
#4562 = CARTESIAN_POINT('',(-1.708684895997E-04,1.07632393826));
#4563 = CARTESIAN_POINT('',(-1.731049623149E-04,1.197710286169));
#4564 = CARTESIAN_POINT('',(-1.763965225682E-04,1.319041977615));
#4565 = CARTESIAN_POINT('',(-1.782064134505E-04,1.440336016138));
#4566 = CARTESIAN_POINT('',(-1.779623799884E-04,1.561629838413));
#4567 = CARTESIAN_POINT('',(-1.7703252532E-04,1.682961044246));
#4568 = CARTESIAN_POINT('',(-1.762959936439E-04,1.804347203883));
#4569 = CARTESIAN_POINT('',(-1.76106296864E-04,2.023852587865));
#4570 = CARTESIAN_POINT('',(-1.764337503158E-04,2.12210446801));
#4571 = CARTESIAN_POINT('',(-1.773928191556E-04,2.220338473358));
#4572 = CARTESIAN_POINT('',(-1.789741322672E-04,2.318557163651));
#4573 = CARTESIAN_POINT('',(-1.80772487261E-04,2.416775982386));
#4574 = CARTESIAN_POINT('',(-1.822410548868E-04,2.515010334615));
#4575 = CARTESIAN_POINT('',(-1.830199481733E-04,2.613262648659));
#4576 = CARTESIAN_POINT('',(-1.829624378639E-04,2.81637706518));
#4577 = CARTESIAN_POINT('',(-1.820124839551E-04,2.921321241314));
#4578 = CARTESIAN_POINT('',(-1.799996027622E-04,3.026240007238));
#4579 = CARTESIAN_POINT('',(-1.770946647873E-04,3.131138465313));
#4580 = CARTESIAN_POINT('',(-1.739091125162E-04,3.236036840222));
#4581 = CARTESIAN_POINT('',(-1.712027408737E-04,3.34095537714));
#4582 = CARTESIAN_POINT('',(-1.694509247231E-04,3.445899392118));
#4583 = CARTESIAN_POINT('',(-1.680286503084E-04,3.674021633178));
#4584 = CARTESIAN_POINT('',(-1.687748149266E-04,3.79735349637));
#4585 = CARTESIAN_POINT('',(-1.712667492176E-04,3.920625233142));
#4586 = CARTESIAN_POINT('',(-1.75116136928E-04,4.043856727336));
#4587 = CARTESIAN_POINT('',(-1.790446391987E-04,4.167088483171));
#4588 = CARTESIAN_POINT('',(-1.817874211589E-04,4.290360882502));
#4589 = CARTESIAN_POINT('',(-1.830199902006E-04,4.413693446794));
#4590 = CARTESIAN_POINT('',(-1.829712244455E-04,4.631097769912));
#4591 = CARTESIAN_POINT('',(-1.822143503181E-04,4.725304178656));
#4592 = CARTESIAN_POINT('',(-1.808345923478E-04,4.819496160283));
#4593 = CARTESIAN_POINT('',(-1.791476144765E-04,4.913675316148));
#4594 = CARTESIAN_POINT('',(-1.776221679487E-04,5.007854355711));
#4595 = CARTESIAN_POINT('',(-1.766211159611E-04,5.102046050735));
#4596 = CARTESIAN_POINT('',(-1.761939652934E-04,5.196252133837));
#4597 = CARTESIAN_POINT('',(-1.761753153883E-04,5.339172059263));
#4598 = CARTESIAN_POINT('',(-1.76279957116E-04,5.387914756631));
#4599 = CARTESIAN_POINT('',(-1.764738521831E-04,5.436657031583));
#4600 = CARTESIAN_POINT('',(-1.767189913115E-04,5.485398773795));
#4601 = CARTESIAN_POINT('',(-1.769659436219E-04,5.534140572115));
#4602 = CARTESIAN_POINT('',(-1.771611177353E-04,5.582883011392));
#4603 = CARTESIAN_POINT('',(-1.772564450764E-04,5.631625965936));
#4604 = CARTESIAN_POINT('',(-1.771676016246E-04,5.755494341947));
#4605 = CARTESIAN_POINT('',(-1.768022597652E-04,5.830629857548));
#4606 = CARTESIAN_POINT('',(-1.76020485008E-04,5.905761433248));
#4607 = CARTESIAN_POINT('',(-1.747844181665E-04,5.980888015334));
#4608 = CARTESIAN_POINT('',(-1.732591394844E-04,6.056014528091));
#4609 = CARTESIAN_POINT('',(-1.718204047032E-04,6.131145903863));
#4610 = CARTESIAN_POINT('',(-1.709342933771E-04,6.206281114646));
#4611 = CARTESIAN_POINT('',(-1.708817155397E-04,6.361036480645));
#4612 = CARTESIAN_POINT('',(-1.718518456322E-04,6.440677536128));
#4613 = CARTESIAN_POINT('',(-1.74044798768E-04,6.520313115578));
#4614 = CARTESIAN_POINT('',(-1.778490050378E-04,6.599941963751));
#4615 = CARTESIAN_POINT('',(-1.828410795378E-04,6.679570860971));
#4616 = CARTESIAN_POINT('',(-1.876018715538E-04,6.759206603734));
#4617 = CARTESIAN_POINT('',(-1.90323168957E-04,6.838847931197));
#4618 = CARTESIAN_POINT('',(-1.901451789088E-04,6.95884721115));
#4619 = CARTESIAN_POINT('',(-1.893544957757E-04,6.999217484598));
#4620 = CARTESIAN_POINT('',(-1.877812454921E-04,7.039587621125));
#4621 = CARTESIAN_POINT('',(-1.85414044825E-04,7.079957547883));
#4622 = CARTESIAN_POINT('',(-1.824204419874E-04,7.120327457009));
#4623 = CARTESIAN_POINT('',(-1.792854683994E-04,7.160697546688));
#4624 = CARTESIAN_POINT('',(-1.769501904482E-04,7.201067762231));
#4625 = CARTESIAN_POINT('',(-1.769502612493E-04,7.241437537144));
#4626 = ( GEOMETRIC_REPRESENTATION_CONTEXT(2) 
PARAMETRIC_REPRESENTATION_CONTEXT() REPRESENTATION_CONTEXT('2D SPACE',''
  ) );
#4627 = PCURVE('',#3184,#4628);
#4628 = DEFINITIONAL_REPRESENTATION('',(#4629),#4709);
#4629 = B_SPLINE_CURVE_WITH_KNOTS('',8,(#4630,#4631,#4632,#4633,#4634,
    #4635,#4636,#4637,#4638,#4639,#4640,#4641,#4642,#4643,#4644,#4645,
    #4646,#4647,#4648,#4649,#4650,#4651,#4652,#4653,#4654,#4655,#4656,
    #4657,#4658,#4659,#4660,#4661,#4662,#4663,#4664,#4665,#4666,#4667,
    #4668,#4669,#4670,#4671,#4672,#4673,#4674,#4675,#4676,#4677,#4678,
    #4679,#4680,#4681,#4682,#4683,#4684,#4685,#4686,#4687,#4688,#4689,
    #4690,#4691,#4692,#4693,#4694,#4695,#4696,#4697,#4698,#4699,#4700,
    #4701,#4702,#4703,#4704,#4705,#4706,#4707,#4708),.UNSPECIFIED.,.F.,
  .F.,(9,7,7,7,7,7,7,7,7,7,7,9),(0.,4.476526435153E-02,0.130965856299,
    0.265122119168,0.373760834781,0.489786475124,0.626086677157,
    0.730257892578,0.784171288799,0.867268587531,0.955346878877,1.),
  .UNSPECIFIED.);
#4630 = CARTESIAN_POINT('',(0.,4.214335900555));
#4631 = CARTESIAN_POINT('',(3.511583948622E-02,4.234455624741));
#4632 = CARTESIAN_POINT('',(7.023205688751E-02,4.254574612165));
#4633 = CARTESIAN_POINT('',(0.105348124836,4.274693237972));
#4634 = CARTESIAN_POINT('',(0.140463993442,4.294811874486));
#4635 = CARTESIAN_POINT('',(0.175579853644,4.314930822927));
#4636 = CARTESIAN_POINT('',(0.210695900547,4.33505024512));
#4637 = CARTESIAN_POINT('',(0.245812096777,4.355170095203));
#4638 = CARTESIAN_POINT('',(0.348547465298,4.414033308081));
#4639 = CARTESIAN_POINT('',(0.416176309985,4.452783049028));
#4640 = CARTESIAN_POINT('',(0.483800995669,4.491531135901));
#4641 = CARTESIAN_POINT('',(0.55142049325,4.530276245962));
#4642 = CARTESIAN_POINT('',(0.619040000167,4.569020824186));
#4643 = CARTESIAN_POINT('',(0.686664714236,4.607767725653));
#4644 = CARTESIAN_POINT('',(0.754293599881,4.646516548172));
#4645 = CARTESIAN_POINT('',(0.92715123738,4.745556577951));
#4646 = CARTESIAN_POINT('',(1.032474445851,4.805901419391));
#4647 = CARTESIAN_POINT('',(1.137749827943,4.866218603466));
#4648 = CARTESIAN_POINT('',(1.242992330661,4.926517750618));
#4649 = CARTESIAN_POINT('',(1.348234858023,4.986817735415));
#4650 = CARTESIAN_POINT('',(1.453510171967,5.047136620616));
#4651 = CARTESIAN_POINT('',(1.558833486057,5.107482736531));
#4652 = CARTESIAN_POINT('',(1.749292423823,5.21660748012));
#4653 = CARTESIAN_POINT('',(1.834543079446,5.265452157098));
#4654 = CARTESIAN_POINT('',(1.919778299469,5.314287657174));
#4655 = CARTESIAN_POINT('',(2.005000207449,5.363115257205));
#4656 = CARTESIAN_POINT('',(2.09022211924,5.411942821215));
#4657 = CARTESIAN_POINT('',(2.175457365192,5.460778259285));
#4658 = CARTESIAN_POINT('',(2.260708069403,5.509622944235));
#4659 = CARTESIAN_POINT('',(2.436944411746,5.610599040122));
#4660 = CARTESIAN_POINT('',(2.52800125009,5.662771305316));
#4661 = CARTESIAN_POINT('',(2.619035980523,5.714931427229));
#4662 = CARTESIAN_POINT('',(2.710053103209,5.767081863813));
#4663 = CARTESIAN_POINT('',(2.801070236309,5.819232388183));
#4664 = CARTESIAN_POINT('',(2.892104957644,5.871392715367));
#4665 = CARTESIAN_POINT('',(2.983161851361,5.923565269433));
#4666 = CARTESIAN_POINT('',(3.181096994192,6.036974354713));
#4667 = CARTESIAN_POINT('',(3.288108559743,6.09828707319));
#4668 = CARTESIAN_POINT('',(3.395067926689,6.159569097142));
#4669 = CARTESIAN_POINT('',(3.501992261939,6.220830490299));
#4670 = CARTESIAN_POINT('',(3.608916662738,6.282091977115));
#4671 = CARTESIAN_POINT('',(3.715876268156,6.343374215024));
#4672 = CARTESIAN_POINT('',(3.822888140504,6.404687058218));
#4673 = CARTESIAN_POINT('',(4.011523422301,6.512767217953));
#4674 = CARTESIAN_POINT('',(4.093263607487,6.559601232862));
#4675 = CARTESIAN_POINT('',(4.174991385025,6.606428362119));
#4676 = CARTESIAN_POINT('',(4.256708161106,6.653249256564));
#4677 = CARTESIAN_POINT('',(4.338424937939,6.700070018859));
#4678 = CARTESIAN_POINT('',(4.42015273045,6.746896831369));
#4679 = CARTESIAN_POINT('',(4.501892958107,6.793730532661));
#4680 = CARTESIAN_POINT('',(4.625900788003,6.864781590001));
#4681 = CARTESIAN_POINT('',(4.668193505391,6.889013430839));
#4682 = CARTESIAN_POINT('',(4.710485819371,6.913245020605));
#4683 = CARTESIAN_POINT('',(4.752777627499,6.937476321945));
#4684 = CARTESIAN_POINT('',(4.795069436921,6.961707650344));
#4685 = CARTESIAN_POINT('',(4.837361755146,6.985939321214));
#4686 = CARTESIAN_POINT('',(4.87965447728,7.01017129419));
#4687 = CARTESIAN_POINT('',(4.987131065254,7.071751118278));
#4688 = CARTESIAN_POINT('',(5.052323641412,7.109104070947));
#4689 = CARTESIAN_POINT('',(5.117512742473,7.146455256565));
#4690 = CARTESIAN_POINT('',(5.18269750669,7.183804168713));
#4691 = CARTESIAN_POINT('',(5.247882270576,7.22115317948));
#4692 = CARTESIAN_POINT('',(5.313071372212,7.258504568016));
#4693 = CARTESIAN_POINT('',(5.378263953568,7.295857608787));
#4694 = CARTESIAN_POINT('',(5.512540857744,7.372792539171));
#4695 = CARTESIAN_POINT('',(5.581643331799,7.412384756262));
#4696 = CARTESIAN_POINT('',(5.650741206038,7.451973688303));
#4697 = CARTESIAN_POINT('',(5.71983332576,7.491558532523));
#4698 = CARTESIAN_POINT('',(5.788925457503,7.531142854511));
#4699 = CARTESIAN_POINT('',(5.858023368733,7.570730686113));
#4700 = CARTESIAN_POINT('',(5.927125889222,7.61032223259));
#4701 = CARTESIAN_POINT('',(6.031245613005,7.669978619699));
#4702 = CARTESIAN_POINT('',(6.066273629456,7.690048615252));
#4703 = CARTESIAN_POINT('',(6.101301489386,7.710118902846));
#4704 = CARTESIAN_POINT('',(6.136329147626,7.730189451505));
#4705 = CARTESIAN_POINT('',(6.171356796632,7.750260279646));
#4706 = CARTESIAN_POINT('',(6.206384635181,7.770331262601));
#4707 = CARTESIAN_POINT('',(6.24141263707,7.790401940135));
#4708 = CARTESIAN_POINT('',(6.276440319804,7.81047132397));
#4709 = ( GEOMETRIC_REPRESENTATION_CONTEXT(2) 
PARAMETRIC_REPRESENTATION_CONTEXT() REPRESENTATION_CONTEXT('2D SPACE',''
  ) );
#4710 = ORIENTED_EDGE('',*,*,#3143,.F.);
#4711 = ADVANCED_FACE('',(#4712),#3184,.T.);
#4712 = FACE_BOUND('',#4713,.T.);
#4713 = EDGE_LOOP('',(#4714,#4715,#4716,#4737,#4738,#4739));
#4714 = ORIENTED_EDGE('',*,*,#3526,.F.);
#4715 = ORIENTED_EDGE('',*,*,#3878,.F.);
#4716 = ORIENTED_EDGE('',*,*,#4717,.F.);
#4717 = EDGE_CURVE('',#4434,#3682,#4718,.T.);
#4718 = SURFACE_CURVE('',#4719,(#4723,#4730),.PCURVE_S1.);
#4719 = LINE('',#4720,#4721);
#4720 = CARTESIAN_POINT('',(6.9,-1.690012582823E-15,0.));
#4721 = VECTOR('',#4722,1.);
#4722 = DIRECTION('',(0.,0.,1.));
#4723 = PCURVE('',#3184,#4724);
#4724 = DEFINITIONAL_REPRESENTATION('',(#4725),#4729);
#4725 = LINE('',#4726,#4727);
#4726 = CARTESIAN_POINT('',(0.,-0.));
#4727 = VECTOR('',#4728,1.);
#4728 = DIRECTION('',(0.,1.));
#4729 = ( GEOMETRIC_REPRESENTATION_CONTEXT(2) 
PARAMETRIC_REPRESENTATION_CONTEXT() REPRESENTATION_CONTEXT('2D SPACE',''
  ) );
#4730 = PCURVE('',#3779,#4731);
#4731 = DEFINITIONAL_REPRESENTATION('',(#4732),#4736);
#4732 = LINE('',#4733,#4734);
#4733 = CARTESIAN_POINT('',(6.28318530718,-0.));
#4734 = VECTOR('',#4735,1.);
#4735 = DIRECTION('',(0.,1.));
#4736 = ( GEOMETRIC_REPRESENTATION_CONTEXT(2) 
PARAMETRIC_REPRESENTATION_CONTEXT() REPRESENTATION_CONTEXT('2D SPACE',''
  ) );
#4737 = ORIENTED_EDGE('',*,*,#4462,.T.);
#4738 = ORIENTED_EDGE('',*,*,#3164,.T.);
#4739 = ORIENTED_EDGE('',*,*,#3475,.T.);
#4740 = ADVANCED_FACE('',(#4741),#3779,.T.);
#4741 = FACE_BOUND('',#4742,.T.);
#4742 = EDGE_LOOP('',(#4743,#4744,#4890,#4913,#5141,#5142));
#4743 = ORIENTED_EDGE('',*,*,#3679,.F.);
#4744 = ORIENTED_EDGE('',*,*,#4745,.F.);
#4745 = EDGE_CURVE('',#4746,#3680,#4748,.T.);
#4746 = VERTEX_POINT('',#4747);
#4747 = CARTESIAN_POINT('',(6.9,-1.690012582823E-15,1.285660211166));
#4748 = SURFACE_CURVE('',#4749,(#4794,#4842),.PCURVE_S1.);
#4749 = B_SPLINE_CURVE_WITH_KNOTS('',8,(#4750,#4751,#4752,#4753,#4754,
    #4755,#4756,#4757,#4758,#4759,#4760,#4761,#4762,#4763,#4764,#4765,
    #4766,#4767,#4768,#4769,#4770,#4771,#4772,#4773,#4774,#4775,#4776,
    #4777,#4778,#4779,#4780,#4781,#4782,#4783,#4784,#4785,#4786,#4787,
    #4788,#4789,#4790,#4791,#4792,#4793),.UNSPECIFIED.,.F.,.F.,(9,7,7,7,
    7,7,9),(0.,0.254286531439,0.465647840968,0.567247743776,
    0.738447157766,0.910347388175,1.),.UNSPECIFIED.);
#4750 = CARTESIAN_POINT('',(6.9,-1.52655665886E-15,1.285660211166));
#4751 = CARTESIAN_POINT('',(6.9,0.690426737044,1.342991356266));
#4752 = CARTESIAN_POINT('',(6.821045184664,1.381310190868,1.400361009571
    ));
#4753 = CARTESIAN_POINT('',(6.662953774234,2.061403840153,1.457710419672
    ));
#4754 = CARTESIAN_POINT('',(6.427680296356,2.720202397931,1.515045086827
    ));
#4755 = CARTESIAN_POINT('',(6.11856912637,3.347752864702,1.572379790712)
  );
#4756 = CARTESIAN_POINT('',(5.740437075895,3.934725119558,1.629729211602
    ));
#4757 = CARTESIAN_POINT('',(5.299462388918,4.47240268534,1.687099045523)
  );
#4758 = CARTESIAN_POINT('',(4.391897570547,5.352622792863,1.792083473853
    ));
#4759 = CARTESIAN_POINT('',(3.941838468159,5.713131262804,1.839751472579
    ));
#4760 = CARTESIAN_POINT('',(3.458171735963,6.030165225942,1.887411317332
    ));
#4761 = CARTESIAN_POINT('',(2.94585614398,6.300142099878,1.935064111736)
  );
#4762 = CARTESIAN_POINT('',(2.41019231015,6.520185388456,1.98271693545)
  );
#4763 = CARTESIAN_POINT('',(1.856786270974,6.688071786195,2.030376837201
    ));
#4764 = CARTESIAN_POINT('',(1.291566719005,6.802293034886,2.078044840727
    ));
#4765 = CARTESIAN_POINT('',(0.446480208097,6.891063306588,2.148604513287
    ));
#4766 = CARTESIAN_POINT('',(0.170809336526,6.907346968022,2.171511500837
    ));
#4767 = CARTESIAN_POINT('',(-0.10550792264,6.911024186751,2.194418365553
    ));
#4768 = CARTESIAN_POINT('',(-0.381798371122,6.902068459268,
    2.217325050786));
#4769 = CARTESIAN_POINT('',(-0.65739088781,6.880495942257,2.240231759026
    ));
#4770 = CARTESIAN_POINT('',(-0.931616668791,6.84636460438,2.263138689891
    ));
#4771 = CARTESIAN_POINT('',(-1.203809558941,6.799775039707,2.28604577918
    ));
#4772 = CARTESIAN_POINT('',(-1.92741826882,6.641620835241,2.347550967425
    ));
#4773 = CARTESIAN_POINT('',(-2.373951409696,6.50739241875,2.386154651639
    ));
#4774 = CARTESIAN_POINT('',(-2.809667777342,6.338878674083,
    2.424755831249));
#4775 = CARTESIAN_POINT('',(-3.231503510409,6.137125997964,
    2.463353865363));
#4776 = CARTESIAN_POINT('',(-3.636548350954,5.903484743542,
    2.501951717128));
#4777 = CARTESIAN_POINT('',(-4.022042119756,5.639590302384,
    2.540552466827));
#4778 = CARTESIAN_POINT('',(-4.385388322546,5.347376727999,
    2.579155753532));
#4779 = CARTESIAN_POINT('',(-5.064368338464,4.709566280114,
    2.656510542262));
#4780 = CARTESIAN_POINT('',(-5.379895898906,4.363666393206,
    2.695272671037));
#4781 = CARTESIAN_POINT('',(-5.668312468203,3.993706476669,
    2.734032886151));
#4782 = CARTESIAN_POINT('',(-5.927500943789,3.602188857647,
    2.772790773789));
#4783 = CARTESIAN_POINT('',(-6.155636981794,3.191800539709,
    2.811549175142));
#4784 = CARTESIAN_POINT('',(-6.351175921717,2.765398401555,
    2.850310522266));
#4785 = CARTESIAN_POINT('',(-6.512871874799,2.326014008641,
    2.889073486509));
#4786 = CARTESIAN_POINT('',(-6.706042009601,1.642636275727,
    2.948042927143));
#4787 = CARTESIAN_POINT('',(-6.762811396361,1.405722451328,
    2.968255806782));
#4788 = CARTESIAN_POINT('',(-6.8100107843,1.166584287754,2.988468251877)
  );
#4789 = CARTESIAN_POINT('',(-6.847539619232,0.925673383667,3.00868022112
    ));
#4790 = CARTESIAN_POINT('',(-6.875323176495,0.683445033954,
    3.028891890207));
#4791 = CARTESIAN_POINT('',(-6.89331259261,0.440358050521,3.049103583615
    ));
#4792 = CARTESIAN_POINT('',(-6.90148489694,0.196874583087,3.06931570638)
  );
#4793 = CARTESIAN_POINT('',(-6.899843043346,-4.654006001488E-02,
    3.089528675879));
#4794 = PCURVE('',#3779,#4795);
#4795 = DEFINITIONAL_REPRESENTATION('',(#4796),#4841);
#4796 = B_SPLINE_CURVE_WITH_KNOTS('',8,(#4797,#4798,#4799,#4800,#4801,
    #4802,#4803,#4804,#4805,#4806,#4807,#4808,#4809,#4810,#4811,#4812,
    #4813,#4814,#4815,#4816,#4817,#4818,#4819,#4820,#4821,#4822,#4823,
    #4824,#4825,#4826,#4827,#4828,#4829,#4830,#4831,#4832,#4833,#4834,
    #4835,#4836,#4837,#4838,#4839,#4840),.UNSPECIFIED.,.F.,.F.,(9,7,7,7,
    7,7,9),(0.,0.254286531439,0.465647840968,0.567247743776,
    0.738447157766,0.910347388175,1.),.UNSPECIFIED.);
#4797 = CARTESIAN_POINT('',(0.,1.285660211166));
#4798 = CARTESIAN_POINT('',(0.100061845948,1.342991356266));
#4799 = CARTESIAN_POINT('',(0.200189797937,1.400361009571));
#4800 = CARTESIAN_POINT('',(0.300281241724,1.457710419672));
#4801 = CARTESIAN_POINT('',(0.400346104252,1.515045086827));
#4802 = CARTESIAN_POINT('',(0.500411014259,1.572379790712));
#4803 = CARTESIAN_POINT('',(0.60050243466,1.629729211602));
#4804 = CARTESIAN_POINT('',(0.700630604281,1.687099045523));
#4805 = CARTESIAN_POINT('',(0.88386288079,1.792083473853));
#4806 = CARTESIAN_POINT('',(0.96705988175,1.839751472579));
#4807 = CARTESIAN_POINT('',(1.050243290878,1.887411317332));
#4808 = CARTESIAN_POINT('',(1.133414779568,1.935064111736));
#4809 = CARTESIAN_POINT('',(1.216586269809,1.98271693545));
#4810 = CARTESIAN_POINT('',(1.299769684403,2.030376837201));
#4811 = CARTESIAN_POINT('',(1.382966695616,2.078044840727));
#4812 = CARTESIAN_POINT('',(1.506116849273,2.148604513287));
#4813 = CARTESIAN_POINT('',(1.546097075418,2.171511500837));
#4814 = CARTESIAN_POINT('',(1.586076992647,2.194418365553));
#4815 = CARTESIAN_POINT('',(1.626056523492,2.217325050786));
#4816 = CARTESIAN_POINT('',(1.666036052208,2.240231759026));
#4817 = CARTESIAN_POINT('',(1.706015963598,2.263138689891));
#4818 = CARTESIAN_POINT('',(1.745996181872,2.28604577918));
#4819 = CARTESIAN_POINT('',(1.853342621424,2.347550967425));
#4820 = CARTESIAN_POINT('',(1.920718701628,2.386154651639));
#4821 = CARTESIAN_POINT('',(1.988090706935,2.424755831249));
#4822 = CARTESIAN_POINT('',(2.055457620412,2.463353865363));
#4823 = CARTESIAN_POINT('',(2.122824538448,2.501951717128));
#4824 = CARTESIAN_POINT('',(2.19019655684,2.540552466827));
#4825 = CARTESIAN_POINT('',(2.257572655934,2.579155753532));
#4826 = CARTESIAN_POINT('',(2.39258228471,2.656510542262));
#4827 = CARTESIAN_POINT('',(2.460234334597,2.695272671037));
#4828 = CARTESIAN_POINT('',(2.527882215717,2.734032886151));
#4829 = CARTESIAN_POINT('',(2.595524883298,2.772790773789));
#4830 = CARTESIAN_POINT('',(2.663167537679,2.811549175142));
#4831 = CARTESIAN_POINT('',(2.730815389113,2.850310522266));
#4832 = CARTESIAN_POINT('',(2.798467416194,2.889073486509));
#4833 = CARTESIAN_POINT('',(2.901388400361,2.948042927143));
#4834 = CARTESIAN_POINT('',(2.936667051495,2.968255806782));
#4835 = CARTESIAN_POINT('',(2.971945550086,2.988468251877));
#4836 = CARTESIAN_POINT('',(3.007223856174,3.00868022112));
#4837 = CARTESIAN_POINT('',(3.042502168934,3.028891890207));
#4838 = CARTESIAN_POINT('',(3.077780684531,3.049103583615));
#4839 = CARTESIAN_POINT('',(3.113059353973,3.06931570638));
#4840 = CARTESIAN_POINT('',(3.148337640967,3.089528675879));
#4841 = ( GEOMETRIC_REPRESENTATION_CONTEXT(2) 
PARAMETRIC_REPRESENTATION_CONTEXT() REPRESENTATION_CONTEXT('2D SPACE',''
  ) );
#4842 = PCURVE('',#3844,#4843);
#4843 = DEFINITIONAL_REPRESENTATION('',(#4844),#4889);
#4844 = B_SPLINE_CURVE_WITH_KNOTS('',8,(#4845,#4846,#4847,#4848,#4849,
    #4850,#4851,#4852,#4853,#4854,#4855,#4856,#4857,#4858,#4859,#4860,
    #4861,#4862,#4863,#4864,#4865,#4866,#4867,#4868,#4869,#4870,#4871,
    #4872,#4873,#4874,#4875,#4876,#4877,#4878,#4879,#4880,#4881,#4882,
    #4883,#4884,#4885,#4886,#4887,#4888),.UNSPECIFIED.,.F.,.F.,(9,7,7,7,
    7,7,9),(0.,0.254286531439,0.465647840968,0.567247743776,
    0.738447157766,0.910347388175,1.),.UNSPECIFIED.);
#4845 = CARTESIAN_POINT('',(-0.958106073998,3.612945058575));
#4846 = CARTESIAN_POINT('',(-0.958106154787,3.728267329516));
#4847 = CARTESIAN_POINT('',(-0.958104870062,3.84366579235));
#4848 = CARTESIAN_POINT('',(-0.958102180013,3.959022248526));
#4849 = CARTESIAN_POINT('',(-0.958098600221,4.074348202904));
#4850 = CARTESIAN_POINT('',(-0.958095128613,4.189674354293));
#4851 = CARTESIAN_POINT('',(-0.958092736329,4.305031093466));
#4852 = CARTESIAN_POINT('',(-0.958091646361,4.420430104624));
#4853 = CARTESIAN_POINT('',(-0.958091675816,4.631607404145));
#4854 = CARTESIAN_POINT('',(-0.958092452426,4.727492799467));
#4855 = CARTESIAN_POINT('',(-0.958093875059,4.823362390963));
#4856 = CARTESIAN_POINT('',(-0.958095608187,4.91921808801));
#4857 = CARTESIAN_POINT('',(-0.958097151897,5.015073668686));
#4858 = CARTESIAN_POINT('',(-0.958098128308,5.110942961799));
#4859 = CARTESIAN_POINT('',(-0.958098506492,5.206827997982));
#4860 = CARTESIAN_POINT('',(-0.958098455253,5.348759467633));
#4861 = CARTESIAN_POINT('',(-0.958098343334,5.394837008345));
#4862 = CARTESIAN_POINT('',(-0.958098156565,5.440914232693));
#4863 = CARTESIAN_POINT('',(-0.958097927926,5.486991057253));
#4864 = CARTESIAN_POINT('',(-0.958097699082,5.5330679279));
#4865 = CARTESIAN_POINT('',(-0.958097514796,5.579145287605));
#4866 = CARTESIAN_POINT('',(-0.958097415637,5.625223044778));
#4867 = CARTESIAN_POINT('',(-0.958097451403,5.748941405352));
#4868 = CARTESIAN_POINT('',(-0.958097795523,5.826593437195));
#4869 = CARTESIAN_POINT('',(-0.95809858344,5.904240841791));
#4870 = CARTESIAN_POINT('',(-0.958099869061,5.981882379878));
#4871 = CARTESIAN_POINT('',(-0.958101472134,6.05952384501));
#4872 = CARTESIAN_POINT('',(-0.958102967852,6.137171039994));
#4873 = CARTESIAN_POINT('',(-0.958103832015,6.214822753609));
#4874 = CARTESIAN_POINT('',(-0.958103651111,6.370422550267));
#4875 = CARTESIAN_POINT('',(-0.958102571864,6.448391977492));
#4876 = CARTESIAN_POINT('',(-0.958100300114,6.526356451552));
#4877 = CARTESIAN_POINT('',(-0.958096518669,6.604314846459));
#4878 = CARTESIAN_POINT('',(-0.958091660104,6.682273277697));
#4879 = CARTESIAN_POINT('',(-0.958087060153,6.760237873766));
#4880 = CARTESIAN_POINT('',(-0.958084401431,6.838207519539));
#4881 = CARTESIAN_POINT('',(-0.958084471492,6.956825229098));
#4882 = CARTESIAN_POINT('',(-0.958085233388,6.997484352483));
#4883 = CARTESIAN_POINT('',(-0.958086788846,7.038143336318));
#4884 = CARTESIAN_POINT('',(-0.958089154973,7.07880211335));
#4885 = CARTESIAN_POINT('',(-0.958092167206,7.119460884668));
#4886 = CARTESIAN_POINT('',(-0.95809533622,7.160119850027));
#4887 = CARTESIAN_POINT('',(-0.958097704831,7.20077893817));
#4888 = CARTESIAN_POINT('',(-0.958097704902,7.241437537144));
#4889 = ( GEOMETRIC_REPRESENTATION_CONTEXT(2) 
PARAMETRIC_REPRESENTATION_CONTEXT() REPRESENTATION_CONTEXT('2D SPACE',''
  ) );
#4890 = ORIENTED_EDGE('',*,*,#4891,.F.);
#4891 = EDGE_CURVE('',#4892,#4746,#4894,.T.);
#4892 = VERTEX_POINT('',#4893);
#4893 = CARTESIAN_POINT('',(6.9,-1.690012582823E-15,0.614335900555));
#4894 = SURFACE_CURVE('',#4895,(#4899,#4906),.PCURVE_S1.);
#4895 = LINE('',#4896,#4897);
#4896 = CARTESIAN_POINT('',(6.9,-1.690012582823E-15,0.));
#4897 = VECTOR('',#4898,1.);
#4898 = DIRECTION('',(0.,0.,1.));
#4899 = PCURVE('',#3779,#4900);
#4900 = DEFINITIONAL_REPRESENTATION('',(#4901),#4905);
#4901 = LINE('',#4902,#4903);
#4902 = CARTESIAN_POINT('',(0.,-0.));
#4903 = VECTOR('',#4904,1.);
#4904 = DIRECTION('',(0.,1.));
#4905 = ( GEOMETRIC_REPRESENTATION_CONTEXT(2) 
PARAMETRIC_REPRESENTATION_CONTEXT() REPRESENTATION_CONTEXT('2D SPACE',''
  ) );
#4906 = PCURVE('',#4154,#4907);
#4907 = DEFINITIONAL_REPRESENTATION('',(#4908),#4912);
#4908 = LINE('',#4909,#4910);
#4909 = CARTESIAN_POINT('',(6.28318530718,-0.));
#4910 = VECTOR('',#4911,1.);
#4911 = DIRECTION('',(0.,1.));
#4912 = ( GEOMETRIC_REPRESENTATION_CONTEXT(2) 
PARAMETRIC_REPRESENTATION_CONTEXT() REPRESENTATION_CONTEXT('2D SPACE',''
  ) );
#4913 = ORIENTED_EDGE('',*,*,#4914,.T.);
#4914 = EDGE_CURVE('',#4892,#4413,#4915,.T.);
#4915 = SURFACE_CURVE('',#4916,(#4989,#5065),.PCURVE_S1.);
#4916 = B_SPLINE_CURVE_WITH_KNOTS('',8,(#4917,#4918,#4919,#4920,#4921,
    #4922,#4923,#4924,#4925,#4926,#4927,#4928,#4929,#4930,#4931,#4932,
    #4933,#4934,#4935,#4936,#4937,#4938,#4939,#4940,#4941,#4942,#4943,
    #4944,#4945,#4946,#4947,#4948,#4949,#4950,#4951,#4952,#4953,#4954,
    #4955,#4956,#4957,#4958,#4959,#4960,#4961,#4962,#4963,#4964,#4965,
    #4966,#4967,#4968,#4969,#4970,#4971,#4972,#4973,#4974,#4975,#4976,
    #4977,#4978,#4979,#4980,#4981,#4982,#4983,#4984,#4985,#4986,#4987,
    #4988),.UNSPECIFIED.,.F.,.F.,(9,7,7,7,7,7,7,7,7,7,9),(0.,
    4.476865183999E-02,0.130975760323,0.265142039952,0.373788716488,
    0.489799149441,0.627159554606,0.783239211314,0.867548559877,
    0.955727505804,1.),.UNSPECIFIED.);
#4917 = CARTESIAN_POINT('',(6.9,8.881784197001E-16,0.614335900555));
#4918 = CARTESIAN_POINT('',(6.9,0.242299290481,0.634455624577));
#4919 = CARTESIAN_POINT('',(6.890275781867,0.484601177158,0.654574611837
    ));
#4920 = CARTESIAN_POINT('',(6.870827521325,0.726446750525,0.67469323748)
  );
#4921 = CARTESIAN_POINT('',(6.841680829182,0.967380368253,0.694811873831
    ));
#4922 = CARTESIAN_POINT('',(6.802886716457,1.206949829387,0.714930822108
    ));
#4923 = CARTESIAN_POINT('',(6.754521559514,1.444706548557,0.735050244136
    ));
#4924 = CARTESIAN_POINT('',(6.69668706518,1.680205730182,0.755170094056)
  );
#4925 = CARTESIAN_POINT('',(6.500153644326,2.361290868254,0.814033303552
    ));
#4926 = CARTESIAN_POINT('',(6.336135595208,2.799641381384,0.852783041279
    ));
#4927 = CARTESIAN_POINT('',(6.138368552289,3.224835729766,0.891531124933
    ));
#4928 = CARTESIAN_POINT('',(5.908113493667,3.633852187967,0.930276231776
    ));
#4929 = CARTESIAN_POINT('',(5.646928805486,4.023845108114,0.969020806781
    ));
#4930 = CARTESIAN_POINT('',(5.3566512328,4.392140041371,1.007767705029)
  );
#4931 = CARTESIAN_POINT('',(5.039408887621,4.736248530195,1.046516524329
    ));
#4932 = CARTESIAN_POINT('',(4.165803797443,5.548275502625,1.145556489662
    ));
#4933 = CARTESIAN_POINT('',(3.574051110693,5.979080618136,1.205901269635
    ));
#4934 = CARTESIAN_POINT('',(2.931893878422,6.337165199247,1.266218392389
    ));
#4935 = CARTESIAN_POINT('',(2.249926301901,6.615998441293,1.3265174783)
  );
#4936 = CARTESIAN_POINT('',(1.539357897893,6.810729755092,1.386817401843
    ));
#4937 = CARTESIAN_POINT('',(0.81203172469,6.918370687869,1.447136225723)
  );
#4938 = CARTESIAN_POINT('',(8.032545148009E-02,6.937638596981,
    1.50748228017));
#4939 = CARTESIAN_POINT('',(-1.228126539666,6.815238533899,
    1.616606845278));
#4940 = CARTESIAN_POINT('',(-1.808463366547,6.70342917246,1.665451404789
    ));
#4941 = CARTESIAN_POINT('',(-2.376875045503,6.535148402237,
    1.714286787507));
#4942 = CARTESIAN_POINT('',(-2.926968505324,6.31197310817,1.763114270264
    ));
#4943 = CARTESIAN_POINT('',(-3.452703359463,6.036268661908,
    1.811941716999));
#4944 = CARTESIAN_POINT('',(-3.948371812129,5.711117523716,
    1.860777037712));
#4945 = CARTESIAN_POINT('',(-4.408639874075,5.340380600275,
    1.909621605198));
#4946 = CARTESIAN_POINT('',(-5.277193403884,4.489483187673,
    2.010586802986));
#4947 = CARTESIAN_POINT('',(-5.68021327795,4.003246048335,2.062748262866
    ));
#4948 = CARTESIAN_POINT('',(-6.031696115684,3.47594355537,2.114897593059
    ));
#4949 = CARTESIAN_POINT('',(-6.326901087326,2.914044688541,
    2.167037246966));
#4950 = CARTESIAN_POINT('',(-6.562037535645,2.324479430208,
    2.219176988832));
#4951 = CARTESIAN_POINT('',(-6.734302969706,1.714632985144,
    2.271326524753));
#4952 = CARTESIAN_POINT('',(-6.841862542725,1.092312338873,
    2.323488274107));
#4953 = CARTESIAN_POINT('',(-6.934449127467,-0.275863405215,
    2.437358421767));
#4954 = CARTESIAN_POINT('',(-6.893354469716,-1.024435179071,
    2.499145119821));
#4955 = CARTESIAN_POINT('',(-6.759730682555,-1.765704173006,
    2.560899881818));
#4956 = CARTESIAN_POINT('',(-6.53537787378,-2.486430298239,
    2.622633356161));
#4957 = CARTESIAN_POINT('',(-6.223927279698,-3.174019708751,
    2.684366918436));
#4958 = CARTESIAN_POINT('',(-5.831036876968,-3.816649805901,
    2.746121854274));
#4959 = CARTESIAN_POINT('',(-5.36416222794,-4.403231403299,
    2.807908618305));
#4960 = CARTESIAN_POINT('',(-4.230804978642,-5.515784103422,
    2.939785941083));
#4961 = CARTESIAN_POINT('',(-3.544284151657,-6.024079761418,
    3.010035514971));
#4962 = CARTESIAN_POINT('',(-2.788860837324,-6.433540198271,
    3.080223246678));
#4963 = CARTESIAN_POINT('',(-1.981461120887,-6.734153195231,
    3.150376232055));
#4964 = CARTESIAN_POINT('',(-1.139917664121,-6.918726175369,
    3.220528056842));
#4965 = CARTESIAN_POINT('',(-0.283117002842,-6.983647469553,
    3.290713847358));
#4966 = CARTESIAN_POINT('',(0.569289745257,-6.928166720483,
    3.360962300198));
#4967 = CARTESIAN_POINT('',(1.84340399616,-6.664838566597,3.468997789678
    ));
#4968 = CARTESIAN_POINT('',(2.283339420322,-6.538699369875,3.50689303442
    ));
#4969 = CARTESIAN_POINT('',(2.71328539978,-6.379394418362,3.544786374885
    ));
#4970 = CARTESIAN_POINT('',(3.130331076275,-6.187873648331,
    3.582677269782));
#4971 = CARTESIAN_POINT('',(3.531703882523,-5.965371611206,
    3.620568270802));
#4972 = CARTESIAN_POINT('',(3.914766654216,-5.713390448052,
    3.658461831197));
#4973 = CARTESIAN_POINT('',(4.277029605381,-5.433712295619,
    3.696357178416));
#4974 = CARTESIAN_POINT('',(4.970890790408,-4.809158735962,
    3.773876386817));
#4975 = CARTESIAN_POINT('',(5.30042060363,-4.461788084497,3.813510958157
    ));
#4976 = CARTESIAN_POINT('',(5.602086192638,-4.08871613449,3.853142226747
    ));
#4977 = CARTESIAN_POINT('',(5.873574598839,-3.692576637107,3.89276938975
    ));
#4978 = CARTESIAN_POINT('',(6.112889340876,-3.276210239518,
    3.932396037345));
#4979 = CARTESIAN_POINT('',(6.318335804944,-2.842647429902,
    3.972026224712));
#4980 = CARTESIAN_POINT('',(6.488543003701,-2.395114317698,
    4.011660158212));
#4981 = CARTESIAN_POINT('',(6.68978913549,-1.707083995378,4.071186417833
    ));
#4982 = CARTESIAN_POINT('',(6.747929846719,-1.474434817827,
    4.091083886975));
#4983 = CARTESIAN_POINT('',(6.796819457536,-1.23953959181,4.110981642861
    ));
#4984 = CARTESIAN_POINT('',(6.83635779584,-1.002828077678,4.130879654253
    ));
#4985 = CARTESIAN_POINT('',(6.866468911424,-0.76473373753,4.150777934633
    ));
#4986 = CARTESIAN_POINT('',(6.887101090032,-0.525693551963,
    4.170676357857));
#4987 = CARTESIAN_POINT('',(6.898226867407,-0.286147836832,
    4.190574473792));
#4988 = CARTESIAN_POINT('',(6.899843043346,-4.654006000256E-02,
    4.21047132397));
#4989 = PCURVE('',#3779,#4990);
#4990 = DEFINITIONAL_REPRESENTATION('',(#4991),#5064);
#4991 = B_SPLINE_CURVE_WITH_KNOTS('',8,(#4992,#4993,#4994,#4995,#4996,
    #4997,#4998,#4999,#5000,#5001,#5002,#5003,#5004,#5005,#5006,#5007,
    #5008,#5009,#5010,#5011,#5012,#5013,#5014,#5015,#5016,#5017,#5018,
    #5019,#5020,#5021,#5022,#5023,#5024,#5025,#5026,#5027,#5028,#5029,
    #5030,#5031,#5032,#5033,#5034,#5035,#5036,#5037,#5038,#5039,#5040,
    #5041,#5042,#5043,#5044,#5045,#5046,#5047,#5048,#5049,#5050,#5051,
    #5052,#5053,#5054,#5055,#5056,#5057,#5058,#5059,#5060,#5061,#5062,
    #5063),.UNSPECIFIED.,.F.,.F.,(9,7,7,7,7,7,7,7,7,7,9),(0.,
    4.476865183999E-02,0.130975760323,0.265142039952,0.373788716488,
    0.489799149441,0.627159554606,0.783239211314,0.867548559877,
    0.955727505804,1.),.UNSPECIFIED.);
#4992 = CARTESIAN_POINT('',(0.,0.614335900555));
#4993 = CARTESIAN_POINT('',(3.51158392002E-02,0.634455624577));
#4994 = CARTESIAN_POINT('',(7.023205631544E-02,0.654574611837));
#4995 = CARTESIAN_POINT('',(0.105348123978,0.67469323748));
#4996 = CARTESIAN_POINT('',(0.140463992298,0.694811873831));
#4997 = CARTESIAN_POINT('',(0.175579852214,0.714930822108));
#4998 = CARTESIAN_POINT('',(0.210695898831,0.735050244136));
#4999 = CARTESIAN_POINT('',(0.245812094775,0.755170094056));
#5000 = CARTESIAN_POINT('',(0.348547457394,0.814033303552));
#5001 = CARTESIAN_POINT('',(0.41617629646,0.852783041279));
#5002 = CARTESIAN_POINT('',(0.483800976526,0.891531124933));
#5003 = CARTESIAN_POINT('',(0.551420468491,0.930276231776));
#5004 = CARTESIAN_POINT('',(0.619039969791,0.969020806781));
#5005 = CARTESIAN_POINT('',(0.686664678242,1.007767705029));
#5006 = CARTESIAN_POINT('',(0.754293558267,1.046516524329));
#5007 = CARTESIAN_POINT('',(0.927151083287,1.145556489662));
#5008 = CARTESIAN_POINT('',(1.032474184475,1.205901269635));
#5009 = CARTESIAN_POINT('',(1.137749459537,1.26621839239));
#5010 = CARTESIAN_POINT('',(1.242991855375,1.3265174783));
#5011 = CARTESIAN_POINT('',(1.348234275835,1.386817401844));
#5012 = CARTESIAN_POINT('',(1.453509482755,1.447136225723));
#5013 = CARTESIAN_POINT('',(1.55883268956,1.50748228017));
#5014 = CARTESIAN_POINT('',(1.749291315809,1.616606845278));
#5015 = CARTESIAN_POINT('',(1.834541766404,1.665451404789));
#5016 = CARTESIAN_POINT('',(1.919776781589,1.714286787507));
#5017 = CARTESIAN_POINT('',(2.004998484878,1.763114270264));
#5018 = CARTESIAN_POINT('',(2.090220191982,1.811941716999));
#5019 = CARTESIAN_POINT('',(2.175455233113,1.860777037712));
#5020 = CARTESIAN_POINT('',(2.260705732326,1.909621605198));
#5021 = CARTESIAN_POINT('',(2.436923053957,2.010586802986));
#5022 = CARTESIAN_POINT('',(2.527961033863,2.062748262866));
#5023 = CARTESIAN_POINT('',(2.61897692997,2.114897593059));
#5024 = CARTESIAN_POINT('',(2.709975234316,2.167037246966));
#5025 = CARTESIAN_POINT('',(2.800973549065,2.219176988832));
#5026 = CARTESIAN_POINT('',(2.891989436045,2.271326524753));
#5027 = CARTESIAN_POINT('',(2.983027471217,2.323488274107));
#5028 = CARTESIAN_POINT('',(3.181767312517,2.437358421767));
#5029 = CARTESIAN_POINT('',(3.289606141794,2.499145119822));
#5030 = CARTESIAN_POINT('',(3.397390627978,2.560899881818));
#5031 = CARTESIAN_POINT('',(3.505138946461,2.622633356162));
#5032 = CARTESIAN_POINT('',(3.612887293587,2.684366918436));
#5033 = CARTESIAN_POINT('',(3.720671889234,2.746121854274));
#5034 = CARTESIAN_POINT('',(3.828510862993,2.807908618305));
#5035 = CARTESIAN_POINT('',(4.058679890547,2.939785941083));
#5036 = CARTESIAN_POINT('',(4.181287219589,3.010035514971));
#5037 = CARTESIAN_POINT('',(4.303785936947,3.080223246677));
#5038 = CARTESIAN_POINT('',(4.42622439956,3.150376232056));
#5039 = CARTESIAN_POINT('',(4.548662872079,3.220528056841));
#5040 = CARTESIAN_POINT('',(4.671161581145,3.290713847358));
#5041 = CARTESIAN_POINT('',(4.793768915412,3.360962300198));
#5042 = CARTESIAN_POINT('',(4.982325646536,3.468997789678));
#5043 = CARTESIAN_POINT('',(5.048464717123,3.50689303442));
#5044 = CARTESIAN_POINT('',(5.114600060211,3.544786374885));
#5045 = CARTESIAN_POINT('',(5.180730746566,3.582677269782));
#5046 = CARTESIAN_POINT('',(5.246861430576,3.620568270802));
#5047 = CARTESIAN_POINT('',(5.312996770716,3.658461831197));
#5048 = CARTESIAN_POINT('',(5.37913584747,3.696357178416));
#5049 = CARTESIAN_POINT('',(5.514432552308,3.773876386817));
#5050 = CARTESIAN_POINT('',(5.58360897794,3.813510958157));
#5051 = CARTESIAN_POINT('',(5.652780776931,3.853142226747));
#5052 = CARTESIAN_POINT('',(5.721946789649,3.89276938975));
#5053 = CARTESIAN_POINT('',(5.791112811976,3.932396037345));
#5054 = CARTESIAN_POINT('',(5.860284633248,3.972026224712));
#5055 = CARTESIAN_POINT('',(5.92946107568,4.011660158212));
#5056 = CARTESIAN_POINT('',(6.033353573598,4.071186417833));
#5057 = CARTESIAN_POINT('',(6.068080446455,4.091083886975));
#5058 = CARTESIAN_POINT('',(6.102807165645,4.110981642861));
#5059 = CARTESIAN_POINT('',(6.137533690629,4.130879654253));
#5060 = CARTESIAN_POINT('',(6.172260207353,4.150777934633));
#5061 = CARTESIAN_POINT('',(6.206986907058,4.170676357857));
#5062 = CARTESIAN_POINT('',(6.241713765109,4.190574473792));
#5063 = CARTESIAN_POINT('',(6.276440319804,4.21047132397));
#5064 = ( GEOMETRIC_REPRESENTATION_CONTEXT(2) 
PARAMETRIC_REPRESENTATION_CONTEXT() REPRESENTATION_CONTEXT('2D SPACE',''
  ) );
#5065 = PCURVE('',#4375,#5066);
#5066 = DEFINITIONAL_REPRESENTATION('',(#5067),#5140);
#5067 = B_SPLINE_CURVE_WITH_KNOTS('',8,(#5068,#5069,#5070,#5071,#5072,
    #5073,#5074,#5075,#5076,#5077,#5078,#5079,#5080,#5081,#5082,#5083,
    #5084,#5085,#5086,#5087,#5088,#5089,#5090,#5091,#5092,#5093,#5094,
    #5095,#5096,#5097,#5098,#5099,#5100,#5101,#5102,#5103,#5104,#5105,
    #5106,#5107,#5108,#5109,#5110,#5111,#5112,#5113,#5114,#5115,#5116,
    #5117,#5118,#5119,#5120,#5121,#5122,#5123,#5124,#5125,#5126,#5127,
    #5128,#5129,#5130,#5131,#5132,#5133,#5134,#5135,#5136,#5137,#5138,
    #5139),.UNSPECIFIED.,.F.,.F.,(9,7,7,7,7,7,7,7,7,7,9),(0.,
    4.476865183999E-02,0.130975760323,0.265142039952,0.373788716488,
    0.489799149441,0.627159554606,0.783239211314,0.867548559877,
    0.955727505804,1.),.UNSPECIFIED.);
#5068 = CARTESIAN_POINT('',(-1.769869507975E-04,7.773670057548E-03));
#5069 = CARTESIAN_POINT('',(-1.773643908869E-04,4.824505408279E-02));
#5070 = CARTESIAN_POINT('',(-1.798668495004E-04,8.871692307944E-02));
#5071 = CARTESIAN_POINT('',(-1.83025142886E-04,0.129188671736));
#5072 = CARTESIAN_POINT('',(-1.859506317113E-04,0.169660226442));
#5073 = CARTESIAN_POINT('',(-1.88198308084E-04,0.21013178119));
#5074 = CARTESIAN_POINT('',(-1.896298825717E-04,0.250603533489));
#5075 = CARTESIAN_POINT('',(-1.902768712226E-04,0.291075420262));
#5076 = CARTESIAN_POINT('',(-1.900627495758E-04,0.409479181731));
#5077 = CARTESIAN_POINT('',(-1.872587932479E-04,0.487422087796));
#5078 = CARTESIAN_POINT('',(-1.826166321765E-04,0.565359965185));
#5079 = CARTESIAN_POINT('',(-1.778013155113E-04,0.64329169441));
#5080 = CARTESIAN_POINT('',(-1.74106181501E-04,0.721223390709));
#5081 = CARTESIAN_POINT('',(-1.719287698549E-04,0.799161165079));
#5082 = CARTESIAN_POINT('',(-1.709345879433E-04,0.877103898892));
#5083 = CARTESIAN_POINT('',(-1.708684887677E-04,1.076323760665));
#5084 = CARTESIAN_POINT('',(-1.731049564692E-04,1.197709984929));
#5085 = CARTESIAN_POINT('',(-1.763965113193E-04,1.319041553024));
#5086 = CARTESIAN_POINT('',(-1.782064059629E-04,1.440335468357));
#5087 = CARTESIAN_POINT('',(-1.779623812584E-04,1.561629167435));
#5088 = CARTESIAN_POINT('',(-1.770325314829E-04,1.682960249919));
#5089 = CARTESIAN_POINT('',(-1.762959991568E-04,1.804346285912));
#5090 = CARTESIAN_POINT('',(-1.761062941457E-04,2.023851310873));
#5091 = CARTESIAN_POINT('',(-1.764337402525E-04,2.122102954722));
#5092 = CARTESIAN_POINT('',(-1.773927979574E-04,2.220336723994));
#5093 = CARTESIAN_POINT('',(-1.789740991581E-04,2.318555178379));
#5094 = CARTESIAN_POINT('',(-1.807724479073E-04,2.416773761208));
#5095 = CARTESIAN_POINT('',(-1.822410199846E-04,2.515007877376));
#5096 = CARTESIAN_POINT('',(-1.830199278877E-04,2.613259955154));
#5097 = CARTESIAN_POINT('',(-1.829624673125E-04,2.816352450079));
#5098 = CARTESIAN_POINT('',(-1.820129257687E-04,2.921274891595));
#5099 = CARTESIAN_POINT('',(-1.800009225271E-04,3.026171950673));
#5100 = CARTESIAN_POINT('',(-1.770971562577E-04,3.131048720366));
#5101 = CARTESIAN_POINT('',(-1.739124891142E-04,3.235925406975));
#5102 = CARTESIAN_POINT('',(-1.712061696769E-04,3.340822237203));
#5103 = CARTESIAN_POINT('',(-1.694535073432E-04,3.445744517608));
#5104 = CARTESIAN_POINT('',(-1.68021922049E-04,3.674794181835));
#5105 = CARTESIAN_POINT('',(-1.687834555881E-04,3.799079474116));
#5106 = CARTESIAN_POINT('',(-1.713197142816E-04,3.923302169415));
#5107 = CARTESIAN_POINT('',(-1.7523021167E-04,4.047483316411));
#5108 = CARTESIAN_POINT('',(-1.791908427564E-04,4.171664686686));
#5109 = CARTESIAN_POINT('',(-1.81910110942E-04,4.295887901069));
#5110 = CARTESIAN_POINT('',(-1.830831803761E-04,4.420173706991));
#5111 = CARTESIAN_POINT('',(-1.828813146378E-04,4.68544612999));
#5112 = CARTESIAN_POINT('',(-1.811336293266E-04,4.826752262654));
#5113 = CARTESIAN_POINT('',(-1.781871658147E-04,4.967932889496));
#5114 = CARTESIAN_POINT('',(-1.753480198094E-04,5.109043723095));
#5115 = CARTESIAN_POINT('',(-1.749545144848E-04,5.250154485868));
#5116 = CARTESIAN_POINT('',(-1.762778351039E-04,5.391335160228));
#5117 = CARTESIAN_POINT('',(-1.772820320325E-04,5.532641585105));
#5118 = CARTESIAN_POINT('',(-1.77194490731E-04,5.749956017648));
#5119 = CARTESIAN_POINT('',(-1.768509463045E-04,5.826182379586));
#5120 = CARTESIAN_POINT('',(-1.760804364368E-04,5.902404515839));
#5121 = CARTESIAN_POINT('',(-1.748345770401E-04,5.978621292813));
#5122 = CARTESIAN_POINT('',(-1.732802019318E-04,6.054837997683));
#5123 = CARTESIAN_POINT('',(-1.71809795372E-04,6.131059928486));
#5124 = CARTESIAN_POINT('',(-1.709128786896E-04,6.207285984341));
#5125 = CARTESIAN_POINT('',(-1.70903615491E-04,6.363216671757));
#5126 = CARTESIAN_POINT('',(-1.719056981257E-04,6.442942952831));
#5127 = CARTESIAN_POINT('',(-1.741363616573E-04,6.522663727595));
#5128 = CARTESIAN_POINT('',(-1.779798042516E-04,6.602377736759));
#5129 = CARTESIAN_POINT('',(-1.829970959872E-04,6.68209179572));
#5130 = CARTESIAN_POINT('',(-1.877456308142E-04,6.761812726202));
#5131 = CARTESIAN_POINT('',(-1.90403593967E-04,6.841539256981));
#5132 = CARTESIAN_POINT('',(-1.900969465368E-04,6.961276665046));
#5133 = CARTESIAN_POINT('',(-1.892723511703E-04,7.001299868428));
#5134 = CARTESIAN_POINT('',(-1.8767854562E-04,7.041322936599));
#5135 = CARTESIAN_POINT('',(-1.853107923205E-04,7.081345802334));
#5136 = CARTESIAN_POINT('',(-1.823399715151E-04,7.121368650928));
#5137 = CARTESIAN_POINT('',(-1.792458235207E-04,7.161391672698));
#5138 = CARTESIAN_POINT('',(-1.769501909917E-04,7.201414815482));
#5139 = CARTESIAN_POINT('',(-1.769502611842E-04,7.241437537144));
#5140 = ( GEOMETRIC_REPRESENTATION_CONTEXT(2) 
PARAMETRIC_REPRESENTATION_CONTEXT() REPRESENTATION_CONTEXT('2D SPACE',''
  ) );
#5141 = ORIENTED_EDGE('',*,*,#4433,.T.);
#5142 = ORIENTED_EDGE('',*,*,#4717,.T.);
#5143 = ADVANCED_FACE('',(#5144),#3844,.F.);
#5144 = FACE_BOUND('',#5145,.F.);
#5145 = EDGE_LOOP('',(#5146,#5147,#5148,#5250,#5251));
#5146 = ORIENTED_EDGE('',*,*,#3832,.F.);
#5147 = ORIENTED_EDGE('',*,*,#4745,.F.);
#5148 = ORIENTED_EDGE('',*,*,#5149,.F.);
#5149 = EDGE_CURVE('',#4136,#4746,#5150,.T.);
#5150 = SURFACE_CURVE('',#5151,(#5182,#5216),.PCURVE_S1.);
#5151 = B_SPLINE_CURVE_WITH_KNOTS('',8,(#5152,#5153,#5154,#5155,#5156,
    #5157,#5158,#5159,#5160,#5161,#5162,#5163,#5164,#5165,#5166,#5167,
    #5168,#5169,#5170,#5171,#5172,#5173,#5174,#5175,#5176,#5177,#5178,
    #5179,#5180,#5181),.UNSPECIFIED.,.F.,.F.,(9,7,7,7,9),(0.,
    0.211291415268,0.360974155625,0.649010301972,1.),.UNSPECIFIED.);
#5152 = CARTESIAN_POINT('',(-4.301581717756,-5.395034265458,
    -6.000000000225E-07));
#5153 = CARTESIAN_POINT('',(-3.981885360215,-5.64993533557,
    3.395172983369E-02));
#5154 = CARTESIAN_POINT('',(-3.644899769284,-5.883206779943,
    6.790714993444E-02));
#5155 = CARTESIAN_POINT('',(-3.292370318957,-6.093447129322,
    0.101861501954));
#5156 = CARTESIAN_POINT('',(-2.926144591245,-6.279461555611,
    0.135814314629));
#5157 = CARTESIAN_POINT('',(-2.548159032512,-6.440239575564,
    0.169767009495));
#5158 = CARTESIAN_POINT('',(-2.160432883198,-6.574948374369,
    0.203721073482));
#5159 = CARTESIAN_POINT('',(-1.765069380926,-6.68294174912,
    0.237676198383));
#5160 = CARTESIAN_POINT('',(-1.080326471623,-6.821055291755,
    0.295680744734));
#5161 = CARTESIAN_POINT('',(-0.793635071734,-6.864704881808,
    0.319733530921));
#5162 = CARTESIAN_POINT('',(-0.5049610691,-6.894576893621,0.343786029808
    ));
#5163 = CARTESIAN_POINT('',(-0.215077998593,-6.91056994267,
    0.367838205443));
#5164 = CARTESIAN_POINT('',(7.523860780904E-02,-6.912634484731,
    0.391890362306));
#5165 = CARTESIAN_POINT('',(0.365211634906,-6.9007717212,0.41594280448)
  );
#5166 = CARTESIAN_POINT('',(0.654062706048,-6.875034733641,
    0.439995493555));
#5167 = CARTESIAN_POINT('',(1.493192894876,-6.759516008653,0.51033164128
    ));
#5168 = CARTESIAN_POINT('',(2.038511476533,-6.632500327876,0.55662879604
    ));
#5169 = CARTESIAN_POINT('',(2.571235177516,-6.455225727316,
    0.602919480689));
#5170 = CARTESIAN_POINT('',(3.085975041606,-6.229221568908,
    0.649204427557));
#5171 = CARTESIAN_POINT('',(3.577644097501,-5.956647717838,
    0.695489493482));
#5172 = CARTESIAN_POINT('',(4.041441993276,-5.640242551068,
    0.741780470298));
#5173 = CARTESIAN_POINT('',(4.472887026566,-5.28336666033,0.788077928227
    ));
#5174 = CARTESIAN_POINT('',(5.349283664659,-4.410951462899,
    0.890762017994));
#5175 = CARTESIAN_POINT('',(5.777042547488,-3.87732012828,0.947196561855
    ));
#5176 = CARTESIAN_POINT('',(6.143503968355,-3.296659038151,
    1.003611389567));
#5177 = CARTESIAN_POINT('',(6.442862705928,-2.677317858228,
    1.060011543552));
#5178 = CARTESIAN_POINT('',(6.670602877938,-2.02821561725,1.116411567415
    ));
#5179 = CARTESIAN_POINT('',(6.823589487032,-1.358845414703,1.17282606376
    ));
#5180 = CARTESIAN_POINT('',(6.9,-0.679211211797,1.229260372561));
#5181 = CARTESIAN_POINT('',(6.9,-1.7763568394E-15,1.285660211166));
#5182 = PCURVE('',#3844,#5183);
#5183 = DEFINITIONAL_REPRESENTATION('',(#5184),#5215);
#5184 = B_SPLINE_CURVE_WITH_KNOTS('',8,(#5185,#5186,#5187,#5188,#5189,
    #5190,#5191,#5192,#5193,#5194,#5195,#5196,#5197,#5198,#5199,#5200,
    #5201,#5202,#5203,#5204,#5205,#5206,#5207,#5208,#5209,#5210,#5211,
    #5212,#5213,#5214),.UNSPECIFIED.,.F.,.F.,(9,7,7,7,9),(0.,
    0.211291415268,0.360974155625,0.649010301972,1.),.UNSPECIFIED.);
#5185 = CARTESIAN_POINT('',(-0.958103450538,1.026822502551));
#5186 = CARTESIAN_POINT('',(-0.958102897094,1.095117455749));
#5187 = CARTESIAN_POINT('',(-0.958101822047,1.163418142244));
#5188 = CARTESIAN_POINT('',(-0.958100498865,1.2317164506));
#5189 = CARTESIAN_POINT('',(-0.958099242723,1.300011724603));
#5190 = CARTESIAN_POINT('',(-0.95809828056,1.368307033746));
#5191 = CARTESIAN_POINT('',(-0.958097694461,1.436605444985));
#5192 = CARTESIAN_POINT('',(-0.958097438393,1.504906295752));
#5193 = CARTESIAN_POINT('',(-0.958097421138,1.621583029577));
#5194 = CARTESIAN_POINT('',(-0.958097536444,1.66996556652));
#5195 = CARTESIAN_POINT('',(-0.95809774202,1.718347609112));
#5196 = CARTESIAN_POINT('',(-0.958097989775,1.766729040523));
#5197 = CARTESIAN_POINT('',(-0.958098227434,1.815110424829));
#5198 = CARTESIAN_POINT('',(-0.958098407749,1.86349232996));
#5199 = CARTESIAN_POINT('',(-0.958098495224,1.911874645801));
#5200 = CARTESIAN_POINT('',(-0.958098422487,2.053356473016));
#5201 = CARTESIAN_POINT('',(-0.958097958203,2.146483252801));
#5202 = CARTESIAN_POINT('',(-0.958096936439,2.239596501874));
#5203 = CARTESIAN_POINT('',(-0.958095419769,2.332697751241));
#5204 = CARTESIAN_POINT('',(-0.958093762939,2.425799110357));
#5205 = CARTESIAN_POINT('',(-0.958092415438,2.518912645615));
#5206 = CARTESIAN_POINT('',(-0.958091679202,2.612039783502));
#5207 = CARTESIAN_POINT('',(-0.958091642202,2.818589866506));
#5208 = CARTESIAN_POINT('',(-0.958092691535,2.932109510314));
#5209 = CARTESIAN_POINT('',(-0.958094998803,3.045590664566));
#5210 = CARTESIAN_POINT('',(-0.958098359619,3.15904326348));
#5211 = CARTESIAN_POINT('',(-0.958101873345,3.272495764459));
#5212 = CARTESIAN_POINT('',(-0.958104593535,3.385976620452));
#5213 = CARTESIAN_POINT('',(-0.958105994522,3.499496121577));
#5214 = CARTESIAN_POINT('',(-0.958106073998,3.612945058575));
#5215 = ( GEOMETRIC_REPRESENTATION_CONTEXT(2) 
PARAMETRIC_REPRESENTATION_CONTEXT() REPRESENTATION_CONTEXT('2D SPACE',''
  ) );
#5216 = PCURVE('',#4154,#5217);
#5217 = DEFINITIONAL_REPRESENTATION('',(#5218),#5249);
#5218 = B_SPLINE_CURVE_WITH_KNOTS('',8,(#5219,#5220,#5221,#5222,#5223,
    #5224,#5225,#5226,#5227,#5228,#5229,#5230,#5231,#5232,#5233,#5234,
    #5235,#5236,#5237,#5238,#5239,#5240,#5241,#5242,#5243,#5244,#5245,
    #5246,#5247,#5248),.UNSPECIFIED.,.F.,.F.,(9,7,7,7,9),(0.,
    0.211291415268,0.360974155625,0.649010301972,1.),.UNSPECIFIED.);
#5219 = CARTESIAN_POINT('',(4.039282849375,-6.E-07));
#5220 = CARTESIAN_POINT('',(4.098540370621,3.395172983369E-02));
#5221 = CARTESIAN_POINT('',(4.157802749625,6.790714993444E-02));
#5222 = CARTESIAN_POINT('',(4.217062958655,0.101861501954));
#5223 = CARTESIAN_POINT('',(4.276320460645,0.135814314629));
#5224 = CARTESIAN_POINT('',(4.335577963314,0.169767009495));
#5225 = CARTESIAN_POINT('',(4.394838173998,0.203721073482));
#5226 = CARTESIAN_POINT('',(4.454100555207,0.237676198383));
#5227 = CARTESIAN_POINT('',(4.555337206355,0.295680744734));
#5228 = CARTESIAN_POINT('',(4.597317214434,0.319733530921));
#5229 = CARTESIAN_POINT('',(4.639296836898,0.343786029808));
#5230 = CARTESIAN_POINT('',(4.68127597585,0.367838205443));
#5231 = CARTESIAN_POINT('',(4.723255120229,0.391890362306));
#5232 = CARTESIAN_POINT('',(4.765234758683,0.41594280448));
#5233 = CARTESIAN_POINT('',(4.8072147888,0.439995493555));
#5234 = CARTESIAN_POINT('',(4.929974832575,0.51033164128));
#5235 = CARTESIAN_POINT('',(5.010778579558,0.55662879604));
#5236 = CARTESIAN_POINT('',(5.091570629234,0.602919480689));
#5237 = CARTESIAN_POINT('',(5.172352229637,0.649204427557));
#5238 = CARTESIAN_POINT('',(5.253133824844,0.695489493482));
#5239 = CARTESIAN_POINT('',(5.333925861136,0.741780470298));
#5240 = CARTESIAN_POINT('',(5.414729592604,0.788077928227));
#5241 = CARTESIAN_POINT('',(5.593946971249,0.890762017994));
#5242 = CARTESIAN_POINT('',(5.692444483839,0.947196561855));
#5243 = CARTESIAN_POINT('',(5.790908541976,1.003611389567));
#5244 = CARTESIAN_POINT('',(5.889347858526,1.060011543553));
#5245 = CARTESIAN_POINT('',(5.98778720652,1.116411567415));
#5246 = CARTESIAN_POINT('',(6.086251262231,1.17282606376));
#5247 = CARTESIAN_POINT('',(6.184748899673,1.229260372561));
#5248 = CARTESIAN_POINT('',(6.28318530718,1.285660211166));
#5249 = ( GEOMETRIC_REPRESENTATION_CONTEXT(2) 
PARAMETRIC_REPRESENTATION_CONTEXT() REPRESENTATION_CONTEXT('2D SPACE',''
  ) );
#5250 = ORIENTED_EDGE('',*,*,#4261,.F.);
#5251 = ORIENTED_EDGE('',*,*,#4025,.T.);
#5252 = ADVANCED_FACE('',(#5253),#4154,.T.);
#5253 = FACE_BOUND('',#5254,.T.);
#5254 = EDGE_LOOP('',(#5255,#5256,#5257,#5280,#5307,#5334));
#5255 = ORIENTED_EDGE('',*,*,#5149,.F.);
#5256 = ORIENTED_EDGE('',*,*,#4135,.T.);
#5257 = ORIENTED_EDGE('',*,*,#5258,.T.);
#5258 = EDGE_CURVE('',#4138,#5259,#5261,.T.);
#5259 = VERTEX_POINT('',#5260);
#5260 = CARTESIAN_POINT('',(6.9,-6.333700273425E-16,5.E-02));
#5261 = SURFACE_CURVE('',#5262,(#5266,#5273),.PCURVE_S1.);
#5262 = LINE('',#5263,#5264);
#5263 = CARTESIAN_POINT('',(6.9,-1.690012582823E-15,0.));
#5264 = VECTOR('',#5265,1.);
#5265 = DIRECTION('',(0.,0.,1.));
#5266 = PCURVE('',#4154,#5267);
#5267 = DEFINITIONAL_REPRESENTATION('',(#5268),#5272);
#5268 = LINE('',#5269,#5270);
#5269 = CARTESIAN_POINT('',(6.28318530718,-0.));
#5270 = VECTOR('',#5271,1.);
#5271 = DIRECTION('',(0.,1.));
#5272 = ( GEOMETRIC_REPRESENTATION_CONTEXT(2) 
PARAMETRIC_REPRESENTATION_CONTEXT() REPRESENTATION_CONTEXT('2D SPACE',''
  ) );
#5273 = PCURVE('',#4183,#5274);
#5274 = DEFINITIONAL_REPRESENTATION('',(#5275),#5279);
#5275 = LINE('',#5276,#5277);
#5276 = CARTESIAN_POINT('',(0.,-0.));
#5277 = VECTOR('',#5278,1.);
#5278 = DIRECTION('',(0.,1.));
#5279 = ( GEOMETRIC_REPRESENTATION_CONTEXT(2) 
PARAMETRIC_REPRESENTATION_CONTEXT() REPRESENTATION_CONTEXT('2D SPACE',''
  ) );
#5280 = ORIENTED_EDGE('',*,*,#5281,.F.);
#5281 = EDGE_CURVE('',#5282,#5259,#5284,.T.);
#5282 = VERTEX_POINT('',#5283);
#5283 = CARTESIAN_POINT('',(6.899843043346,-4.654006000857E-02,
    0.610471324045));
#5284 = SURFACE_CURVE('',#5285,(#5290,#5300),.PCURVE_S1.);
#5285 = ELLIPSE('',#5286,83.381112447687,6.9);
#5286 = AXIS2_PLACEMENT_3D('',#5287,#5288,#5289);
#5287 = CARTESIAN_POINT('',(0.,0.,5.000000000016E-02));
#5288 = DIRECTION('',(2.056087282705E-15,0.996570125394,
    8.275255387518E-02));
#5289 = DIRECTION('',(-1.707320632022E-16,-8.275255387518E-02,
    0.996570125394));
#5290 = PCURVE('',#4154,#5291);
#5291 = DEFINITIONAL_REPRESENTATION('',(#5292),#5299);
#5292 = B_SPLINE_CURVE_WITH_KNOTS('',5,(#5293,#5294,#5295,#5296,#5297,
    #5298),.UNSPECIFIED.,.F.,.F.,(6,6),(1.562701139001,1.570796326795),
  .PIECEWISE_BEZIER_KNOTS.);
#5293 = CARTESIAN_POINT('',(6.275090119386,0.722663300318));
#5294 = CARTESIAN_POINT('',(6.276709156944,0.588133579001));
#5295 = CARTESIAN_POINT('',(6.278328194503,0.453601653634));
#5296 = CARTESIAN_POINT('',(6.279947232062,0.319068258884));
#5297 = CARTESIAN_POINT('',(6.281566269621,0.184534129442));
#5298 = CARTESIAN_POINT('',(6.28318530718,5.000000000002E-02));
#5299 = ( GEOMETRIC_REPRESENTATION_CONTEXT(2) 
PARAMETRIC_REPRESENTATION_CONTEXT() REPRESENTATION_CONTEXT('2D SPACE',''
  ) );
#5300 = PCURVE('',#4210,#5301);
#5301 = DEFINITIONAL_REPRESENTATION('',(#5302),#5306);
#5302 = ELLIPSE('',#5303,83.381112447687,6.9);
#5303 = AXIS2_PLACEMENT_2D('',#5304,#5305);
#5304 = CARTESIAN_POINT('',(1.632800557922E-13,-6.589614709782));
#5305 = DIRECTION('',(1.,-1.707320632022E-16));
#5306 = ( GEOMETRIC_REPRESENTATION_CONTEXT(2) 
PARAMETRIC_REPRESENTATION_CONTEXT() REPRESENTATION_CONTEXT('2D SPACE',''
  ) );
#5307 = ORIENTED_EDGE('',*,*,#5308,.T.);
#5308 = EDGE_CURVE('',#5282,#4892,#5309,.T.);
#5309 = SURFACE_CURVE('',#5310,(#5316,#5325),.PCURVE_S1.);
#5310 = B_SPLINE_CURVE_WITH_KNOTS('',3,(#5311,#5312,#5313,#5314,#5315),
  .UNSPECIFIED.,.F.,.F.,(4,1,4),(0.,0.931533856332,1.),.UNSPECIFIED.);
#5311 = CARTESIAN_POINT('',(6.899843043346,-4.654006000857E-02,
    0.610471324045));
#5312 = CARTESIAN_POINT('',(6.899940516449,-3.208908783378E-02,
    0.611671321942));
#5313 = CARTESIAN_POINT('',(6.899996417941,-1.657559308014E-02,
    0.6129595183));
#5314 = CARTESIAN_POINT('',(6.9,-1.062146050538E-03,0.614247703494));
#5315 = CARTESIAN_POINT('',(6.9,-2.428612866368E-16,0.614335900555));
#5316 = PCURVE('',#4154,#5317);
#5317 = DEFINITIONAL_REPRESENTATION('',(#5318),#5324);
#5318 = B_SPLINE_CURVE_WITH_KNOTS('',3,(#5319,#5320,#5321,#5322,#5323),
  .UNSPECIFIED.,.F.,.F.,(4,1,4),(0.,0.931533856332,1.),.UNSPECIFIED.);
#5319 = CARTESIAN_POINT('',(6.276440319803,0.610471324045));
#5320 = CARTESIAN_POINT('',(6.278534711238,0.611671321942));
#5321 = CARTESIAN_POINT('',(6.280783047313,0.6129595183));
#5322 = CARTESIAN_POINT('',(6.283031372969,0.614247703494));
#5323 = CARTESIAN_POINT('',(6.28318530718,0.614335900555));
#5324 = ( GEOMETRIC_REPRESENTATION_CONTEXT(2) 
PARAMETRIC_REPRESENTATION_CONTEXT() REPRESENTATION_CONTEXT('2D SPACE',''
  ) );
#5325 = PCURVE('',#4375,#5326);
#5326 = DEFINITIONAL_REPRESENTATION('',(#5327),#5333);
#5327 = B_SPLINE_CURVE_WITH_KNOTS('',3,(#5328,#5329,#5330,#5331,#5332),
  .UNSPECIFIED.,.F.,.F.,(4,1,4),(0.,0.931533856332,1.),.UNSPECIFIED.);
#5328 = CARTESIAN_POINT('',(-1.769500978198E-04,0.));
#5329 = CARTESIAN_POINT('',(-1.769501020511E-04,2.413808285947E-03));
#5330 = CARTESIAN_POINT('',(-1.769518238047E-04,5.00503939809E-03));
#5331 = CARTESIAN_POINT('',(-1.769867799122E-04,7.596259251108E-03));
#5332 = CARTESIAN_POINT('',(-1.769884344413E-04,7.773670091334E-03));
#5333 = ( GEOMETRIC_REPRESENTATION_CONTEXT(2) 
PARAMETRIC_REPRESENTATION_CONTEXT() REPRESENTATION_CONTEXT('2D SPACE',''
  ) );
#5334 = ORIENTED_EDGE('',*,*,#4891,.T.);
#5335 = ADVANCED_FACE('',(#5336),#4210,.T.);
#5336 = FACE_BOUND('',#5337,.T.);
#5337 = EDGE_LOOP('',(#5338,#5339,#5358,#5359,#5384));
#5338 = ORIENTED_EDGE('',*,*,#4332,.T.);
#5339 = ORIENTED_EDGE('',*,*,#5340,.T.);
#5340 = EDGE_CURVE('',#4333,#5282,#5341,.T.);
#5341 = SURFACE_CURVE('',#5342,(#5345,#5351),.PCURVE_S1.);
#5342 = B_SPLINE_CURVE_WITH_KNOTS('',1,(#5343,#5344),.UNSPECIFIED.,.F.,
  .F.,(2,2),(-0.958274654836,-0.),.PIECEWISE_BEZIER_KNOTS.);
#5343 = CARTESIAN_POINT('',(6.05,-9.930306465024E-03,0.169588415047));
#5344 = CARTESIAN_POINT('',(6.9,-4.654682142699E-02,0.610552750265));
#5345 = PCURVE('',#4210,#5346);
#5346 = DEFINITIONAL_REPRESENTATION('',(#5347),#5350);
#5347 = B_SPLINE_CURVE_WITH_KNOTS('',1,(#5348,#5349),.UNSPECIFIED.,.F.,
  .F.,(2,2),(-0.958274654836,-0.),.PIECEWISE_BEZIER_KNOTS.);
#5348 = CARTESIAN_POINT('',(0.12,-0.539614709782));
#5349 = CARTESIAN_POINT('',(0.562481992969,0.310385290218));
#5350 = ( GEOMETRIC_REPRESENTATION_CONTEXT(2) 
PARAMETRIC_REPRESENTATION_CONTEXT() REPRESENTATION_CONTEXT('2D SPACE',''
  ) );
#5351 = PCURVE('',#4375,#5352);
#5352 = DEFINITIONAL_REPRESENTATION('',(#5353),#5357);
#5353 = LINE('',#5354,#5355);
#5354 = CARTESIAN_POINT('',(0.,0.));
#5355 = VECTOR('',#5356,1.);
#5356 = DIRECTION('',(1.,0.));
#5357 = ( GEOMETRIC_REPRESENTATION_CONTEXT(2) 
PARAMETRIC_REPRESENTATION_CONTEXT() REPRESENTATION_CONTEXT('2D SPACE',''
  ) );
#5358 = ORIENTED_EDGE('',*,*,#5281,.T.);
#5359 = ORIENTED_EDGE('',*,*,#5360,.T.);
#5360 = EDGE_CURVE('',#5259,#4167,#5361,.T.);
#5361 = SURFACE_CURVE('',#5362,(#5367,#5374),.PCURVE_S1.);
#5362 = ELLIPSE('',#5363,83.381112447687,6.9);
#5363 = AXIS2_PLACEMENT_3D('',#5364,#5365,#5366);
#5364 = CARTESIAN_POINT('',(0.,0.,5.000000000016E-02));
#5365 = DIRECTION('',(2.056087282705E-15,0.996570125394,
    8.275255387518E-02));
#5366 = DIRECTION('',(-1.707320632022E-16,-8.275255387518E-02,
    0.996570125394));
#5367 = PCURVE('',#4210,#5368);
#5368 = DEFINITIONAL_REPRESENTATION('',(#5369),#5373);
#5369 = ELLIPSE('',#5370,83.381112447687,6.9);
#5370 = AXIS2_PLACEMENT_2D('',#5371,#5372);
#5371 = CARTESIAN_POINT('',(1.632800557922E-13,-6.589614709782));
#5372 = DIRECTION('',(1.,-1.707320632022E-16));
#5373 = ( GEOMETRIC_REPRESENTATION_CONTEXT(2) 
PARAMETRIC_REPRESENTATION_CONTEXT() REPRESENTATION_CONTEXT('2D SPACE',''
  ) );
#5374 = PCURVE('',#4183,#5375);
#5375 = DEFINITIONAL_REPRESENTATION('',(#5376),#5383);
#5376 = B_SPLINE_CURVE_WITH_KNOTS('',5,(#5377,#5378,#5379,#5380,#5381,
    #5382),.UNSPECIFIED.,.F.,.F.,(6,6),(1.570796326795,1.571398054064),
  .PIECEWISE_BEZIER_KNOTS.);
#5377 = CARTESIAN_POINT('',(0.,5.000000000002E-02));
#5378 = CARTESIAN_POINT('',(1.203454537284E-04,3.999987939655E-02));
#5379 = CARTESIAN_POINT('',(2.406909074553E-04,2.999975879305E-02));
#5380 = CARTESIAN_POINT('',(3.610363611853E-04,1.999963849137E-02));
#5381 = CARTESIAN_POINT('',(4.813818149131E-04,9.999518793066E-03));
#5382 = CARTESIAN_POINT('',(6.017272686415E-04,-6.000000063872E-07));
#5383 = ( GEOMETRIC_REPRESENTATION_CONTEXT(2) 
PARAMETRIC_REPRESENTATION_CONTEXT() REPRESENTATION_CONTEXT('2D SPACE',''
  ) );
#5384 = ORIENTED_EDGE('',*,*,#4195,.T.);
#5385 = ADVANCED_FACE('',(#5386),#4183,.T.);
#5386 = FACE_BOUND('',#5387,.T.);
#5387 = EDGE_LOOP('',(#5388,#5389,#5390));
#5388 = ORIENTED_EDGE('',*,*,#5360,.F.);
#5389 = ORIENTED_EDGE('',*,*,#5258,.F.);
#5390 = ORIENTED_EDGE('',*,*,#4166,.T.);
#5391 = ADVANCED_FACE('',(#5392),#4375,.F.);
#5392 = FACE_BOUND('',#5393,.F.);
#5393 = EDGE_LOOP('',(#5394,#5395,#5396,#5397,#5398));
#5394 = ORIENTED_EDGE('',*,*,#4353,.F.);
#5395 = ORIENTED_EDGE('',*,*,#5340,.T.);
#5396 = ORIENTED_EDGE('',*,*,#5308,.T.);
#5397 = ORIENTED_EDGE('',*,*,#4914,.T.);
#5398 = ORIENTED_EDGE('',*,*,#4412,.F.);
#5399 = ( GEOMETRIC_REPRESENTATION_CONTEXT(3) 
GLOBAL_UNCERTAINTY_ASSIGNED_CONTEXT((#5403)) 
GLOBAL_UNIT_ASSIGNED_CONTEXT((#5400,#5401,#5402)) REPRESENTATION_CONTEXT
('Context #1','3D Context with UNIT and UNCERTAINTY') );
#5400 = ( LENGTH_UNIT() NAMED_UNIT(*) SI_UNIT(.MILLI.,.METRE.) );
#5401 = ( NAMED_UNIT(*) PLANE_ANGLE_UNIT() SI_UNIT($,.RADIAN.) );
#5402 = ( NAMED_UNIT(*) SI_UNIT($,.STERADIAN.) SOLID_ANGLE_UNIT() );
#5403 = UNCERTAINTY_MEASURE_WITH_UNIT(LENGTH_MEASURE(1.E-04),#5400,
  'distance_accuracy_value','confusion accuracy');
#5404 = PRODUCT_RELATED_PRODUCT_CATEGORY('part',$,(#7));

#5405=DESCRIPTIVE_REPRESENTATION_ITEM('cadpy:generator','cadpy');
#5406=REPRESENTATION('cadpy:generator',(#5405),#5399);
#5407=PROPERTY_DEFINITION('cadpy metadata','cadpy:generator',#5);
#5408=PROPERTY_DEFINITION_REPRESENTATION(#5407,#5406);
#5409=DESCRIPTIVE_REPRESENTATION_ITEM('cadpy:entryKind','part');
#5410=REPRESENTATION('cadpy:entryKind',(#5409),#5399);
#5411=PROPERTY_DEFINITION('cadpy metadata','cadpy:entryKind',#5);
#5412=PROPERTY_DEFINITION_REPRESENTATION(#5411,#5410);
#5413=DESCRIPTIVE_REPRESENTATION_ITEM('cadpy:sourcePath','male_thread_simple.py');
#5414=REPRESENTATION('cadpy:sourcePath',(#5413),#5399);
#5415=PROPERTY_DEFINITION('cadpy metadata','cadpy:sourcePath',#5);
#5416=PROPERTY_DEFINITION_REPRESENTATION(#5415,#5414);
#5417=DESCRIPTIVE_REPRESENTATION_ITEM('cadpy:sourceFingerprint','cc651e7e5b5510250cef39e9a1198c2e61b7e59cfcd698c22691b6e92669cbd7');
#5418=REPRESENTATION('cadpy:sourceFingerprint',(#5417),#5399);
#5419=PROPERTY_DEFINITION('cadpy metadata','cadpy:sourceFingerprint',#5);
#5420=PROPERTY_DEFINITION_REPRESENTATION(#5419,#5418);
#5421=DESCRIPTIVE_REPRESENTATION_ITEM('cadpy:sourceHash','69de7b0f6892aebf15064262ec9be7f8a8cbc66cc039478e85a71146cc837afd');
#5422=REPRESENTATION('cadpy:sourceHash',(#5421),#5399);
#5423=PROPERTY_DEFINITION('cadpy metadata','cadpy:sourceHash',#5);
#5424=PROPERTY_DEFINITION_REPRESENTATION(#5423,#5422);
ENDSEC;
END-ISO-10303-21;
